customer_id,first_name,last_name,email,country,city,signup_date,marketing_opt_in
1,Feliciana,Cantón,feliciana.cantón@gmail.com,Spain,Ciudad,2023-10-13,
2,Jacinto,Chaparro,jacinto.chaparro@hotmail.com,Chile,Soria,2023-07-11,
3,Manu,Bonet,manu.bonet@hotmail.com,Chile,Alicante,2025-05-09,
4,Amor,Bueno,amor.bueno@gmail.com,Argentina,Málaga,2025-05-15,True
5,Eligia,Amor,eligia.amor@hotmail.com,mexico,Teruel,2025-01-05,
6,Florentina,Rivas,florentina.rivas@gmail.com,Argentina,Palencia,2025-02-14,False
7,Leopoldo,Agudo,leopoldo.agudo@gmail.com,CL,Guipúzcoa,2023-04-04,False
8,Leopoldo,Cortés,leopoldo.cortés@gmail.com,SPAIN,Badajoz,2025-07-17,False
9,Cirino,Pinto,cirino.pinto@gmail.com,mexico,Huelva,2023-05-27,True
10,Elisabet,Lamas,elisabet.lamas@gmail.com,chile,Murcia,2024-07-06,
11,Edelmiro,Pinedo,edelmiro.pinedo@gmail.com,Chile,Santa Cruz de Tenerife,2023-04-25,True
12,Esperanza,Pardo,esperanza.pardo@hotmail.com,AR,Teruel,2024-10-06,False
13,Buenaventura,Arroyo,buenaventura.arroyo@hotmail.com,colombia,Vizcaya,2024-05-20,
14,Luis Miguel,Bernal,luis miguel.bernal@gmail.com,argentina,Jaén,2025-03-28,True
15,Leopoldo,Santana,leopoldo.santana@hotmail.com,CL,Cáceres,2023-08-13,True
16,Raimundo,Padilla,raimundo.padilla@gmail.com,colombia,Tarragona,2025-08-16,
17,Isabela,Bellido,isabela.bellido@hotmail.com,Spain,Murcia,2024-06-30,False
18,Luisina,Hierro,luisina.hierro@gmail.com,spain,Jaén,2024-06-23,True
19,Julián,Gimenez,julián.gimenez@hotmail.com,Chile,Vizcaya,2025-11-05,True
20,Maura,Barba,maura.barba@gmail.com,Argentina,Zaragoza,2025-12-22,
21,Maximiano,Quero,,AR,Castellón,2025-01-13,False
22,Xiomara,Miranda,xiomara.miranda@gmail.com,Mexico,La Coruña,2023-06-11,False
23,Soledad,Segarra,soledad.segarra@gmail.com,Espana,Barcelona,2025-08-31,True
24,Jose Manuel,Jódar,jose manuel.jódar@hotmail.com,argentina,Palencia,2024-03-09,
25,Sabas,Paredes,sabas.paredes@gmail.com,mexico,Málaga,2025-02-03,
26,Ana,Bou,ana.bou@gmail.com,Colombia,Burgos,2023-02-13,True
27,Eulalia,Cuesta,,Chile,Pontevedra,2023-05-01,True
28,Bernardo,Plaza,bernardo.plaza@yahoo.com,Argentina,Melilla,2025-09-21,True
29,José,Alberdi,josé.alberdi@hotmail.com,chile,Soria,2025-04-13,True
30,Sonia,Lasa,sonia.lasa@hotmail.com,CO,Baleares,2023-04-21,
31,Lázaro,Royo,lázaro.royo@gmail.com,Spain,Álava,2023-08-12,True
32,Lorenza,Lago,lorenza.lago@hotmail.com,CL,Málaga,2025-08-05,True
33,Ximena,Camino,ximena.camino@hotmail.com,colombia,Santa Cruz de Tenerife,2023-01-31,True
34,Anunciación,Flor,anunciación.flor@gmail.com,México,Valladolid,2025-04-01,True
35,Felix,Abascal,felix.abascal@hotmail.com,Colombia,Madrid,2025-07-20,
36,Alejo,Caparrós,alejo.caparrós@yahoo.com,chile,Ciudad,2024-08-30,True
37,Bautista,Hernando,bautista.hernando@hotmail.com,chile,Ávila,2023-04-28,False
38,Lupita,Torre,lupita.torre@gmail.com,chile,Barcelona,2023-06-14,True
39,Georgina,Talavera,georgina.talavera@hotmail.com,Chile,Córdoba,2023-09-03,
40,Belén,Rocha,belén.rocha@gmail.com,Mexico,Teruel,2025-12-06,False
41,Mateo,Pujol,mateo.pujol@hotmail.com,mexico,León,2024-09-06,True
42,Trinidad,Villar,trinidad.villar@yahoo.com,ES,Ciudad,2023-07-24,True
43,Jafet,Baró,jafet.baró@yahoo.com,CL,Palencia,2023-05-21,False
44,Casandra,Grau,casandra.grau@hotmail.com,Argentina,Álava,2024-09-11,
45,Calisto,Barral,calisto.barral@gmail.com,Chile,Alicante,2023-08-01,True
46,Rosalina,Murillo,rosalina.murillo@gmail.com,Argentina,Cuenca,2023-11-15,
47,Haydée,Torralba,haydée.torralba@gmail.com,mexico,Toledo,2024-06-24,False
48,Sofía,Suárez,sofía.suárez@gmail.com,Spain,Zaragoza,,True
49,Santos,Falcón,santos.falcón@gmail.com,Argentina,Sevilla,2025-05-25,True
50,Tomás,Pablo,tomás.pablo@yahoo.com,SPAIN,Lleida,2023-10-31,True
51,Rosario,Balaguer,rosario.balaguer@hotmail.com,AR,Almería,2023-03-23,True
52,Samuel,Nicolau,samuel.nicolau@gmail.com,Mexico,Cantabria,2025-04-12,
53,Goyo,Sanabria,goyo.sanabria@gmail.com,MX,Cádiz,2023-12-29,True
54,León,Sevillano,león.sevillano@gmail.com,mexico,León,2024-05-23,
55,Nuria,Cabañas,nuria.cabañas@gmail.com,ES,Ávila,2024-03-31,False
56,Ángeles,Guzmán,ángeles.guzmán@gmail.com,AR,Madrid,2024-04-01,True
57,Alicia,García,alicia.garcía@yahoo.com,CO,Cáceres,2024-07-25,
58,Reynaldo,Abril,reynaldo.abril@yahoo.com,colombia,Zamora,2023-02-26,False
59,Milagros,Sanz,,mexico,Tarragona,2025-06-08,False
60,Lupe,Torrecilla,lupe.torrecilla@gmail.com,colombia,Girona,2024-01-25,
61,Isaac,Barragán,isaac.barragán@hotmail.com,Colombia,Valencia,2024-02-08,True
62,Mauricio,Barceló,mauricio.barceló@gmail.com,argentina,Málaga,2024-09-07,
63,Zaira,Criado,zaira.criado@gmail.com,CO,Cádiz,2023-09-18,
64,Bruno,Bayo,bruno.bayo@hotmail.com,colombia,La Coruña,2024-09-08,True
65,Dimas,Hoz,dimas.hoz@hotmail.com,AR,Salamanca,2024-10-21,False
66,Ceferino,Rius,ceferino.rius@hotmail.com,México,Córdoba,2023-12-14,False
67,Hernando,Miralles,hernando.miralles@gmail.com,chile,La Coruña,2024-04-26,True
68,Eleuterio,Marín,,MX,Valladolid,2024-05-16,
69,Camilo,Agustí,camilo.agustí@yahoo.com,ES,Asturias,2024-02-03,False
70,Brígida,Garcés,brígida.garcés@hotmail.com,CO,Barcelona,2023-01-12,True
71,Paco,Bayona,paco.bayona@gmail.com,Colombia,Girona,2025-11-26,
72,Fausto,Ríos,fausto.ríos@hotmail.com,Mexico,Salamanca,2025-12-23,
73,Noemí,Ángel,noemí.ángel@gmail.com,AR,Sevilla,2025-10-30,
74,Cristóbal,Cañizares,cristóbal.cañizares@yahoo.com,Colombia,Badajoz,2024-06-14,
75,Manuelita,Cortés,manuelita.cortés@yahoo.com,argentina,Pontevedra,2025-06-19,False
76,Humberto,Novoa,humberto.novoa@gmail.com,mexico,Málaga,2023-06-15,True
77,Amaya,Iglesias,amaya.iglesias@gmail.com,colombia,Santa Cruz de Tenerife,2025-04-29,
78,Teo,Lloret,teo.lloret@gmail.com,CO,Guipúzcoa,2025-03-08,
79,María Manuela,Castrillo,  MARÍA MANUELA.CASTRILLO@HOTMAIL.COM  ,Espana,Cáceres,2024-12-21,False
80,Manuela,Sala,manuela.sala@hotmail.com,colombia,Navarra,2024-03-27,False
81,Agapito,Caparrós,,CO,Murcia,2024-11-19,False
82,Andrés Felipe,Peiró,andrés felipe.peiró@hotmail.com,México,Las Palmas,2025-12-29,False
83,Edu,Arnaiz,edu.arnaiz@yahoo.com,chile,Zamora,2025-05-27,False
84,Rosalinda,Ariño,rosalinda.ariño@yahoo.com,Mexico,Soria,2025-07-20,False
85,Josep,Calderon,josep.calderon@yahoo.com,AR,Salamanca,2023-02-09,True
86,Maribel,Cortes,maribel.cortes@gmail.com,Argentina,Zaragoza,2023-03-24,True
87,Obdulia,Elorza,obdulia.elorza@yahoo.com,Mexico,Cádiz,2025-08-27,
88,Maite,Márquez,maite.márquez@yahoo.com,México,Cuenca,2023-12-10,
89,Feliciano,Campoy,feliciano.campoy@yahoo.com,SPAIN,Lugo,2023-02-22,
90,Iván,Flores,iván.flores@yahoo.com,CO,Granada,2024-05-12,False
91,Otilia,Goñi,otilia.goñi@gmail.com,Chile,Sevilla,2023-03-26,False
92,Guadalupe,Pujadas,guadalupe.pujadas@yahoo.com,Argentina,Asturias,2025-05-10,True
93,María Teresa,Lorenzo,maría teresa.lorenzo@yahoo.com,CO,Soria,2023-11-10,
94,Pía,Muñoz,pía.muñoz@gmail.com,chile,Córdoba,2025-09-17,
95,Gaspar,Lara,gaspar.lara@gmail.com,CL,Pontevedra,2023-06-27,False
96,Toño,Ojeda,toño.ojeda@hotmail.com,México,Las Palmas,2024-11-19,False
97,Eloísa,Vidal,eloísa.vidal@gmail.com,México,Ourense,2024-11-28,
98,Goyo,Iñiguez,,argentina,Álava,2024-01-27,
99,Aurora,Figueras,aurora.figueras@yahoo.com,CO,Asturias,2025-09-02,False
100,Graciana,Murillo,graciana.murillo@hotmail.com,Colombia,Sevilla,2024-05-13,
101,Regina,Casanovas,regina.casanovas@hotmail.com,AR,Málaga,2024-11-08,False
102,Martin,Real,martin.real@yahoo.com,AR,Tarragona,2024-01-30,
103,Manolo,Castejón,manolo.castejón@gmail.com,chile,Sevilla,2025-09-18,
104,Reynaldo,Dávila,reynaldo.dávila@hotmail.com,chile,La Coruña,2024-02-02,False
105,Carlota,Abad,,mexico,Castellón,2025-12-29,True
106,Tito,Montserrat,tito.montserrat@yahoo.com,Espana,León,2025-10-02,True
107,Imelda,García,imelda.garcía@hotmail.com,CL,Zamora,2024-01-13,False
108,Valentina,Doménech,valentina.doménech@hotmail.com,Colombia,Girona,2023-06-01,
109,Aránzazu,Naranjo,aránzazu.naranjo@gmail.com,SPAIN,Soria,2024-09-14,True
110,Martín,Gomila,martín.gomila@gmail.com,Espana,Albacete,2024-04-07,False
111,Arturo,Hierro,arturo.hierro@yahoo.com,CO,Lleida,2025-05-28,
112,Severino,Ferreras,severino.ferreras@hotmail.com,Espana,Madrid,2024-03-01,False
113,Salomón,Hervás,salomón.hervás@gmail.com,SPAIN,Valladolid,,False
114,Rosalinda,Campillo,rosalinda.campillo@yahoo.com,CL,Cádiz,2024-08-02,False
115,Nilda,Villaverde,nilda.villaverde@yahoo.com,SPAIN,Navarra,2024-02-10,
116,Josep,Carrión,josep.carrión@yahoo.com,MX,Zaragoza,2023-05-27,False
117,Abril,Molins,abril.molins@yahoo.com,chile,Navarra,2025-06-18,
118,Victor Manuel,Cuenca,victor manuel.cuenca@hotmail.com,argentina,León,2025-10-08,
119,Juan Antonio,Huertas,juan antonio.huertas@hotmail.com,ES,Vizcaya,2023-02-22,
120,Mayte,Vázquez,mayte.vázquez@yahoo.com,chile,Cuenca,2024-07-05,True
121,Valerio,Berenguer,valerio.berenguer@hotmail.com,colombia,Ciudad,2024-01-07,False
122,Lalo,Narváez,lalo.narváez@yahoo.com,Colombia,Barcelona,2024-10-19,True
123,Eutropio,Guardia,eutropio.guardia@yahoo.com,AR,Teruel,2025-03-31,
124,Iker,Baró,iker.baró@yahoo.com,ES,Guipúzcoa,2023-08-26,False
125,Candela,Solano,candela.solano@yahoo.com,Chile,Castellón,2025-04-26,
126,Pepita,Rivera,pepita.rivera@yahoo.com,argentina,Valladolid,2023-04-16,
127,Coral,Pintor,coral.pintor@yahoo.com,mexico,Huelva,2023-09-06,
128,Marc,Porta,marc.porta@yahoo.com,Chile,Madrid,2023-01-29,True
129,Isidoro,Llamas,isidoro.llamas@yahoo.com,Mexico,Albacete,2023-11-12,
130,Roque,Navarrete,roque.navarrete@hotmail.com,argentina,Toledo,2025-09-15,True
131,Fito,Solsona,fito.solsona@gmail.com,colombia,La Coruña,2025-11-06,True
132,Dora,Amores,dora.amores@gmail.com,spain,Barcelona,2024-11-27,
133,Roxana,Serrano,roxana.serrano@gmail.com,Argentina,Córdoba,2025-09-29,False
134,Reynaldo,Morán,reynaldo.morán@gmail.com,CL,Guadalajara,2025-02-11,False
135,Nicolás,Pinilla,nicolás.pinilla@yahoo.com,MX,Córdoba,2025-04-21,
136,Perlita,Bilbao,perlita.bilbao@yahoo.com,colombia,Valencia,2023-11-08,True
137,Calista,Azorin,calista.azorin@yahoo.com,mexico,Segovia,2025-06-20,False
138,Bruno,Arjona,bruno.arjona@gmail.com,SPAIN,Cantabria,2023-11-13,False
139,Primitiva,Almagro,primitiva.almagro@hotmail.com,argentina,Ciudad,2024-11-03,
140,Edmundo,Sáenz,edmundo.sáenz@hotmail.com,CO,Ourense,2025-09-26,True
141,Isaías,Sola,isaías.sola@hotmail.com,Chile,Vizcaya,2024-08-11,
142,Rafa,Diez,rafa.diez@hotmail.com,ES,Vizcaya,2023-07-25,
143,Olivia,Céspedes,olivia.céspedes@yahoo.com,Argentina,Palencia,2024-08-23,False
144,Amancio,Mesa,amancio.mesa@hotmail.com,MX,La Coruña,2024-01-04,True
145,Ligia,Fiol,ligia.fiol@gmail.com,CL,Badajoz,2023-10-21,
146,Josefina,Mata,  JOSEFINA.MATA@HOTMAIL.COM  ,AR,Zamora,2025-08-10,
147,Clarisa,Armengol,clarisa.armengol@yahoo.com,Chile,Sevilla,2024-09-04,False
148,Raimundo,Bayón,raimundo.bayón@hotmail.com,AR,Álava,2025-02-26,True
149,Reina,Rivera,reina.rivera@yahoo.com,México,Las Palmas,2024-08-27,
150,Porfirio,Segura,,CO,Las Palmas,2023-04-11,
151,Gabriel,Vélez,gabriel.vélez@hotmail.com,CO,Salamanca,2024-12-22,True
152,Nuria,Tomás,nuria.tomás@yahoo.com,CL,Toledo,2023-10-08,
153,Dora,Ledesma,dora.ledesma@yahoo.com,spain,Ávila,2025-01-17,True
154,León,Sanmartín,león.sanmartín@gmail.com,AR,Ourense,2023-09-28,False
155,Emilia,Pinilla,emilia.pinilla@yahoo.com,chile,Madrid,2024-06-10,False
156,Renata,Morcillo,renata.morcillo@gmail.com,argentina,Castellón,2025-08-17,True
157,Pedro,Jordán,pedro.jordán@yahoo.com,México,Pontevedra,2025-01-19,False
158,Judith,Llorente,judith.llorente@hotmail.com,spain,Melilla,2024-06-20,
159,Graciano,Boada,graciano.boada@gmail.com,Argentina,Madrid,2024-11-02,True
160,Catalina,Hernandez,catalina.hernandez@hotmail.com,ES,Segovia,2025-04-16,True
161,Leonor,Tudela,leonor.tudela@yahoo.com,spain,Ávila,2024-04-25,True
162,Macario,Giralt,macario.giralt@yahoo.com,CO,Granada,2025-05-08,
163,Gracia,Peinado,gracia.peinado@yahoo.com,México,Las Palmas,2025-04-15,False
164,Marcia,Muro,marcia.muro@yahoo.com,spain,Cuenca,2024-04-28,True
165,Mariano,Iglesias,mariano.iglesias@gmail.com,argentina,Toledo,2023-05-05,True
166,Guadalupe,Moles,guadalupe.moles@gmail.com,ES,Cantabria,2023-02-13,False
167,Inocencio,Tomé,inocencio.tomé@yahoo.com,MX,Badajoz,2024-02-29,True
168,Pepita,Ferrera,pepita.ferrera@yahoo.com,Argentina,Huesca,2024-07-21,True
169,Gastón,Mate,gastón.mate@gmail.com,mexico,Cuenca,2023-02-22,False
170,Artemio,Ballester,,mexico,Tarragona,2024-06-27,
171,Edmundo,Tudela,edmundo.tudela@gmail.com,colombia,Ourense,2025-07-07,
172,Lucas,Soria,lucas.soria@yahoo.com,Chile,Guipúzcoa,2023-03-30,
173,Gerónimo,Aznar,gerónimo.aznar@yahoo.com,CL,Baleares,2023-05-05,False
174,Paca,Bas,paca.bas@yahoo.com,colombia,Asturias,2025-06-27,True
175,Corona,Baeza,corona.baeza@gmail.com,argentina,Zaragoza,2024-10-27,
176,Chus,Mateu,chus.mateu@gmail.com,CL,Baleares,2023-07-23,True
177,Celestina,Rico,celestina.rico@hotmail.com,chile,Vizcaya,2024-04-12,False
178,Azeneth,Pintor,azeneth.pintor@yahoo.com,CO,Granada,2024-10-02,False
179,Rosalina,Romeu,rosalina.romeu@yahoo.com,México,Salamanca,2023-07-10,
180,Manola,Cabezas,manola.cabezas@gmail.com,Argentina,Córdoba,2024-11-06,False
181,Gertrudis,Bertrán,gertrudis.bertrán@gmail.com,argentina,Cádiz,2023-04-16,
182,Carmina,Benavides,carmina.benavides@gmail.com,AR,La Rioja,2023-11-13,True
183,Virgilio,Soriano,virgilio.soriano@yahoo.com,spain,Ceuta,2024-07-24,False
184,Luis,Luna,luis.luna@hotmail.com,chile,Asturias,2023-02-23,
185,Jacinta,Guillen,jacinta.guillen@yahoo.com,Argentina,Las Palmas,2024-09-24,False
186,Darío,Gomila,darío.gomila@hotmail.com,SPAIN,Cuenca,2025-03-31,
187,Pascuala,Cisneros,pascuala.cisneros@gmail.com,Spain,Cáceres,2025-05-09,True
188,Mónica,Meléndez,mónica.meléndez@hotmail.com,AR,León,2023-06-23,True
189,Edelmiro,Solís,edelmiro.solís@hotmail.com,Mexico,Tarragona,2025-05-18,False
190,Samuel,Lladó,samuel.lladó@hotmail.com,CO,León,2024-12-07,False
191,Cecilio,Ariño,cecilio.ariño@yahoo.com,CL,Pontevedra,2024-03-27,
192,Josué,Amigó,josué.amigó@gmail.com,Spain,Soria,2023-10-09,False
193,Piedad,Almansa,,Argentina,Ourense,2025-05-31,False
194,Apolinar,Díez,apolinar.díez@yahoo.com,chile,Cuenca,2024-12-26,
195,Gerardo,Ruano,,ES,Ávila,2023-06-09,
196,Adoración,Oliveras,adoración.oliveras@yahoo.com,colombia,Guadalajara,2024-08-15,True
197,Herminia,Calvo,herminia.calvo@gmail.com,Argentina,La Rioja,2025-01-11,True
198,Joaquina,Valbuena,joaquina.valbuena@yahoo.com,México,Valladolid,2025-03-21,
199,Carmelita,Arco,carmelita.arco@yahoo.com,Argentina,Guadalajara,2025-11-11,
200,José Antonio,Morales,josé antonio.morales@gmail.com,Chile,Málaga,2023-10-30,True
201,Paloma,Abella,paloma.abella@hotmail.com,Argentina,La Rioja,2023-06-04,
202,Baltasar,Expósito,baltasar.expósito@hotmail.com,CO,Salamanca,2025-07-08,
203,Maristela,Valentín,maristela.valentín@hotmail.com,CL,Valladolid,2023-11-06,False
204,Aurelio,Frutos,aurelio.frutos@yahoo.com,colombia,Girona,2023-04-26,True
205,Urbano,Tormo,urbano.tormo@gmail.com,AR,Santa Cruz de Tenerife,2024-08-10,True
206,Emelina,Heras,emelina.heras@hotmail.com,chile,Granada,2023-03-26,
207,Carmen,Alcalá,carmen.alcalá@hotmail.com,mexico,Ávila,2023-05-07,False
208,Jafet,Carballo,jafet.carballo@yahoo.com,Espana,Segovia,2025-06-15,
209,Pepita,Correa,pepita.correa@yahoo.com,chile,Málaga,2024-08-02,False
210,Julieta,Llano,julieta.llano@yahoo.com,Chile,Lugo,2023-05-15,
211,Jose Francisco,Saura,jose francisco.saura@hotmail.com,CO,Jaén,2023-11-04,
212,Graciano,Verdejo,graciano.verdejo@hotmail.com,mexico,Asturias,2025-03-13,
213,Leoncio,Ribera,leoncio.ribera@yahoo.com,spain,Álava,2024-11-03,
214,Lorenzo,Martín,lorenzo.martín@hotmail.com,Chile,Burgos,,False
215,Victoriano,Tomé,victoriano.tomé@yahoo.com,MX,Navarra,2024-01-29,True
216,María Carmen,Pi,maría carmen.pi@yahoo.com,Mexico,Cantabria,2025-11-05,
217,José,Haro,josé.haro@hotmail.com,Chile,Ceuta,2023-09-26,True
218,Roberta,Reig,roberta.reig@gmail.com,MX,Valencia,2023-12-06,True
219,Ainara,Piquer,ainara.piquer@yahoo.com,CO,Madrid,2025-06-28,
220,Angelino,Cases,angelino.cases@hotmail.com,Colombia,Badajoz,2025-08-18,True
221,Sandra,Sacristán,sandra.sacristán@gmail.com,argentina,Álava,2025-08-03,False
222,Lorenza,Cobos,lorenza.cobos@yahoo.com,chile,Asturias,2024-02-13,True
223,Adora,Landa,adora.landa@yahoo.com,Argentina,Segovia,2023-07-30,
224,Cecilio,Moya,cecilio.moya@hotmail.com,spain,Guadalajara,2025-07-09,True
225,Eugenia,Torrents,eugenia.torrents@hotmail.com,Colombia,Salamanca,2025-07-12,True
226,Bruno,Guitart,bruno.guitart@hotmail.com,Colombia,Ceuta,2025-03-01,False
227,Margarita,Botella,margarita.botella@yahoo.com,Mexico,Valladolid,2024-11-17,True
228,Evita,Cabrera,evita.cabrera@yahoo.com,spain,Tarragona,2023-10-12,False
229,Marcelino,Andres,,colombia,Zamora,,True
230,Basilio,Marcos,basilio.marcos@yahoo.com,México,Las Palmas,2024-09-08,True
231,Esteban,Hidalgo,esteban.hidalgo@hotmail.com,colombia,Ourense,2023-08-16,False
232,Isabel,Escolano,,chile,Ávila,2025-11-21,
233,Emilia,Piñeiro,emilia.piñeiro@hotmail.com,mexico,Madrid,2024-05-07,True
234,Ximena,Clemente,ximena.clemente@gmail.com,Espana,Santa Cruz de Tenerife,2025-12-13,
235,José Manuel,Segura,josé manuel.segura@yahoo.com,Chile,Zaragoza,2025-03-03,False
236,Adela,Maestre,adela.maestre@hotmail.com,spain,Asturias,2023-08-01,
237,Vasco,Ojeda,vasco.ojeda@hotmail.com,Argentina,Santa Cruz de Tenerife,2023-12-25,
238,Teobaldo,Ibáñez,teobaldo.ibáñez@yahoo.com,colombia,Cantabria,2023-10-04,False
239,Rodrigo,Tomas,rodrigo.tomas@gmail.com,spain,Jaén,2023-03-27,False
240,Concha,Palomar,concha.palomar@hotmail.com,CL,Tarragona,2024-06-02,
241,Manolo,Almeida,manolo.almeida@hotmail.com,mexico,Cuenca,2024-11-10,False
242,Adán,Avilés,adán.avilés@hotmail.com,CO,Girona,2025-03-02,True
243,Maura,Grau,maura.grau@hotmail.com,colombia,Ceuta,2025-11-29,True
244,Fanny,Falcón,fanny.falcón@hotmail.com,Colombia,Soria,2024-01-05,False
245,Marisol,Cerro,marisol.cerro@hotmail.com,Spain,Santa Cruz de Tenerife,2025-07-02,False
246,Flavia,Ariza,flavia.ariza@yahoo.com,México,Alicante,2024-12-23,False
247,Cruz,Patiño,cruz.patiño@hotmail.com,argentina,Ávila,2023-06-03,False
248,Virginia,Marquez,virginia.marquez@yahoo.com,argentina,Cádiz,2023-03-05,
249,Herberto,Catalán,herberto.catalán@hotmail.com,Colombia,Melilla,2025-01-20,
250,Angélica,Llamas,angélica.llamas@gmail.com,Espana,Lugo,2025-01-29,True
251,Noelia,Marquez,noelia.marquez@hotmail.com,Chile,Zaragoza,2024-07-24,True
252,Darío,Solís,darío.solís@gmail.com,SPAIN,Valladolid,2023-08-30,False
253,Jaime,Puerta,jaime.puerta@hotmail.com,Colombia,Ávila,2025-10-02,True
254,Morena,Prat,morena.prat@gmail.com,ES,Murcia,2023-06-29,False
255,Duilio,Sanz,duilio.sanz@yahoo.com,argentina,Palencia,2024-09-06,
256,Rico,Pera,rico.pera@gmail.com,mexico,Lugo,2024-02-16,True
257,Amador,Mosquera,amador.mosquera@hotmail.com,Colombia,Segovia,2025-08-15,
258,Bernardino,Simó,bernardino.simó@hotmail.com,Mexico,Segovia,2025-09-07,False
259,Sebastian,Carnero,sebastian.carnero@gmail.com,Chile,Alicante,2023-06-01,
260,Marco,Ugarte,marco.ugarte@gmail.com,CL,Ciudad,2024-01-08,True
261,Susana,Cerdá,susana.cerdá@yahoo.com,colombia,Huesca,2023-09-12,False
262,Herminia,Rius,herminia.rius@hotmail.com,MX,La Rioja,2024-12-09,
263,Fátima,Cabeza,fátima.cabeza@yahoo.com,Argentina,Cuenca,2024-07-16,False
264,Anacleto,Pellicer,anacleto.pellicer@gmail.com,chile,León,2023-11-12,
265,Jonatan,Pareja,jonatan.pareja@gmail.com,CL,Murcia,2023-02-28,
266,Valeria,Palmer,valeria.palmer@gmail.com,CL,Cuenca,2025-05-03,True
267,Goyo,Carvajal,goyo.carvajal@yahoo.com,colombia,Sevilla,2024-09-10,
268,Ibán,Almazán,ibán.almazán@gmail.com,CO,Ciudad,2023-11-20,False
269,Edgardo,Fuertes,edgardo.fuertes@gmail.com,Colombia,Palencia,2024-10-15,False
270,Inocencio,Guijarro,inocencio.guijarro@yahoo.com,Colombia,Zamora,2023-08-06,False
271,Valentina,Acedo,valentina.acedo@yahoo.com,spain,Barcelona,2023-04-14,False
272,Calixta,Iglesia,calixta.iglesia@gmail.com,CL,Sevilla,2023-11-24,
273,Roxana,Amigó,roxana.amigó@gmail.com,Argentina,Huelva,2025-11-20,False
274,Montserrat,Gárate,montserrat.gárate@hotmail.com,Colombia,Albacete,2025-07-25,True
275,Félix,Lara,félix.lara@gmail.com,CL,Valencia,2025-08-21,True
276,Tadeo,Zorrilla,tadeo.zorrilla@gmail.com,ES,Lugo,2025-01-19,False
277,Vidal,Paredes,vidal.paredes@hotmail.com,ES,León,2025-01-12,True
278,Anita,Giralt,anita.giralt@hotmail.com,colombia,Toledo,2023-09-01,True
279,Miguela,Vázquez,miguela.vázquez@yahoo.com,CO,Segovia,2025-01-18,True
280,Américo,Barrera,américo.barrera@yahoo.com,chile,Las Palmas,2023-03-21,False
281,Itziar,Campoy,itziar.campoy@yahoo.com,colombia,Asturias,2025-11-21,
282,Trini,Berrocal,trini.berrocal@yahoo.com,Argentina,Asturias,2024-09-04,
283,Edmundo,Llopis,edmundo.llopis@hotmail.com,chile,Jaén,2025-08-30,False
284,Edelmira,Mariño,edelmira.mariño@yahoo.com,argentina,Badajoz,2024-09-22,
285,Nadia,Carbó,nadia.carbó@hotmail.com,Espana,Las Palmas,2024-04-11,
286,Vito,Gracia,vito.gracia@yahoo.com,Colombia,Lleida,2025-02-17,
287,Sabas,Ricart,sabas.ricart@hotmail.com,Mexico,Guadalajara,,False
288,Teófilo,Milla,teófilo.milla@hotmail.com,Colombia,Huesca,2025-10-24,False
289,Ezequiel,Sánchez,ezequiel.sánchez@gmail.com,SPAIN,Ávila,2025-09-06,False
290,Ciro,Rosales,ciro.rosales@gmail.com,México,Zaragoza,2024-12-26,
291,Eladio,Barreda,eladio.barreda@hotmail.com,argentina,Sevilla,2024-07-25,True
292,Donato,Reig,donato.reig@yahoo.com,AR,Toledo,2025-09-28,False
293,Aurelio,Maestre,aurelio.maestre@hotmail.com,chile,Huelva,2025-02-16,False
294,Cristóbal,Vera,cristóbal.vera@gmail.com,Argentina,Sevilla,2023-06-11,False
295,Alma,Gomez,alma.gomez@gmail.com,argentina,Navarra,2024-07-09,
296,Quirino,Cardona,quirino.cardona@yahoo.com,Argentina,Zaragoza,2024-05-05,
297,Timoteo,Amo,timoteo.amo@hotmail.com,Chile,Albacete,2025-04-26,False
298,Geraldo,Llano,,SPAIN,Guipúzcoa,2023-11-20,False
299,Pascual,Aguado,pascual.aguado@gmail.com,colombia,Ourense,2024-10-19,True
300,Gema,Pérez,gema.pérez@gmail.com,Espana,Valencia,2023-03-18,True
301,Evita,Anglada,evita.anglada@gmail.com,Colombia,Jaén,2025-03-24,True
302,Simón,Santiago,,Argentina,Huesca,2023-08-08,False
303,Mateo,Morata,mateo.morata@hotmail.com,AR,Almería,2025-10-08,True
304,Fabricio,Criado,fabricio.criado@hotmail.com,CL,Soria,2024-11-08,False
305,Ceferino,Lladó,ceferino.lladó@yahoo.com,argentina,Madrid,2024-08-27,True
306,Elvira,Salamanca,elvira.salamanca@yahoo.com,México,Castellón,2023-06-27,True
307,Marisol,Vila,marisol.vila@gmail.com,MX,Las Palmas,2023-01-14,True
308,Dan,Luque,dan.luque@hotmail.com,CO,Melilla,2023-01-24,False
309,Guadalupe,Mendez,guadalupe.mendez@gmail.com,Mexico,La Coruña,2023-11-24,
310,Elena,Ballesteros,elena.ballesteros@gmail.com,argentina,Granada,2024-08-27,True
311,Héctor,Cervantes,héctor.cervantes@yahoo.com,MX,Guadalajara,2025-02-04,
312,Dimas,Aguilera,dimas.aguilera@yahoo.com,colombia,Cádiz,2024-05-21,
313,Efraín,Pinto,efraín.pinto@hotmail.com,Espana,Málaga,2023-06-09,True
314,Celia,Pablo,celia.pablo@gmail.com,Espana,Valencia,2023-11-03,
315,Aristides,Rubio,aristides.rubio@gmail.com,Colombia,Asturias,2025-09-28,
316,Rosalva,Millán,rosalva.millán@hotmail.com,Colombia,Ourense,2025-07-24,
317,Sandalio,Rios,sandalio.rios@yahoo.com,colombia,La Coruña,2025-03-21,True
318,Alfonso,Morcillo,alfonso.morcillo@gmail.com,Mexico,Tarragona,2023-05-11,True
319,Zaira,Paredes,,ES,Badajoz,2025-04-17,True
320,Jose Francisco,Ruano,jose francisco.ruano@hotmail.com,CO,Melilla,2025-02-12,
321,Cayetano,Priego,cayetano.priego@yahoo.com,Chile,Ceuta,2024-01-01,False
322,Nazario,Diéguez,nazario.diéguez@gmail.com,Chile,Melilla,2023-01-08,False
323,Arcelia,Ferrera,arcelia.ferrera@yahoo.com,colombia,Toledo,2025-02-15,True
324,Olivia,Coloma,olivia.coloma@gmail.com,CO,Burgos,2023-08-20,
325,José María,Figueroa,josé maría.figueroa@gmail.com,colombia,Valladolid,2023-02-02,True
326,Martina,Benet,,Espana,Lleida,2023-04-10,True
327,Marisela,Sanchez,marisela.sanchez@hotmail.com,CO,Santa Cruz de Tenerife,2023-04-26,False
328,Maximiano,Corbacho,maximiano.corbacho@yahoo.com,mexico,Lugo,2024-10-18,True
329,Vasco,Mateo,vasco.mateo@yahoo.com,Chile,Huelva,2023-12-25,False
330,Anunciación,Benavent,anunciación.benavent@yahoo.com,CL,León,2025-02-19,False
331,Anselmo,Barberá,anselmo.barberá@yahoo.com,CO,Asturias,2025-08-27,True
332,Filomena,Bosch,filomena.bosch@hotmail.com,argentina,Lleida,2023-04-29,False
333,Custodia,Armengol,custodia.armengol@yahoo.com,chile,Guadalajara,2024-02-21,True
334,Elodia,Tamarit,elodia.tamarit@hotmail.com,CO,Almería,2024-01-26,False
335,Virgilio,Calderón,,chile,Málaga,2023-05-30,
336,Flavia,Duque,flavia.duque@gmail.com,Chile,Teruel,2024-11-12,True
337,Urbano,Saavedra,urbano.saavedra@hotmail.com,MX,Huesca,2025-09-07,
338,Ramón,Luna,ramón.luna@yahoo.com,chile,Vizcaya,2024-10-20,False
339,Nilo,Badía,nilo.badía@hotmail.com,colombia,Asturias,2025-01-06,False
340,Narciso,Busquets,narciso.busquets@hotmail.com,Colombia,Girona,2024-10-17,False
341,José Antonio,Conesa,josé antonio.conesa@yahoo.com,AR,Palencia,,
342,Gracia,Cid,gracia.cid@yahoo.com,chile,Segovia,2024-02-06,False
343,Jovita,Pou,jovita.pou@gmail.com,Chile,Granada,2024-11-22,False
344,Celia,Peñas,celia.peñas@hotmail.com,CO,Barcelona,2023-12-13,
345,Herminia,Zurita,herminia.zurita@gmail.com,Colombia,Málaga,2023-05-01,True
346,Porfirio,Alfaro,porfirio.alfaro@yahoo.com,Spain,Cádiz,2024-04-18,True
347,Iker,Noguera,iker.noguera@yahoo.com,SPAIN,Ceuta,2025-09-16,True
348,Emigdio,Cortina,  EMIGDIO.CORTINA@GMAIL.COM  ,Espana,Zamora,2025-12-20,
349,Cosme,Vera,cosme.vera@hotmail.com,Argentina,Sevilla,2025-05-31,True
350,Nicodemo,Castro,nicodemo.castro@hotmail.com,Spain,Burgos,2025-12-14,False
351,Fermín,Escrivá,fermín.escrivá@hotmail.com,AR,Toledo,2025-07-29,
352,Urbano,Arranz,urbano.arranz@yahoo.com,mexico,Soria,2023-03-06,False
353,Loida,Gámez,loida.gámez@yahoo.com,colombia,Valladolid,2023-12-17,False
354,Marianela,Sanchez,marianela.sanchez@gmail.com,argentina,Granada,2025-12-17,True
355,Nydia,Somoza,nydia.somoza@gmail.com,México,Soria,2024-07-28,
356,Concepción,Saez,concepción.saez@yahoo.com,SPAIN,Vizcaya,2024-02-29,
357,Roberto,Valverde,roberto.valverde@hotmail.com,Colombia,Cáceres,2025-03-07,
358,Olga,Flores,olga.flores@hotmail.com,AR,Córdoba,2023-06-10,False
359,Baldomero,Terrón,baldomero.terrón@yahoo.com,Spain,Teruel,2024-11-28,
360,Raquel,Villalobos,raquel.villalobos@gmail.com,CL,Ávila,2024-07-13,False
361,María Carmen,Cueto,maría carmen.cueto@yahoo.com,Colombia,Málaga,2025-06-03,
362,Eugenio,Ruiz,eugenio.ruiz@gmail.com,Colombia,León,2024-05-19,True
363,Soledad,Olmedo,soledad.olmedo@gmail.com,Argentina,Almería,2023-11-12,False
364,Ruy,Vallés,ruy.vallés@yahoo.com,Argentina,Jaén,2025-06-29,False
365,Ceferino,Perera,ceferino.perera@gmail.com,SPAIN,Guadalajara,2025-11-15,True
366,Conrado,Naranjo,conrado.naranjo@gmail.com,spain,Alicante,2024-10-26,True
367,Luciano,Sureda,luciano.sureda@hotmail.com,AR,Valladolid,2024-05-12,True
368,Julieta,Somoza,julieta.somoza@yahoo.com,Colombia,Ávila,2025-10-06,True
369,Alejo,Jaén,alejo.jaén@gmail.com,CO,Navarra,2023-06-07,True
370,Lucía,Álamo,lucía.álamo@yahoo.com,colombia,Vizcaya,2023-10-05,False
371,Luis,Gámez,luis.gámez@yahoo.com,argentina,Almería,2025-06-20,
372,Jorge,Rivas,jorge.rivas@hotmail.com,Chile,Asturias,2024-02-16,True
373,Dan,Valero,dan.valero@hotmail.com,CO,Santa Cruz de Tenerife,2025-10-02,True
374,Aránzazu,Herranz,aránzazu.herranz@hotmail.com,AR,Girona,2025-01-17,
375,Timoteo,Abellán,timoteo.abellán@hotmail.com,MX,Ciudad,2025-08-03,True
376,Concepción,Riera,concepción.riera@gmail.com,CO,Melilla,2025-04-17,True
377,Poncio,Bauzà,poncio.bauzà@hotmail.com,Argentina,Jaén,2025-05-16,True
378,Samanta,Soriano,samanta.soriano@gmail.com,colombia,Huesca,2025-11-03,
379,José Luis,Alegre,,colombia,Huelva,2025-01-06,
380,Jose Angel,Calleja,jose angel.calleja@hotmail.com,chile,Barcelona,2024-05-23,False
381,Arsenio,Ortuño,arsenio.ortuño@hotmail.com,Mexico,Segovia,2025-03-29,False
382,Gabino,Sobrino,,Colombia,Santa Cruz de Tenerife,2024-06-13,
383,Germán,Cepeda,germán.cepeda@gmail.com,chile,Alicante,2025-07-01,False
384,Lázaro,Fortuny,lázaro.fortuny@gmail.com,chile,Alicante,2023-02-20,False
385,Maximiano,Menéndez,maximiano.menéndez@hotmail.com,Colombia,Murcia,2023-10-18,False
386,Ainara,Isern,ainara.isern@gmail.com,Colombia,Girona,2023-07-19,
387,Pepe,Asenjo,pepe.asenjo@hotmail.com,CO,Cuenca,2023-08-24,False
388,Edelmiro,Pedro,edelmiro.pedro@yahoo.com,SPAIN,Valencia,2025-11-22,True
389,Valerio,Pomares,valerio.pomares@yahoo.com,argentina,Madrid,2025-04-09,True
390,Jesusa,Valencia,,CO,Zaragoza,2024-02-09,False
391,Celestino,Rodriguez,celestino.rodriguez@gmail.com,Colombia,Pontevedra,2023-05-09,
392,Pacífica,Escribano,pacífica.escribano@hotmail.com,mexico,Guadalajara,2024-06-21,False
393,Cristian,Bernal,cristian.bernal@yahoo.com,chile,Granada,2025-03-14,False
394,Victor Manuel,Rojas,victor manuel.rojas@gmail.com,AR,Huelva,2024-09-01,
395,Victoriano,Arnal,victoriano.arnal@hotmail.com,SPAIN,Salamanca,2023-08-28,
396,Trinidad,Llobet,trinidad.llobet@hotmail.com,México,Asturias,2025-02-24,False
397,Hilda,Ramis,hilda.ramis@yahoo.com,chile,Albacete,2023-12-21,False
398,Eric,Ríos,eric.ríos@gmail.com,Argentina,Asturias,2023-04-20,True
399,Jonatan,Pazos,jonatan.pazos@yahoo.com,Colombia,Ourense,2025-11-01,False
400,Anacleto,Corral,anacleto.corral@hotmail.com,CO,Huesca,2023-12-09,True
401,Ramiro,Saldaña,,mexico,Melilla,2024-04-05,True
402,Quique,Puig,quique.puig@yahoo.com,colombia,Ciudad,2025-11-12,True
403,Danilo,Amo,danilo.amo@hotmail.com,argentina,Madrid,2023-03-27,False
404,Aura,Pombo,aura.pombo@hotmail.com,Chile,Córdoba,2024-05-21,True
405,Matilde,Juliá,matilde.juliá@hotmail.com,CO,Castellón,2025-06-18,True
406,Emma,Machado,emma.machado@hotmail.com,MX,Cantabria,2024-12-19,
407,Donato,Cerdá,donato.cerdá@gmail.com,Colombia,Cádiz,2024-02-28,
408,Trini,Salgado,trini.salgado@gmail.com,argentina,Sevilla,2024-10-24,False
409,Ovidio,Barón,ovidio.barón@hotmail.com,argentina,Granada,2023-07-15,False
410,Renata,Criado,renata.criado@hotmail.com,spain,Zamora,2023-09-29,
411,Porfirio,Verdugo,porfirio.verdugo@gmail.com,Argentina,Cantabria,2025-09-29,
412,Mónica,Chamorro,mónica.chamorro@gmail.com,argentina,Albacete,2023-07-10,
413,Poncio,Peinado,poncio.peinado@yahoo.com,argentina,Salamanca,2025-09-26,True
414,Soledad,Boix,soledad.boix@gmail.com,ES,La Coruña,2023-05-10,False
415,Liliana,Tejero,liliana.tejero@hotmail.com,México,Vizcaya,2024-10-23,False
416,Sebastián,Benavent,sebastián.benavent@gmail.com,chile,Segovia,2024-12-04,True
417,Candelario,Sandoval,candelario.sandoval@yahoo.com,Spain,Barcelona,2023-02-03,True
418,Selena,Espada,,CO,Málaga,2025-05-26,
419,Visitación,Baquero,visitación.baquero@gmail.com,mexico,Granada,2024-07-15,False
420,Fidel,Cáceres,fidel.cáceres@yahoo.com,Argentina,Huelva,2023-12-05,
421,Aurelia,Luz,aurelia.luz@gmail.com,argentina,Cantabria,2023-07-06,True
422,Fabiola,Llobet,fabiola.llobet@gmail.com,México,Salamanca,2025-11-29,True
423,Bibiana,Bueno,bibiana.bueno@hotmail.com,spain,Palencia,2025-05-14,False
424,Custodia,Correa,custodia.correa@gmail.com,SPAIN,Ourense,2023-07-29,False
425,Ariel,Andrade,ariel.andrade@gmail.com,Argentina,Segovia,2023-09-30,
426,María Manuela,Landa,  MARÍA MANUELA.LANDA@HOTMAIL.COM  ,Mexico,Vizcaya,2023-12-03,
427,Concha,Riera,concha.riera@hotmail.com,MX,Madrid,2025-06-25,True
428,Tamara,Manjón,tamara.manjón@hotmail.com,SPAIN,Lugo,2025-02-25,False
429,Jose Ignacio,Ramis,jose ignacio.ramis@yahoo.com,Argentina,Asturias,2024-05-23,
430,Jennifer,Barreda,jennifer.barreda@gmail.com,CL,La Rioja,2024-09-09,
431,Alondra,Sobrino,alondra.sobrino@gmail.com,Chile,Pontevedra,2023-04-22,True
432,Ernesto,Milla,ernesto.milla@hotmail.com,CO,Toledo,2023-05-26,True
433,Rosalinda,Ojeda,rosalinda.ojeda@yahoo.com,AR,Valladolid,2025-05-11,
434,Raimundo,Villa,raimundo.villa@hotmail.com,México,Guadalajara,2023-02-04,True
435,Jose Antonio,Soler,,Argentina,León,2023-05-04,False
436,Jose Miguel,Chico,jose miguel.chico@gmail.com,CL,Girona,2025-04-30,False
437,Rodrigo,Ripoll,rodrigo.ripoll@gmail.com,Espana,Guadalajara,2023-06-21,
438,Crescencia,Milla,crescencia.milla@gmail.com,MX,Madrid,2023-05-16,False
439,Aránzazu,Solera,aránzazu.solera@yahoo.com,Mexico,Madrid,2023-08-26,
440,Alonso,Bosch,alonso.bosch@yahoo.com,spain,Ciudad,2023-12-26,
441,Ildefonso,Osorio,ildefonso.osorio@gmail.com,Mexico,Girona,2025-12-07,
442,Ana Belén,Sosa,ana belén.sosa@yahoo.com,Argentina,Badajoz,2024-07-04,True
443,Tomás,Cañete,tomás.cañete@yahoo.com,spain,Valladolid,2023-05-11,
444,Samuel,Paz,samuel.paz@gmail.com,ES,Almería,2025-10-20,True
445,Clotilde,Ferreras,clotilde.ferreras@yahoo.com,Argentina,Asturias,2023-08-25,
446,Rolando,Varela,  ROLANDO.VARELA@YAHOO.COM  ,Spain,Salamanca,2023-04-05,False
447,Irma,Carrera,irma.carrera@gmail.com,MX,La Coruña,2025-05-08,True
448,Raúl,Nicolau,raúl.nicolau@hotmail.com,colombia,Valladolid,2025-02-02,
449,Ernesto,Flor,ernesto.flor@hotmail.com,SPAIN,Málaga,2023-04-05,True
450,Apolinar,Arrieta,apolinar.arrieta@gmail.com,CO,Teruel,2023-06-26,True
451,Nazario,Sáez,nazario.sáez@hotmail.com,Argentina,Burgos,2024-05-11,
452,Eloísa,Villalba,eloísa.villalba@gmail.com,Colombia,Salamanca,2024-05-17,False
453,Melchor,Cámara,melchor.cámara@yahoo.com,SPAIN,Palencia,2023-01-20,True
454,Nicodemo,Vendrell,nicodemo.vendrell@hotmail.com,colombia,Teruel,2025-12-21,False
455,Chus,Marí,chus.marí@yahoo.com,Colombia,Huesca,2024-07-27,True
456,Natanael,Canals,natanael.canals@yahoo.com,CL,Zamora,2023-06-23,
457,Trini,Amor,trini.amor@hotmail.com,México,Córdoba,2025-06-09,True
458,Gabriela,Goñi,gabriela.goñi@hotmail.com,mexico,Palencia,2025-03-15,
459,Alexandra,Donaire,alexandra.donaire@hotmail.com,AR,Burgos,2024-02-20,
460,Paca,Herrera,paca.herrera@gmail.com,SPAIN,Cantabria,2024-10-05,
461,Alejo,Sainz,alejo.sainz@yahoo.com,Argentina,Burgos,2023-09-03,
462,Seve,Frías,seve.frías@yahoo.com,argentina,Valencia,2024-11-02,
463,Lucía,Barrios,lucía.barrios@hotmail.com,mexico,Melilla,2024-09-04,True
464,Hipólito,Morcillo,hipólito.morcillo@hotmail.com,ES,Melilla,2024-05-26,True
465,Renato,Mir,,Mexico,Murcia,2024-03-31,False
466,Octavio,Pablo,octavio.pablo@hotmail.com,argentina,Salamanca,2024-06-14,True
467,Alondra,Fernandez,alondra.fernandez@gmail.com,Spain,Navarra,2023-09-21,False
468,Marc,Gomila,marc.gomila@yahoo.com,Spain,Teruel,2025-06-06,False
469,Hipólito,Torrijos,hipólito.torrijos@yahoo.com,Colombia,Huelva,2024-12-25,True
470,Charo,Llanos,charo.llanos@yahoo.com,AR,Ourense,2024-05-18,False
471,Inmaculada,Pino,inmaculada.pino@yahoo.com,colombia,Vizcaya,2025-02-23,True
472,Nilda,Coll,nilda.coll@yahoo.com,Chile,Girona,2023-02-09,
473,Lidia,Bermúdez,lidia.bermúdez@yahoo.com,AR,Segovia,2025-10-25,False
474,José María,Tello,josé maría.tello@gmail.com,Mexico,Murcia,2024-07-29,False
475,Kike,Llabrés,kike.llabrés@gmail.com,CL,Salamanca,2023-11-23,
476,Manu,Heras,manu.heras@gmail.com,mexico,Sevilla,2023-04-25,True
477,Verónica,Gonzalez,verónica.gonzalez@hotmail.com,CL,Almería,2023-12-22,
478,Cornelio,Reyes,cornelio.reyes@yahoo.com,argentina,Badajoz,2023-02-27,False
479,Isa,Cervantes,isa.cervantes@gmail.com,chile,La Rioja,2025-10-05,True
480,Fortunata,Tamarit,fortunata.tamarit@yahoo.com,Colombia,Valladolid,,False
481,Lucio,Montesinos,lucio.montesinos@yahoo.com,spain,Vizcaya,2023-09-25,True
482,Chuy,Guerra,,Argentina,Cádiz,2023-10-18,
483,Silvestre,Echeverría,silvestre.echeverría@gmail.com,Argentina,Zamora,2025-03-21,False
484,Ana Sofía,Estrada,ana sofía.estrada@hotmail.com,AR,Alicante,2025-06-13,False
485,Agapito,Martín,agapito.martín@hotmail.com,Argentina,Guipúzcoa,2024-12-31,
486,Lucas,Santos,lucas.santos@hotmail.com,México,Barcelona,2023-09-18,True
487,Renata,Varela,renata.varela@yahoo.com,CL,Cantabria,2023-03-08,False
488,Nydia,Capdevila,nydia.capdevila@yahoo.com,Chile,Toledo,2025-10-13,
489,Álvaro,Jimenez,álvaro.jimenez@hotmail.com,SPAIN,Álava,2023-07-01,
490,Maite,Navas,,AR,Cádiz,2024-03-05,True
491,Emiliana,Ramirez,emiliana.ramirez@yahoo.com,AR,Ávila,2023-04-09,
492,Salvador,Bustos,salvador.bustos@gmail.com,Colombia,Lugo,2025-02-14,False
493,Moisés,Hurtado,moisés.hurtado@gmail.com,ES,Jaén,2024-04-06,True
494,Jonatan,Salom,,spain,Granada,2024-06-18,True
495,Dafne,Alberdi,dafne.alberdi@yahoo.com,Argentina,Tarragona,2023-06-03,True
496,Jonatan,Barrios,jonatan.barrios@hotmail.com,argentina,Lleida,2023-03-05,
497,Marino,Cuesta,marino.cuesta@yahoo.com,México,Tarragona,2024-02-25,False
498,Desiderio,Marquez,desiderio.marquez@yahoo.com,chile,Ceuta,2024-07-30,True
499,Eliseo,Tejera,eliseo.tejera@gmail.com,ES,Valencia,2023-11-11,True
500,Eloísa,Pereira,eloísa.pereira@yahoo.com,Colombia,Valladolid,2025-09-10,True
501,Brígida,Gil,brígida.gil@gmail.com,MX,Melilla,2025-08-27,False
502,Victoriano,Álvarez,victoriano.álvarez@hotmail.com,CO,Asturias,2023-07-06,False
503,Yéssica,Caparrós,yéssica.caparrós@gmail.com,mexico,Ourense,2025-07-01,False
504,Brunilda,Conde,brunilda.conde@gmail.com,CO,Melilla,2023-05-07,
505,Vasco,Carnero,vasco.carnero@hotmail.com,Spain,Teruel,2025-04-27,
506,Dalila,Torrijos,dalila.torrijos@gmail.com,Mexico,Zaragoza,2025-05-07,
507,Bartolomé,Santana,bartolomé.santana@gmail.com,colombia,Lleida,2023-06-11,
508,Cintia,Barco,cintia.barco@hotmail.com,Espana,Soria,2023-10-29,False
509,Noemí,Mendez,noemí.mendez@hotmail.com,MX,La Coruña,2023-09-16,True
510,José Manuel,Acero,josé manuel.acero@hotmail.com,Colombia,Palencia,2024-06-12,
511,Camilo,Arrieta,camilo.arrieta@yahoo.com,Spain,Tarragona,2024-10-29,
512,Bernardo,Barrena,bernardo.barrena@gmail.com,Colombia,Alicante,2025-12-06,True
513,Luciano,Rebollo,luciano.rebollo@gmail.com,Colombia,Vizcaya,2023-07-25,
514,Felipa,Rivera,felipa.rivera@yahoo.com,spain,León,2025-04-21,
515,Ruth,Pina,ruth.pina@yahoo.com,colombia,Soria,2024-07-18,
516,Gisela,Cañas,gisela.cañas@hotmail.com,chile,Baleares,2024-11-09,True
517,Gaspar,Pozo,  GASPAR.POZO@HOTMAIL.COM  ,CO,Toledo,2024-09-12,False
518,Jacinto,Acevedo,jacinto.acevedo@gmail.com,SPAIN,Lleida,2025-06-26,False
519,Ignacia,Rodrigo,ignacia.rodrigo@hotmail.com,argentina,Ceuta,2024-01-20,False
520,Jose Miguel,Serna,jose miguel.serna@yahoo.com,colombia,Cuenca,2025-11-21,True
521,Gonzalo,Carbajo,gonzalo.carbajo@gmail.com,argentina,Salamanca,2025-12-09,True
522,María Dolores,Alcázar,maría dolores.alcázar@gmail.com,MX,Asturias,2023-04-29,False
523,Cosme,Aragonés,cosme.aragonés@yahoo.com,spain,Ciudad,2025-08-08,
524,Manu,Arregui,manu.arregui@yahoo.com,Spain,Ceuta,2025-07-02,False
525,Calista,Gaya,calista.gaya@gmail.com,chile,Málaga,2024-06-13,
526,Luis Miguel,Guillén,,spain,Ourense,2023-04-12,
527,Elba,Montes,elba.montes@gmail.com,MX,Burgos,2024-07-05,
528,Gertrudis,Vázquez,gertrudis.vázquez@gmail.com,Spain,Granada,2023-12-21,True
529,Leonardo,Barrera,leonardo.barrera@hotmail.com,mexico,Santa Cruz de Tenerife,2024-07-17,False
530,Iris,Roldán,iris.roldán@hotmail.com,AR,Almería,2025-12-02,False
531,Omar,Piquer,,Chile,Tarragona,2025-02-05,
532,Sigfrido,Real,sigfrido.real@gmail.com,CL,Jaén,2023-05-11,False
533,Gerónimo,Sáenz,gerónimo.sáenz@gmail.com,AR,Granada,2024-09-03,
534,Rosa,Cobos,rosa.cobos@yahoo.com,Mexico,Navarra,2025-04-07,
535,Seve,Riera,seve.riera@hotmail.com,Mexico,Jaén,2024-06-15,False
536,Jose Carlos,Jara,,colombia,Segovia,2024-01-24,
537,Cayetano,Sandoval,cayetano.sandoval@yahoo.com,México,Murcia,2025-11-04,True
538,Lourdes,Farré,lourdes.farré@gmail.com,Chile,Jaén,2024-06-13,
539,Ignacia,Ariza,ignacia.ariza@gmail.com,mexico,Zaragoza,2024-04-02,False
540,María,Gaya,maría.gaya@yahoo.com,CO,Guipúzcoa,2025-08-07,False
541,Marcio,Alcántara,marcio.alcántara@gmail.com,Espana,Valencia,2025-08-25,
542,Desiderio,Tejero,desiderio.tejero@gmail.com,ES,La Coruña,2023-11-05,True
543,Yolanda,Heras,yolanda.heras@hotmail.com,AR,Vizcaya,2025-07-26,
544,Lorenzo,Pintor,lorenzo.pintor@yahoo.com,Mexico,Granada,2023-12-29,True
545,Juan Carlos,Palomares,juan carlos.palomares@hotmail.com,ES,Lleida,2023-12-12,True
546,Clímaco,Soria,clímaco.soria@yahoo.com,Colombia,Huesca,2025-05-29,False
547,Matías,Riba,,Colombia,Valencia,2024-02-13,True
548,Esteban,Alegre,esteban.alegre@yahoo.com,argentina,Girona,2024-05-24,False
549,Ezequiel,Ferrández,ezequiel.ferrández@yahoo.com,Argentina,Jaén,2024-09-18,True
550,Clotilde,Hoyos,clotilde.hoyos@yahoo.com,AR,Córdoba,2025-12-09,
551,María Carmen,Torres,maría carmen.torres@hotmail.com,mexico,Lleida,2024-01-21,False
552,Florentino,Ortuño,florentino.ortuño@gmail.com,SPAIN,Toledo,2024-03-08,
553,Carina,Torres,carina.torres@gmail.com,Chile,Melilla,2023-03-18,
554,Anastasio,Benavente,anastasio.benavente@hotmail.com,argentina,Valladolid,2023-04-09,
555,Adolfo,Revilla,adolfo.revilla@gmail.com,Spain,Asturias,2025-02-17,False
556,Laura,Corbacho,laura.corbacho@gmail.com,colombia,Málaga,2023-01-20,
557,Xavier,Perea,xavier.perea@gmail.com,Espana,Sevilla,2023-10-08,True
558,Amarilis,Alcázar,amarilis.alcázar@gmail.com,chile,Álava,2023-08-06,
559,Ale,Ávila,ale.ávila@hotmail.com,mexico,Murcia,2025-01-03,False
560,Luciano,Alemany,luciano.alemany@hotmail.com,Mexico,Zaragoza,2025-09-11,True
561,Virginia,Escobar,virginia.escobar@gmail.com,Spain,Melilla,2025-10-08,True
562,Eustaquio,Hernando,eustaquio.hernando@gmail.com,Chile,Huelva,2024-06-08,False
563,Juanito,Puente,juanito.puente@gmail.com,AR,La Coruña,2023-12-24,False
564,Ángel,Hervia,ángel.hervia@hotmail.com,argentina,Granada,2023-07-14,True
565,Isaura,Berrocal,isaura.berrocal@hotmail.com,SPAIN,Ávila,2025-01-02,
566,Santiago,Pinilla,santiago.pinilla@yahoo.com,argentina,Almería,2024-01-10,False
567,Febe,Agustí,febe.agustí@hotmail.com,CO,Ávila,2025-09-06,
568,Angelina,Roura,angelina.roura@hotmail.com,Mexico,Ourense,2023-11-23,
569,Rosa,Bustos,rosa.bustos@hotmail.com,colombia,Ceuta,2025-02-16,
570,Héctor,Talavera,héctor.talavera@yahoo.com,SPAIN,Asturias,2025-04-22,True
571,Isaura,Lozano,isaura.lozano@hotmail.com,argentina,Cádiz,2025-12-10,
572,Úrsula,Miranda,úrsula.miranda@gmail.com,Chile,Palencia,2024-11-23,
573,Ernesto,Puig,ernesto.puig@gmail.com,Chile,Cáceres,2025-09-13,
574,Cintia,Hernandez,cintia.hernandez@hotmail.com,Colombia,Soria,,True
575,Teófila,Mármol,teófila.mármol@yahoo.com,CL,Zamora,2023-06-03,False
576,Jennifer,Bermudez,jennifer.bermudez@hotmail.com,mexico,Almería,2024-04-01,False
577,Clímaco,Ruiz,clímaco.ruiz@gmail.com,Colombia,Guipúzcoa,2025-07-06,False
578,Elodia,Puente,elodia.puente@yahoo.com,CO,Santa Cruz de Tenerife,2023-02-06,False
579,Leandro,Sanjuan,leandro.sanjuan@yahoo.com,Espana,Huelva,2024-09-15,
580,Carolina,Perez,carolina.perez@yahoo.com,México,Soria,2023-04-22,False
581,Delfina,Pinto,delfina.pinto@gmail.com,argentina,Zaragoza,2025-01-14,True
582,Jose Manuel,Beltrán,,SPAIN,Burgos,2024-12-28,False
583,Ricardo,Correa,ricardo.correa@hotmail.com,chile,Guadalajara,2023-12-03,
584,Poncio,Campillo,poncio.campillo@gmail.com,Colombia,Granada,2023-09-05,False
585,Victor,Palomino,victor.palomino@yahoo.com,México,Barcelona,2024-11-23,False
586,Chucho,Exposito,chucho.exposito@yahoo.com,Espana,Navarra,2025-07-25,
587,Catalina,Vila,,México,Albacete,2023-04-10,False
588,Chuy,Otero,chuy.otero@hotmail.com,CL,Pontevedra,2023-12-29,True
589,Elba,Morata,elba.morata@yahoo.com,Mexico,Girona,2024-10-21,False
590,Severiano,Pons,severiano.pons@gmail.com,colombia,Ourense,2024-07-14,False
591,Azahar,Doménech,azahar.doménech@hotmail.com,AR,Cáceres,2025-11-15,
592,Emilio,Leiva,emilio.leiva@yahoo.com,CL,Madrid,2024-03-21,
593,Esteban,Barroso,esteban.barroso@gmail.com,argentina,Cuenca,2023-12-31,
594,Tadeo,Marí,tadeo.marí@yahoo.com,argentina,Huesca,2025-09-10,
595,José,Huerta,josé.huerta@hotmail.com,colombia,Pontevedra,2024-08-08,False
596,Encarnita,Ferrán,encarnita.ferrán@yahoo.com,Espana,Barcelona,2023-04-19,True
597,Marco,Agudo,marco.agudo@yahoo.com,Argentina,Salamanca,2023-10-27,
598,Ricardo,Mur,ricardo.mur@yahoo.com,Argentina,Las Palmas,2025-07-15,
599,Olalla,Cerdán,olalla.cerdán@yahoo.com,Chile,Pontevedra,2024-05-01,
600,Jordana,Font,jordana.font@yahoo.com,argentina,Cádiz,2025-03-04,
601,Rómulo,Montaña,rómulo.montaña@yahoo.com,argentina,Ourense,2024-02-20,False
602,Merche,Herrera,merche.herrera@yahoo.com,mexico,Cuenca,2024-02-07,True
603,Olga,Pozo,olga.pozo@yahoo.com,AR,Ourense,2024-01-18,
604,Heraclio,Escolano,heraclio.escolano@hotmail.com,Chile,Toledo,2024-06-25,
605,Íñigo,Gallego,íñigo.gallego@yahoo.com,Argentina,Tarragona,2023-11-14,False
606,Bruno,Rebollo,bruno.rebollo@hotmail.com,Chile,Barcelona,2024-09-08,
607,Evita,Mateo,evita.mateo@gmail.com,CL,Sevilla,2025-12-12,True
608,Fabio,Rocha,fabio.rocha@yahoo.com,Chile,León,2025-04-06,True
609,Elba,Tello,elba.tello@hotmail.com,mexico,Murcia,2025-12-22,
610,Antonia,Ripoll,antonia.ripoll@hotmail.com,Spain,Zamora,2024-05-14,
611,Plácido,Blázquez,plácido.blázquez@gmail.com,AR,Sevilla,2025-03-01,
612,Graciana,Padilla,graciana.padilla@gmail.com,Argentina,Ourense,2025-02-06,
613,Filomena,Pulido,filomena.pulido@yahoo.com,CO,Badajoz,2024-01-30,True
614,Agustín,Cabello,agustín.cabello@yahoo.com,SPAIN,Málaga,,True
615,Margarita,Villena,margarita.villena@hotmail.com,MX,León,2023-08-01,
616,Reinaldo,Posada,reinaldo.posada@yahoo.com,colombia,Huelva,2023-11-11,
617,Amador,Tolosa,amador.tolosa@gmail.com,Argentina,La Rioja,2024-05-30,
618,Zoraida,Boada,zoraida.boada@gmail.com,mexico,Huelva,2025-04-08,True
619,Mateo,Novoa,  MATEO.NOVOA@YAHOO.COM  ,colombia,Melilla,2023-05-10,
620,Almudena,Olivé,almudena.olivé@yahoo.com,Spain,León,2024-08-16,False
621,Lorenza,Santamaria,lorenza.santamaria@yahoo.com,Chile,Granada,2025-02-20,
622,Arsenio,Cardona,arsenio.cardona@gmail.com,ES,Segovia,2025-03-11,
623,César,Córdoba,césar.córdoba@hotmail.com,argentina,Melilla,2025-02-03,True
624,Félix,Cuesta,félix.cuesta@yahoo.com,chile,Lleida,2025-03-18,True
625,Jesús,Quirós,jesús.quirós@hotmail.com,Argentina,Cádiz,2024-12-05,
626,Felicidad,Rosell,felicidad.rosell@yahoo.com,Chile,Valencia,2024-06-01,True
627,Encarna,Figueroa,encarna.figueroa@yahoo.com,Chile,Jaén,2025-08-02,True
628,Adalberto,Garmendia,adalberto.garmendia@gmail.com,argentina,Valladolid,2025-09-24,False
629,Juliana,Barros,juliana.barros@hotmail.com,MX,Zaragoza,2024-02-01,False
630,Salomé,Estévez,salomé.estévez@yahoo.com,argentina,Cantabria,2023-11-09,False
631,Zacarías,Carbonell,zacarías.carbonell@yahoo.com,AR,Melilla,2024-03-29,
632,Feliciana,Millán,feliciana.millán@hotmail.com,CO,Salamanca,2024-11-10,False
633,Ruben,Carbonell,ruben.carbonell@yahoo.com,CO,Lleida,2023-08-11,
634,Esmeralda,Duque,esmeralda.duque@hotmail.com,spain,Salamanca,2024-02-07,
635,Dominga,Blazquez,dominga.blazquez@hotmail.com,Spain,Guadalajara,2023-03-05,
636,Desiderio,Gómez,desiderio.gómez@yahoo.com,colombia,Cádiz,2024-06-17,
637,Raúl,Cid,raúl.cid@hotmail.com,colombia,La Rioja,2024-04-02,
638,Débora,Cervera,débora.cervera@hotmail.com,Argentina,Las Palmas,2025-03-23,True
639,Gilberto,Torrecilla,gilberto.torrecilla@hotmail.com,MX,Navarra,2023-11-23,
640,Flavio,Tovar,flavio.tovar@yahoo.com,México,Cádiz,2025-09-25,False
641,Maxi,Sanmartín,maxi.sanmartín@hotmail.com,Argentina,Huelva,2025-01-09,False
642,Agapito,Tormo,agapito.tormo@gmail.com,Spain,Jaén,2025-12-03,False
643,Chita,Vega,chita.vega@hotmail.com,argentina,La Rioja,2025-02-14,
644,Isidora,Téllez,isidora.téllez@yahoo.com,Espana,Madrid,2024-04-01,False
645,Florencio,Blanch,florencio.blanch@hotmail.com,AR,Zamora,2023-01-14,True
646,María,Giménez,maría.giménez@yahoo.com,Colombia,Cuenca,2024-07-29,True
647,Jafet,Malo,jafet.malo@gmail.com,mexico,Ourense,2024-04-16,False
648,Manuelita,Valbuena,manuelita.valbuena@hotmail.com,ES,Ourense,2023-11-27,False
649,Danilo,Leal,danilo.leal@hotmail.com,SPAIN,Murcia,2023-11-26,
650,Pacífica,Arnaiz,pacífica.arnaiz@hotmail.com,Espana,Murcia,2024-01-04,False
651,Isaías,Rodríguez,isaías.rodríguez@gmail.com,chile,Granada,2024-08-03,True
652,Sandra,Antúnez,sandra.antúnez@yahoo.com,colombia,Huelva,2023-12-16,False
653,Rosalva,Bonet,rosalva.bonet@yahoo.com,Chile,Vizcaya,2024-01-08,
654,Octavia,Gálvez,octavia.gálvez@gmail.com,Argentina,Teruel,2025-07-17,True
655,Emilia,Roman,emilia.roman@gmail.com,México,Zamora,2024-02-19,
656,Hilario,Gabaldón,hilario.gabaldón@gmail.com,Colombia,Murcia,2023-03-21,
657,Lisandro,Diéguez,lisandro.diéguez@yahoo.com,Chile,Girona,2023-01-03,
658,Constanza,Lastra,constanza.lastra@hotmail.com,colombia,Barcelona,2025-12-21,False
659,Maricela,Reina,maricela.reina@gmail.com,CO,Segovia,2023-07-20,False
660,Edmundo,Cazorla,edmundo.cazorla@gmail.com,Colombia,Teruel,2025-04-16,True
661,Modesto,Huertas,modesto.huertas@hotmail.com,Espana,Madrid,2025-02-07,
662,Erasmo,Leiva,erasmo.leiva@hotmail.com,AR,Jaén,2024-06-03,
663,Vito,Benet,vito.benet@hotmail.com,colombia,La Coruña,2025-03-24,False
664,Aránzazu,Lobo,aránzazu.lobo@hotmail.com,chile,Lleida,2025-09-17,False
665,Amarilis,Morán,amarilis.morán@hotmail.com,CL,Vizcaya,2023-10-10,
666,Rebeca,Buendía,rebeca.buendía@hotmail.com,SPAIN,Santa Cruz de Tenerife,2023-11-28,
667,Graciana,Palma,graciana.palma@gmail.com,CO,Castellón,2023-04-17,
668,Timoteo,Galán,timoteo.galán@yahoo.com,Spain,Guadalajara,2025-06-10,False
669,Patricia,Luque,patricia.luque@yahoo.com,mexico,Ourense,2025-02-26,False
670,Reyes,Toro,reyes.toro@yahoo.com,chile,Alicante,2023-04-28,True
671,Conrado,Segura,,CO,Cáceres,2025-11-27,True
672,Valero,Sastre,valero.sastre@gmail.com,chile,Cantabria,2023-12-14,False
673,Jennifer,Catalán,jennifer.catalán@hotmail.com,Mexico,Cáceres,2024-07-19,False
674,Sandra,Lledó,sandra.lledó@gmail.com,CO,Córdoba,2023-05-21,
675,Celestino,Peral,celestino.peral@hotmail.com,argentina,Almería,2024-12-13,False
676,Ruy,Mayoral,ruy.mayoral@hotmail.com,MX,Las Palmas,2023-01-10,False
677,Gabriela,Bou,gabriela.bou@hotmail.com,Chile,Álava,2024-11-27,
678,Ignacio,Tapia,ignacio.tapia@gmail.com,argentina,Palencia,2025-06-25,
679,Jaime,Vives,jaime.vives@hotmail.com,Colombia,Álava,2025-07-28,
680,Adán,Nuñez,adán.nuñez@gmail.com,ES,Tarragona,2024-03-27,True
681,Eligio,Tejedor,eligio.tejedor@gmail.com,AR,Jaén,2023-01-20,False
682,Chuy,Calatayud,chuy.calatayud@gmail.com,mexico,Huesca,2024-12-01,True
683,Socorro,Martínez,socorro.martínez@gmail.com,CO,Vizcaya,2024-07-05,
684,Odalis,Cañas,odalis.cañas@hotmail.com,México,Asturias,2024-05-10,True
685,Bernarda,Aguirre,bernarda.aguirre@hotmail.com,MX,León,2024-12-30,True
686,Pascual,Garcés,pascual.garcés@hotmail.com,Spain,La Rioja,2023-01-14,
687,Encarnación,Salas,encarnación.salas@gmail.com,ES,Badajoz,2024-07-16,
688,Enrique,Casal,enrique.casal@hotmail.com,AR,Huelva,2023-04-21,False
689,Timoteo,Miranda,,colombia,Cuenca,2024-12-12,
690,Filomena,Blasco,filomena.blasco@gmail.com,México,Vizcaya,2025-07-31,True
691,Jessica,Amor,jessica.amor@hotmail.com,SPAIN,Castellón,2025-01-10,False
692,Aura,Vergara,aura.vergara@gmail.com,mexico,Girona,2024-12-03,False
693,Flavia,Ballester,flavia.ballester@gmail.com,Colombia,Jaén,2025-01-17,False
694,Daniel,Hernando,daniel.hernando@yahoo.com,Colombia,Melilla,2024-04-13,
695,Tamara,Albero,tamara.albero@yahoo.com,Argentina,Barcelona,2024-02-06,
696,Roldán,Rivero,roldán.rivero@yahoo.com,México,Valladolid,2025-10-20,
697,Adriana,Beltran,adriana.beltran@gmail.com,chile,Álava,2024-09-06,
698,Juan Francisco,Garriga,juan francisco.garriga@gmail.com,ES,Zamora,2024-03-17,False
699,Rómulo,Velázquez,rómulo.velázquez@yahoo.com,ES,Las Palmas,2025-01-07,False
700,Judith,Quesada,judith.quesada@gmail.com,Argentina,Cuenca,2024-02-12,
701,Celso,Menendez,celso.menendez@gmail.com,Chile,Zaragoza,2024-10-27,False
702,Fabricio,Morillo,fabricio.morillo@yahoo.com,Colombia,Granada,2023-10-24,
703,Jovita,Ruiz,jovita.ruiz@hotmail.com,AR,Almería,2023-05-27,False
704,Jose Ignacio,Boix,jose ignacio.boix@yahoo.com,mexico,Lleida,2024-07-01,False
705,Emma,Ballesteros,emma.ballesteros@yahoo.com,AR,Baleares,2025-12-02,False
706,Albano,Cervantes,albano.cervantes@hotmail.com,MX,Cáceres,2024-04-25,
707,Anabel,Oliver,anabel.oliver@hotmail.com,SPAIN,Cáceres,2023-05-11,False
708,Ramiro,Castañeda,,Chile,Toledo,2025-03-24,True
709,Soraya,Carranza,soraya.carranza@gmail.com,spain,Zaragoza,2025-03-09,True
710,Timoteo,Lladó,timoteo.lladó@hotmail.com,AR,Córdoba,2023-12-16,
711,Leticia,Benítez,leticia.benítez@yahoo.com,AR,Málaga,2024-07-11,True
712,Plácido,Baquero,plácido.baquero@yahoo.com,Chile,Huesca,2025-06-09,
713,Fausto,Jara,fausto.jara@gmail.com,CL,Ceuta,2024-04-10,False
714,Manu,Verdú,manu.verdú@gmail.com,AR,Álava,,True
715,Jose Ignacio,Arteaga,  JOSE IGNACIO.ARTEAGA@YAHOO.COM  ,AR,Jaén,2025-10-04,False
716,Zoraida,Conesa,zoraida.conesa@gmail.com,Argentina,Navarra,2024-04-18,
717,Nieves,Rius,nieves.rius@gmail.com,Argentina,Ciudad,2025-03-19,
718,Sigfrido,Montero,sigfrido.montero@yahoo.com,CO,Ourense,2024-05-05,
719,Ramón,Carreras,ramón.carreras@hotmail.com,AR,Cádiz,2024-07-04,True
720,Jacinto,Villalobos,jacinto.villalobos@gmail.com,MX,Asturias,2025-07-16,
721,Saturnina,Sola,saturnina.sola@yahoo.com,Colombia,Guadalajara,2025-12-31,True
722,Chema,Saura,chema.saura@gmail.com,AR,Cantabria,2023-01-17,True
723,Lupe,Mateu,lupe.mateu@hotmail.com,ES,Lleida,2025-10-17,False
724,Rafa,Uriarte,rafa.uriarte@gmail.com,spain,Burgos,2023-10-27,False
725,Adolfo,Redondo,adolfo.redondo@gmail.com,Espana,Murcia,2024-05-27,True
726,Osvaldo,Agustí,osvaldo.agustí@yahoo.com,SPAIN,Valladolid,2024-05-21,True
727,Gema,Peñalver,gema.peñalver@hotmail.com,México,Badajoz,2024-03-02,
728,Hernán,Gárate,hernán.gárate@yahoo.com,AR,Almería,2025-12-02,False
729,Erasmo,Losada,erasmo.losada@gmail.com,Argentina,Ceuta,2024-03-22,True
730,Teófila,Vizcaíno,,CO,Lleida,2024-07-19,False
731,Mariana,Blazquez,mariana.blazquez@hotmail.com,Mexico,Málaga,2025-08-31,True
732,Eliseo,Prado,eliseo.prado@gmail.com,Argentina,Las Palmas,2024-11-24,
733,Gloria,Castrillo,gloria.castrillo@gmail.com,Spain,Córdoba,2023-08-08,True
734,Renata,Miró,renata.miró@yahoo.com,argentina,Guadalajara,2025-06-17,True
735,Víctor,Llabrés,víctor.llabrés@gmail.com,CO,Cantabria,2023-03-22,False
736,Elías,Canales,elías.canales@gmail.com,CL,Cáceres,2024-01-18,False
737,Vinicio,Solano,vinicio.solano@yahoo.com,CO,Baleares,2023-11-25,True
738,Blanca,Palma,blanca.palma@gmail.com,CO,Granada,,
739,Abigaíl,Landa,abigaíl.landa@gmail.com,CL,Cáceres,2025-01-15,True
740,Noemí,Mayo,noemí.mayo@hotmail.com,argentina,Castellón,2025-03-04,
741,Petrona,Mosquera,petrona.mosquera@gmail.com,colombia,Teruel,2025-04-19,True
742,Jose Ramón,Pagès,jose ramón.pagès@yahoo.com,Espana,Soria,2023-09-23,True
743,Marcelino,Juan,marcelino.juan@gmail.com,Mexico,La Coruña,2025-03-06,
744,Rita,Santamaria,rita.santamaria@hotmail.com,chile,Badajoz,2024-03-28,True
745,Óscar,Cal,óscar.cal@gmail.com,SPAIN,Álava,2023-06-13,
746,Bernabé,Girón,bernabé.girón@gmail.com,spain,La Coruña,2025-05-01,
747,Ramón,Blasco,ramón.blasco@hotmail.com,Espana,Asturias,2023-05-25,True
748,Alfredo,Barón,alfredo.barón@gmail.com,Mexico,Zaragoza,2025-02-28,
749,Eduardo,Briones,eduardo.briones@yahoo.com,MX,Alicante,2023-08-05,
750,Íñigo,Ayuso,íñigo.ayuso@gmail.com,argentina,Toledo,2023-08-02,True
751,Ruperto,Valderrama,ruperto.valderrama@gmail.com,CL,Soria,2025-12-29,False
752,Teodosio,Duque,teodosio.duque@yahoo.com,AR,Cádiz,2025-01-31,
753,Leonardo,Losada,leonardo.losada@yahoo.com,colombia,Alicante,2024-03-14,
754,Encarna,Hoyos,encarna.hoyos@hotmail.com,AR,Madrid,,True
755,Sergio,Tello,,argentina,Cuenca,2023-10-04,False
756,Rodolfo,Cervantes,rodolfo.cervantes@yahoo.com,spain,Segovia,2024-10-06,
757,Soledad,Zaragoza,soledad.zaragoza@gmail.com,argentina,Jaén,2023-11-13,False
758,Merche,Palomar,merche.palomar@yahoo.com,Argentina,Huelva,2024-05-26,False
759,Ximena,Vallés,ximena.vallés@yahoo.com,Espana,Cuenca,2023-06-08,False
760,Geraldo,Amo,geraldo.amo@yahoo.com,México,Albacete,2023-07-15,False
761,Teresita,Lucas,teresita.lucas@gmail.com,Espana,Melilla,2024-11-15,False
762,Pepito,Guerrero,pepito.guerrero@gmail.com,Colombia,Ciudad,2023-01-24,
763,Gala,Hernando,gala.hernando@yahoo.com,Colombia,Valladolid,2023-11-03,
764,Isidoro,Pont,isidoro.pont@yahoo.com,MX,Cádiz,2025-03-15,
765,Jordi,Monreal,jordi.monreal@hotmail.com,chile,Palencia,2025-03-18,False
766,Amaro,Ortiz,amaro.ortiz@hotmail.com,ES,Ourense,2025-03-28,False
767,Godofredo,Ugarte,godofredo.ugarte@hotmail.com,CL,Cádiz,2023-10-04,True
768,Amor,Arellano,amor.arellano@gmail.com,CO,Ceuta,2025-12-09,True
769,Eligia,Gilabert,eligia.gilabert@gmail.com,AR,Álava,2023-07-03,False
770,Natanael,Fortuny,natanael.fortuny@gmail.com,CO,Teruel,2023-02-19,True
771,Galo,Morales,galo.morales@gmail.com,argentina,Burgos,2023-10-26,True
772,Delia,Cifuentes,delia.cifuentes@gmail.com,mexico,Asturias,2023-06-25,True
773,Raúl,Priego,raúl.priego@hotmail.com,MX,Guipúzcoa,2023-01-29,True
774,Marciano,Mora,marciano.mora@gmail.com,AR,Toledo,2024-03-09,
775,Ulises,Torrens,ulises.torrens@hotmail.com,argentina,Cádiz,2023-10-17,
776,Laura,Palacios,laura.palacios@gmail.com,ES,Jaén,2023-03-31,True
777,Marino,Mariño,marino.mariño@gmail.com,Argentina,Toledo,2023-04-19,True
778,Abel,Posada,abel.posada@hotmail.com,ES,Cádiz,2025-01-07,True
779,Eligia,Monreal,eligia.monreal@hotmail.com,argentina,Santa Cruz de Tenerife,2025-11-07,True
780,Clarisa,Calvet,clarisa.calvet@yahoo.com,AR,Guipúzcoa,2024-01-17,False
781,Marcia,Bermejo,,chile,Guadalajara,2024-05-21,False
782,Florencio,Borrego,florencio.borrego@hotmail.com,AR,León,2024-12-11,False
783,Aitor,Lara,aitor.lara@gmail.com,Argentina,Tarragona,2024-07-18,
784,Borja,Ordóñez,borja.ordóñez@yahoo.com,AR,Toledo,2023-03-02,False
785,Abel,Asensio,abel.asensio@yahoo.com,MX,Toledo,2023-10-09,False
786,Simón,Delgado,simón.delgado@yahoo.com,chile,Jaén,2024-04-10,
787,Pascual,Perez,pascual.perez@gmail.com,México,Zamora,2024-11-05,True
788,Rosario,Gomis,rosario.gomis@gmail.com,MX,Asturias,2024-02-19,False
789,Nerea,Aragonés,nerea.aragonés@yahoo.com,Chile,Guadalajara,2023-10-25,
790,Juan Carlos,Calvo,juan carlos.calvo@gmail.com,mexico,Cáceres,2023-08-31,True
791,Susanita,Perez,susanita.perez@gmail.com,spain,Navarra,2025-04-22,
792,Tomasa,Buendía,tomasa.buendía@yahoo.com,Argentina,Teruel,2024-01-14,
793,Américo,Rosado,américo.rosado@hotmail.com,CL,Pontevedra,2024-04-20,True
794,Tania,Rovira,tania.rovira@gmail.com,Argentina,Badajoz,2025-10-25,False
795,Natanael,Fuertes,natanael.fuertes@gmail.com,Argentina,Tarragona,2023-10-09,True
796,Casandra,Lara,  CASANDRA.LARA@HOTMAIL.COM  ,ES,Granada,2024-07-06,True
797,Jordán,Báez,jordán.báez@gmail.com,MX,Ourense,2025-06-18,False
798,Carmela,Tudela,carmela.tudela@gmail.com,AR,Huesca,2023-03-27,False
799,Abraham,Roma,abraham.roma@gmail.com,AR,Sevilla,2025-12-11,
800,Eufemia,Tenorio,eufemia.tenorio@gmail.com,Espana,Albacete,2023-03-28,True
801,Hilario,Donaire,hilario.donaire@hotmail.com,chile,Ávila,2025-03-04,
802,Ainara,Carlos,ainara.carlos@yahoo.com,SPAIN,Lugo,2024-09-15,False
803,Amaya,Landa,amaya.landa@gmail.com,Colombia,Cádiz,2023-04-22,True
804,Raimundo,Pizarro,raimundo.pizarro@yahoo.com,colombia,León,2023-08-20,
805,Arsenio,Lago,arsenio.lago@yahoo.com,Chile,Córdoba,2023-02-21,
806,Jaime,Leiva,jaime.leiva@hotmail.com,México,Burgos,2023-12-02,True
807,Marina,Caballero,marina.caballero@gmail.com,Spain,Zaragoza,2023-06-24,False
808,Camila,Riba,camila.riba@hotmail.com,chile,Navarra,2025-02-18,True
809,Benjamín,Pombo,benjamín.pombo@hotmail.com,argentina,Murcia,2023-11-29,True
810,Jacinta,Taboada,jacinta.taboada@hotmail.com,ES,Lugo,2025-07-02,True
811,Marcelino,Bermúdez,  MARCELINO.BERMÚDEZ@YAHOO.COM  ,SPAIN,Málaga,,False
812,Concepción,Villanueva,concepción.villanueva@hotmail.com,colombia,Baleares,2025-10-07,
813,Marita,Sanchez,marita.sanchez@gmail.com,CO,Castellón,2023-01-14,
814,Nuria,Fernández,nuria.fernández@gmail.com,argentina,Las Palmas,2024-03-01,True
815,Cayetano,Rozas,,spain,Pontevedra,2023-03-08,
816,Juan,Montenegro,juan.montenegro@hotmail.com,AR,Ávila,2025-05-03,True
817,Román,Puerta,román.puerta@hotmail.com,argentina,Cuenca,2023-12-30,
818,Aurora,Sedano,aurora.sedano@gmail.com,CL,Baleares,2024-09-04,False
819,Severino,Conde,severino.conde@gmail.com,ES,Badajoz,2025-08-22,
820,Chus,Cabrero,chus.cabrero@yahoo.com,AR,La Rioja,2024-03-04,True
821,Juan Luis,Piñol,juan luis.piñol@hotmail.com,chile,Ourense,2023-06-29,
822,Emelina,Suárez,emelina.suárez@gmail.com,chile,Cuenca,2024-10-10,
823,Samuel,Cobo,samuel.cobo@hotmail.com,CL,Alicante,2025-10-13,
824,Ruy,Muñoz,ruy.muñoz@hotmail.com,CO,Almería,2024-04-21,True
825,Marcia,Talavera,,Spain,Albacete,2023-08-30,True
826,Nicolás,Mateo,nicolás.mateo@yahoo.com,CL,Madrid,,True
827,Rosa,Cabello,rosa.cabello@gmail.com,AR,Granada,2025-11-03,True
828,Mar,Salazar,mar.salazar@yahoo.com,spain,Toledo,2023-03-01,True
829,Sigfrido,Borrell,sigfrido.borrell@gmail.com,AR,Castellón,2025-08-29,
830,Xiomara,Ramírez,xiomara.ramírez@hotmail.com,México,Valladolid,2024-11-17,False
831,Ascensión,Pereira,ascensión.pereira@gmail.com,Espana,Asturias,2024-10-08,True
832,María,Velázquez,maría.velázquez@yahoo.com,mexico,Vizcaya,2024-12-25,True
833,Renata,Zamora,renata.zamora@hotmail.com,Argentina,Cádiz,2025-12-30,
834,Guadalupe,Font,guadalupe.font@gmail.com,CL,Alicante,2024-09-23,False
835,Yago,Ayuso,yago.ayuso@yahoo.com,spain,Cuenca,2024-05-01,False
836,Rafa,Simó,rafa.simó@hotmail.com,mexico,Santa Cruz de Tenerife,2023-03-18,True
837,Águeda,Casals,,colombia,Ciudad,2025-09-15,True
838,Ramón,Torrijos,ramón.torrijos@hotmail.com,mexico,Cádiz,2025-12-08,False
839,Sabina,Sánchez,sabina.sánchez@hotmail.com,Mexico,Huelva,2023-09-29,True
840,Fernando,Jordán,fernando.jordán@hotmail.com,CO,Girona,2023-01-09,True
841,Amaro,Pomares,amaro.pomares@gmail.com,Chile,Ourense,2023-07-31,
842,Melisa,Gargallo,melisa.gargallo@gmail.com,Argentina,Soria,2024-03-05,True
843,Hilario,Leon,hilario.leon@hotmail.com,AR,Málaga,2023-08-29,True
844,Alex,Agullo,,Argentina,Segovia,2025-11-18,
845,Fulgencio,Aguirre,fulgencio.aguirre@gmail.com,argentina,Pontevedra,2024-08-03,True
846,Noa,Mayoral,noa.mayoral@hotmail.com,spain,Las Palmas,2025-06-27,True
847,Teresa,Peñas,teresa.peñas@yahoo.com,colombia,Córdoba,2023-06-26,True
848,Isaías,Soler,isaías.soler@yahoo.com,chile,Palencia,2025-07-02,False
849,Cristian,Aguilera,cristian.aguilera@hotmail.com,Argentina,Navarra,2025-12-28,False
850,Flor,Lumbreras,flor.lumbreras@yahoo.com,Chile,Lugo,2025-08-17,False
851,Bernardo,Navarrete,bernardo.navarrete@yahoo.com,CO,Cuenca,2024-06-12,False
852,Juan Carlos,Martín,juan carlos.martín@gmail.com,mexico,Melilla,2025-07-17,True
853,María Del Carmen,Hernandez,maría del carmen.hernandez@gmail.com,Colombia,Sevilla,2023-12-16,False
854,Miguel,Chaves,miguel.chaves@hotmail.com,chile,Segovia,2023-08-08,
855,Anastasia,Marqués,anastasia.marqués@yahoo.com,spain,La Coruña,2025-04-26,True
856,Román,Aranda,román.aranda@hotmail.com,Chile,Guipúzcoa,2024-11-28,
857,Lucila,Girón,lucila.girón@hotmail.com,CL,Sevilla,2024-12-01,True
858,Plinio,Vendrell,plinio.vendrell@yahoo.com,Mexico,Sevilla,2025-09-23,
859,Sarita,Escrivá,sarita.escrivá@yahoo.com,CO,Lugo,2023-12-27,False
860,Eduardo,Jordán,eduardo.jordán@hotmail.com,Espana,Soria,2025-02-15,
861,Trinidad,Narváez,trinidad.narváez@hotmail.com,Spain,Ceuta,2023-01-01,
862,Pedro,Godoy,pedro.godoy@hotmail.com,México,La Rioja,2025-07-04,
863,Modesta,Muñoz,modesta.muñoz@yahoo.com,AR,Palencia,2024-09-15,False
864,Macario,Silva,macario.silva@gmail.com,Argentina,Almería,2025-11-11,True
865,Roxana,Belda,roxana.belda@yahoo.com,Argentina,Málaga,,
866,Dimas,Pizarro,dimas.pizarro@hotmail.com,Argentina,La Rioja,2024-04-26,
867,Baltasar,Contreras,baltasar.contreras@gmail.com,colombia,Guipúzcoa,2025-02-20,True
868,Sebastián,Seco,sebastián.seco@gmail.com,México,Teruel,2025-01-07,True
869,Geraldo,Berrocal,  GERALDO.BERROCAL@YAHOO.COM  ,argentina,Santa Cruz de Tenerife,2023-02-02,False
870,Galo,Millán,galo.millán@hotmail.com,Colombia,Álava,2025-05-01,
871,Vito,Llanos,vito.llanos@gmail.com,CL,Ourense,2025-05-18,False
872,María Cristina,Cuadrado,maría cristina.cuadrado@yahoo.com,CO,Barcelona,2023-01-16,
873,Encarnacion,Roura,encarnacion.roura@hotmail.com,mexico,La Coruña,2025-01-21,True
874,Timoteo,Tejada,timoteo.tejada@yahoo.com,CL,Alicante,2025-09-13,True
875,Bibiana,Flores,bibiana.flores@hotmail.com,mexico,Álava,2023-07-01,
876,Tecla,Montserrat,tecla.montserrat@hotmail.com,Espana,Albacete,2023-04-19,
877,Inmaculada,Acosta,inmaculada.acosta@hotmail.com,ES,Ceuta,2024-11-09,False
878,Joaquina,Ocaña,,Argentina,Badajoz,2024-09-14,
879,Rodolfo,Vaquero,rodolfo.vaquero@hotmail.com,Argentina,Cáceres,2023-04-16,False
880,Berto,Arroyo,berto.arroyo@yahoo.com,Chile,Lleida,2025-11-01,False
881,Luisa,Viña,luisa.viña@hotmail.com,Argentina,Las Palmas,,True
882,Susanita,Cañete,susanita.cañete@yahoo.com,Chile,Huelva,2025-07-03,True
883,Maricela,Fabra,maricela.fabra@gmail.com,argentina,Albacete,2025-12-16,False
884,Javier,Gomez,javier.gomez@hotmail.com,SPAIN,Castellón,2025-10-12,False
885,Macarena,Almeida,macarena.almeida@hotmail.com,Colombia,Baleares,2023-12-09,
886,Quique,Arcos,quique.arcos@yahoo.com,Argentina,Vizcaya,2023-08-26,False
887,Bienvenida,Atienza,bienvenida.atienza@hotmail.com,CO,Sevilla,2025-12-26,
888,Cándido,Aller,cándido.aller@gmail.com,CO,La Rioja,,False
889,Vicente,Pinto,vicente.pinto@gmail.com,colombia,Lugo,2023-03-26,
890,Judith,Coronado,judith.coronado@gmail.com,AR,Granada,2024-07-12,False
891,Sosimo,Cabrero,sosimo.cabrero@hotmail.com,spain,Salamanca,2024-05-10,
892,Eloísa,Cerro,eloísa.cerro@yahoo.com,mexico,Málaga,2024-10-03,
893,Loida,Carranza,,Spain,Zamora,2023-07-20,
894,Curro,Valenciano,curro.valenciano@gmail.com,CO,Vizcaya,2024-01-31,
895,Juan José,Zabala,juan josé.zabala@gmail.com,Spain,Teruel,2024-03-20,
896,Sebastián,Marquez,sebastián.marquez@gmail.com,Spain,Navarra,2025-02-08,
897,Anabel,Galiano,anabel.galiano@hotmail.com,Chile,Guipúzcoa,2024-06-02,
898,Joel,Acedo,joel.acedo@gmail.com,ES,Baleares,2025-05-24,
899,Petrona,Uribe,petrona.uribe@gmail.com,AR,Vizcaya,2023-05-08,False
900,Ariadna,Benavides,ariadna.benavides@hotmail.com,spain,Córdoba,2025-06-21,True
901,Fidela,Guardia,fidela.guardia@yahoo.com,CL,Córdoba,2023-10-22,False
902,Abril,Ayllón,abril.ayllón@gmail.com,Mexico,Alicante,2023-07-31,True
903,Reyes,Manso,reyes.manso@yahoo.com,chile,Las Palmas,2025-10-16,
904,Mamen,Carmona,mamen.carmona@gmail.com,Spain,Álava,2024-11-06,
905,Reyes,Chacón,reyes.chacón@hotmail.com,Espana,Guipúzcoa,2025-09-06,
906,Pepito,Río,pepito.río@hotmail.com,Espana,Toledo,2025-09-14,
907,Ciro,Peralta,ciro.peralta@yahoo.com,AR,Baleares,2023-07-05,False
908,Salvador,Páez,salvador.páez@yahoo.com,ES,Jaén,2024-02-20,True
909,Jenny,Tejera,jenny.tejera@yahoo.com,colombia,Baleares,2023-08-07,False
910,Eligio,Barral,eligio.barral@gmail.com,Colombia,La Rioja,2024-01-24,True
911,Viviana,Tolosa,viviana.tolosa@hotmail.com,Espana,Cádiz,2024-09-22,False
912,Emiliana,Pino,emiliana.pino@yahoo.com,Spain,Soria,2023-03-29,True
913,Silvia,Castrillo,silvia.castrillo@yahoo.com,CL,Baleares,2023-11-02,True
914,Susana,Reina,susana.reina@yahoo.com,Spain,Asturias,2023-02-09,
915,Juan Carlos,Miralles,juan carlos.miralles@gmail.com,SPAIN,Sevilla,2023-12-19,False
916,Samanta,Neira,samanta.neira@hotmail.com,ES,Las Palmas,2023-05-11,True
917,Gisela,Ibarra,gisela.ibarra@yahoo.com,ES,Sevilla,2023-05-10,False
918,Inmaculada,Plaza,inmaculada.plaza@gmail.com,argentina,Álava,2023-10-09,True
919,Fernanda,Crespo,fernanda.crespo@hotmail.com,Espana,Madrid,2024-07-14,False
920,Ruth,Dalmau,ruth.dalmau@gmail.com,mexico,Guadalajara,2023-03-25,
921,Jose Angel,Muro,  JOSE ANGEL.MURO@YAHOO.COM  ,CL,Málaga,2025-09-24,True
922,Jacinto,Pinedo,jacinto.pinedo@yahoo.com,Mexico,Ávila,2024-08-04,False
923,Ángel,Saldaña,ángel.saldaña@hotmail.com,MX,Ávila,2025-07-11,True
924,Rocío,Valentín,,chile,Baleares,2024-01-04,
925,Anastasia,Alemán,  ANASTASIA.ALEMÁN@GMAIL.COM  ,spain,La Rioja,2024-04-27,
926,Andrés Felipe,Abad,andrés felipe.abad@gmail.com,Espana,Málaga,2025-11-05,
927,Chita,Gabaldón,chita.gabaldón@hotmail.com,mexico,Guipúzcoa,2023-11-02,False
928,Prudencio,Ballester,prudencio.ballester@gmail.com,Colombia,Guipúzcoa,2023-04-21,False
929,Charo,Suárez,charo.suárez@hotmail.com,México,Teruel,2025-07-17,
930,Víctor,Carbonell,víctor.carbonell@gmail.com,Espana,Álava,2025-09-20,True
931,Néstor,Padilla,néstor.padilla@hotmail.com,México,Navarra,2024-02-12,False
932,Azahara,Pereira,azahara.pereira@hotmail.com,Mexico,Alicante,2025-04-24,False
933,Teófila,Córdoba,teófila.córdoba@yahoo.com,Mexico,Teruel,2025-06-11,
934,Manuelita,Recio,manuelita.recio@gmail.com,Colombia,Salamanca,2024-02-02,False
935,Gustavo,Expósito,gustavo.expósito@gmail.com,mexico,Castellón,2023-05-03,True
936,Zacarías,Farré,zacarías.farré@hotmail.com,CO,Badajoz,2024-03-26,
937,Marita,Ribas,marita.ribas@gmail.com,MX,Vizcaya,2024-04-15,
938,Tecla,Sanjuan,tecla.sanjuan@yahoo.com,Colombia,Madrid,,False
939,Adalberto,Atienza,adalberto.atienza@hotmail.com,MX,Palencia,2023-11-02,True
940,Almudena,Verdugo,almudena.verdugo@gmail.com,Colombia,Toledo,2025-10-29,
941,Ofelia,Castellanos,ofelia.castellanos@gmail.com,CO,Sevilla,2023-07-20,True
942,Eli,Montserrat,eli.montserrat@hotmail.com,Espana,La Rioja,2025-04-12,True
943,Emelina,Hurtado,emelina.hurtado@yahoo.com,AR,Guipúzcoa,2023-02-02,False
944,Macario,Santamaría,macario.santamaría@gmail.com,México,La Rioja,2023-02-19,False
945,Eligia,Vila,eligia.vila@yahoo.com,México,Teruel,2025-08-08,True
946,Maite,Gelabert,maite.gelabert@gmail.com,ES,Salamanca,2023-03-08,False
947,Lidia,Manso,lidia.manso@hotmail.com,chile,Soria,2023-06-15,False
948,Eligio,Enríquez,eligio.enríquez@hotmail.com,Espana,Teruel,2023-04-16,False
949,David,Ortuño,david.ortuño@hotmail.com,colombia,Palencia,2023-05-18,True
950,Concepción,Rincón,concepción.rincón@hotmail.com,mexico,Las Palmas,2025-09-06,
951,Nuria,Alberto,nuria.alberto@hotmail.com,MX,Albacete,2025-10-28,False
952,Rico,Codina,rico.codina@gmail.com,Spain,Cantabria,2025-10-23,True
953,Juanito,Cuevas,juanito.cuevas@yahoo.com,colombia,Burgos,2024-08-21,False
954,Primitiva,Barrios,primitiva.barrios@hotmail.com,SPAIN,Castellón,2023-06-14,True
955,Marisa,Antúnez,marisa.antúnez@yahoo.com,Argentina,Badajoz,2023-10-31,True
956,Encarnación,Gomez,,chile,Ciudad,2025-05-03,
957,Ariadna,Maestre,ariadna.maestre@hotmail.com,México,Jaén,2023-02-13,True
958,Roldán,Riera,roldán.riera@hotmail.com,SPAIN,Navarra,2024-11-18,False
959,Baltasar,Alberto,baltasar.alberto@hotmail.com,AR,Cantabria,2025-06-30,
960,Estela,Salazar,estela.salazar@gmail.com,mexico,Valladolid,2025-09-18,False
961,Dionisia,Ferrándiz,dionisia.ferrándiz@hotmail.com,SPAIN,Girona,2023-12-07,True
962,Vidal,Elías,vidal.elías@hotmail.com,CL,Cádiz,2023-11-11,True
963,Fulgencio,Vilaplana,fulgencio.vilaplana@gmail.com,spain,Alicante,2025-01-27,
964,Tiburcio,Lorenzo,tiburcio.lorenzo@hotmail.com,spain,Barcelona,2025-07-07,True
965,Felipe,Jara,  FELIPE.JARA@GMAIL.COM  ,CL,Lleida,2025-10-19,False
966,Leire,Cortina,,Argentina,Guadalajara,2025-11-05,
967,Edelmira,Azcona,edelmira.azcona@hotmail.com,AR,Madrid,2023-10-29,
968,Montserrat,Palma,montserrat.palma@gmail.com,CO,Melilla,2023-03-24,
969,Isidro,Espejo,,spain,Zamora,2024-03-27,True
970,Anselma,Cuervo,anselma.cuervo@yahoo.com,Argentina,Ávila,2025-12-14,False
971,Paco,Giralt,paco.giralt@gmail.com,Mexico,Guipúzcoa,2023-06-28,False
972,Poncio,Marin,poncio.marin@gmail.com,México,Navarra,2023-04-25,False
973,Palmira,Agullo,palmira.agullo@gmail.com,Colombia,León,2025-03-01,False
974,Jose Angel,Hervás,jose angel.hervás@gmail.com,AR,Jaén,2023-06-29,False
975,Yolanda,Carballo,yolanda.carballo@yahoo.com,CO,Murcia,2025-05-18,False
976,Lourdes,Luna,lourdes.luna@gmail.com,Mexico,Málaga,2025-12-11,True
977,Nieves,Verdugo,nieves.verdugo@yahoo.com,CL,Alicante,2024-07-13,
978,Manu,Fernández,manu.fernández@yahoo.com,colombia,Badajoz,2024-02-13,False
979,Florencio,Aguilera,florencio.aguilera@hotmail.com,argentina,Castellón,2024-09-10,False
980,Herminia,Garcés,herminia.garcés@hotmail.com,colombia,Badajoz,2023-01-06,False
981,Hernán,Rozas,hernán.rozas@hotmail.com,Colombia,Valencia,2025-05-04,
982,Itziar,Corral,itziar.corral@gmail.com,Mexico,Teruel,2023-05-17,False
983,Natanael,Arellano,natanael.arellano@gmail.com,CL,Almería,2025-09-01,True
984,Gaspar,Infante,  GASPAR.INFANTE@HOTMAIL.COM  ,argentina,Ourense,2024-06-15,True
985,Paca,Goñi,paca.goñi@yahoo.com,mexico,Jaén,2025-01-01,False
986,Virgilio,Quiroga,virgilio.quiroga@yahoo.com,AR,Albacete,2023-04-10,
987,Roque,Carrasco,roque.carrasco@hotmail.com,Espana,Segovia,2023-07-13,True
988,Lola,Barroso,lola.barroso@hotmail.com,CL,Tarragona,2024-09-08,
989,Regina,Belmonte,regina.belmonte@yahoo.com,Argentina,Girona,,
990,Miriam,Mata,miriam.mata@hotmail.com,AR,Girona,2023-11-30,True
991,María Del Carmen,Río,maría del carmen.río@yahoo.com,Chile,Sevilla,2025-12-12,
992,Américo,Sáez,américo.sáez@gmail.com,chile,Barcelona,2025-08-01,True
993,Margarita,Portillo,margarita.portillo@hotmail.com,Mexico,Santa Cruz de Tenerife,2025-01-12,False
994,Ernesto,Martí,ernesto.martí@hotmail.com,chile,Álava,2024-09-15,True
995,Carolina,Cid,carolina.cid@gmail.com,MX,Álava,2024-04-09,True
996,Constanza,Prado,constanza.prado@hotmail.com,Mexico,Granada,2023-08-17,False
997,Humberto,Núñez,humberto.núñez@gmail.com,Colombia,Segovia,2025-11-17,False
998,Renata,Vila,renata.vila@gmail.com,spain,Cádiz,2023-01-22,True
999,Ismael,Iriarte,ismael.iriarte@gmail.com,Chile,Cádiz,2024-12-20,True
1000,Hilda,Ballester,hilda.ballester@hotmail.com,argentina,Segovia,2025-10-22,
1001,Carmela,Beltran,carmela.beltran@yahoo.com,Mexico,Córdoba,2023-01-29,
1002,Clímaco,Figueroa,clímaco.figueroa@hotmail.com,mexico,Guipúzcoa,2023-01-09,True
1003,Pepe,Castellanos,pepe.castellanos@hotmail.com,México,Badajoz,2025-06-19,True
1004,Lucas,Baños,lucas.baños@gmail.com,mexico,Madrid,2025-11-19,True
1005,Virgilio,Moya,virgilio.moya@hotmail.com,Argentina,Tarragona,2025-10-12,
1006,Daniela,Corominas,daniela.corominas@hotmail.com,argentina,Zaragoza,2025-10-08,False
1007,Maximiano,Romero,maximiano.romero@gmail.com,colombia,Guadalajara,2025-06-28,False
1008,Jose Manuel,Giralt,jose manuel.giralt@hotmail.com,AR,Cuenca,2025-09-01,False
1009,Priscila,Palomares,priscila.palomares@gmail.com,Mexico,Lugo,2023-08-04,
1010,Óscar,Salinas,óscar.salinas@yahoo.com,Spain,Madrid,2023-07-28,True
1011,Carmen,Camps,carmen.camps@gmail.com,spain,Cuenca,2025-04-07,False
1012,Rosa María,Chaves,rosa maría.chaves@hotmail.com,CO,Córdoba,2024-07-13,
1013,Macarena,Benito,macarena.benito@hotmail.com,CO,Albacete,2025-04-08,
1014,Reina,Vendrell,reina.vendrell@hotmail.com,Argentina,Palencia,2024-05-28,True
1015,Cristina,Quirós,cristina.quirós@hotmail.com,Mexico,Alicante,2023-05-20,True
1016,Carmen,Juliá,carmen.juliá@hotmail.com,México,Segovia,2024-09-12,True
1017,Matilde,Comas,matilde.comas@yahoo.com,Espana,Ceuta,2024-02-18,False
1018,Tatiana,Manso,tatiana.manso@gmail.com,colombia,Málaga,2023-02-06,True
1019,Arcelia,Botella,arcelia.botella@yahoo.com,Colombia,Málaga,2025-02-09,True
1020,Agustín,Haro,agustín.haro@hotmail.com,SPAIN,Valladolid,2024-09-12,True
1021,Aroa,Checa,aroa.checa@yahoo.com,CO,Cádiz,2025-09-25,
1022,Clarisa,Coll,clarisa.coll@hotmail.com,colombia,Huelva,2025-08-20,True
1023,Apolinar,Gilabert,apolinar.gilabert@yahoo.com,Chile,Asturias,2025-02-12,False
1024,Juan Luis,Peiró,juan luis.peiró@gmail.com,AR,Sevilla,2023-09-20,False
1025,Hilario,Villaverde,hilario.villaverde@yahoo.com,Chile,Lugo,2025-02-18,False
1026,Yéssica,Sanz,yéssica.sanz@gmail.com,AR,Segovia,2024-05-22,False
1027,Moisés,Calderón,moisés.calderón@hotmail.com,Chile,Valencia,2024-09-16,True
1028,Juan José,Dávila,juan josé.dávila@yahoo.com,Espana,Huesca,2025-05-15,False
1029,Diana,Bermejo,diana.bermejo@hotmail.com,Argentina,Jaén,2024-10-10,False
1030,Vilma,Gisbert,vilma.gisbert@hotmail.com,argentina,Huelva,2024-02-26,
1031,Olga,Ochoa,olga.ochoa@yahoo.com,Argentina,Pontevedra,2025-06-11,
1032,Adolfo,Valls,adolfo.valls@gmail.com,Espana,Cáceres,2024-08-31,False
1033,Jeremías,Benítez,jeremías.benítez@hotmail.com,Mexico,Castellón,2024-11-20,
1034,Eutimio,Estévez,eutimio.estévez@gmail.com,CL,Pontevedra,2023-06-07,False
1035,Liliana,Carrasco,liliana.carrasco@hotmail.com,CL,La Rioja,2024-02-14,False
1036,Obdulia,Murillo,obdulia.murillo@hotmail.com,chile,Lugo,2024-01-05,
1037,Imelda,Tejero,imelda.tejero@yahoo.com,Chile,Palencia,2025-08-15,
1038,Felix,Reig,felix.reig@gmail.com,chile,Alicante,2023-05-03,False
1039,Edu,Cuevas,edu.cuevas@gmail.com,Colombia,Ourense,2024-09-06,False
1040,Eugenio,Barba,eugenio.barba@gmail.com,Argentina,Cádiz,2024-06-30,
1041,Asunción,Ramirez,asunción.ramirez@hotmail.com,mexico,Toledo,2024-05-03,True
1042,Luisa,Luque,luisa.luque@gmail.com,SPAIN,León,2025-09-21,False
1043,Elvira,Soto,elvira.soto@yahoo.com,colombia,Ceuta,2024-07-12,False
1044,Paulina,Reig,paulina.reig@hotmail.com,argentina,Zamora,2023-03-28,False
1045,Dafne,Espada,dafne.espada@hotmail.com,Spain,Cáceres,2024-09-02,False
1046,Lourdes,Noriega,lourdes.noriega@yahoo.com,argentina,Ceuta,2023-10-15,
1047,Reyes,Pol,reyes.pol@gmail.com,Chile,Albacete,2025-12-11,True
1048,Hermenegildo,Yáñez,hermenegildo.yáñez@hotmail.com,Mexico,Burgos,2025-03-09,
1049,Eloísa,Bárcena,eloísa.bárcena@gmail.com,México,Salamanca,2024-03-14,False
1050,Eli,Arias,eli.arias@hotmail.com,CO,Ávila,2025-12-28,True
1051,Alma,Castillo,alma.castillo@hotmail.com,argentina,Vizcaya,2024-07-22,True
1052,Irene,Rosado,irene.rosado@hotmail.com,AR,Huesca,2023-02-13,
1053,Sandra,Aroca,sandra.aroca@hotmail.com,Spain,Ceuta,2024-05-05,False
1054,Nidia,Toledo,nidia.toledo@yahoo.com,argentina,Palencia,2023-09-07,True
1055,Nilda,Cabañas,,CO,Córdoba,2025-03-15,False
1056,Albina,Guerrero,albina.guerrero@gmail.com,Argentina,Pontevedra,2024-09-01,True
1057,Sarita,Real,sarita.real@yahoo.com,colombia,Álava,2025-04-12,False
1058,Leire,Aguilar,leire.aguilar@hotmail.com,ES,Melilla,2024-11-12,True
1059,Adrián,Perez,adrián.perez@hotmail.com,mexico,Tarragona,2024-10-31,True
1060,Nilda,Moles,nilda.moles@yahoo.com,SPAIN,Badajoz,,True
1061,Fabián,Rojas,fabián.rojas@hotmail.com,AR,Córdoba,2024-05-26,
1062,Rita,Roda,rita.roda@hotmail.com,México,Salamanca,2025-09-06,True
1063,Leoncio,Puerta,leoncio.puerta@gmail.com,Argentina,Navarra,2024-07-31,False
1064,Miguela,Tolosa,miguela.tolosa@gmail.com,Argentina,Navarra,2024-04-04,True
1065,Catalina,Tomás,catalina.tomás@yahoo.com,chile,Ourense,2023-07-02,True
1066,Omar,Puig,omar.puig@hotmail.com,argentina,Sevilla,2025-05-28,True
1067,Diego,Gras,diego.gras@yahoo.com,spain,Badajoz,2023-01-29,False
1068,Iker,Verdugo,iker.verdugo@yahoo.com,colombia,Zaragoza,2024-02-21,False
1069,Carmelita,Azorin,carmelita.azorin@gmail.com,argentina,Santa Cruz de Tenerife,2024-02-28,False
1070,Adelardo,Bou,adelardo.bou@gmail.com,México,Pontevedra,2023-02-28,False
1071,Trinidad,Borja,trinidad.borja@gmail.com,México,Ceuta,2025-07-27,False
1072,Raimundo,Bernal,raimundo.bernal@hotmail.com,mexico,Toledo,2024-03-10,
1073,Rodrigo,Pérez,rodrigo.pérez@hotmail.com,colombia,Teruel,2023-05-01,True
1074,Edelmira,Barceló,edelmira.barceló@gmail.com,CO,León,,
1075,Agustín,Franch,agustín.franch@hotmail.com,CL,Cantabria,2025-01-29,
1076,Anastasio,Vicens,anastasio.vicens@hotmail.com,Espana,Salamanca,2025-10-06,False
1077,Fortunato,Araujo,fortunato.araujo@yahoo.com,Mexico,Segovia,2023-10-18,False
1078,Aarón,Criado,aarón.criado@gmail.com,SPAIN,Vizcaya,2024-07-29,False
1079,Salomón,Osuna,salomón.osuna@hotmail.com,AR,La Coruña,2024-06-24,False
1080,Delia,Fonseca,delia.fonseca@hotmail.com,mexico,Valencia,2023-11-06,
1081,Juliana,Bayona,juliana.bayona@gmail.com,Colombia,Toledo,2024-01-11,False
1082,Paula,Oliveras,paula.oliveras@yahoo.com,México,Ceuta,2025-10-10,False
1083,Eloísa,Ferreras,eloísa.ferreras@yahoo.com,CL,Ourense,2023-10-31,True
1084,Adalberto,Julián,adalberto.julián@gmail.com,mexico,Málaga,2025-11-07,
1085,Custodio,Belmonte,custodio.belmonte@hotmail.com,Chile,Guipúzcoa,2025-12-13,True
1086,Demetrio,Vilanova,demetrio.vilanova@yahoo.com,Colombia,Tarragona,2023-07-13,True
1087,Venceslás,Pi,venceslás.pi@hotmail.com,argentina,Vizcaya,2025-02-04,True
1088,Jose Francisco,Nicolás,,Argentina,Palencia,2025-07-31,
1089,Rosalva,Amorós,rosalva.amorós@yahoo.com,CO,Córdoba,2023-01-12,True
1090,Borja,Piñeiro,borja.piñeiro@hotmail.com,CL,Soria,2023-09-22,True
1091,Judith,Gras,judith.gras@yahoo.com,AR,Huelva,2025-02-20,False
1092,Ascensión,Agustí,ascensión.agustí@hotmail.com,MX,Ciudad,2023-07-02,True
1093,Lucio,Buendía,lucio.buendía@yahoo.com,México,Asturias,2023-11-12,False
1094,Casandra,Escalona,casandra.escalona@yahoo.com,colombia,Huelva,2023-09-26,True
1095,Isaías,Leon,isaías.leon@gmail.com,argentina,Madrid,2025-03-05,
1096,Maite,Flores,maite.flores@gmail.com,CL,Córdoba,2025-01-24,False
1097,Hilario,Grande,hilario.grande@gmail.com,Colombia,Salamanca,2025-08-07,
1098,Pelayo,Costa,pelayo.costa@gmail.com,México,Ávila,2023-06-21,False
1099,Inmaculada,Ugarte,inmaculada.ugarte@hotmail.com,ES,Valladolid,2024-09-07,
1100,Rocío,Arnal,rocío.arnal@yahoo.com,CO,Salamanca,2023-04-03,
1101,Maxi,Ugarte,maxi.ugarte@hotmail.com,CO,Madrid,2024-06-02,
1102,Gervasio,Vicente,,Espana,Ceuta,2025-08-05,True
1103,Maricela,Castellanos,maricela.castellanos@gmail.com,Colombia,Lugo,2024-09-01,
1104,Calixta,Antúnez,calixta.antúnez@hotmail.com,colombia,La Coruña,2024-11-30,True
1105,Rosalinda,Díaz,rosalinda.díaz@yahoo.com,MX,Tarragona,2024-06-15,True
1106,Aura,Seguí,,colombia,Álava,2025-03-19,True
1107,Ileana,Galvez,ileana.galvez@yahoo.com,CO,Guadalajara,2025-09-23,
1108,Porfirio,Jover,porfirio.jover@gmail.com,argentina,Ciudad,2025-03-19,True
1109,Julio César,Soto,,MX,Huesca,2023-08-18,
1110,Gerónimo,Valenzuela,gerónimo.valenzuela@yahoo.com,Mexico,La Rioja,2024-05-10,
1111,Juanita,Perales,juanita.perales@yahoo.com,Chile,Cuenca,2023-10-31,True
1112,Virgilio,Escolano,virgilio.escolano@hotmail.com,SPAIN,Ourense,2025-06-30,False
1113,Itziar,Granados,itziar.granados@gmail.com,ES,Zaragoza,2025-03-13,True
1114,Jonatan,Rosell,jonatan.rosell@yahoo.com,ES,Burgos,2024-08-18,False
1115,Nereida,Conde,nereida.conde@yahoo.com,colombia,Cádiz,2025-09-26,True
1116,Tadeo,Valero,tadeo.valero@gmail.com,Chile,Zamora,2023-05-11,
1117,Amanda,Marín,amanda.marín@yahoo.com,CO,La Coruña,2024-12-11,False
1118,Conrado,Cárdenas,conrado.cárdenas@gmail.com,SPAIN,Córdoba,2024-12-05,
1119,Alba,Bárcena,alba.bárcena@yahoo.com,mexico,Córdoba,2025-08-17,False
1120,Poncio,Palomino,poncio.palomino@hotmail.com,CO,Huelva,2025-01-07,True
1121,Alex,Requena,alex.requena@gmail.com,Chile,Soria,2025-09-15,True
1122,Eloísa,Flor,eloísa.flor@hotmail.com,México,Vizcaya,2025-10-08,True
1123,Lucas,Padilla,lucas.padilla@yahoo.com,Chile,Vizcaya,2024-06-18,True
1124,Maite,Salvador,maite.salvador@gmail.com,Mexico,Salamanca,2023-08-22,True
1125,Luciano,Silva,luciano.silva@hotmail.com,Chile,Cáceres,2024-12-28,
1126,Felicidad,Navas,felicidad.navas@yahoo.com,Argentina,Asturias,2023-08-02,False
1127,Cebrián,Cáceres,cebrián.cáceres@yahoo.com,Colombia,Guadalajara,2023-07-28,True
1128,Maximiliano,Manuel,maximiliano.manuel@hotmail.com,Chile,Pontevedra,2024-02-25,True
1129,Filomena,Prats,filomena.prats@yahoo.com,argentina,Vizcaya,2023-07-23,False
1130,Rosalía,Parejo,rosalía.parejo@hotmail.com,Argentina,La Rioja,2025-05-01,True
1131,Florencio,Espejo,florencio.espejo@gmail.com,México,Toledo,2023-06-24,
1132,Joel,Infante,joel.infante@hotmail.com,CO,Castellón,2025-12-20,True
1133,Flavio,Puerta,flavio.puerta@gmail.com,México,Asturias,2025-07-28,
1134,Selena,Sáenz,selena.sáenz@hotmail.com,Argentina,Albacete,2025-11-25,True
1135,María Manuela,Puerta,maría manuela.puerta@hotmail.com,AR,Badajoz,2025-06-07,True
1136,Juan Francisco,Cortés,juan francisco.cortés@gmail.com,Mexico,Granada,2025-11-30,False
1137,Jenaro,Huertas,jenaro.huertas@hotmail.com,colombia,León,2024-10-04,True
1138,Eugenia,Cases,eugenia.cases@gmail.com,argentina,Albacete,2025-04-07,True
1139,Andrés,Palacios,andrés.palacios@yahoo.com,chile,Lleida,2024-12-08,
1140,Sabina,Lladó,sabina.lladó@hotmail.com,Colombia,Barcelona,2024-11-16,
1141,José,Elorza,josé.elorza@hotmail.com,mexico,Santa Cruz de Tenerife,2024-10-01,
1142,Marianela,Royo,,Mexico,Huelva,2024-06-13,False
1143,Alma,Gordillo,alma.gordillo@gmail.com,colombia,Granada,2025-02-02,
1144,Pío,Revilla,pío.revilla@yahoo.com,Argentina,Granada,2023-09-13,
1145,Agustín,Abad,agustín.abad@hotmail.com,ES,Huelva,2025-12-28,True
1146,Luciano,Somoza,luciano.somoza@hotmail.com,AR,Tarragona,2023-10-14,
1147,Ágata,Téllez,ágata.téllez@yahoo.com,Mexico,Álava,2025-01-09,True
1148,María Dolores,Ros,maría dolores.ros@yahoo.com,CO,Zamora,2023-09-24,False
1149,Adrián,Pereira,adrián.pereira@gmail.com,spain,Navarra,2025-11-28,False
1150,Ulises,Prat,ulises.prat@gmail.com,CL,Teruel,2025-09-29,False
1151,Maite,Porta,maite.porta@yahoo.com,MX,Córdoba,2025-07-26,
1152,Cebrián,Roca,cebrián.roca@hotmail.com,chile,Melilla,2025-08-27,True
1153,María Cristina,Llabrés,maría cristina.llabrés@yahoo.com,CL,La Rioja,2025-04-16,False
1154,Godofredo,Bayona,godofredo.bayona@gmail.com,CL,Girona,2025-01-30,False
1155,Dan,Sarabia,dan.sarabia@hotmail.com,AR,Cuenca,2023-10-19,False
1156,Juanita,Téllez,juanita.téllez@gmail.com,spain,Albacete,,
1157,Evaristo,Ayala,evaristo.ayala@hotmail.com,Argentina,Cádiz,2024-09-26,False
1158,Cristian,Luján,cristian.luján@yahoo.com,CO,Teruel,2023-09-29,
1159,Urbano,Aguiló,urbano.aguiló@gmail.com,CO,Burgos,2024-10-28,
1160,Albino,Uriarte,albino.uriarte@gmail.com,CL,La Rioja,2024-11-25,
1161,Mateo,Valentín,mateo.valentín@yahoo.com,colombia,Tarragona,2023-12-06,
1162,Máxima,Angulo,máxima.angulo@yahoo.com,argentina,Valladolid,2023-06-24,
1163,Esteban,Barba,esteban.barba@yahoo.com,chile,Asturias,2025-12-04,False
1164,Candelaria,Soriano,candelaria.soriano@gmail.com,Chile,Córdoba,2024-01-04,False
1165,Olga,Pizarro,olga.pizarro@gmail.com,MX,Vizcaya,2025-06-28,
1166,Lidia,Ibarra,lidia.ibarra@yahoo.com,CL,Ciudad,2023-02-17,True
1167,Malena,Aragonés,malena.aragonés@gmail.com,Colombia,Valencia,2024-06-10,True
1168,María Manuela,Burgos,maría manuela.burgos@hotmail.com,Chile,Lugo,2023-07-03,False
1169,Roque,Miguel,roque.miguel@yahoo.com,Mexico,Santa Cruz de Tenerife,2023-02-25,False
1170,Luisa,Arnal,luisa.arnal@hotmail.com,Colombia,Córdoba,2024-10-25,True
1171,Alicia,Martín,alicia.martín@gmail.com,SPAIN,Almería,2024-04-29,
1172,Rosario,Gibert,rosario.gibert@gmail.com,Colombia,Santa Cruz de Tenerife,2025-04-13,True
1173,Toño,Morata,toño.morata@gmail.com,colombia,Zamora,2024-07-05,
1174,Leoncio,Carretero,leoncio.carretero@yahoo.com,SPAIN,Álava,2023-09-15,False
1175,Aristides,Talavera,aristides.talavera@hotmail.com,Colombia,Huesca,2023-10-19,True
1176,María Manuela,Borrás,maría manuela.borrás@gmail.com,México,Madrid,,False
1177,Ciriaco,Nevado,ciriaco.nevado@hotmail.com,CL,Almería,2023-05-04,False
1178,Pelayo,Correa,pelayo.correa@hotmail.com,argentina,Barcelona,2024-12-20,True
1179,Amarilis,Guerrero,amarilis.guerrero@yahoo.com,chile,Zaragoza,2025-12-29,False
1180,Tecla,Ródenas,tecla.ródenas@hotmail.com,ES,Albacete,2024-07-26,True
1181,Jennifer,Pina,jennifer.pina@yahoo.com,chile,Córdoba,2024-12-02,
1182,Trini,Ariza,trini.ariza@yahoo.com,CO,Navarra,2024-11-30,
1183,Macario,Trillo,macario.trillo@gmail.com,Argentina,Murcia,2023-01-05,True
1184,Pablo,Morales,pablo.morales@hotmail.com,SPAIN,Cuenca,2025-09-28,
1185,Rufina,Cueto,rufina.cueto@gmail.com,Spain,León,2025-06-30,False
1186,Manolo,Lago,manolo.lago@hotmail.com,colombia,Lleida,2023-01-18,False
1187,Aarón,Velasco,,México,Albacete,2023-02-10,
1188,Estefanía,Pascual,estefanía.pascual@hotmail.com,Argentina,Guadalajara,2024-09-12,True
1189,Lorena,Barroso,lorena.barroso@hotmail.com,México,Cantabria,2025-10-06,
1190,Azucena,Valencia,,Chile,Salamanca,2025-03-22,False
1191,Lorenzo,Mora,lorenzo.mora@yahoo.com,chile,Baleares,2023-12-26,True
1192,Clemente,Zabala,clemente.zabala@hotmail.com,SPAIN,Alicante,2024-04-11,
1193,Petrona,Castilla,  PETRONA.CASTILLA@GMAIL.COM  ,Argentina,Cantabria,2025-12-27,
1194,Custodio,Torralba,,CL,Alicante,2025-05-24,
1195,Concepción,Pont,concepción.pont@hotmail.com,spain,Melilla,2024-07-15,
1196,Estrella,Jaén,estrella.jaén@gmail.com,CO,Ceuta,2024-04-04,False
1197,Eloísa,Belda,eloísa.belda@gmail.com,CL,Segovia,2024-11-16,
1198,Amparo,Bernal,amparo.bernal@yahoo.com,SPAIN,Huesca,2023-06-02,True
1199,Celestina,Ricart,celestina.ricart@yahoo.com,mexico,Salamanca,2023-07-18,False
1200,Juan Pablo,Ángel,juan pablo.ángel@gmail.com,Espana,Granada,2024-05-27,False
1201,Casemiro,Garzón,casemiro.garzón@hotmail.com,mexico,Badajoz,2025-11-30,True
1202,Luciana,Guardia,luciana.guardia@hotmail.com,chile,Cantabria,2025-07-03,True
1203,Guadalupe,Zorrilla,guadalupe.zorrilla@hotmail.com,Spain,Ourense,2023-05-14,True
1204,Eufemia,Escamilla,eufemia.escamilla@hotmail.com,Colombia,Valencia,2023-05-15,True
1205,Curro,Palma,curro.palma@hotmail.com,Chile,Tarragona,2023-07-16,False
1206,Graciela,Roldán,graciela.roldán@gmail.com,Mexico,Zamora,2025-05-26,
1207,Geraldo,Querol,geraldo.querol@hotmail.com,spain,Sevilla,2023-02-23,False
1208,Fausto,Salazar,  FAUSTO.SALAZAR@YAHOO.COM  ,Chile,Navarra,2023-05-19,True
1209,Moreno,Peral,moreno.peral@yahoo.com,Chile,Toledo,2025-05-12,
1210,Moisés,Hernandez,moisés.hernandez@hotmail.com,Colombia,Jaén,2023-05-04,
1211,María Dolores,Izquierdo,maría dolores.izquierdo@yahoo.com,colombia,León,2024-09-29,
1212,Régulo,Abad,régulo.abad@hotmail.com,MX,Girona,2024-08-19,True
1213,Débora,Alegre,débora.alegre@hotmail.com,chile,Granada,2024-05-01,
1214,Adolfo,Mas,adolfo.mas@gmail.com,ES,Guadalajara,2024-02-17,False
1215,Alfredo,Llorente,alfredo.llorente@hotmail.com,México,Badajoz,2024-11-09,
1216,Anselmo,Seguí,anselmo.seguí@yahoo.com,argentina,Barcelona,2023-08-03,True
1217,Juan Manuel,Pedraza,juan manuel.pedraza@hotmail.com,Colombia,Ceuta,2024-04-16,True
1218,José María,Mas,josé maría.mas@gmail.com,México,Ourense,2024-11-09,False
1219,Yéssica,Gelabert,yéssica.gelabert@hotmail.com,México,Toledo,,False
1220,Moreno,Tolosa,moreno.tolosa@gmail.com,Espana,Tarragona,2024-02-03,False
1221,Julia,Bustos,julia.bustos@hotmail.com,Spain,Alicante,2024-03-24,
1222,Lupe,Pizarro,lupe.pizarro@gmail.com,mexico,Vizcaya,2024-02-06,False
1223,Nicanor,Oliveras,nicanor.oliveras@yahoo.com,Spain,Baleares,2023-08-16,True
1224,Ruth,González,ruth.gonzález@hotmail.com,AR,Santa Cruz de Tenerife,2023-12-17,
1225,Mayte,Piñeiro,mayte.piñeiro@gmail.com,colombia,Melilla,2023-09-25,True
1226,Ariel,Montaña,ariel.montaña@hotmail.com,CL,Guadalajara,2025-05-29,True
1227,Ani,Giner,ani.giner@gmail.com,Espana,Soria,2024-08-25,False
1228,Lupita,Pozo,lupita.pozo@yahoo.com,Mexico,Ceuta,2023-09-16,
1229,Toni,Manjón,toni.manjón@yahoo.com,Colombia,Barcelona,2023-05-13,False
1230,Nicodemo,Blanch,nicodemo.blanch@yahoo.com,CL,Navarra,2024-10-21,
1231,Sabas,Jáuregui,sabas.jáuregui@gmail.com,colombia,Málaga,2025-04-01,
1232,Toño,Castrillo,toño.castrillo@gmail.com,SPAIN,Navarra,2024-04-25,False
1233,Hector,Torrents,hector.torrents@yahoo.com,CO,Navarra,2025-02-05,True
1234,Encarnación,Zamora,encarnación.zamora@gmail.com,Mexico,Asturias,2024-04-16,False
1235,Juan Pablo,Ropero,juan pablo.ropero@yahoo.com,chile,Baleares,2025-06-04,False
1236,Hilda,Riba,hilda.riba@yahoo.com,AR,Huelva,2024-04-23,True
1237,Graciano,Montes,graciano.montes@yahoo.com,Argentina,Vizcaya,2023-06-10,True
1238,Marcos,Dominguez,marcos.dominguez@yahoo.com,Spain,Salamanca,2024-02-15,
1239,Esteban,Saez,esteban.saez@gmail.com,AR,Cantabria,2024-07-16,
1240,Isidora,Pereira,,mexico,Baleares,2024-09-05,False
1241,Manola,Ballester,manola.ballester@gmail.com,CO,Girona,2023-01-25,
1242,Alberto,Nuñez,alberto.nuñez@hotmail.com,México,Granada,2024-03-05,
1243,Vinicio,Sotelo,vinicio.sotelo@gmail.com,chile,Castellón,2025-08-02,True
1244,Manola,Galán,manola.galán@gmail.com,Argentina,Navarra,2025-05-05,False
1245,Almudena,Cid,almudena.cid@hotmail.com,Chile,Jaén,2023-09-20,
1246,Dafne,Zurita,dafne.zurita@gmail.com,ES,Cáceres,2024-11-26,False
1247,Benito,Luz,benito.luz@gmail.com,colombia,Almería,2023-02-17,True
1248,Adela,Aguirre,adela.aguirre@gmail.com,MX,Sevilla,2025-03-11,True
1249,Kike,Palomino,kike.palomino@gmail.com,Colombia,Girona,2023-08-11,False
1250,Rufina,Pomares,rufina.pomares@gmail.com,Argentina,Málaga,2023-12-30,
1251,Leire,Cabezas,,CL,Pontevedra,2024-02-12,False
1252,Bernardita,Borja,bernardita.borja@gmail.com,Argentina,Málaga,2023-05-24,False
1253,Zacarías,Almeida,zacarías.almeida@gmail.com,Chile,Melilla,2025-04-21,True
1254,Marcos,Múgica,marcos.múgica@yahoo.com,México,Valencia,2024-02-27,True
1255,Faustino,Alfaro,faustino.alfaro@yahoo.com,AR,Huelva,2023-11-22,False
1256,Eufemia,Mate,eufemia.mate@gmail.com,Chile,Zaragoza,2024-07-18,True
1257,Bernabé,Jiménez,bernabé.jiménez@yahoo.com,Colombia,Navarra,2024-05-20,
1258,Lino,Gomis,lino.gomis@gmail.com,CO,La Coruña,2023-07-06,False
1259,Gala,Cervantes,gala.cervantes@gmail.com,argentina,Melilla,2025-03-11,True
1260,Irene,Gordillo,irene.gordillo@yahoo.com,Colombia,Ourense,2025-06-03,
1261,Ezequiel,Roldan,ezequiel.roldan@yahoo.com,Mexico,León,2024-05-05,True
1262,Candela,Catalá,candela.catalá@gmail.com,argentina,Palencia,2023-05-17,
1263,Camila,Francisco,camila.francisco@gmail.com,México,Tarragona,2023-09-06,True
1264,Julieta,Zabaleta,julieta.zabaleta@gmail.com,Espana,Vizcaya,2025-07-12,True
1265,Espiridión,Cruz,espiridión.cruz@yahoo.com,Chile,Navarra,2025-08-03,
1266,Berta,Carrasco,  BERTA.CARRASCO@GMAIL.COM  ,Colombia,Burgos,2023-08-23,True
1267,Lucía,Andreu,lucía.andreu@yahoo.com,argentina,La Rioja,2023-05-20,
1268,Marcio,Salazar,marcio.salazar@hotmail.com,México,Burgos,2023-11-27,True
1269,Melania,Expósito,melania.expósito@gmail.com,Chile,Cádiz,2025-03-11,
1270,Amancio,Lasa,amancio.lasa@hotmail.com,spain,Pontevedra,2024-03-19,
1271,Jesús,Gual,jesús.gual@hotmail.com,Chile,Huelva,2025-12-06,
1272,Cebrián,Tapia,cebrián.tapia@gmail.com,ES,Teruel,2023-01-10,False
1273,Florentina,Pereira,florentina.pereira@gmail.com,MX,Madrid,,True
1274,Ainoa,Cervantes,ainoa.cervantes@gmail.com,spain,Ceuta,2023-05-10,True
1275,Anacleto,Real,anacleto.real@gmail.com,MX,La Rioja,2024-10-31,
1276,Iván,Franco,iván.franco@gmail.com,MX,Cádiz,2025-05-26,True
1277,Áurea,Saavedra,  ÁUREA.SAAVEDRA@HOTMAIL.COM  ,spain,Tarragona,,True
1278,Moreno,Seco,moreno.seco@gmail.com,Colombia,La Coruña,2025-01-25,True
1279,Maura,Arnaiz,maura.arnaiz@hotmail.com,CO,Toledo,2023-07-28,
1280,Matías,Prado,matías.prado@hotmail.com,mexico,Melilla,2025-03-06,
1281,César,Sanmiguel,césar.sanmiguel@yahoo.com,mexico,Ciudad,2024-10-13,
1282,Aurelia,Priego,aurelia.priego@hotmail.com,Colombia,Navarra,2025-07-08,
1283,Roldán,Villalonga,roldán.villalonga@hotmail.com,Mexico,Cantabria,2023-09-12,
1284,Lupe,Sabater,lupe.sabater@yahoo.com,Colombia,Vizcaya,2025-02-06,True
1285,Pastora,Macias,pastora.macias@yahoo.com,México,Las Palmas,2025-06-27,False
1286,Macario,Ballester,macario.ballester@hotmail.com,mexico,Lleida,2023-03-23,False
1287,Paula,Sans,paula.sans@gmail.com,Argentina,Cádiz,2024-12-02,
1288,Melania,Cerdá,melania.cerdá@yahoo.com,SPAIN,Guadalajara,2024-03-31,False
1289,Virgilio,Amaya,virgilio.amaya@gmail.com,CL,Palencia,2023-05-13,True
1290,Teófila,Franch,teófila.franch@yahoo.com,Mexico,Córdoba,2024-02-23,True
1291,Moisés,Céspedes,moisés.céspedes@hotmail.com,chile,Ávila,2024-04-28,False
1292,Danilo,Sancho,danilo.sancho@hotmail.com,CO,Ávila,2025-05-18,True
1293,Azucena,Plana,azucena.plana@hotmail.com,AR,Jaén,2024-02-17,False
1294,Carmelita,Pintor,carmelita.pintor@gmail.com,spain,Guipúzcoa,2025-06-22,
1295,Clarisa,Conesa,clarisa.conesa@gmail.com,Colombia,Cádiz,2023-02-10,False
1296,María José,Aznar,maría josé.aznar@yahoo.com,spain,Granada,2023-12-26,False
1297,Luna,Salmerón,luna.salmerón@yahoo.com,AR,Baleares,2025-09-11,True
1298,Trini,Catalá,trini.catalá@gmail.com,Colombia,Salamanca,2023-01-27,
1299,María Del Carmen,Isern,maría del carmen.isern@gmail.com,AR,Madrid,2025-03-19,False
1300,Rita,Valenzuela,rita.valenzuela@hotmail.com,CO,Pontevedra,2023-05-26,True
1301,Sofía,Uriarte,sofía.uriarte@gmail.com,ES,Palencia,2025-06-12,
1302,Georgina,Tamarit,georgina.tamarit@yahoo.com,argentina,León,2025-01-24,
1303,Cebrián,Agudo,cebrián.agudo@gmail.com,CO,Salamanca,2023-03-12,False
1304,Eusebia,Galiano,eusebia.galiano@gmail.com,SPAIN,Burgos,2023-10-29,
1305,Bartolomé,Oller,  BARTOLOMÉ.OLLER@GMAIL.COM  ,chile,Alicante,2023-07-09,False
1306,Guadalupe,Martín,guadalupe.martín@yahoo.com,colombia,Almería,2025-11-27,False
1307,César,Riera,césar.riera@gmail.com,México,Soria,2025-12-27,False
1308,Lucas,Elías,lucas.elías@yahoo.com,CL,Alicante,2023-07-02,
1309,Ciro,Martínez,ciro.martínez@yahoo.com,Argentina,Jaén,2025-03-26,True
1310,Oriana,Bauzà,,México,Girona,2023-05-24,False
1311,Adriana,Cañizares,adriana.cañizares@gmail.com,CL,Guipúzcoa,2023-12-16,True
1312,Belen,Riba,belen.riba@hotmail.com,MX,Tarragona,2023-08-14,True
1313,Hugo,Barragán,hugo.barragán@gmail.com,MX,Lugo,2024-01-28,False
1314,Lourdes,Madrigal,lourdes.madrigal@yahoo.com,colombia,Córdoba,2023-12-07,True
1315,Begoña,Otero,begoña.otero@gmail.com,Colombia,Melilla,2024-04-25,
1316,Luisina,Valenciano,luisina.valenciano@yahoo.com,Spain,Salamanca,2023-01-15,True
1317,Joan,Manrique,  JOAN.MANRIQUE@GMAIL.COM  ,SPAIN,Baleares,2025-12-01,False
1318,Amado,Sola,amado.sola@hotmail.com,CO,Valencia,2024-11-20,False
1319,Regina,Galan,regina.galan@hotmail.com,Argentina,La Rioja,2025-02-14,False
1320,Artemio,Múgica,,Argentina,Álava,2025-04-02,True
1321,Felicidad,Fortuny,felicidad.fortuny@hotmail.com,Espana,Córdoba,2024-05-24,
1322,Morena,Bauzà,morena.bauzà@yahoo.com,colombia,Málaga,,False
1323,Carmelita,Morante,carmelita.morante@gmail.com,spain,Soria,2025-09-19,
1324,Nazario,Noguera,nazario.noguera@yahoo.com,spain,Cádiz,2025-09-02,
1325,Guillermo,Murillo,guillermo.murillo@yahoo.com,ES,Lugo,2023-10-21,
1326,Nayara,Aranda,nayara.aranda@hotmail.com,Chile,Lugo,2024-09-09,
1327,Fabricio,Serna,fabricio.serna@hotmail.com,Colombia,Lleida,2025-09-14,True
1328,Miguela,Riba,miguela.riba@hotmail.com,MX,Melilla,2023-07-03,
1329,Marcelino,Moles,marcelino.moles@hotmail.com,SPAIN,Castellón,2025-02-24,True
1330,Crescencia,Mármol,crescencia.mármol@yahoo.com,argentina,Burgos,2023-09-10,
1331,Lisandro,Anguita,lisandro.anguita@yahoo.com,Colombia,Santa Cruz de Tenerife,2024-04-03,
1332,Bienvenida,Daza,bienvenida.daza@hotmail.com,spain,Cádiz,2025-02-20,
1333,Dulce,Caro,dulce.caro@yahoo.com,Colombia,Teruel,2023-06-29,False
1334,Amílcar,Llabrés,amílcar.llabrés@yahoo.com,Chile,Madrid,2025-01-23,False
1335,Saturnina,Gámez,saturnina.gámez@yahoo.com,colombia,Granada,2024-01-24,False
1336,Inocencio,Zapata,inocencio.zapata@yahoo.com,AR,Baleares,2023-09-16,
1337,Reinaldo,Arcos,  REINALDO.ARCOS@GMAIL.COM  ,Chile,León,2025-08-01,False
1338,Antonia,Amaya,antonia.amaya@yahoo.com,México,Cantabria,2024-08-03,
1339,Noé,Tomás,noé.tomás@hotmail.com,Espana,Vizcaya,2023-09-10,
1340,Nacio,Clemente,nacio.clemente@gmail.com,CL,Castellón,2024-08-19,False
1341,Lourdes,Arce,lourdes.arce@yahoo.com,spain,Teruel,2024-04-05,True
1342,Rosaura,Yuste,rosaura.yuste@gmail.com,México,Granada,2023-11-23,
1343,Arsenio,Bonet,arsenio.bonet@yahoo.com,CO,Alicante,2024-12-14,False
1344,Cristian,Viñas,cristian.viñas@hotmail.com,Espana,Albacete,2024-02-04,
1345,Crescencia,Miguel,crescencia.miguel@hotmail.com,Colombia,Guadalajara,2023-04-21,
1346,Herberto,Fernández,herberto.fernández@yahoo.com,AR,Murcia,2025-06-23,False
1347,Melchor,Sainz,melchor.sainz@hotmail.com,MX,Cuenca,2023-01-19,
1348,Eustaquio,Criado,eustaquio.criado@yahoo.com,SPAIN,Álava,2023-12-11,True
1349,Esther,Vilaplana,esther.vilaplana@gmail.com,AR,Murcia,2025-11-21,
1350,Pancho,Montalbán,pancho.montalbán@yahoo.com,Colombia,Teruel,2023-03-11,False
1351,Nilda,Luque,nilda.luque@hotmail.com,CO,Cáceres,2025-02-07,
1352,Calisto,Merino,calisto.merino@hotmail.com,ES,Murcia,2024-07-17,False
1353,Vicente,Ayuso,vicente.ayuso@gmail.com,Argentina,Lugo,2025-09-28,
1354,Vanesa,Ayuso,vanesa.ayuso@gmail.com,Mexico,Almería,2025-09-09,
1355,Chema,Roldan,chema.roldan@yahoo.com,Espana,Teruel,2025-06-07,True
1356,Débora,Salmerón,débora.salmerón@hotmail.com,spain,Granada,2024-01-14,
1357,Nazaret,Figuerola,nazaret.figuerola@hotmail.com,ES,Valladolid,2025-12-21,
1358,María Cristina,Solana,maría cristina.solana@hotmail.com,chile,Ávila,2023-09-12,True
1359,Odalis,Solís,odalis.solís@gmail.com,SPAIN,Granada,2023-01-11,False
1360,Isaura,Solana,isaura.solana@yahoo.com,Spain,Ceuta,2023-11-27,False
1361,Ernesto,Jordá,ernesto.jordá@yahoo.com,Spain,Cádiz,2025-01-14,True
1362,Juana,Murillo,,colombia,Madrid,2024-09-07,
1363,Amor,Bas,amor.bas@yahoo.com,argentina,Huelva,2025-10-01,
1364,Alejandra,Serra,alejandra.serra@gmail.com,argentina,Vizcaya,2023-07-22,True
1365,Pablo,Castejón,pablo.castejón@hotmail.com,Mexico,La Coruña,2024-03-16,
1366,Olimpia,Campo,olimpia.campo@yahoo.com,Chile,Zamora,2025-05-14,False
1367,Marciano,Serra,marciano.serra@yahoo.com,AR,Ciudad,2025-07-23,False
1368,Estela,Hervás,estela.hervás@hotmail.com,colombia,Lugo,2024-07-05,
1369,Rodrigo,Batalla,rodrigo.batalla@yahoo.com,mexico,Tarragona,2025-11-13,False
1370,Domitila,Rosa,domitila.rosa@yahoo.com,mexico,Murcia,2023-02-23,True
1371,Joaquina,Guzman,joaquina.guzman@gmail.com,spain,Valencia,2025-04-13,
1372,Leonor,Torrecilla,leonor.torrecilla@gmail.com,spain,Guadalajara,2023-10-27,True
1373,Catalina,Cabanillas,catalina.cabanillas@yahoo.com,Argentina,Granada,2024-03-31,True
1374,Santiago,Baños,santiago.baños@hotmail.com,SPAIN,Soria,2025-09-29,False
1375,Odalys,Pinilla,odalys.pinilla@yahoo.com,CL,Segovia,2023-04-09,False
1376,Gertrudis,Barriga,gertrudis.barriga@gmail.com,mexico,Barcelona,2025-12-24,False
1377,Susana,Abad,  SUSANA.ABAD@GMAIL.COM  ,colombia,León,2025-11-17,
1378,Bernardita,Manuel,bernardita.manuel@yahoo.com,MX,Cantabria,2023-04-19,
1379,Hernán,Moliner,hernán.moliner@yahoo.com,argentina,Las Palmas,2025-05-06,True
1380,Lina,Ocaña,lina.ocaña@gmail.com,CO,Salamanca,2024-07-18,
1381,Arcelia,Quintero,arcelia.quintero@gmail.com,mexico,Almería,2024-09-17,False
1382,Rafael,Baena,rafael.baena@gmail.com,Spain,Baleares,2023-07-11,True
1383,Rosalinda,Luján,rosalinda.luján@gmail.com,spain,Las Palmas,2023-01-22,False
1384,Julia,Prado,julia.prado@hotmail.com,chile,Teruel,2025-12-26,False
1385,Roberto,Ramis,roberto.ramis@yahoo.com,Espana,Murcia,2023-01-15,
1386,Héctor,Durán,héctor.durán@yahoo.com,chile,Cantabria,2025-12-17,True
1387,Catalina,Planas,catalina.planas@yahoo.com,CL,Burgos,2025-12-08,True
1388,Luis,Casas,luis.casas@gmail.com,spain,Asturias,2023-04-15,False
1389,Flora,Alcázar,flora.alcázar@gmail.com,mexico,Sevilla,2024-05-26,True
1390,Ulises,Cerdán,ulises.cerdán@gmail.com,AR,Segovia,2023-01-05,
1391,Noelia,Ricart,noelia.ricart@yahoo.com,Colombia,Salamanca,2025-11-21,True
1392,Geraldo,Santos,geraldo.santos@hotmail.com,colombia,Navarra,2023-01-13,False
1393,Oriana,Sandoval,oriana.sandoval@yahoo.com,AR,Ceuta,2024-01-17,True
1394,Gilberto,Rodriguez,gilberto.rodriguez@hotmail.com,ES,Ourense,2025-11-19,False
1395,Andrea,Guzmán,,ES,La Rioja,2024-05-27,False
1396,Ángeles,Pedraza,ángeles.pedraza@gmail.com,AR,Ourense,2024-07-05,False
1397,Almudena,Pedrosa,almudena.pedrosa@gmail.com,Colombia,Tarragona,2023-01-12,
1398,Cebrián,Cifuentes,cebrián.cifuentes@hotmail.com,Mexico,Lleida,2025-03-19,False
1399,Asunción,Bermudez,asunción.bermudez@hotmail.com,SPAIN,Ciudad,2024-06-28,False
1400,Agustina,Bermejo,agustina.bermejo@hotmail.com,CL,Salamanca,2024-10-27,False
1401,Balduino,Nuñez,balduino.nuñez@hotmail.com,chile,Lugo,2025-03-07,True
1402,Wilfredo,Vila,wilfredo.vila@yahoo.com,SPAIN,La Rioja,2024-04-29,False
1403,Patricio,Mariño,patricio.mariño@yahoo.com,colombia,Alicante,2024-08-15,True
1404,Jordana,Mateu,jordana.mateu@hotmail.com,Colombia,Almería,2024-01-18,True
1405,Eva,Sáenz,eva.sáenz@hotmail.com,argentina,Ourense,2024-02-11,True
1406,Aurelio,Manzanares,aurelio.manzanares@hotmail.com,chile,Girona,2023-11-01,True
1407,Amada,Blanca,amada.blanca@gmail.com,Colombia,Zamora,2023-10-27,
1408,Leopoldo,Iniesta,leopoldo.iniesta@gmail.com,Mexico,Cuenca,2025-12-11,
1409,Rosa,Jimenez,rosa.jimenez@gmail.com,MX,Pontevedra,2025-11-10,True
1410,Félix,Corbacho,félix.corbacho@hotmail.com,Argentina,Huesca,2024-12-19,True
1411,Nuria,Echevarría,  NURIA.ECHEVARRÍA@YAHOO.COM  ,Argentina,Madrid,2024-10-20,False
1412,Gerardo,Álamo,gerardo.álamo@gmail.com,argentina,Ávila,2025-10-03,False
1413,Espiridión,Correa,espiridión.correa@yahoo.com,Spain,Vizcaya,2023-09-24,
1414,Rodolfo,Gárate,rodolfo.gárate@hotmail.com,argentina,Toledo,2025-01-31,False
1415,Febe,Diego,febe.diego@gmail.com,México,Almería,2023-09-04,
1416,Felisa,Lamas,felisa.lamas@gmail.com,MX,Cáceres,2023-06-03,
1417,Abril,Pujadas,abril.pujadas@yahoo.com,AR,Lugo,2024-02-18,True
1418,Margarita,Guillen,margarita.guillen@yahoo.com,SPAIN,Lugo,2024-06-01,
1419,Juan Francisco,Codina,juan francisco.codina@hotmail.com,AR,Álava,2025-06-12,False
1420,Luis,Sanchez,luis.sanchez@yahoo.com,chile,Melilla,2024-07-15,True
1421,Isabela,Armengol,isabela.armengol@gmail.com,Argentina,Las Palmas,2024-01-25,False
1422,Emiliana,Llamas,emiliana.llamas@yahoo.com,colombia,Cuenca,2023-06-03,
1423,Nidia,Cabello,nidia.cabello@yahoo.com,colombia,Lleida,2024-07-10,True
1424,María Teresa,Herranz,  MARÍA TERESA.HERRANZ@HOTMAIL.COM  ,MX,Melilla,2025-11-16,
1425,Nicolás,Escolano,nicolás.escolano@yahoo.com,CL,Soria,2024-07-03,True
1426,Adán,Bayo,adán.bayo@gmail.com,Mexico,Badajoz,2023-10-31,False
1427,Beatriz,Calleja,beatriz.calleja@hotmail.com,mexico,Huelva,2024-05-24,True
1428,Isidoro,Luque,,Chile,Alicante,2024-12-12,False
1429,Amado,Briones,amado.briones@gmail.com,Argentina,Pontevedra,2024-06-24,False
1430,Felicia,Carro,felicia.carro@hotmail.com,CL,Ávila,2023-01-22,True
1431,Roberta,Castillo,  ROBERTA.CASTILLO@YAHOO.COM  ,Argentina,Baleares,2023-08-06,
1432,Josefa,Espinosa,josefa.espinosa@yahoo.com,colombia,Lleida,2024-02-27,True
1433,Gertrudis,Benitez,gertrudis.benitez@hotmail.com,AR,Cuenca,2025-03-20,True
1434,María José,Roldán,maría josé.roldán@hotmail.com,CO,Córdoba,2025-10-12,True
1435,Felix,Benavent,felix.benavent@yahoo.com,MX,Jaén,2024-01-05,True
1436,Román,Méndez,román.méndez@gmail.com,Argentina,Córdoba,2024-01-20,True
1437,Gaspar,Saez,gaspar.saez@gmail.com,Colombia,Cantabria,2025-04-04,
1438,Emilia,Pozo,emilia.pozo@gmail.com,Mexico,Badajoz,2023-02-12,True
1439,Ernesto,Rosado,ernesto.rosado@gmail.com,SPAIN,León,2023-10-20,
1440,Ligia,Jove,ligia.jove@gmail.com,Spain,Asturias,2024-11-24,True
1441,Calisto,Iglesia,calisto.iglesia@yahoo.com,MX,Madrid,2025-06-28,False
1442,Eustaquio,Abascal,eustaquio.abascal@gmail.com,AR,Cuenca,2024-07-01,True
1443,Evaristo,Murcia,evaristo.murcia@yahoo.com,Spain,Málaga,2025-11-13,False
1444,Laura,Trujillo,  LAURA.TRUJILLO@YAHOO.COM  ,Mexico,La Coruña,2025-05-24,False
1445,Rafaela,Becerra,rafaela.becerra@hotmail.com,Argentina,Álava,2023-08-19,True
1446,Rodrigo,Toledo,rodrigo.toledo@gmail.com,Mexico,Guipúzcoa,2023-06-06,True
1447,Isabel,Mateo,isabel.mateo@yahoo.com,Argentina,Santa Cruz de Tenerife,2023-12-31,False
1448,Flor,Botella,flor.botella@yahoo.com,Chile,Ávila,2024-09-09,False
1449,Prudencia,Segura,prudencia.segura@yahoo.com,Argentina,Cádiz,2025-01-25,
1450,Casandra,Ariza,casandra.ariza@yahoo.com,Spain,Granada,2023-10-28,False
1451,Josefa,Porta,josefa.porta@gmail.com,colombia,Madrid,2023-05-18,False
1452,Cesar,Río,cesar.río@hotmail.com,Argentina,Barcelona,2024-01-08,False
1453,Andrés Felipe,Ferrando,andrés felipe.ferrando@gmail.com,AR,Madrid,2025-04-27,
1454,Roque,Barroso,roque.barroso@hotmail.com,Argentina,Madrid,2024-05-18,
1455,Bibiana,Sancho,bibiana.sancho@gmail.com,colombia,Guipúzcoa,2024-04-16,
1456,Basilio,Nebot,basilio.nebot@hotmail.com,colombia,La Coruña,2024-03-25,True
1457,Diego,Galán,diego.galán@hotmail.com,Argentina,Soria,2025-01-12,True
1458,Sabina,Company,sabina.company@hotmail.com,Spain,Asturias,2023-10-13,True
1459,Angelino,Cid,angelino.cid@yahoo.com,CL,Lugo,2023-04-25,True
1460,Victoria,Arroyo,victoria.arroyo@gmail.com,México,Álava,2025-05-19,
1461,Francisco Jose,Ayllón,francisco jose.ayllón@yahoo.com,Espana,Lleida,2023-11-20,False
1462,Emiliana,Donaire,  EMILIANA.DONAIRE@HOTMAIL.COM  ,Mexico,Badajoz,2025-05-02,True
1463,Danilo,Valencia,danilo.valencia@hotmail.com,colombia,Asturias,2024-09-05,
1464,Nilda,Franco,nilda.franco@yahoo.com,AR,Zaragoza,2024-08-10,True
1465,Petrona,Quesada,petrona.quesada@yahoo.com,Espana,Soria,2023-01-23,False
1466,Coral,Cervantes,coral.cervantes@yahoo.com,colombia,Valladolid,2025-10-24,True
1467,Artemio,Durán,artemio.durán@yahoo.com,Colombia,Baleares,2025-02-12,True
1468,Leocadio,Cid,leocadio.cid@yahoo.com,México,Tarragona,2024-01-12,
1469,Rafael,Cózar,rafael.cózar@yahoo.com,Chile,Palencia,2024-10-03,False
1470,Apolinar,Cañellas,apolinar.cañellas@gmail.com,Colombia,Vizcaya,2025-05-18,True
1471,Fausto,Alcázar,fausto.alcázar@yahoo.com,Spain,Álava,2024-11-18,False
1472,Adrián,Escobar,adrián.escobar@gmail.com,Mexico,La Rioja,2024-09-25,True
1473,Joaquina,Tamarit,joaquina.tamarit@hotmail.com,SPAIN,Castellón,2023-04-02,False
1474,Eric,Lillo,eric.lillo@hotmail.com,Spain,La Rioja,2023-01-18,False
1475,Jorge,Díaz,jorge.díaz@hotmail.com,colombia,Pontevedra,2024-12-29,
1476,Geraldo,Valero,geraldo.valero@hotmail.com,spain,Santa Cruz de Tenerife,2023-07-26,True
1477,Pascuala,Mascaró,pascuala.mascaró@yahoo.com,Espana,Álava,2023-03-18,True
1478,Celestina,Gutiérrez,celestina.gutiérrez@gmail.com,Colombia,Melilla,2024-04-19,
1479,Claudio,Paredes,claudio.paredes@hotmail.com,MX,Lleida,2025-12-07,False
1480,María Luisa,Galindo,maría luisa.galindo@yahoo.com,Colombia,Cantabria,2025-06-01,
1481,Daniel,Company,daniel.company@hotmail.com,Colombia,Madrid,2023-06-03,
1482,Gabriel,Cuesta,gabriel.cuesta@hotmail.com,Colombia,Almería,2024-09-25,True
1483,Filomena,Pascual,filomena.pascual@yahoo.com,Colombia,Las Palmas,2024-08-28,False
1484,José,Múñiz,josé.múñiz@hotmail.com,CL,Alicante,2025-08-01,False
1485,Cristóbal,Badía,cristóbal.badía@hotmail.com,AR,Cáceres,2023-09-11,False
1486,Mireia,Andres,mireia.andres@yahoo.com,spain,Asturias,2023-09-22,
1487,Teresa,Gutierrez,teresa.gutierrez@hotmail.com,CL,Palencia,2025-11-02,
1488,Cruz,Moreno,cruz.moreno@yahoo.com,Espana,Valencia,2024-05-16,
1489,Inés,Moreno,inés.moreno@gmail.com,SPAIN,Guadalajara,2023-11-21,True
1490,Javier,Cabañas,javier.cabañas@gmail.com,México,Cantabria,2024-12-15,
1491,Remigio,Giménez,remigio.giménez@gmail.com,CL,Palencia,2023-08-10,False
1492,Amada,Ballester,amada.ballester@yahoo.com,Colombia,Castellón,2024-12-02,False
1493,Íngrid,Sanz,íngrid.sanz@gmail.com,México,Huesca,2023-11-15,True
1494,Elías,Seco,elías.seco@hotmail.com,mexico,Santa Cruz de Tenerife,2025-02-17,False
1495,Plinio,Lerma,plinio.lerma@gmail.com,CO,Barcelona,2023-02-16,
1496,Amílcar,Barreda,amílcar.barreda@yahoo.com,CO,Baleares,2023-10-18,False
1497,Reyes,Solana,reyes.solana@yahoo.com,spain,Cáceres,2025-05-09,
1498,Martirio,Nuñez,martirio.nuñez@gmail.com,Argentina,Pontevedra,2025-05-27,False
1499,Faustino,Domínguez,faustino.domínguez@hotmail.com,MX,Ávila,2025-08-31,True
1500,Sergio,Vélez,sergio.vélez@yahoo.com,CO,Palencia,2023-01-21,
1501,Ainara,Sevillano,ainara.sevillano@yahoo.com,Mexico,Toledo,2023-10-24,
1502,Tiburcio,Huerta,tiburcio.huerta@gmail.com,Argentina,Las Palmas,2023-10-30,False
1503,Cruz,Girón,cruz.girón@hotmail.com,ES,Ourense,2025-07-11,True
1504,Tomasa,Adadia,tomasa.adadia@yahoo.com,colombia,Alicante,2024-03-23,True
1505,Adoración,Varela,adoración.varela@gmail.com,colombia,Melilla,2025-02-12,True
1506,Rufino,Tello,rufino.tello@hotmail.com,Mexico,León,2024-09-10,
1507,Ana Sofía,Hernandez,ana sofía.hernandez@gmail.com,ES,Tarragona,2025-04-20,
1508,Lupita,Ramos,lupita.ramos@gmail.com,colombia,Huelva,2023-12-27,False
1509,Manolo,Haro,manolo.haro@hotmail.com,MX,Albacete,2025-06-14,
1510,Alexandra,Mayol,alexandra.mayol@gmail.com,Chile,Ourense,2023-08-01,True
1511,Mariana,Amador,mariana.amador@yahoo.com,CL,Vizcaya,2023-07-24,
1512,Emiliano,Ramirez,emiliano.ramirez@gmail.com,Chile,Santa Cruz de Tenerife,2024-03-09,False
1513,Abril,Abella,abril.abella@hotmail.com,CL,Jaén,2023-09-12,False
1514,Teodora,Méndez,teodora.méndez@hotmail.com,colombia,Girona,2023-01-16,True
1515,Teodosio,Lerma,teodosio.lerma@hotmail.com,CL,Zamora,2024-09-21,False
1516,Isidora,Berrocal,isidora.berrocal@hotmail.com,Mexico,Valencia,2023-02-01,False
1517,Bartolomé,Villa,bartolomé.villa@hotmail.com,chile,Almería,2025-05-30,False
1518,Dan,Piñol,dan.piñol@yahoo.com,México,Salamanca,2025-05-28,
1519,Apolinar,Pavón,apolinar.pavón@yahoo.com,colombia,Segovia,2025-11-25,True
1520,Celia,Bautista,celia.bautista@hotmail.com,SPAIN,Barcelona,2025-03-13,
1521,Nicanor,Gómez,nicanor.gómez@hotmail.com,argentina,Segovia,2023-07-10,False
1522,Ale,Gallego,ale.gallego@hotmail.com,Espana,Guadalajara,2023-06-11,True
1523,Patricio,Lastra,patricio.lastra@hotmail.com,México,Cuenca,2024-01-18,True
1524,Baltasar,Barroso,baltasar.barroso@yahoo.com,Argentina,León,2025-02-13,
1525,Amalia,Vallejo,amalia.vallejo@hotmail.com,spain,Lugo,2023-02-17,
1526,Leire,Manzano,leire.manzano@yahoo.com,Spain,Zaragoza,2023-08-08,False
1527,Ignacia,Bastida,ignacia.bastida@gmail.com,Mexico,Ávila,2024-03-01,False
1528,Cecilio,Portillo,cecilio.portillo@gmail.com,ES,Asturias,2023-06-06,False
1529,César,Cózar,césar.cózar@yahoo.com,CO,Tarragona,2023-11-26,True
1530,Eusebio,Valderrama,eusebio.valderrama@gmail.com,Mexico,Melilla,2024-12-11,
1531,Eulalia,Alsina,,chile,Soria,2025-12-04,True
1532,Camila,Catalán,camila.catalán@yahoo.com,Mexico,La Rioja,2023-11-09,False
1533,Vicente,Almazán,,SPAIN,Asturias,2023-10-11,
1534,Alfredo,Guerra,alfredo.guerra@hotmail.com,mexico,La Rioja,2023-07-08,
1535,Cristina,Novoa,cristina.novoa@hotmail.com,AR,Madrid,2025-11-15,True
1536,Dorita,Salgado,dorita.salgado@yahoo.com,Argentina,Ourense,2024-07-29,True
1537,Eligio,Medina,eligio.medina@gmail.com,chile,Ceuta,2025-09-26,False
1538,Alondra,Peral,alondra.peral@yahoo.com,colombia,Burgos,2023-08-09,False
1539,Patricio,Luís,patricio.luís@yahoo.com,mexico,Salamanca,2023-05-12,True
1540,Ámbar,Cuevas,ámbar.cuevas@hotmail.com,CL,Cádiz,2025-12-22,True
1541,Gabino,Corral,gabino.corral@gmail.com,SPAIN,Baleares,2024-01-16,True
1542,Ariel,Moliner,ariel.moliner@hotmail.com,mexico,León,,
1543,Juan Bautista,Pelayo,juan bautista.pelayo@gmail.com,spain,Navarra,2024-10-20,
1544,Laura,Arana,laura.arana@hotmail.com,ES,Huelva,2024-03-21,False
1545,Eusebio,Peralta,eusebio.peralta@yahoo.com,chile,Murcia,2025-05-13,False
1546,Marcial,Carrión,marcial.carrión@gmail.com,AR,Madrid,2025-10-08,False
1547,María Jesús,Codina,maría jesús.codina@yahoo.com,Colombia,Burgos,2024-10-31,True
1548,Adalberto,Vera,adalberto.vera@yahoo.com,Chile,Lugo,2023-01-10,False
1549,Teresita,Manjón,,México,Zaragoza,2025-12-28,True
1550,Clara,Salamanca,,argentina,Toledo,2025-08-20,False
1551,Alejandra,Arjona,alejandra.arjona@gmail.com,AR,Granada,2023-06-13,False
1552,Amador,Querol,amador.querol@hotmail.com,colombia,León,2025-07-19,
1553,Pepe,Bru,pepe.bru@yahoo.com,spain,Pontevedra,2024-04-03,True
1554,Felipa,Ferrero,felipa.ferrero@hotmail.com,Mexico,Zamora,2025-06-11,True
1555,María Fernanda,Lobo,maría fernanda.lobo@gmail.com,mexico,Ávila,2023-01-11,True
1556,Bárbara,Salinas,bárbara.salinas@hotmail.com,Argentina,Málaga,2023-06-03,
1557,Rufino,Ferreras,rufino.ferreras@yahoo.com,CL,Pontevedra,2023-10-10,True
1558,Elodia,Vidal,elodia.vidal@gmail.com,mexico,La Coruña,2025-04-26,
1559,Eusebio,Roma,eusebio.roma@yahoo.com,Espana,Huesca,2025-09-30,False
1560,Albano,Luís,albano.luís@yahoo.com,Colombia,Granada,2023-06-19,True
1561,Victor Manuel,Bonilla,victor manuel.bonilla@gmail.com,Mexico,Valencia,,True
1562,Severo,Salas,severo.salas@yahoo.com,CO,Zaragoza,2024-03-03,
1563,Luisa,Rodrigo,luisa.rodrigo@hotmail.com,CL,Barcelona,2025-07-18,
1564,Petrona,Boix,petrona.boix@gmail.com,SPAIN,Granada,2025-07-15,
1565,Aitana,Zapata,aitana.zapata@yahoo.com,México,Palencia,2023-12-03,
1566,Maristela,Peña,maristela.peña@gmail.com,SPAIN,La Rioja,2023-08-14,False
1567,Feliciana,Llano,,mexico,Navarra,2025-12-23,False
1568,Óscar,Cerro,óscar.cerro@gmail.com,Espana,Jaén,2023-11-05,False
1569,Luis Miguel,Trujillo,luis miguel.trujillo@gmail.com,CL,Palencia,2023-07-20,False
1570,Marco,Uribe,marco.uribe@hotmail.com,Colombia,Ceuta,2024-07-19,False
1571,Amando,Acedo,amando.acedo@gmail.com,CL,Granada,2024-05-24,True
1572,Felicidad,Sureda,felicidad.sureda@gmail.com,Spain,La Rioja,2024-05-03,True
1573,Gastón,Téllez,gastón.téllez@hotmail.com,Argentina,Albacete,2025-04-08,True
1574,Dimas,Lluch,dimas.lluch@yahoo.com,mexico,Pontevedra,2024-02-21,False
1575,Marcia,Pardo,marcia.pardo@hotmail.com,CL,Ourense,2025-10-27,
1576,Tristán,Jordá,tristán.jordá@hotmail.com,colombia,Tarragona,2024-05-03,
1577,Olimpia,Carreras,olimpia.carreras@yahoo.com,SPAIN,Córdoba,2023-10-18,
1578,Fermín,Barragán,fermín.barragán@gmail.com,CO,Lleida,2024-06-24,True
1579,Selena,Cerdá,selena.cerdá@yahoo.com,Espana,Almería,2023-01-03,True
1580,Leandro,Paniagua,  LEANDRO.PANIAGUA@YAHOO.COM  ,Colombia,Almería,2024-08-18,
1581,Luis Miguel,Manzanares,luis miguel.manzanares@hotmail.com,Chile,Málaga,2023-07-24,
1582,Guillermo,Español,guillermo.español@gmail.com,AR,Murcia,2024-06-11,False
1583,Mohamed,Molina,,AR,Cuenca,2024-12-23,False
1584,Isidora,Pareja,isidora.pareja@gmail.com,chile,Burgos,2025-09-18,
1585,Albert,Cerro,albert.cerro@hotmail.com,chile,Huesca,2025-04-20,
1586,Melania,Toro,melania.toro@yahoo.com,mexico,Cáceres,2025-06-01,
1587,Cristian,Gibert,cristian.gibert@gmail.com,SPAIN,Cantabria,2023-08-10,
1588,Natalia,Zaragoza,natalia.zaragoza@hotmail.com,CL,La Rioja,2023-12-25,
1589,Édgar,Benito,édgar.benito@gmail.com,AR,Albacete,2024-07-19,True
1590,Alexandra,Olivé,alexandra.olivé@yahoo.com,chile,Barcelona,2023-09-09,False
1591,Olga,Salamanca,olga.salamanca@hotmail.com,CL,Cádiz,2025-10-18,True
1592,Leire,Mayo,leire.mayo@gmail.com,colombia,Ceuta,2023-11-30,False
1593,Eduardo,Cisneros,,spain,Granada,2023-03-25,
1594,Edgardo,Gallego,  EDGARDO.GALLEGO@GMAIL.COM  ,Spain,Las Palmas,2024-12-22,True
1595,Jessica,Cantón,jessica.cantón@gmail.com,spain,Vizcaya,2025-10-25,
1596,Alondra,Rosado,alondra.rosado@gmail.com,Mexico,Badajoz,2024-02-07,True
1597,Anacleto,Vilanova,,Argentina,Lugo,2024-12-27,
1598,Diego,Isern,diego.isern@gmail.com,CO,Granada,2024-06-19,
1599,Guadalupe,Alarcón,guadalupe.alarcón@gmail.com,Argentina,Pontevedra,2024-10-22,True
1600,Hernán,Folch,hernán.folch@gmail.com,mexico,Albacete,2024-09-08,False
1601,Cipriano,Coello,cipriano.coello@hotmail.com,chile,Palencia,2025-06-13,
1602,Pablo,Ortuño,pablo.ortuño@gmail.com,colombia,Málaga,2025-01-02,False
1603,Clotilde,Bayo,clotilde.bayo@gmail.com,CO,Melilla,2023-02-24,False
1604,Isaac,Feliu,isaac.feliu@yahoo.com,SPAIN,Valladolid,2024-05-11,False
1605,Brígida,Acosta,brígida.acosta@hotmail.com,mexico,Castellón,2023-09-15,True
1606,Zoraida,Varela,zoraida.varela@hotmail.com,colombia,Huesca,2023-04-23,
1607,José,Esteve,josé.esteve@yahoo.com,spain,Cádiz,2025-09-13,True
1608,Perlita,Pacheco,perlita.pacheco@yahoo.com,Espana,Castellón,2023-04-19,
1609,Aroa,Goñi,aroa.goñi@yahoo.com,México,Valladolid,2023-11-13,False
1610,Mauricio,Casals,mauricio.casals@yahoo.com,ES,Melilla,,
1611,Elías,Valcárcel,elías.valcárcel@yahoo.com,Espana,Navarra,2025-08-28,
1612,Lorenza,Armas,lorenza.armas@gmail.com,CO,Madrid,2025-04-08,True
1613,David,Plaza,david.plaza@yahoo.com,mexico,Pontevedra,2023-09-10,
1614,Magdalena,Mesa,magdalena.mesa@hotmail.com,SPAIN,Ceuta,2024-05-07,
1615,Casandra,Ramón,casandra.ramón@yahoo.com,Chile,Cantabria,2023-07-24,False
1616,Rocío,Baños,rocío.baños@yahoo.com,argentina,Cádiz,2023-08-08,False
1617,Albert,Tur,albert.tur@hotmail.com,Mexico,La Coruña,,False
1618,Urbano,Yáñez,urbano.yáñez@hotmail.com,Espana,Baleares,2024-12-27,False
1619,Eric,Prat,,CO,Valencia,2023-11-21,
1620,Ángela,Domingo,ángela.domingo@gmail.com,mexico,Cantabria,2025-11-16,
1621,Nilo,Fonseca,nilo.fonseca@hotmail.com,mexico,Baleares,2025-07-30,True
1622,Joan,Rodriguez,joan.rodriguez@hotmail.com,argentina,Cuenca,2025-09-17,False
1623,María Del Carmen,Llano,maría del carmen.llano@hotmail.com,chile,Huelva,2025-11-04,
1624,Alba,Quiroga,alba.quiroga@yahoo.com,Argentina,Burgos,2024-12-13,False
1625,María Jesús,Sanz,,Spain,Córdoba,2023-11-22,
1626,Amelia,Valencia,amelia.valencia@gmail.com,ES,Albacete,2024-04-19,
1627,Conrado,Baena,conrado.baena@gmail.com,Mexico,Soria,2025-02-25,False
1628,Amando,Escamilla,amando.escamilla@yahoo.com,Spain,Burgos,2023-05-30,False
1629,Marcio,Bárcena,marcio.bárcena@gmail.com,chile,Zamora,2024-10-19,False
1630,Adelaida,Franch,adelaida.franch@yahoo.com,Colombia,Madrid,2024-02-14,False
1631,Anna,Jurado,anna.jurado@hotmail.com,colombia,Zaragoza,2023-11-28,
1632,Rosalina,Alemán,rosalina.alemán@gmail.com,Mexico,Baleares,2023-07-17,True
1633,Rodolfo,Sandoval,rodolfo.sandoval@yahoo.com,spain,León,2023-05-28,
1634,Ángel,Araujo,ángel.araujo@gmail.com,CL,Navarra,2025-08-28,False
1635,Georgina,Mateo,georgina.mateo@hotmail.com,chile,Madrid,2025-06-17,False
1636,Tomás,Cañizares,tomás.cañizares@yahoo.com,Espana,Madrid,2024-09-02,False
1637,María Cristina,Canals,maría cristina.canals@hotmail.com,Mexico,Sevilla,2024-04-03,False
1638,Casandra,Soriano,casandra.soriano@yahoo.com,AR,Málaga,2023-11-20,True
1639,Basilio,Posada,basilio.posada@yahoo.com,chile,Palencia,2025-10-21,
1640,René,Osorio,rené.osorio@yahoo.com,Espana,Almería,2025-08-22,False
1641,Amaro,Arrieta,amaro.arrieta@gmail.com,Spain,Huelva,2024-11-16,True
1642,Nydia,Amores,nydia.amores@hotmail.com,MX,Jaén,2023-05-08,True
1643,Cleto,Roman,cleto.roman@yahoo.com,chile,La Rioja,2023-03-14,True
1644,Pascual,Barbero,pascual.barbero@hotmail.com,colombia,Ciudad,2025-09-07,False
1645,Joel,Miguel,,Spain,Tarragona,2025-11-05,False
1646,Blas,Mayol,blas.mayol@gmail.com,CO,Cáceres,2024-04-11,True
1647,Alex,Moreno,alex.moreno@gmail.com,SPAIN,Sevilla,2023-02-07,True
1648,Rosario,Rocamora,rosario.rocamora@hotmail.com,CO,Cuenca,2025-05-24,True
1649,Alex,Soria,alex.soria@hotmail.com,Colombia,Guadalajara,2025-01-23,False
1650,René,Portero,rené.portero@yahoo.com,Colombia,Zaragoza,2023-01-21,
1651,Amaya,Cabo,amaya.cabo@hotmail.com,chile,Guipúzcoa,2024-05-26,True
1652,Anabel,Valverde,anabel.valverde@hotmail.com,SPAIN,Cáceres,2024-10-05,
1653,Encarnacion,Marí,encarnacion.marí@yahoo.com,mexico,Cantabria,2023-09-08,True
1654,Anabel,Benet,anabel.benet@hotmail.com,argentina,Girona,2025-01-01,True
1655,Juan Manuel,Asenjo,juan manuel.asenjo@yahoo.com,colombia,Zaragoza,2024-08-22,True
1656,Jaime,Briones,jaime.briones@hotmail.com,CL,Palencia,2023-08-02,False
1657,Nicodemo,Llano,nicodemo.llano@gmail.com,CL,Las Palmas,2023-10-08,
1658,Hugo,Olivera,hugo.olivera@gmail.com,mexico,Málaga,2025-02-01,True
1659,Nilda,Marín,nilda.marín@yahoo.com,SPAIN,Cantabria,2025-07-18,True
1660,Severino,Quesada,severino.quesada@yahoo.com,Colombia,Sevilla,2024-09-07,True
1661,María Carmen,Escribano,maría carmen.escribano@gmail.com,spain,Ourense,2023-02-08,False
1662,Angelina,Garcés,angelina.garcés@hotmail.com,Colombia,Cuenca,2025-06-01,
1663,Felicia,Roura,felicia.roura@hotmail.com,Argentina,Melilla,2023-02-23,False
1664,Herberto,Pastor,  HERBERTO.PASTOR@YAHOO.COM  ,argentina,Ciudad,2025-06-07,
1665,Eutropio,Marín,eutropio.marín@yahoo.com,Spain,Guadalajara,2024-08-11,
1666,Rosalina,Baró,rosalina.baró@hotmail.com,CO,La Rioja,2025-11-28,False
1667,Juanito,Madrid,juanito.madrid@hotmail.com,colombia,Córdoba,2023-02-01,
1668,Jacinta,Guzman,jacinta.guzman@yahoo.com,Argentina,Baleares,2024-08-28,False
1669,Eutimio,Fernandez,eutimio.fernandez@gmail.com,Espana,Zaragoza,2024-05-28,
1670,Pastora,Menéndez,pastora.menéndez@yahoo.com,Spain,Navarra,2024-06-25,False
1671,Tristán,Roca,tristán.roca@hotmail.com,Colombia,Cantabria,2025-01-04,
1672,Feliciano,Llamas,feliciano.llamas@gmail.com,México,Córdoba,2024-07-20,
1673,Montserrat,Lobato,montserrat.lobato@hotmail.com,Argentina,Segovia,2024-07-19,False
1674,Reyes,Arnal,reyes.arnal@hotmail.com,MX,Zamora,2023-04-12,
1675,Alex,Baquero,alex.baquero@gmail.com,SPAIN,Pontevedra,2024-10-11,
1676,Marc,Bartolomé,marc.bartolomé@yahoo.com,Mexico,Sevilla,,False
1677,Gema,Bosch,gema.bosch@yahoo.com,chile,Ciudad,2023-08-12,False
1678,Dani,Vall,dani.vall@gmail.com,Espana,Madrid,2025-01-30,
1679,Soledad,Bosch,soledad.bosch@gmail.com,Colombia,Vizcaya,2023-10-21,
1680,Noemí,Millán,noemí.millán@yahoo.com,AR,Zaragoza,2025-02-06,False
1681,Marianela,Guzman,marianela.guzman@yahoo.com,Chile,Burgos,2023-11-04,True
1682,Custodio,Díez,custodio.díez@gmail.com,Espana,León,2025-11-06,
1683,Sebastian,Izquierdo,sebastian.izquierdo@hotmail.com,Argentina,Madrid,2023-11-04,
1684,Bibiana,Perera,bibiana.perera@hotmail.com,Spain,Guadalajara,2025-10-28,
1685,Caridad,Roda,caridad.roda@yahoo.com,chile,Cuenca,2025-12-16,
1686,Serafina,Coca,serafina.coca@yahoo.com,colombia,Teruel,2024-07-05,
1687,Quirino,Mendez,quirino.mendez@gmail.com,Argentina,Valencia,2025-01-11,False
1688,Gloria,Ballester,gloria.ballester@hotmail.com,SPAIN,Córdoba,2025-04-19,False
1689,Carmina,Planas,carmina.planas@yahoo.com,chile,Zaragoza,2025-09-18,False
1690,Isidora,Carro,isidora.carro@hotmail.com,Colombia,León,2023-09-14,True
1691,Román,Aguiló,román.aguiló@yahoo.com,colombia,Granada,2024-06-17,False
1692,Cipriano,Gutiérrez,cipriano.gutiérrez@yahoo.com,Argentina,Cáceres,2023-10-31,
1693,Yolanda,Ródenas,  YOLANDA.RÓDENAS@HOTMAIL.COM  ,MX,Zaragoza,2023-09-05,
1694,María Fernanda,Ramos,maría fernanda.ramos@gmail.com,colombia,Ávila,2025-06-02,True
1695,Pacífica,Tur,pacífica.tur@yahoo.com,SPAIN,Guipúzcoa,2025-03-05,False
1696,Liliana,Rocamora,liliana.rocamora@gmail.com,México,Tarragona,2024-08-23,False
1697,Juan Carlos,Velasco,juan carlos.velasco@gmail.com,chile,La Rioja,2023-04-03,False
1698,Eligia,Morillo,eligia.morillo@yahoo.com,CO,Valladolid,2025-06-11,False
1699,Baldomero,Espejo,baldomero.espejo@hotmail.com,MX,Zamora,2025-11-09,True
1700,Felipa,Cerdán,felipa.cerdán@gmail.com,chile,Cantabria,2025-02-15,True
1701,Eusebia,Mayoral,eusebia.mayoral@yahoo.com,chile,Baleares,2023-07-18,False
1702,Fausto,Iborra,fausto.iborra@hotmail.com,Argentina,Pontevedra,2025-11-06,False
1703,Itziar,Reguera,itziar.reguera@yahoo.com,AR,Lugo,2023-10-21,
1704,Samanta,Cañellas,samanta.cañellas@yahoo.com,México,Soria,2024-10-05,False
1705,Dorita,Morán,dorita.morán@yahoo.com,Mexico,Ávila,2024-04-03,False
1706,Severino,Pedrero,severino.pedrero@gmail.com,argentina,Jaén,2024-07-24,True
1707,Perlita,Gomez,  PERLITA.GOMEZ@GMAIL.COM  ,chile,Navarra,2023-03-23,
1708,Flor,Granados,,Chile,Cantabria,2023-02-22,False
1709,Juan Francisco,Domingo,juan francisco.domingo@gmail.com,CL,Salamanca,2025-07-18,True
1710,Timoteo,Juan,timoteo.juan@gmail.com,ES,Huesca,2023-06-27,False
1711,Francisco,Carpio,francisco.carpio@gmail.com,spain,Vizcaya,2024-03-31,False
1712,Zoraida,Santiago,zoraida.santiago@hotmail.com,mexico,Baleares,2025-11-16,True
1713,Jacobo,Frutos,jacobo.frutos@gmail.com,Argentina,Girona,2025-12-03,
1714,Margarita,Urrutia,margarita.urrutia@yahoo.com,Spain,Las Palmas,2024-03-26,False
1715,Roberta,Gabaldón,roberta.gabaldón@hotmail.com,Colombia,Girona,2025-10-14,True
1716,Lucía,Fajardo,lucía.fajardo@yahoo.com,Espana,La Rioja,2023-01-07,False
1717,Mónica,Coello,mónica.coello@gmail.com,chile,Córdoba,2025-05-06,
1718,Jonatan,Sanmartín,jonatan.sanmartín@gmail.com,colombia,Palencia,2025-09-18,True
1719,Isaura,Sedano,isaura.sedano@gmail.com,Argentina,Lugo,2025-09-30,False
1720,Eliseo,Morales,eliseo.morales@hotmail.com,CL,Soria,2024-03-24,False
1721,Ibán,Pla,ibán.pla@hotmail.com,CO,Valencia,2023-08-26,False
1722,Edelmira,Jaén,edelmira.jaén@gmail.com,spain,Navarra,2025-09-17,False
1723,Benigno,Azorin,  BENIGNO.AZORIN@YAHOO.COM  ,CL,Lugo,2024-07-02,False
1724,Violeta,Pablo,violeta.pablo@hotmail.com,Espana,Álava,2024-10-12,False
1725,José Luis,Vargas,josé luis.vargas@hotmail.com,CO,Granada,2025-09-21,False
1726,Ruperto,Peláez,ruperto.peláez@gmail.com,spain,Palencia,2023-12-08,
1727,Gastón,Juliá,gastón.juliá@gmail.com,Espana,Guipúzcoa,2023-02-10,True
1728,Saturnina,Solé,saturnina.solé@gmail.com,Colombia,Guadalajara,2024-12-23,
1729,Leocadia,Roselló,leocadia.roselló@gmail.com,Spain,Baleares,2024-02-11,
1730,Matías,Arregui,matías.arregui@gmail.com,colombia,Cuenca,2025-02-04,True
1731,Mariana,Palomo,  MARIANA.PALOMO@YAHOO.COM  ,chile,Córdoba,2023-02-11,
1732,Emperatriz,Laguna,emperatriz.laguna@hotmail.com,Espana,Las Palmas,2023-11-18,True
1733,Teodora,Cózar,,MX,Valladolid,2023-09-11,False
1734,Eutropio,Sacristán,eutropio.sacristán@gmail.com,Colombia,Burgos,2023-06-23,
1735,Baltasar,Gras,,Colombia,Lugo,2023-11-07,
1736,Juan Bautista,Cárdenas,juan bautista.cárdenas@hotmail.com,Colombia,Las Palmas,2024-10-24,
1737,David,Uría,david.uría@gmail.com,spain,Huelva,2024-06-25,
1738,Leire,Toro,leire.toro@yahoo.com,CO,Baleares,2025-04-12,False
1739,Raquel,Colomer,raquel.colomer@gmail.com,argentina,Ávila,2023-02-05,
1740,Herminio,Luz,herminio.luz@gmail.com,CO,Valencia,2025-07-15,True
1741,Apolonia,Llamas,apolonia.llamas@hotmail.com,Colombia,Palencia,2023-08-12,False
1742,Adalberto,Zorrilla,adalberto.zorrilla@hotmail.com,Mexico,La Rioja,2025-09-30,True
1743,Zoraida,Benítez,zoraida.benítez@gmail.com,México,Soria,2024-04-21,False
1744,Ciríaco,Mulet,ciríaco.mulet@gmail.com,AR,Soria,2023-11-05,
1745,Irma,Carro,  IRMA.CARRO@YAHOO.COM  ,chile,Palencia,2024-03-04,False
1746,Úrsula,Camino,úrsula.camino@yahoo.com,CL,Albacete,2024-10-21,False
1747,Ceferino,Seguí,ceferino.seguí@hotmail.com,chile,Lleida,2023-06-16,False
1748,Eusebia,Leon,  EUSEBIA.LEON@HOTMAIL.COM  ,ES,Guipúzcoa,2025-11-30,True
1749,Armando,Santamaría,armando.santamaría@yahoo.com,México,Castellón,2025-05-18,
1750,Rosalía,Atienza,rosalía.atienza@hotmail.com,CL,Guadalajara,2025-05-06,False
1751,Nazaret,Baquero,nazaret.baquero@hotmail.com,ES,Navarra,2024-07-09,
1752,Eligia,Pizarro,eligia.pizarro@gmail.com,argentina,Córdoba,2025-12-07,
1753,Gaspar,Heredia,gaspar.heredia@yahoo.com,argentina,Albacete,2024-03-07,
1754,Reyes,Galindo,reyes.galindo@gmail.com,MX,Vizcaya,2023-01-21,True
1755,Samuel,López,samuel.lópez@hotmail.com,México,Baleares,2024-09-30,True
1756,Marc,Tudela,marc.tudela@yahoo.com,Espana,Soria,2025-08-17,True
1757,Elisa,Castro,elisa.castro@yahoo.com,argentina,Huesca,2023-01-29,False
1758,Ariel,Folch,ariel.folch@yahoo.com,AR,Jaén,2025-04-05,
1759,Alba,Ledesma,alba.ledesma@hotmail.com,chile,Ávila,2023-11-09,True
1760,Maristela,Rocamora,maristela.rocamora@yahoo.com,Argentina,Las Palmas,2025-12-05,False
1761,Eva María,Rojas,eva maría.rojas@gmail.com,argentina,Málaga,2024-07-21,
1762,Néstor,Silva,néstor.silva@hotmail.com,chile,Segovia,2023-01-06,True
1763,Itziar,Cortina,itziar.cortina@yahoo.com,Espana,Girona,2023-01-01,True
1764,Adelina,Ruiz,adelina.ruiz@gmail.com,México,Granada,2024-09-11,True
1765,Eustaquio,Castell,eustaquio.castell@hotmail.com,México,Ciudad,2025-08-29,
1766,Azeneth,Roma,azeneth.roma@yahoo.com,argentina,Navarra,2024-03-14,
1767,Carmelo,Arrieta,carmelo.arrieta@hotmail.com,argentina,Málaga,2025-06-23,False
1768,Teodoro,Rey,teodoro.rey@gmail.com,Espana,Sevilla,2023-12-31,False
1769,Lola,Isern,lola.isern@yahoo.com,colombia,Palencia,2024-01-27,True
1770,Ceferino,Vara,ceferino.vara@gmail.com,SPAIN,Valencia,2023-01-12,False
1771,Gisela,Sevillano,gisela.sevillano@gmail.com,spain,La Coruña,2023-01-27,True
1772,Artemio,Blanco,artemio.blanco@yahoo.com,argentina,Guadalajara,2024-06-02,True
1773,Diana,Sanz,diana.sanz@hotmail.com,Chile,Salamanca,2025-07-19,False
1774,Nuria,Landa,,Chile,Castellón,2023-03-01,
1775,Gil,Bermudez,gil.bermudez@hotmail.com,MX,Soria,2025-05-09,True
1776,Curro,Roura,curro.roura@hotmail.com,ES,Álava,2023-07-19,False
1777,Ruperto,Carnero,ruperto.carnero@gmail.com,Mexico,Segovia,2024-10-10,True
1778,Albina,Seguí,albina.seguí@hotmail.com,chile,Sevilla,2025-04-05,
1779,Marcela,Torrecilla,marcela.torrecilla@yahoo.com,Spain,Tarragona,2023-10-30,True
1780,Ignacia,Prat,ignacia.prat@yahoo.com,México,Barcelona,2025-11-01,
1781,Elpidio,Alcalá,elpidio.alcalá@gmail.com,spain,Albacete,2024-11-30,
1782,Josefa,Fabra,josefa.fabra@gmail.com,Espana,Lugo,2023-07-05,True
1783,Florencia,Codina,florencia.codina@hotmail.com,mexico,Las Palmas,2023-12-13,True
1784,Purificación,Farré,purificación.farré@gmail.com,AR,Vizcaya,2024-05-20,
1785,Abigaíl,Colomer,abigaíl.colomer@yahoo.com,MX,Albacete,2024-08-10,True
1786,Demetrio,Delgado,demetrio.delgado@gmail.com,CL,Madrid,2024-07-12,True
1787,Adriana,Aller,adriana.aller@yahoo.com,AR,Cantabria,2025-09-30,False
1788,Macario,Pou,macario.pou@gmail.com,argentina,Álava,2023-12-16,
1789,Cristian,Rosales,cristian.rosales@yahoo.com,Colombia,Valencia,2025-06-07,
1790,Cristina,Manso,cristina.manso@gmail.com,Argentina,La Coruña,2024-07-04,True
1791,Amalia,Vilanova,amalia.vilanova@hotmail.com,Argentina,Ceuta,2023-08-25,
1792,Lidia,Barrera,lidia.barrera@hotmail.com,México,Las Palmas,2025-02-01,
1793,Corona,Moles,corona.moles@hotmail.com,Chile,Cuenca,2025-01-04,True
1794,Teodora,Rincón,teodora.rincón@yahoo.com,México,Madrid,2023-07-25,False
1795,Esther,Oliver,esther.oliver@yahoo.com,Argentina,Albacete,2023-02-14,
1796,Felix,Maestre,felix.maestre@hotmail.com,colombia,Lugo,2025-03-28,True
1797,Omar,Ríos,omar.ríos@gmail.com,argentina,Palencia,2025-04-01,True
1798,Violeta,Nicolau,violeta.nicolau@hotmail.com,Chile,Barcelona,2025-03-31,True
1799,Sol,Marcos,sol.marcos@hotmail.com,Chile,La Rioja,2025-12-09,
1800,Perla,Palomino,perla.palomino@yahoo.com,MX,Salamanca,2023-04-21,False
1801,Hipólito,Lumbreras,hipólito.lumbreras@hotmail.com,mexico,Sevilla,2023-01-02,True
1802,Almudena,Castelló,almudena.castelló@gmail.com,mexico,Cáceres,2024-02-21,
1803,Eloísa,Téllez,eloísa.téllez@gmail.com,MX,Madrid,,True
1804,Marcio,Guitart,marcio.guitart@gmail.com,Argentina,Albacete,2024-03-11,
1805,Plinio,Julián,plinio.julián@yahoo.com,CO,Cádiz,2023-07-16,False
1806,Pastora,Vara,pastora.vara@gmail.com,México,Guipúzcoa,2025-05-19,
1807,Tito,Carbonell,tito.carbonell@hotmail.com,spain,Baleares,2023-02-25,
1808,Chita,Goicoechea,chita.goicoechea@yahoo.com,MX,Guipúzcoa,2023-01-04,False
1809,Milagros,Padilla,milagros.padilla@gmail.com,SPAIN,Burgos,2024-03-08,True
1810,Reyna,Villalba,reyna.villalba@hotmail.com,AR,Teruel,2024-08-06,
1811,Aureliano,Río,aureliano.río@yahoo.com,Colombia,Badajoz,2024-01-03,
1812,Merche,Cal,merche.cal@hotmail.com,Chile,Málaga,2023-07-27,False
1813,Cruz,Diego,cruz.diego@hotmail.com,SPAIN,Castellón,2025-02-25,True
1814,Visitación,Pardo,visitación.pardo@gmail.com,colombia,Teruel,2023-04-22,False
1815,Vasco,Velasco,vasco.velasco@yahoo.com,Espana,Burgos,2025-10-25,False
1816,Flor,Parra,flor.parra@yahoo.com,argentina,Baleares,2024-01-02,
1817,Regina,Franch,  REGINA.FRANCH@YAHOO.COM  ,colombia,Vizcaya,2024-06-12,
1818,María José,Agudo,maría josé.agudo@gmail.com,CO,Guipúzcoa,2023-09-06,False
1819,Luciano,Vazquez,luciano.vazquez@gmail.com,Argentina,Cuenca,2024-05-31,
1820,Ramón,Ribera,ramón.ribera@yahoo.com,Argentina,Burgos,2024-12-31,False
1821,Marisa,Ávila,marisa.ávila@yahoo.com,AR,Barcelona,2025-01-01,
1822,Nidia,Romeu,nidia.romeu@yahoo.com,Colombia,Lleida,2023-09-16,
1823,Reyes,Villalonga,reyes.villalonga@hotmail.com,CO,Albacete,2025-07-27,True
1824,Venceslás,Coello,venceslás.coello@gmail.com,chile,Ávila,2025-02-02,
1825,Nilo,Miranda,nilo.miranda@yahoo.com,ES,Las Palmas,2024-11-22,
1826,Benjamín,Pozuelo,benjamín.pozuelo@gmail.com,AR,Ourense,2024-06-10,
1827,Bautista,Vizcaíno,bautista.vizcaíno@yahoo.com,ES,La Coruña,2024-06-18,
1828,Soraya,Mayo,soraya.mayo@hotmail.com,chile,Huelva,2023-04-11,False
1829,Adán,Losa,adán.losa@hotmail.com,México,Tarragona,2024-01-16,
1830,Sancho,Salmerón,sancho.salmerón@hotmail.com,Espana,Murcia,2024-08-06,False
1831,Etelvina,Salamanca,etelvina.salamanca@hotmail.com,Mexico,Zaragoza,2024-07-16,
1832,Merche,Quiroga,  MERCHE.QUIROGA@GMAIL.COM  ,Argentina,Ávila,2024-10-26,
1833,Angelino,Nadal,angelino.nadal@yahoo.com,argentina,Melilla,2025-05-11,False
1834,Calixta,Luz,calixta.luz@gmail.com,CL,Málaga,2024-12-03,False
1835,Carmina,Miguel,carmina.miguel@hotmail.com,Colombia,Valladolid,2024-03-07,True
1836,Fabiola,Cuesta,fabiola.cuesta@gmail.com,CO,Zamora,2023-06-10,
1837,Calista,Jordán,calista.jordán@gmail.com,Argentina,Toledo,2025-01-26,False
1838,Telmo,Vazquez,telmo.vazquez@gmail.com,colombia,Huesca,2023-12-08,
1839,Juan Antonio,Vera,  JUAN ANTONIO.VERA@YAHOO.COM  ,CO,Almería,2024-08-04,False
1840,Maristela,Casanovas,maristela.casanovas@yahoo.com,México,Ourense,2023-09-10,True
1841,Maite,Adadia,maite.adadia@yahoo.com,Mexico,Ciudad,2023-11-22,
1842,Noa,Guillen,noa.guillen@yahoo.com,colombia,Girona,2025-05-06,False
1843,Griselda,Chaves,griselda.chaves@hotmail.com,AR,Melilla,2024-10-12,
1844,Malena,Huguet,malena.huguet@gmail.com,Colombia,Melilla,2025-08-08,False
1845,Dafne,Fernández,  DAFNE.FERNÁNDEZ@YAHOO.COM  ,MX,Badajoz,2024-11-15,
1846,Eugenio,Roig,eugenio.roig@yahoo.com,Mexico,Ávila,2025-05-06,
1847,Bernabé,Rodríguez,bernabé.rodríguez@gmail.com,Espana,Castellón,2025-10-27,
1848,Victor Manuel,Bermejo,  VICTOR MANUEL.BERMEJO@YAHOO.COM  ,chile,Palencia,2024-05-26,
1849,Celia,Villena,celia.villena@yahoo.com,colombia,Palencia,2025-03-08,True
1850,Andrea,Roda,andrea.roda@yahoo.com,México,Toledo,2023-12-25,
1851,Sigfrido,Cánovas,sigfrido.cánovas@gmail.com,mexico,Madrid,2023-03-05,False
1852,Leonor,Seco,leonor.seco@gmail.com,Colombia,Tarragona,2024-05-10,False
1853,Ibán,Sarabia,ibán.sarabia@yahoo.com,chile,Valencia,2024-11-09,True
1854,Faustino,Peiró,faustino.peiró@gmail.com,México,Baleares,2023-03-08,False
1855,Dionisio,Peiró,dionisio.peiró@hotmail.com,CL,Alicante,2025-05-04,
1856,Azeneth,Coronado,azeneth.coronado@gmail.com,Chile,Granada,2025-12-29,False
1857,Reinaldo,Mateos,reinaldo.mateos@yahoo.com,colombia,Albacete,2023-03-23,
1858,Máxima,Clavero,máxima.clavero@gmail.com,chile,Almería,2023-09-12,False
1859,Tere,Mayol,tere.mayol@yahoo.com,Chile,Cádiz,2024-11-26,True
1860,Olivia,Torrijos,olivia.torrijos@gmail.com,Colombia,Navarra,2023-06-01,
1861,Paco,Bauzà,paco.bauzà@gmail.com,Colombia,Lugo,2025-06-29,False
1862,Constanza,Menendez,constanza.menendez@hotmail.com,argentina,Guipúzcoa,2023-10-14,False
1863,Merche,Pi,merche.pi@yahoo.com,SPAIN,Valladolid,2024-08-19,
1864,Emiliano,Vargas,emiliano.vargas@hotmail.com,mexico,Valladolid,2024-08-26,
1865,Vinicio,Sanchez,vinicio.sanchez@gmail.com,MX,Ávila,2024-06-10,True
1866,Nereida,Recio,  NEREIDA.RECIO@YAHOO.COM  ,mexico,La Coruña,2025-01-15,
1867,Norberto,Arroyo,norberto.arroyo@hotmail.com,CL,Valencia,2024-12-05,
1868,Leopoldo,Borrego,leopoldo.borrego@gmail.com,CL,Ourense,2025-09-20,
1869,Eva María,Mendizábal,eva maría.mendizábal@hotmail.com,Colombia,Segovia,2023-05-13,False
1870,Celia,Blázquez,celia.blázquez@gmail.com,MX,Ourense,2023-09-02,False
1871,Azahara,Fajardo,azahara.fajardo@yahoo.com,CO,Baleares,2023-01-25,
1872,Genoveva,Escolano,genoveva.escolano@gmail.com,MX,Zamora,2023-07-22,
1873,Hernán,Higueras,hernán.higueras@hotmail.com,spain,Ávila,2023-06-12,True
1874,Noemí,Montes,noemí.montes@yahoo.com,colombia,Madrid,2024-01-10,
1875,Rosalva,Alvarado,rosalva.alvarado@yahoo.com,MX,Cádiz,2023-03-24,False
1876,Severino,Amador,severino.amador@hotmail.com,CL,Jaén,2023-05-11,True
1877,José Ángel,Bou,josé ángel.bou@gmail.com,CL,Murcia,2025-09-04,
1878,Florentino,Machado,florentino.machado@gmail.com,spain,Córdoba,2025-09-06,True
1879,María Jesús,Borrás,maría jesús.borrás@gmail.com,Colombia,La Rioja,2025-09-24,True
1880,Irene,Dominguez,irene.dominguez@gmail.com,CL,Cádiz,2025-06-25,True
1881,Amando,Barragán,amando.barragán@yahoo.com,chile,Badajoz,2023-01-02,False
1882,Miguel,Cisneros,miguel.cisneros@yahoo.com,CL,Córdoba,2025-11-04,False
1883,Remigio,Carrillo,remigio.carrillo@gmail.com,AR,Ciudad,2024-07-17,
1884,Marina,Guzmán,marina.guzmán@yahoo.com,argentina,Baleares,2024-01-09,False
1885,Julio César,Barrera,julio césar.barrera@yahoo.com,CL,Navarra,2025-06-03,True
1886,Santos,Bastida,santos.bastida@yahoo.com,CO,La Rioja,2024-01-10,True
1887,Evita,Guillen,evita.guillen@gmail.com,MX,Navarra,2025-12-22,
1888,Delia,Cadenas,delia.cadenas@gmail.com,argentina,Granada,2024-10-25,False
1889,Clementina,Ramírez,clementina.ramírez@yahoo.com,MX,Santa Cruz de Tenerife,2025-11-23,
1890,Angelita,Frutos,angelita.frutos@gmail.com,CL,Murcia,2024-06-22,False
1891,Florentino,Higueras,florentino.higueras@hotmail.com,Argentina,Navarra,2024-10-07,False
1892,Vito,Arnaiz,  VITO.ARNAIZ@GMAIL.COM  ,CL,Salamanca,2025-04-07,False
1893,Luis Miguel,Diego,luis miguel.diego@gmail.com,argentina,Lugo,,
1894,Leandro,Iglesia,leandro.iglesia@hotmail.com,MX,Huelva,2025-02-03,False
1895,Purificación,Garcia,purificación.garcia@hotmail.com,CO,Alicante,2024-03-16,False
1896,Felix,Becerra,felix.becerra@yahoo.com,Argentina,La Coruña,2025-09-09,
1897,Jovita,Casado,jovita.casado@gmail.com,Colombia,Las Palmas,2025-09-24,
1898,Humberto,Vargas,humberto.vargas@yahoo.com,CL,Santa Cruz de Tenerife,2024-12-02,False
1899,Juan Carlos,Santamaría,juan carlos.santamaría@yahoo.com,CO,Sevilla,2023-06-01,
1900,Modesto,Noguera,modesto.noguera@gmail.com,Colombia,Pontevedra,2024-02-14,False
1901,Nando,Alcázar,nando.alcázar@hotmail.com,mexico,Segovia,2024-06-17,False
1902,Ágata,Abril,ágata.abril@hotmail.com,SPAIN,Álava,2024-10-04,False
1903,Valeria,Agustí,valeria.agustí@hotmail.com,colombia,La Rioja,2025-08-17,False
1904,Cayetana,Torrijos,cayetana.torrijos@yahoo.com,Argentina,Zamora,2024-06-06,True
1905,Sarita,Berenguer,sarita.berenguer@hotmail.com,Mexico,Sevilla,2025-09-23,
1906,Victor,Casal,victor.casal@yahoo.com,Espana,Pontevedra,2023-03-07,False
1907,Pepito,Pombo,pepito.pombo@gmail.com,CL,Baleares,2023-05-18,
1908,Óscar,Pellicer,óscar.pellicer@gmail.com,Espana,Álava,2025-11-17,True
1909,Ismael,Aller,ismael.aller@yahoo.com,CL,Cantabria,2023-05-30,False
1910,Cipriano,Mateo,cipriano.mateo@hotmail.com,AR,Ceuta,2023-11-08,True
1911,Ana,Parejo,ana.parejo@gmail.com,mexico,Madrid,2025-06-04,False
1912,Verónica,Gallart,,CL,Santa Cruz de Tenerife,,True
1913,Ruy,Cantero,ruy.cantero@yahoo.com,AR,Cáceres,2024-10-30,
1914,Carmina,Ferrer,carmina.ferrer@hotmail.com,mexico,Asturias,2023-11-09,True
1915,Dionisia,Castellanos,  DIONISIA.CASTELLANOS@HOTMAIL.COM  ,mexico,Barcelona,2023-03-22,
1916,Juan Antonio,Goñi,juan antonio.goñi@hotmail.com,Argentina,Cantabria,2024-04-16,True
1917,Regina,Alvarado,regina.alvarado@hotmail.com,Argentina,Soria,2024-03-20,True
1918,Charo,Santiago,charo.santiago@gmail.com,México,Segovia,2023-02-22,
1919,Ignacia,Azorin,ignacia.azorin@yahoo.com,México,La Rioja,2024-02-11,False
1920,Leocadio,Carro,leocadio.carro@hotmail.com,Chile,Madrid,2025-11-23,True
1921,Porfirio,Villar,porfirio.villar@gmail.com,ES,Almería,2024-10-10,True
1922,Leopoldo,Rivera,leopoldo.rivera@hotmail.com,Espana,Guadalajara,2023-08-18,True
1923,Adelardo,Pou,adelardo.pou@gmail.com,ES,Ávila,2023-07-24,False
1924,Silvia,Amaya,silvia.amaya@hotmail.com,ES,Tarragona,2024-04-14,True
1925,Teo,Benavente,,CO,Cáceres,2024-07-16,False
1926,Narciso,Mercader,narciso.mercader@gmail.com,SPAIN,Albacete,2023-01-19,True
1927,Alexandra,Rosales,alexandra.rosales@gmail.com,México,Córdoba,2024-03-05,
1928,Jose Miguel,Campos,jose miguel.campos@yahoo.com,AR,Guipúzcoa,2025-05-08,
1929,Pepita,Ballester,pepita.ballester@yahoo.com,MX,Asturias,2023-11-29,True
1930,Maura,Ródenas,maura.ródenas@gmail.com,AR,Palencia,2024-06-27,True
1931,Edelmiro,Boada,,spain,Jaén,2025-08-21,True
1932,Matías,Bas,matías.bas@gmail.com,Colombia,Zaragoza,2025-12-11,True
1933,Vasco,Ballesteros,vasco.ballesteros@yahoo.com,spain,Asturias,2023-05-16,False
1934,Cristian,Barba,cristian.barba@hotmail.com,CO,Girona,2023-10-03,
1935,Remedios,Pizarro,remedios.pizarro@yahoo.com,spain,Salamanca,2024-06-10,
1936,Marina,Reig,marina.reig@gmail.com,CL,Lleida,2023-07-17,
1937,Rodrigo,Simó,rodrigo.simó@yahoo.com,Chile,Guipúzcoa,2023-10-20,True
1938,Florina,Amo,florina.amo@yahoo.com,ES,Palencia,2024-05-26,True
1939,Guadalupe,Campoy,guadalupe.campoy@gmail.com,AR,Pontevedra,2025-11-30,False
1940,Leyre,Bauzà,leyre.bauzà@hotmail.com,mexico,Ourense,2023-03-12,False
1941,Edmundo,Verdú,  EDMUNDO.VERDÚ@YAHOO.COM  ,SPAIN,La Rioja,2023-03-11,True
1942,Alicia,Sales,alicia.sales@gmail.com,México,Barcelona,2025-09-17,True
1943,Nayara,Arregui,nayara.arregui@gmail.com,CL,Granada,2024-06-22,True
1944,Daniela,Ruano,daniela.ruano@hotmail.com,argentina,Granada,2024-11-21,True
1945,Dalila,Coello,dalila.coello@gmail.com,AR,Granada,2025-07-23,
1946,Elisa,Novoa,elisa.novoa@yahoo.com,argentina,Álava,2025-05-23,
1947,Aura,Coca,aura.coca@gmail.com,Mexico,Málaga,2023-08-16,
1948,Olivia,Ballester,olivia.ballester@yahoo.com,Argentina,Cantabria,2025-06-12,True
1949,Herberto,Fortuny,herberto.fortuny@gmail.com,Chile,Cantabria,2025-11-12,
1950,Guadalupe,Tamarit,guadalupe.tamarit@hotmail.com,Mexico,Pontevedra,2025-12-12,True
1951,Jimena,Muñoz,jimena.muñoz@hotmail.com,chile,Salamanca,2025-01-12,
1952,Marcelino,Riquelme,marcelino.riquelme@yahoo.com,Chile,Badajoz,2023-12-06,
1953,Wálter,Arnal,wálter.arnal@yahoo.com,MX,Álava,2025-05-18,False
1954,Feliciana,Gisbert,feliciana.gisbert@hotmail.com,ES,Lleida,2025-05-12,False
1955,Estrella,Garcés,estrella.garcés@gmail.com,Argentina,Valencia,2023-06-03,
1956,María Jesús,Muñoz,maría jesús.muñoz@hotmail.com,Argentina,Castellón,2023-05-17,False
1957,Salomón,Espinosa,salomón.espinosa@gmail.com,MX,Álava,2024-05-11,True
1958,Candelario,Pallarès,candelario.pallarès@gmail.com,CO,Burgos,2024-12-18,False
1959,Luis Ángel,Sacristán,luis ángel.sacristán@gmail.com,México,Alicante,2023-11-07,True
1960,Amor,Flor,,AR,Cádiz,2023-08-29,
1961,Isidoro,Juárez,isidoro.juárez@hotmail.com,Espana,Guipúzcoa,2024-09-03,
1962,Rebeca,Hoyos,rebeca.hoyos@gmail.com,CL,Albacete,2024-11-30,True
1963,Gabriel,Juárez,gabriel.juárez@gmail.com,CO,Soria,2023-12-11,
1964,Emigdio,Pinilla,emigdio.pinilla@hotmail.com,CO,Guipúzcoa,2025-01-12,
1965,Humberto,Mayol,humberto.mayol@yahoo.com,colombia,Huesca,2023-08-04,False
1966,Nydia,Perales,nydia.perales@hotmail.com,AR,Melilla,2024-05-29,True
1967,Nerea,Roura,nerea.roura@hotmail.com,Spain,Baleares,2025-10-10,False
1968,Ernesto,Castrillo,ernesto.castrillo@gmail.com,Argentina,Murcia,2025-09-26,
1969,Reyes,Perelló,reyes.perelló@yahoo.com,colombia,Santa Cruz de Tenerife,2025-02-22,True
1970,Jose Ignacio,Arteaga,jose ignacio.arteaga@hotmail.com,chile,Murcia,2023-08-29,True
1971,Macario,Comas,macario.comas@yahoo.com,argentina,Almería,2025-05-13,
1972,Eva,Losada,eva.losada@gmail.com,spain,Castellón,2025-08-01,
1973,Lucía,Bertrán,lucía.bertrán@yahoo.com,ES,Cáceres,2025-06-03,True
1974,Apolonia,Pons,,MX,Madrid,2024-11-04,False
1975,Aurelia,Simó,aurelia.simó@gmail.com,ES,Teruel,2024-12-05,True
1976,Raúl,Zaragoza,raúl.zaragoza@hotmail.com,AR,Teruel,2024-06-22,True
1977,Ana Belén,Sáez,ana belén.sáez@yahoo.com,mexico,Santa Cruz de Tenerife,2023-12-19,True
1978,África,Arce,áfrica.arce@gmail.com,AR,Cantabria,2024-04-11,False
1979,Vito,Guitart,vito.guitart@yahoo.com,Spain,Granada,2025-10-15,False
1980,Teodoro,Pi,teodoro.pi@hotmail.com,mexico,Huesca,2024-11-21,False
1981,José Manuel,Blazquez,josé manuel.blazquez@gmail.com,MX,Girona,2024-09-27,
1982,Victor,Villena,victor.villena@yahoo.com,CL,Palencia,2025-03-26,True
1983,Ariel,Sola,ariel.sola@hotmail.com,Mexico,Las Palmas,2025-04-08,True
1984,Virgilio,Solsona,virgilio.solsona@yahoo.com,argentina,Huesca,2025-02-27,
1985,Nilda,Valencia,nilda.valencia@yahoo.com,argentina,Jaén,2024-04-05,True
1986,Amador,Escobar,amador.escobar@yahoo.com,MX,Córdoba,2025-10-09,
1987,Filomena,Benitez,filomena.benitez@yahoo.com,MX,Girona,2024-03-18,False
1988,Purificación,Valls,purificación.valls@hotmail.com,Mexico,Zamora,2025-06-17,
1989,Leonel,Goñi,leonel.goñi@gmail.com,Chile,Asturias,2025-03-29,False
1990,Plácido,Arenas,plácido.arenas@hotmail.com,argentina,Guipúzcoa,2024-06-23,False
1991,Haroldo,Mur,haroldo.mur@yahoo.com,mexico,Valencia,2023-10-03,
1992,Olalla,Llobet,olalla.llobet@gmail.com,MX,Valladolid,2025-11-05,
1993,Lilia,Julián,lilia.julián@gmail.com,Argentina,Girona,2024-12-14,
1994,Pacífica,Olivares,pacífica.olivares@yahoo.com,Chile,Palencia,2023-04-19,False
1995,Marita,Albero,marita.albero@yahoo.com,colombia,La Coruña,2023-12-17,False
1996,Javier,González,javier.gonzález@hotmail.com,chile,Lugo,2023-10-30,False
1997,Joaquín,Villalobos,joaquín.villalobos@hotmail.com,spain,Toledo,2023-02-26,False
1998,Odalys,Serra,odalys.serra@yahoo.com,colombia,Guadalajara,2025-03-22,False
1999,Raquel,Expósito,raquel.expósito@yahoo.com,argentina,Castellón,2024-04-21,
2000,Valentín,Sandoval,valentín.sandoval@hotmail.com,Colombia,Huesca,2024-10-06,
2001,Emilio,Castellanos,emilio.castellanos@yahoo.com,spain,Madrid,2023-05-26,
2002,Nélida,Pacheco,nélida.pacheco@yahoo.com,colombia,La Rioja,2024-01-03,True
2003,Teodoro,Quintanilla,teodoro.quintanilla@hotmail.com,colombia,Guadalajara,2025-04-06,
2004,Diana,Alvarado,diana.alvarado@hotmail.com,CO,Barcelona,2024-12-04,False
2005,Fabio,Murillo,fabio.murillo@hotmail.com,Argentina,Jaén,2025-10-20,False
2006,Hernando,Portillo,hernando.portillo@gmail.com,Colombia,Cantabria,2023-06-17,True
2007,Aitana,Camps,,CL,Santa Cruz de Tenerife,2023-05-05,True
2008,Teresa,Mayo,teresa.mayo@gmail.com,Argentina,Badajoz,,False
2009,Imelda,Elías,,CO,Albacete,2025-02-06,True
2010,Glauco,Flor,glauco.flor@gmail.com,México,Girona,2024-12-08,
2011,Hernán,Guijarro,hernán.guijarro@yahoo.com,mexico,Lleida,2023-12-30,False
2012,Baudelio,Pedrosa,,Espana,Cáceres,2023-09-04,False
2013,Nacho,Reig,nacho.reig@yahoo.com,Argentina,Baleares,2025-11-27,True
2014,Efraín,Ripoll,efraín.ripoll@yahoo.com,Colombia,Jaén,2024-11-21,
2015,Vera,Fábregas,vera.fábregas@gmail.com,CL,Granada,2023-05-15,False
2016,Toni,Taboada,toni.taboada@gmail.com,MX,Palencia,2025-04-07,True
2017,Hermenegildo,Valverde,hermenegildo.valverde@hotmail.com,colombia,Cuenca,2023-07-22,True
2018,Heriberto,Aguilera,heriberto.aguilera@gmail.com,argentina,Asturias,2025-12-04,
2019,Paloma,Pujol,paloma.pujol@hotmail.com,mexico,Melilla,2024-02-10,
2020,Nando,Tudela,nando.tudela@yahoo.com,CO,Ourense,2023-02-18,False
2021,Aníbal,Bou,aníbal.bou@yahoo.com,CL,Huelva,2024-08-11,
2022,Juanita,Martorell,juanita.martorell@yahoo.com,Espana,La Rioja,2023-07-02,
2023,Josep,Escobar,josep.escobar@hotmail.com,chile,Lleida,2023-04-09,True
2024,Rodrigo,Español,rodrigo.español@hotmail.com,AR,La Coruña,2023-04-18,
2025,Jovita,Arranz,jovita.arranz@gmail.com,colombia,Cuenca,2025-11-07,
2026,Sofía,Manzanares,sofía.manzanares@hotmail.com,SPAIN,Tarragona,2024-03-29,True
2027,Lucila,Gaya,lucila.gaya@yahoo.com,México,Valladolid,2023-02-01,False
2028,Carolina,Carrión,  CAROLINA.CARRIÓN@YAHOO.COM  ,Mexico,Valladolid,2024-05-07,False
2029,Cruz,Vargas,cruz.vargas@yahoo.com,México,León,2025-04-03,True
2030,Fidel,Iriarte,fidel.iriarte@gmail.com,Chile,Lleida,2025-05-15,
2031,Amando,Beltran,amando.beltran@hotmail.com,Argentina,Jaén,2024-07-12,True
2032,Olegario,Pujol,olegario.pujol@gmail.com,CO,Alicante,2024-01-24,False
2033,Agustín,Iglesia,,argentina,Guadalajara,2025-03-20,False
2034,Herminia,Simó,herminia.simó@yahoo.com,MX,Asturias,2023-11-22,False
2035,Celestino,Herrera,celestino.herrera@hotmail.com,SPAIN,Barcelona,2024-06-09,
2036,Adriana,Lorenzo,adriana.lorenzo@gmail.com,CO,Albacete,2024-06-19,True
2037,Elvira,Cabrera,elvira.cabrera@gmail.com,Colombia,Baleares,2025-10-16,
2038,Bienvenida,Portillo,bienvenida.portillo@gmail.com,ES,Sevilla,2023-03-19,True
2039,María Carmen,Alba,maría carmen.alba@hotmail.com,Spain,Burgos,2025-06-16,False
2040,Valero,Palma,valero.palma@gmail.com,Chile,Teruel,2024-01-23,
2041,Andrés,Garzón,andrés.garzón@yahoo.com,Argentina,Santa Cruz de Tenerife,2024-11-30,False
2042,Obdulia,Yáñez,obdulia.yáñez@hotmail.com,mexico,Jaén,2023-04-26,True
2043,Jenny,Mendez,jenny.mendez@yahoo.com,argentina,Pontevedra,2024-02-03,
2044,Adalberto,Atienza,adalberto.atienza@yahoo.com,Colombia,Ciudad,2024-05-18,False
2045,Reinaldo,Gómez,reinaldo.gómez@gmail.com,Chile,Albacete,2023-04-27,True
2046,Tadeo,Anaya,tadeo.anaya@gmail.com,colombia,Cantabria,2023-12-14,False
2047,Irma,Barroso,irma.barroso@gmail.com,Argentina,Zaragoza,,True
2048,Petrona,Diez,petrona.diez@hotmail.com,Chile,Alicante,2023-09-03,
2049,Severo,Vila,  SEVERO.VILA@GMAIL.COM  ,Espana,Guadalajara,2025-09-02,
2050,Chita,Falcó,chita.falcó@hotmail.com,CO,Murcia,2024-05-01,
2051,Ruperto,Roman,ruperto.roman@gmail.com,AR,Castellón,2025-09-08,True
2052,Curro,Palacios,curro.palacios@yahoo.com,colombia,Álava,2024-08-10,True
2053,Samu,Molina,samu.molina@gmail.com,CO,Castellón,2023-02-12,False
2054,Álvaro,Gimeno,álvaro.gimeno@gmail.com,Mexico,Segovia,2024-04-09,True
2055,Estrella,Peinado,estrella.peinado@gmail.com,Argentina,Castellón,2025-05-05,False
2056,Segismundo,Mata,segismundo.mata@hotmail.com,CO,Badajoz,2025-03-27,
2057,Leticia,Duarte,leticia.duarte@yahoo.com,MX,Pontevedra,2024-02-03,
2058,Moreno,Pont,moreno.pont@hotmail.com,CL,Guipúzcoa,2025-04-16,False
2059,Gabino,Monreal,gabino.monreal@hotmail.com,México,Asturias,2025-07-15,
2060,Nico,Alemán,nico.alemán@hotmail.com,Colombia,Jaén,2023-11-17,
2061,Ariadna,Guerrero,  ARIADNA.GUERRERO@HOTMAIL.COM  ,Colombia,Ceuta,2024-02-27,
2062,Alfonso,Casanova,alfonso.casanova@yahoo.com,mexico,Valencia,2023-11-16,
2063,Tiburcio,Hervia,tiburcio.hervia@hotmail.com,MX,Almería,2023-09-25,False
2064,Emigdio,Perera,emigdio.perera@yahoo.com,argentina,Cantabria,2023-03-14,True
2065,Evaristo,Peña,,Spain,Ciudad,2023-04-19,True
2066,Águeda,Salcedo,águeda.salcedo@hotmail.com,AR,Barcelona,2024-03-12,True
2067,Leopoldo,Moll,leopoldo.moll@hotmail.com,argentina,Melilla,2025-07-03,
2068,Máxima,Ribera,máxima.ribera@hotmail.com,mexico,Valladolid,2023-11-24,True
2069,Amado,Grande,amado.grande@hotmail.com,México,Guipúzcoa,2025-04-19,
2070,Jose Carlos,Fuster,jose carlos.fuster@hotmail.com,colombia,Sevilla,2024-05-25,
2071,Jose Ramón,Girón,jose ramón.girón@hotmail.com,México,Melilla,2025-02-19,False
2072,Modesto,Español,modesto.español@yahoo.com,Mexico,Asturias,2025-01-12,
2073,Ruth,Tur,  RUTH.TUR@GMAIL.COM  ,Chile,Almería,2025-10-04,
2074,Fabiana,Cid,fabiana.cid@gmail.com,AR,Ávila,2023-05-22,
2075,Fulgencio,Fuente,fulgencio.fuente@gmail.com,argentina,Las Palmas,2024-02-08,False
2076,Luciana,Solera,luciana.solera@yahoo.com,argentina,Toledo,2024-12-27,False
2077,Hector,Hierro,hector.hierro@yahoo.com,Espana,Pontevedra,2023-12-13,False
2078,Jose Ramón,Mateo,jose ramón.mateo@yahoo.com,mexico,Santa Cruz de Tenerife,2023-02-18,True
2079,Heriberto,Llabrés,heriberto.llabrés@yahoo.com,SPAIN,Huesca,2025-06-05,False
2080,Rómulo,Pina,rómulo.pina@gmail.com,colombia,León,2023-09-25,
2081,Telmo,Vazquez,,Espana,Valladolid,2025-02-18,False
2082,Fabricio,Toledo,,CO,Las Palmas,2024-07-07,False
2083,Ricarda,Blanco,ricarda.blanco@yahoo.com,argentina,Navarra,2025-04-13,True
2084,Lucía,Echevarría,lucía.echevarría@yahoo.com,argentina,Lleida,2024-07-30,False
2085,Mariano,Santana,mariano.santana@yahoo.com,spain,Navarra,2023-02-17,True
2086,Eloísa,Terrón,eloísa.terrón@gmail.com,Mexico,Barcelona,2024-04-30,True
2087,Ligia,Soria,ligia.soria@gmail.com,Spain,Cantabria,2023-05-25,
2088,Adalberto,Alberto,adalberto.alberto@hotmail.com,colombia,Madrid,2023-08-05,True
2089,Sandalio,Ricart,sandalio.ricart@yahoo.com,MX,Jaén,2024-01-16,True
2090,Amelia,Mena,amelia.mena@hotmail.com,ES,La Rioja,2023-04-13,False
2091,Sonia,Arias,sonia.arias@gmail.com,argentina,Ourense,2024-02-09,False
2092,Fermín,Ferrera,fermín.ferrera@yahoo.com,chile,Vizcaya,2023-05-06,
2093,Xiomara,Olivé,xiomara.olivé@hotmail.com,Spain,Santa Cruz de Tenerife,2023-10-22,
2094,Jennifer,Pedrosa,jennifer.pedrosa@hotmail.com,Mexico,Segovia,2024-01-19,True
2095,Rogelio,Rodrigo,rogelio.rodrigo@hotmail.com,México,Ciudad,2025-04-24,False
2096,Ale,Aramburu,ale.aramburu@yahoo.com,México,Tarragona,2024-05-08,
2097,Graciela,Coloma,graciela.coloma@yahoo.com,AR,Soria,2023-05-09,
2098,Eugenio,Izquierdo,eugenio.izquierdo@gmail.com,Espana,Álava,,
2099,Demetrio,Bru,demetrio.bru@hotmail.com,spain,La Coruña,2025-01-10,
2100,Lara,Bernat,lara.bernat@hotmail.com,Espana,Las Palmas,2025-07-12,False
2101,Fito,Roldán,fito.roldán@yahoo.com,AR,Málaga,2024-01-25,True
2102,Berta,Piñeiro,berta.piñeiro@hotmail.com,spain,Toledo,2024-10-26,False
2103,Sergio,Borrell,sergio.borrell@gmail.com,CO,Burgos,2025-02-28,True
2104,Julio César,Gallego,julio césar.gallego@hotmail.com,mexico,Tarragona,2023-11-02,True
2105,Mario,Agudo,mario.agudo@gmail.com,colombia,Álava,2024-01-12,True
2106,Cleto,Becerra,cleto.becerra@hotmail.com,CO,Melilla,2023-02-14,True
2107,Sigfrido,Maldonado,sigfrido.maldonado@hotmail.com,argentina,Cáceres,2025-10-19,True
2108,Gabriel,Perera,gabriel.perera@gmail.com,colombia,Cantabria,2023-05-18,
2109,Amanda,Espada,amanda.espada@hotmail.com,colombia,León,2025-10-09,False
2110,Claudia,Garcia,claudia.garcia@gmail.com,Colombia,Almería,2024-11-24,
2111,Maribel,España,maribel.españa@gmail.com,CL,La Rioja,2025-12-20,
2112,Valero,Canales,valero.canales@hotmail.com,argentina,Ávila,2025-08-27,False
2113,Lázaro,Boada,lázaro.boada@yahoo.com,AR,Cuenca,2024-04-23,False
2114,Bernardo,Nogués,bernardo.nogués@gmail.com,CO,Lugo,2024-11-09,True
2115,Amada,Cabrero,amada.cabrero@gmail.com,argentina,Cuenca,2024-04-30,True
2116,Maricruz,Aguilar,  MARICRUZ.AGUILAR@HOTMAIL.COM  ,colombia,Badajoz,2025-11-12,False
2117,Héctor,Yuste,héctor.yuste@gmail.com,mexico,Pontevedra,2024-06-28,False
2118,Aurora,Larrañaga,aurora.larrañaga@yahoo.com,mexico,Valladolid,2023-05-01,True
2119,Nicolás,Román,nicolás.román@yahoo.com,spain,Soria,2023-10-27,False
2120,Tania,Novoa,tania.novoa@yahoo.com,CO,Huesca,2024-01-21,
2121,Graciela,Pujadas,graciela.pujadas@yahoo.com,Chile,Huelva,2024-02-04,
2122,Samanta,Murillo,samanta.murillo@gmail.com,Argentina,Lleida,2023-01-23,True
2123,Sabina,Querol,,mexico,Albacete,2025-05-13,False
2124,Eligia,Casado,eligia.casado@hotmail.com,México,Tarragona,2025-06-28,True
2125,Maricruz,Ibarra,maricruz.ibarra@yahoo.com,AR,Salamanca,2025-07-17,
2126,Itziar,Talavera,itziar.talavera@hotmail.com,mexico,Sevilla,2024-10-30,False
2127,Godofredo,Acero,godofredo.acero@hotmail.com,mexico,Albacete,2023-02-22,
2128,Evita,Palomino,evita.palomino@gmail.com,AR,Soria,2023-03-12,False
2129,Vicente,Guillen,,chile,La Coruña,2025-11-13,
2130,Mamen,Bertrán,mamen.bertrán@yahoo.com,México,Lugo,2023-11-07,True
2131,Genoveva,Cabrera,genoveva.cabrera@hotmail.com,Mexico,Girona,2024-11-23,False
2132,Elvira,Ferrero,elvira.ferrero@hotmail.com,ES,Melilla,2025-05-02,False
2133,Sarita,Vargas,sarita.vargas@gmail.com,Mexico,Madrid,2023-08-25,False
2134,Natividad,Bonet,natividad.bonet@yahoo.com,MX,Cáceres,2023-02-19,
2135,Teresita,Salmerón,teresita.salmerón@gmail.com,México,Sevilla,2024-04-21,True
2136,Calixta,Hernando,calixta.hernando@gmail.com,CL,Cáceres,,False
2137,Marisa,Borrás,marisa.borrás@gmail.com,Colombia,Teruel,2023-05-20,
2138,Ambrosio,Cueto,ambrosio.cueto@yahoo.com,SPAIN,Vizcaya,2024-12-16,
2139,Lisandro,Giménez,lisandro.giménez@hotmail.com,argentina,Sevilla,2024-03-11,True
2140,Alba,Casal,alba.casal@hotmail.com,CL,Murcia,2025-03-06,True
2141,Evita,Téllez,evita.téllez@gmail.com,CL,Ceuta,2024-06-17,
2142,Coral,Barón,,AR,Jaén,2025-11-14,True
2143,Visitación,Pizarro,visitación.pizarro@hotmail.com,Mexico,Zaragoza,2024-02-26,
2144,Joan,Godoy,joan.godoy@yahoo.com,argentina,Girona,2024-09-13,True
2145,Chucho,Cantón,  CHUCHO.CANTÓN@GMAIL.COM  ,mexico,Valencia,2023-01-26,True
2146,Dora,Fabra,dora.fabra@hotmail.com,Argentina,Ourense,2024-11-01,False
2147,Quirino,Castejón,quirino.castejón@yahoo.com,Chile,Ourense,2024-08-07,
2148,Maite,Abellán,maite.abellán@yahoo.com,Mexico,Palencia,2023-03-05,True
2149,Blanca,Falcó,blanca.falcó@yahoo.com,Argentina,Guadalajara,2023-11-23,False
2150,María Manuela,Patiño,maría manuela.patiño@hotmail.com,MX,Melilla,2025-02-02,False
2151,Gracia,Girona,gracia.girona@gmail.com,spain,Álava,2024-09-10,False
2152,Bárbara,Serna,bárbara.serna@yahoo.com,Mexico,Girona,2023-03-04,False
2153,Pilar,Gilabert,pilar.gilabert@yahoo.com,Mexico,Burgos,2025-07-21,
2154,Eliana,Luque,eliana.luque@gmail.com,CL,Pontevedra,2025-09-09,
2155,Miguel,Mendizábal,miguel.mendizábal@hotmail.com,MX,Cuenca,2023-03-03,False
2156,Regina,Tejera,  REGINA.TEJERA@HOTMAIL.COM  ,CO,Madrid,2023-04-01,False
2157,Lupe,Peñas,lupe.peñas@gmail.com,argentina,Burgos,2023-02-19,True
2158,Pastora,Galvez,pastora.galvez@hotmail.com,México,Tarragona,2023-04-01,False
2159,Magdalena,Badía,magdalena.badía@gmail.com,chile,Toledo,2023-04-07,True
2160,Ruben,Martínez,ruben.martínez@hotmail.com,CL,Albacete,2023-12-02,False
2161,Carlota,Poza,carlota.poza@yahoo.com,chile,Soria,2024-12-11,
2162,Ainara,Olivé,ainara.olivé@yahoo.com,CO,Asturias,2024-08-21,
2163,Belén,Luna,belén.luna@yahoo.com,colombia,Tarragona,2025-06-03,False
2164,Roberta,Prada,roberta.prada@gmail.com,mexico,Guadalajara,2025-07-12,
2165,Marina,Balaguer,marina.balaguer@hotmail.com,Mexico,Lleida,2023-10-25,
2166,Fátima,Céspedes,fátima.céspedes@hotmail.com,MX,León,2025-03-22,False
2167,Josefa,Tolosa,josefa.tolosa@yahoo.com,Espana,Castellón,2023-01-09,
2168,Isaías,Ferrán,isaías.ferrán@hotmail.com,MX,Huesca,2025-09-28,
2169,Lucila,Cal,lucila.cal@hotmail.com,argentina,Jaén,2025-03-15,False
2170,Teófilo,Diéguez,teófilo.diéguez@gmail.com,colombia,Huelva,2025-07-18,
2171,Ainoa,Escobar,ainoa.escobar@gmail.com,Mexico,Málaga,2023-08-09,True
2172,Florentina,Nevado,florentina.nevado@hotmail.com,Argentina,Burgos,2024-03-04,True
2173,Eulalia,Quintero,,Mexico,Baleares,2024-08-28,True
2174,Jose Angel,Puente,jose angel.puente@yahoo.com,Spain,Tarragona,2025-05-14,
2175,Débora,Duque,débora.duque@hotmail.com,Colombia,Vizcaya,2025-03-05,False
2176,Jesusa,Borrás,jesusa.borrás@yahoo.com,colombia,Cuenca,2023-03-27,True
2177,Evelia,Salgado,evelia.salgado@yahoo.com,CO,Baleares,2025-08-27,False
2178,Demetrio,Blanch,demetrio.blanch@gmail.com,Chile,Segovia,2024-12-19,
2179,Guiomar,Vergara,guiomar.vergara@gmail.com,Colombia,Palencia,2023-06-27,
2180,Constanza,Tena,constanza.tena@yahoo.com,Spain,Zamora,2023-07-12,
2181,Dorita,Escrivá,dorita.escrivá@yahoo.com,Argentina,Segovia,2024-10-23,
2182,Julia,Roura,julia.roura@yahoo.com,Colombia,Badajoz,2023-09-20,
2183,Máximo,Bartolomé,máximo.bartolomé@hotmail.com,Espana,La Coruña,2025-08-06,
2184,Odalis,Aller,odalis.aller@yahoo.com,colombia,Asturias,2023-08-29,False
2185,Aurelia,Casanova,aurelia.casanova@gmail.com,México,Cádiz,2024-08-17,False
2186,Rosalva,Escolano,rosalva.escolano@gmail.com,SPAIN,Zaragoza,2025-09-14,True
2187,Mauricio,Casado,mauricio.casado@gmail.com,colombia,Ourense,2025-02-10,True
2188,Hilario,Cuéllar,hilario.cuéllar@gmail.com,mexico,Valladolid,2025-10-07,False
2189,Andrés,Blazquez,andrés.blazquez@gmail.com,Spain,Huesca,2023-02-18,False
2190,Candelas,Duarte,candelas.duarte@yahoo.com,Colombia,Ciudad,2025-01-24,True
2191,Marcelo,Arteaga,,CO,Sevilla,2025-06-12,False
2192,Bibiana,Salgado,bibiana.salgado@gmail.com,Spain,Tarragona,2025-01-02,
2193,Matías,Yáñez,matías.yáñez@yahoo.com,MX,Tarragona,2024-01-18,False
2194,Conrado,Arribas,conrado.arribas@gmail.com,CL,Cantabria,2024-01-15,True
2195,Erasmo,Marí,erasmo.marí@gmail.com,Chile,Pontevedra,2023-09-30,False
2196,Carmina,Garzón,carmina.garzón@hotmail.com,spain,Cuenca,2023-08-19,False
2197,Eduardo,Roca,,chile,Córdoba,2023-10-08,True
2198,Rico,Cárdenas,rico.cárdenas@yahoo.com,Colombia,Ávila,2025-09-07,True
2199,José Manuel,Roig,josé manuel.roig@hotmail.com,colombia,Murcia,2023-05-26,True
2200,Herminio,Bejarano,herminio.bejarano@hotmail.com,Chile,Santa Cruz de Tenerife,2025-11-17,True
2201,Josefina,Fernández,josefina.fernández@hotmail.com,Chile,Ourense,2025-01-10,False
2202,Gema,Vidal,gema.vidal@hotmail.com,Colombia,La Rioja,2024-10-18,True
2203,Paca,Corral,paca.corral@yahoo.com,mexico,Jaén,2024-04-05,True
2204,Amancio,Huertas,amancio.huertas@gmail.com,colombia,Baleares,2025-04-12,
2205,Bernardita,Canet,bernardita.canet@hotmail.com,MX,Asturias,2023-06-03,True
2206,Narciso,Borrell,narciso.borrell@yahoo.com,Colombia,Vizcaya,2023-10-26,True
2207,Leandro,Coll,leandro.coll@gmail.com,AR,Álava,2024-11-30,
2208,Clímaco,Pi,clímaco.pi@gmail.com,CL,Badajoz,2025-08-20,False
2209,Micaela,Casal,micaela.casal@gmail.com,chile,Palencia,2023-10-09,True
2210,Paca,Tovar,paca.tovar@gmail.com,CO,Tarragona,2023-05-09,False
2211,Concha,Luján,concha.luján@hotmail.com,AR,Pontevedra,2024-10-25,
2212,Conrado,Asensio,conrado.asensio@gmail.com,mexico,Valladolid,2024-11-17,False
2213,Roque,Escrivá,roque.escrivá@yahoo.com,AR,Lugo,2024-01-21,True
2214,Dora,Castell,dora.castell@yahoo.com,Argentina,Soria,2024-10-19,False
2215,Armida,Cortés,armida.cortés@hotmail.com,chile,Burgos,2024-08-19,True
2216,Reyes,Lastra,reyes.lastra@gmail.com,chile,Teruel,2025-10-14,False
2217,Mayte,Ibañez,mayte.ibañez@hotmail.com,colombia,Teruel,2024-11-30,
2218,Zacarías,España,zacarías.españa@yahoo.com,spain,Zaragoza,,True
2219,Adelina,Vallés,adelina.vallés@yahoo.com,AR,Las Palmas,2024-07-21,False
2220,Azahar,Granados,azahar.granados@yahoo.com,mexico,Granada,2025-09-29,False
2221,Santos,Milla,santos.milla@gmail.com,CO,Asturias,2023-09-09,True
2222,Luna,Heredia,luna.heredia@gmail.com,Spain,Ourense,2024-07-03,True
2223,Baudelio,Blazquez,,Colombia,Navarra,,False
2224,Úrsula,Ureña,úrsula.ureña@gmail.com,chile,Soria,2024-04-17,
2225,Apolonia,Cerezo,apolonia.cerezo@yahoo.com,CL,Málaga,2024-04-29,
2226,Isidora,Casanovas,isidora.casanovas@yahoo.com,CL,Salamanca,2025-02-23,
2227,Goyo,Aguilar,goyo.aguilar@hotmail.com,SPAIN,Tarragona,2024-07-06,True
2228,Bienvenida,Ochoa,bienvenida.ochoa@gmail.com,SPAIN,Pontevedra,2025-07-30,True
2229,Vidal,Domingo,vidal.domingo@hotmail.com,mexico,Cádiz,2024-09-23,
2230,Carlito,Pedraza,carlito.pedraza@gmail.com,CO,Almería,2023-06-17,False
2231,Telmo,Valbuena,telmo.valbuena@yahoo.com,Colombia,Huesca,2025-02-17,False
2232,Daniel,Neira,daniel.neira@hotmail.com,México,Murcia,2024-12-02,False
2233,Renata,Carranza,renata.carranza@yahoo.com,chile,Lugo,2024-02-25,
2234,Lázaro,Landa,lázaro.landa@gmail.com,Espana,Valencia,2023-12-11,True
2235,Evangelina,Prada,evangelina.prada@gmail.com,mexico,Segovia,2024-08-18,False
2236,Aránzazu,Aranda,aránzazu.aranda@yahoo.com,CL,Almería,2024-05-14,True
2237,Pelayo,Aguado,pelayo.aguado@hotmail.com,colombia,Guipúzcoa,2024-12-07,True
2238,Marc,Otero,marc.otero@gmail.com,CO,Huelva,2023-07-03,False
2239,Tania,Estrada,tania.estrada@yahoo.com,mexico,Álava,2025-09-07,True
2240,Cosme,Rosa,cosme.rosa@yahoo.com,chile,Ávila,2024-02-05,False
2241,Benigna,Vilar,benigna.vilar@gmail.com,Argentina,Baleares,2023-11-22,
2242,Xiomara,Torrent,xiomara.torrent@gmail.com,Chile,Vizcaya,2024-06-06,False
2243,Gala,Ibáñez,gala.ibáñez@gmail.com,México,La Coruña,2024-04-14,True
2244,Reinaldo,Martínez,reinaldo.martínez@yahoo.com,Chile,Cádiz,2023-04-17,
2245,Brunilda,Leon,brunilda.leon@gmail.com,mexico,Sevilla,2023-12-10,True
2246,Primitiva,Saavedra,primitiva.saavedra@gmail.com,chile,Huelva,2024-07-05,True
2247,Mariana,Roura,mariana.roura@gmail.com,Chile,Teruel,2025-01-25,True
2248,Heliodoro,Cano,  HELIODORO.CANO@GMAIL.COM  ,Chile,Alicante,2023-12-18,
2249,Eliseo,Prat,eliseo.prat@yahoo.com,Espana,Alicante,2023-10-04,False
2250,Felipe,Flor,felipe.flor@yahoo.com,MX,Baleares,2025-01-22,False
2251,Tadeo,Torrijos,tadeo.torrijos@hotmail.com,Colombia,Zaragoza,2024-05-23,
2252,Isabel,Castejón,isabel.castejón@yahoo.com,Spain,Málaga,2024-08-11,False
2253,Lucila,Porcel,lucila.porcel@gmail.com,colombia,Badajoz,2025-12-11,
2254,Mónica,Almazán,mónica.almazán@gmail.com,CL,Huelva,2025-04-09,
2255,Angelita,Alcalde,angelita.alcalde@hotmail.com,Colombia,Almería,2023-03-16,
2256,Irene,Nogués,irene.nogués@yahoo.com,AR,Las Palmas,2025-02-22,False
2257,Alexandra,Mancebo,alexandra.mancebo@yahoo.com,spain,Ávila,2024-03-17,
2258,María,Romeu,maría.romeu@gmail.com,México,Toledo,2023-10-14,False
2259,Ariadna,Estévez,ariadna.estévez@gmail.com,Colombia,Vizcaya,2025-06-18,False
2260,Darío,Lago,darío.lago@hotmail.com,colombia,Sevilla,2025-08-06,True
2261,Otilia,Romeu,otilia.romeu@gmail.com,MX,Teruel,2024-08-28,False
2262,Micaela,Calderón,micaela.calderón@hotmail.com,CO,Cantabria,2023-06-09,False
2263,Rita,Comas,rita.comas@gmail.com,chile,Barcelona,2025-09-08,False
2264,Salvador,Arenas,salvador.arenas@yahoo.com,mexico,Burgos,2023-07-27,
2265,Teodosio,Alemán,teodosio.alemán@hotmail.com,CL,Ávila,2025-12-03,False
2266,Rosaura,Azcona,rosaura.azcona@yahoo.com,CO,Melilla,2024-10-30,True
2267,Mariano,Guardia,mariano.guardia@gmail.com,chile,Las Palmas,2025-09-25,
2268,Alejandra,Barriga,alejandra.barriga@hotmail.com,Espana,Segovia,2023-05-18,True
2269,Aurelio,Mayo,aurelio.mayo@gmail.com,CO,Huesca,2024-07-01,True
2270,Lisandro,Orozco,lisandro.orozco@hotmail.com,Espana,Ciudad,2023-03-27,True
2271,Miguel,Asenjo,miguel.asenjo@gmail.com,MX,Álava,2023-11-07,
2272,Baldomero,Montoya,,Argentina,Lugo,2023-05-16,True
2273,Lino,Cabrero,lino.cabrero@yahoo.com,argentina,Córdoba,2025-08-17,True
2274,Amparo,Parra,amparo.parra@yahoo.com,Colombia,Baleares,2024-12-02,False
2275,Cleto,Alcalde,cleto.alcalde@hotmail.com,CO,Guipúzcoa,2024-11-08,False
2276,Poncio,Pardo,poncio.pardo@hotmail.com,Chile,Ciudad,2025-12-01,
2277,Florentina,Llorente,florentina.llorente@gmail.com,MX,Ávila,2024-07-11,
2278,Susana,Camino,susana.camino@gmail.com,AR,Alicante,2023-04-16,False
2279,Delia,Farré,delia.farré@gmail.com,Argentina,Badajoz,2024-03-24,True
2280,Carlito,Novoa,carlito.novoa@yahoo.com,Colombia,Valladolid,2025-11-01,
2281,Heriberto,Corral,heriberto.corral@gmail.com,CO,Cantabria,2024-05-11,False
2282,Silvio,Iriarte,silvio.iriarte@hotmail.com,spain,Huesca,2025-04-11,True
2283,Vidal,Carpio,vidal.carpio@yahoo.com,CO,Lugo,2025-01-28,True
2284,Simón,Zabaleta,simón.zabaleta@hotmail.com,CO,Cáceres,2024-03-14,True
2285,Elena,Lledó,elena.lledó@hotmail.com,Argentina,Girona,2023-11-23,
2286,Artemio,Barrera,artemio.barrera@hotmail.com,Colombia,Valencia,2023-01-18,False
2287,Ofelia,Puga,ofelia.puga@yahoo.com,Colombia,Cáceres,2023-11-08,True
2288,Urbano,Vergara,,Colombia,La Coruña,2024-08-19,False
2289,Elvira,Llabrés,elvira.llabrés@gmail.com,argentina,Álava,2024-09-26,True
2290,Feliciano,Gibert,feliciano.gibert@hotmail.com,Chile,Zamora,2024-01-29,False
2291,Armida,Sarabia,armida.sarabia@hotmail.com,Colombia,Granada,2025-12-13,
2292,Reyes,Giménez,reyes.giménez@yahoo.com,Argentina,Navarra,2024-06-16,
2293,Diego,Donoso,diego.donoso@gmail.com,Chile,Murcia,2024-08-04,False
2294,Jordán,Manzanares,jordán.manzanares@gmail.com,México,Cuenca,2025-11-08,
2295,Áurea,Cañas,áurea.cañas@yahoo.com,CO,Segovia,2024-09-25,True
2296,Jose Ramón,Gallo,jose ramón.gallo@hotmail.com,México,Álava,2023-06-12,True
2297,Florencia,Olivera,florencia.olivera@hotmail.com,Mexico,Guadalajara,2023-05-31,False
2298,Celso,Laguna,celso.laguna@hotmail.com,argentina,La Rioja,2025-04-19,
2299,Tomasa,Mariño,tomasa.mariño@yahoo.com,chile,Santa Cruz de Tenerife,2024-03-05,
2300,Olalla,Alarcón,olalla.alarcón@yahoo.com,spain,Toledo,2023-05-16,False
2301,Lino,Egea,lino.egea@yahoo.com,Colombia,Murcia,2025-03-25,False
2302,Gema,Camino,gema.camino@hotmail.com,Colombia,Segovia,2025-05-14,
2303,José Ángel,Fábregas,josé ángel.fábregas@yahoo.com,Mexico,Guadalajara,2024-05-28,False
2304,Julio César,Frías,julio césar.frías@hotmail.com,Argentina,Burgos,2025-11-16,False
2305,Victor Manuel,Guardiola,victor manuel.guardiola@hotmail.com,MX,Huesca,2025-01-08,
2306,Eusebio,Tello,,AR,Cádiz,2025-09-15,
2307,Ángel,Esteban,ángel.esteban@gmail.com,MX,Ourense,2025-10-31,False
2308,Amor,Escribano,amor.escribano@hotmail.com,chile,Albacete,2025-06-09,
2309,Martín,Cánovas,martín.cánovas@gmail.com,ES,Soria,2024-08-17,False
2310,Ema,Expósito,ema.expósito@gmail.com,spain,Asturias,2023-05-09,False
2311,Teodosio,Higueras,teodosio.higueras@yahoo.com,colombia,Badajoz,2024-04-01,False
2312,Lourdes,Zurita,lourdes.zurita@gmail.com,SPAIN,Pontevedra,2025-03-19,
2313,Cornelio,Pina,cornelio.pina@yahoo.com,Mexico,Baleares,2024-05-04,False
2314,Pascuala,Alcalde,pascuala.alcalde@hotmail.com,Spain,Barcelona,,
2315,Jose Ramón,Blanes,jose ramón.blanes@yahoo.com,argentina,Santa Cruz de Tenerife,2024-03-13,
2316,Eli,Alcalde,eli.alcalde@gmail.com,Argentina,Murcia,2025-03-07,False
2317,Magdalena,Nevado,,MX,Cantabria,2025-05-29,
2318,Emilio,Tenorio,,México,Cáceres,2023-09-23,
2319,Marino,Mármol,marino.mármol@yahoo.com,Argentina,Ciudad,2025-05-01,False
2320,Basilio,Lastra,basilio.lastra@hotmail.com,MX,Albacete,2024-08-14,
2321,Paloma,Arribas,paloma.arribas@gmail.com,chile,Badajoz,2023-09-06,True
2322,Ariadna,Ribes,ariadna.ribes@gmail.com,Mexico,Ceuta,2024-07-07,True
2323,Amado,González,amado.gonzález@yahoo.com,CO,Burgos,2025-12-30,True
2324,Patricio,Madrid,patricio.madrid@gmail.com,colombia,Soria,2024-12-30,False
2325,Soledad,Capdevila,soledad.capdevila@yahoo.com,México,Baleares,2024-05-27,
2326,Jacobo,Cal,jacobo.cal@yahoo.com,Spain,Asturias,2025-12-05,
2327,Encarnación,Múgica,encarnación.múgica@gmail.com,México,Ávila,2024-12-20,False
2328,Teresita,Aroca,teresita.aroca@hotmail.com,Colombia,Cádiz,2025-04-04,True
2329,Tiburcio,Nadal,tiburcio.nadal@hotmail.com,chile,Soria,2023-05-18,
2330,Teodoro,Conesa,teodoro.conesa@hotmail.com,México,Salamanca,2024-10-21,True
2331,Olimpia,Madrid,  OLIMPIA.MADRID@YAHOO.COM  ,Spain,Cuenca,,
2332,Yésica,Valera,yésica.valera@hotmail.com,argentina,Córdoba,2023-01-16,False
2333,Obdulia,Benito,obdulia.benito@gmail.com,SPAIN,Vizcaya,2023-08-27,False
2334,Gabriela,Collado,gabriela.collado@yahoo.com,colombia,Jaén,2024-11-28,True
2335,Victoriano,Tejera,victoriano.tejera@gmail.com,Argentina,Ourense,2024-08-23,True
2336,Teófilo,Lopez,teófilo.lopez@gmail.com,spain,Guadalajara,2024-06-12,True
2337,Edu,Espada,edu.espada@yahoo.com,AR,Guadalajara,2025-12-23,False
2338,Ana Belén,Rodrigo,  ANA BELÉN.RODRIGO@YAHOO.COM  ,argentina,Pontevedra,2024-08-06,
2339,Nadia,Mínguez,nadia.mínguez@gmail.com,SPAIN,Jaén,2023-07-25,True
2340,Silvio,Valencia,silvio.valencia@hotmail.com,AR,Murcia,2024-03-10,True
2341,Brunilda,Grau,brunilda.grau@yahoo.com,Mexico,Palencia,2023-06-13,
2342,Ligia,Robles,ligia.robles@hotmail.com,chile,Tarragona,2024-09-01,False
2343,Chucho,Gutierrez,chucho.gutierrez@yahoo.com,spain,Castellón,2024-11-13,True
2344,Renata,Alemany,renata.alemany@yahoo.com,Mexico,Barcelona,2023-01-09,False
2345,África,Canet,áfrica.canet@gmail.com,ES,Huesca,2023-08-07,
2346,Reina,Chaparro,reina.chaparro@yahoo.com,Chile,Burgos,2023-08-01,True
2347,Petrona,Robledo,petrona.robledo@gmail.com,Colombia,Ceuta,2025-11-09,False
2348,Basilio,Cervera,basilio.cervera@gmail.com,Espana,Jaén,2024-01-20,True
2349,Luz,Amo,luz.amo@hotmail.com,ES,Huesca,2024-01-30,False
2350,Baltasar,Camino,baltasar.camino@hotmail.com,Argentina,Lugo,2024-08-12,
2351,Pilar,Cruz,pilar.cruz@gmail.com,ES,Huesca,2023-01-03,False
2352,Epifanio,Bermúdez,epifanio.bermúdez@gmail.com,Chile,Álava,2024-01-13,
2353,Cloe,Rico,cloe.rico@gmail.com,SPAIN,Lugo,2024-05-26,
2354,Mar,Chaves,mar.chaves@hotmail.com,ES,Lugo,2023-08-19,
2355,Sergio,Navas,  SERGIO.NAVAS@YAHOO.COM  ,Mexico,Girona,2023-08-08,False
2356,Dan,Costa,dan.costa@gmail.com,MX,Pontevedra,2025-01-25,False
2357,Maricruz,Durán,maricruz.durán@hotmail.com,colombia,Álava,2024-02-17,True
2358,Ruy,Roda,ruy.roda@hotmail.com,México,Navarra,2024-05-12,False
2359,Leonor,Jordá,leonor.jordá@hotmail.com,Colombia,Teruel,2023-11-21,True
2360,Javi,Roda,javi.roda@gmail.com,colombia,Ávila,2024-08-11,False
2361,Azahara,Pina,azahara.pina@gmail.com,México,La Coruña,2025-12-20,False
2362,Esperanza,Barba,esperanza.barba@gmail.com,AR,Cádiz,2024-07-18,False
2363,Pacífica,Berenguer,pacífica.berenguer@hotmail.com,Argentina,Lugo,,True
2364,Matías,Quirós,matías.quirós@yahoo.com,CO,Almería,2025-11-09,True
2365,Nieves,Pera,nieves.pera@hotmail.com,spain,Cantabria,2023-07-22,
2366,Julián,Camps,  JULIÁN.CAMPS@GMAIL.COM  ,CL,Huesca,2023-08-08,False
2367,Elisa,Narváez,elisa.narváez@gmail.com,Argentina,Girona,2025-12-21,
2368,Fermín,Campillo,,colombia,Pontevedra,2023-02-10,
2369,Aitor,Mendoza,  AITOR.MENDOZA@GMAIL.COM  ,CL,Santa Cruz de Tenerife,2024-02-01,
2370,Úrsula,Antúnez,úrsula.antúnez@gmail.com,argentina,Ávila,2024-07-10,
2371,Clotilde,Arribas,clotilde.arribas@hotmail.com,colombia,Alicante,2024-12-31,False
2372,Atilio,Miranda,atilio.miranda@gmail.com,Chile,Álava,2024-11-19,True
2373,Pepe,Lumbreras,pepe.lumbreras@yahoo.com,CL,Guadalajara,2023-02-03,True
2374,Maricruz,Portillo,maricruz.portillo@hotmail.com,Chile,Barcelona,2024-02-24,
2375,Julia,Cabanillas,julia.cabanillas@yahoo.com,Spain,Valencia,2025-06-22,True
2376,Anita,Cabrero,anita.cabrero@hotmail.com,MX,Albacete,2023-01-24,False
2377,Diana,Piña,diana.piña@yahoo.com,spain,Girona,2024-03-04,True
2378,Felix,Cordero,felix.cordero@hotmail.com,Chile,Ávila,2024-05-08,
2379,Sonia,Bueno,sonia.bueno@hotmail.com,argentina,Castellón,2023-01-14,False
2380,Noemí,Chico,noemí.chico@hotmail.com,México,Málaga,2025-10-28,
2381,Ascensión,Zabala,ascensión.zabala@yahoo.com,Argentina,Zamora,2024-12-31,
2382,Eleuterio,Nicolau,eleuterio.nicolau@yahoo.com,Mexico,Salamanca,2023-02-13,True
2383,Roberta,Rosa,roberta.rosa@gmail.com,MX,Ciudad,2024-01-03,True
2384,Horacio,Benavides,horacio.benavides@gmail.com,MX,Badajoz,2025-07-09,True
2385,Noa,Alcolea,noa.alcolea@gmail.com,Spain,Navarra,2025-01-20,False
2386,Rufina,Bonet,rufina.bonet@yahoo.com,Colombia,Lleida,2023-11-22,True
2387,Mauricio,Doménech,,mexico,Asturias,2023-12-25,False
2388,Lino,Parra,lino.parra@yahoo.com,Spain,Asturias,2023-11-11,False
2389,Gastón,Serna,gastón.serna@yahoo.com,MX,Córdoba,2025-12-23,
2390,María Carmen,Salamanca,maría carmen.salamanca@hotmail.com,CL,Baleares,2025-12-27,True
2391,Cloe,Torrents,cloe.torrents@gmail.com,CO,Girona,2025-06-30,False
2392,Salvador,Rebollo,salvador.rebollo@hotmail.com,Chile,León,2023-02-11,False
2393,Quique,Vila,quique.vila@hotmail.com,colombia,Huesca,2023-08-25,True
2394,Celso,Reyes,celso.reyes@hotmail.com,SPAIN,Córdoba,2023-08-20,False
2395,Saturnina,Arnau,saturnina.arnau@hotmail.com,chile,Valencia,2025-11-26,True
2396,Morena,Hierro,morena.hierro@hotmail.com,MX,Burgos,2023-06-01,
2397,Reyna,Calzada,reyna.calzada@yahoo.com,spain,Cáceres,2024-06-18,True
2398,Clotilde,Pujol,clotilde.pujol@gmail.com,Mexico,Jaén,2024-02-25,True
2399,Sandra,Sevilla,sandra.sevilla@hotmail.com,Espana,Huelva,2025-05-14,
2400,Adelaida,Solís,adelaida.solís@hotmail.com,spain,Badajoz,2024-11-22,True
2401,Che,Escribano,che.escribano@hotmail.com,Spain,La Coruña,2023-06-21,
2402,María Jesús,Rosselló,maría jesús.rosselló@gmail.com,Chile,Guipúzcoa,2023-07-21,
2403,Berto,Molins,berto.molins@yahoo.com,Argentina,Castellón,2023-02-22,False
2404,Julia,Tamayo,julia.tamayo@gmail.com,AR,Lleida,2025-10-29,False
2405,Antonio,Cortés,antonio.cortés@yahoo.com,Argentina,Santa Cruz de Tenerife,2025-09-03,
2406,Ignacio,Montero,ignacio.montero@hotmail.com,SPAIN,Pontevedra,2025-10-23,True
2407,María Ángeles,Pinto,maría ángeles.pinto@gmail.com,AR,Zamora,2025-08-15,
2408,Tito,Sáenz,tito.sáenz@gmail.com,Spain,Castellón,2025-02-12,False
2409,Rufina,Alsina,rufina.alsina@hotmail.com,spain,Cuenca,2023-11-04,
2410,José Antonio,Echeverría,josé antonio.echeverría@gmail.com,SPAIN,Asturias,2025-11-13,False
2411,Leocadio,Quirós,leocadio.quirós@gmail.com,argentina,Teruel,2023-12-15,False
2412,Vito,Rivas,vito.rivas@hotmail.com,Espana,Sevilla,2023-04-19,True
2413,Teodora,Jover,teodora.jover@gmail.com,colombia,Ávila,2024-12-28,True
2414,Teresa,Romero,teresa.romero@yahoo.com,chile,Cáceres,2025-12-12,True
2415,Heliodoro,Olmedo,heliodoro.olmedo@yahoo.com,spain,Lugo,2025-03-13,
2416,Blanca,Cuevas,blanca.cuevas@hotmail.com,Espana,Huelva,2024-06-19,False
2417,Ximena,Porcel,ximena.porcel@gmail.com,México,Asturias,2025-11-22,
2418,Loreto,Coca,loreto.coca@yahoo.com,Mexico,Álava,2023-05-15,False
2419,Eutropio,Segarra,eutropio.segarra@gmail.com,chile,Guadalajara,2024-09-21,True
2420,Danilo,Ramos,danilo.ramos@yahoo.com,SPAIN,León,2023-09-25,
2421,Pepita,Casas,pepita.casas@hotmail.com,CL,Santa Cruz de Tenerife,2024-05-30,True
2422,Cristina,Cabanillas,cristina.cabanillas@gmail.com,CO,Valencia,2023-11-17,False
2423,Godofredo,Rivera,godofredo.rivera@hotmail.com,Argentina,Pontevedra,2025-01-25,
2424,René,Garzón,rené.garzón@yahoo.com,mexico,Cantabria,2023-02-17,False
2425,Iris,Alcaraz,iris.alcaraz@yahoo.com,CO,Albacete,2024-08-18,
2426,Marciano,Melero,marciano.melero@hotmail.com,Chile,Tarragona,2025-01-24,
2427,Angelina,Sarmiento,angelina.sarmiento@yahoo.com,chile,Huelva,2024-11-10,True
2428,Pastor,Rojas,pastor.rojas@hotmail.com,colombia,Baleares,2024-11-27,
2429,Ángeles,Echeverría,ángeles.echeverría@yahoo.com,spain,Huesca,2024-03-03,False
2430,Galo,Cánovas,galo.cánovas@hotmail.com,mexico,Jaén,2023-09-08,True
2431,Lucas,Ruiz,lucas.ruiz@hotmail.com,Mexico,Tarragona,2025-07-20,
2432,Estela,Cabezas,estela.cabezas@gmail.com,Espana,Ávila,2024-05-08,
2433,Florentina,Alegre,florentina.alegre@hotmail.com,México,Badajoz,2024-10-23,True
2434,Anabel,Cabo,anabel.cabo@hotmail.com,Colombia,Málaga,2025-10-31,False
2435,Cándida,Antúnez,cándida.antúnez@hotmail.com,Colombia,La Rioja,2025-04-13,
2436,Héctor,Gisbert,,Chile,Baleares,2024-01-14,True
2437,Gustavo,Soria,gustavo.soria@gmail.com,Espana,Zamora,2023-08-18,
2438,Xiomara,Simó,xiomara.simó@yahoo.com,Chile,Álava,2025-08-25,False
2439,Reinaldo,Goicoechea,reinaldo.goicoechea@hotmail.com,argentina,Cuenca,2023-09-03,False
2440,Serafina,Lamas,serafina.lamas@yahoo.com,Espana,Soria,2024-12-09,True
2441,Jose Antonio,Acosta,jose antonio.acosta@yahoo.com,spain,Álava,2025-12-13,
2442,Amancio,Corral,amancio.corral@yahoo.com,Argentina,Guipúzcoa,2025-03-24,False
2443,Francisco,Ropero,francisco.ropero@gmail.com,Espana,Cantabria,2024-02-03,
2444,Encarnita,Pozuelo,encarnita.pozuelo@gmail.com,MX,Barcelona,2023-05-31,False
2445,Fanny,Portero,fanny.portero@hotmail.com,AR,La Coruña,2023-03-16,
2446,Vera,Monreal,vera.monreal@hotmail.com,Argentina,Las Palmas,2023-03-29,
2447,Jerónimo,Cabezas,jerónimo.cabezas@hotmail.com,spain,Málaga,2025-05-27,
2448,Diego,Pou,diego.pou@hotmail.com,Espana,Navarra,2023-09-21,True
2449,Federico,Mora,federico.mora@gmail.com,SPAIN,Ávila,2024-02-21,False
2450,Amancio,Ruiz,amancio.ruiz@gmail.com,Chile,Albacete,2025-03-02,False
2451,Esmeralda,Bermúdez,esmeralda.bermúdez@hotmail.com,spain,Albacete,2023-12-26,False
2452,Manuelita,Castrillo,manuelita.castrillo@yahoo.com,AR,Cádiz,2024-01-11,True
2453,Jose,Girona,jose.girona@yahoo.com,colombia,Murcia,2023-10-20,
2454,Priscila,Higueras,priscila.higueras@hotmail.com,AR,Vizcaya,2024-05-10,
2455,Juan Bautista,Aznar,juan bautista.aznar@yahoo.com,Espana,Burgos,2024-12-02,False
2456,Eulalia,Alvarado,eulalia.alvarado@hotmail.com,chile,Baleares,2023-04-05,
2457,Ángel,Casado,ángel.casado@gmail.com,argentina,Girona,2025-01-28,
2458,Juan Francisco,Escribano,juan francisco.escribano@gmail.com,Espana,Madrid,2023-05-13,False
2459,Rafaela,Pardo,rafaela.pardo@gmail.com,Chile,Badajoz,2025-07-16,
2460,Amor,Almeida,amor.almeida@yahoo.com,México,Madrid,2025-05-11,
2461,Eufemia,Benito,eufemia.benito@gmail.com,colombia,Jaén,2025-07-23,
2462,Tania,Mir,tania.mir@hotmail.com,Argentina,Zaragoza,2025-02-25,
2463,Felipe,Escolano,felipe.escolano@yahoo.com,MX,Cádiz,2023-02-13,False
2464,Georgina,Angulo,georgina.angulo@gmail.com,chile,Huelva,2023-12-25,True
2465,Alondra,Adadia,alondra.adadia@gmail.com,MX,Baleares,2025-05-30,
2466,Guadalupe,Andreu,  GUADALUPE.ANDREU@HOTMAIL.COM  ,ES,Melilla,2025-08-26,
2467,Ariel,Corominas,ariel.corominas@gmail.com,ES,Baleares,2023-03-04,True
2468,Trini,Gaya,trini.gaya@gmail.com,mexico,Barcelona,2024-04-12,True
2469,Isidro,Blanco,isidro.blanco@hotmail.com,argentina,Cuenca,2024-05-14,
2470,Leocadio,Tirado,leocadio.tirado@gmail.com,Mexico,Huelva,2023-01-07,False
2471,Leandra,Mariscal,leandra.mariscal@yahoo.com,SPAIN,Las Palmas,2025-06-08,
2472,Ariel,Páez,ariel.páez@gmail.com,México,Cádiz,2023-10-28,False
2473,Hector,Lucas,hector.lucas@yahoo.com,Espana,Palencia,2025-04-13,True
2474,Nadia,Mesa,nadia.mesa@gmail.com,Espana,Toledo,2023-10-26,
2475,Amarilis,Rosselló,amarilis.rosselló@yahoo.com,argentina,Pontevedra,2023-09-04,True
2476,Mariana,Llabrés,mariana.llabrés@yahoo.com,AR,Pontevedra,2024-09-28,False
2477,Rodolfo,Román,rodolfo.román@gmail.com,Spain,Huesca,,
2478,Tomasa,Baró,tomasa.baró@yahoo.com,CL,Alicante,2025-03-08,True
2479,Ariadna,Isern,ariadna.isern@hotmail.com,ES,Girona,2024-01-31,False
2480,Elisabet,Ortuño,elisabet.ortuño@yahoo.com,Spain,Baleares,2023-04-25,False
2481,Geraldo,Mora,geraldo.mora@yahoo.com,spain,Huelva,2024-10-20,False
2482,Jose Luis,Belmonte,jose luis.belmonte@gmail.com,MX,Huesca,2025-04-22,True
2483,Espiridión,Miralles,espiridión.miralles@gmail.com,Argentina,Guadalajara,2025-10-11,
2484,Javiera,Alba,javiera.alba@hotmail.com,AR,Castellón,2025-07-08,
2485,Adela,Montoya,adela.montoya@gmail.com,CO,Jaén,,True
2486,Loreto,Garay,loreto.garay@hotmail.com,colombia,Badajoz,2025-02-26,True
2487,Chelo,Lobo,chelo.lobo@hotmail.com,chile,Ourense,2024-06-23,
2488,Teodora,Robles,teodora.robles@hotmail.com,CL,Guadalajara,2024-02-20,True
2489,Odalis,Montero,odalis.montero@gmail.com,mexico,Almería,2024-02-19,False
2490,Nidia,Uribe,nidia.uribe@yahoo.com,ES,Cuenca,2023-01-22,True
2491,Tadeo,Carreras,  TADEO.CARRERAS@GMAIL.COM  ,Spain,Cáceres,2023-08-19,False
2492,Eliana,Morillo,eliana.morillo@hotmail.com,mexico,Ciudad,2024-12-07,True
2493,Corona,Almazán,corona.almazán@yahoo.com,México,Segovia,2024-08-30,
2494,Miguela,Acuña,miguela.acuña@yahoo.com,SPAIN,Barcelona,2023-10-16,False
2495,Prudencia,Quevedo,prudencia.quevedo@gmail.com,Chile,Guipúzcoa,2024-07-18,True
2496,Filomena,Alegre,filomena.alegre@gmail.com,México,Badajoz,2023-07-28,
2497,Paula,Ribes,paula.ribes@hotmail.com,SPAIN,Cuenca,2025-10-20,True
2498,Maximiliano,Oliva,,Mexico,Navarra,2023-11-27,False
2499,Matilde,Millán,matilde.millán@yahoo.com,chile,La Coruña,2024-02-01,False
2500,Marc,Santos,marc.santos@yahoo.com,mexico,Huesca,2025-06-15,False
2501,Esmeralda,Calderon,esmeralda.calderon@gmail.com,MX,Almería,2023-12-29,False
2502,Paola,Alarcón,paola.alarcón@gmail.com,Colombia,Guadalajara,2025-07-09,True
2503,Rosalva,Ruano,rosalva.ruano@gmail.com,colombia,Ávila,2025-05-27,True
2504,Graciano,Peinado,graciano.peinado@hotmail.com,CO,Tarragona,2025-10-13,False
2505,Rufina,Badía,  RUFINA.BADÍA@YAHOO.COM  ,Chile,Baleares,2023-01-05,True
2506,Atilio,Mayo,atilio.mayo@gmail.com,SPAIN,Guipúzcoa,2024-11-02,True
2507,Javiera,Pino,javiera.pino@yahoo.com,colombia,Barcelona,2024-11-17,False
2508,Dalila,Serna,dalila.serna@gmail.com,spain,Guadalajara,2023-05-30,True
2509,Rosalva,Colomer,rosalva.colomer@hotmail.com,Espana,Santa Cruz de Tenerife,2025-07-24,True
2510,Victoriano,Carvajal,victoriano.carvajal@hotmail.com,chile,Ourense,2024-04-26,
2511,Ale,Trillo,ale.trillo@yahoo.com,CL,Vizcaya,2023-11-21,True
2512,Lupe,Tolosa,lupe.tolosa@gmail.com,Argentina,Córdoba,2024-04-15,
2513,María Dolores,Marti,maría dolores.marti@hotmail.com,colombia,Huelva,2025-11-05,
2514,Celestina,Herrera,celestina.herrera@hotmail.com,mexico,Tarragona,2025-11-14,True
2515,Casemiro,Benavides,casemiro.benavides@yahoo.com,spain,Castellón,2025-11-05,True
2516,Albert,Garzón,albert.garzón@yahoo.com,Colombia,Cantabria,2025-04-02,False
2517,Amarilis,Calvo,,MX,Palencia,2025-07-14,True
2518,María,Álamo,maría.álamo@hotmail.com,Chile,Valladolid,2025-08-02,
2519,Mateo,Santiago,mateo.santiago@hotmail.com,CO,Málaga,2025-06-12,
2520,Curro,Castillo,curro.castillo@gmail.com,MX,Jaén,2025-10-08,True
2521,Víctor,Vilanova,  VÍCTOR.VILANOVA@GMAIL.COM  ,CL,Cantabria,2024-01-17,True
2522,Bruno,Lobo,bruno.lobo@yahoo.com,Argentina,Soria,2025-01-08,False
2523,Marino,Calatayud,marino.calatayud@gmail.com,colombia,Badajoz,2023-03-20,True
2524,Marcela,Canet,marcela.canet@gmail.com,mexico,Lleida,2024-12-02,False
2525,Glauco,Lasa,glauco.lasa@gmail.com,Argentina,Sevilla,2025-03-18,False
2526,Bernarda,Santamaría,bernarda.santamaría@yahoo.com,CL,Baleares,2023-09-30,
2527,Áurea,Blasco,áurea.blasco@yahoo.com,CL,Castellón,2024-03-31,True
2528,Eutropio,Puente,eutropio.puente@hotmail.com,chile,Málaga,2023-12-03,
2529,Nazario,Baena,nazario.baena@yahoo.com,Argentina,Huesca,2025-09-16,False
2530,Clímaco,Avilés,clímaco.avilés@hotmail.com,Colombia,Toledo,2024-03-29,True
2531,Íngrid,Rocamora,íngrid.rocamora@gmail.com,argentina,Cantabria,2023-07-29,
2532,Samuel,Egea,samuel.egea@hotmail.com,Espana,Melilla,2023-02-22,False
2533,Ema,Uriarte,ema.uriarte@hotmail.com,CL,Badajoz,,False
2534,Isa,Ayllón,isa.ayllón@hotmail.com,colombia,Baleares,2023-01-16,
2535,Isidoro,Cardona,isidoro.cardona@gmail.com,Chile,Ourense,2023-06-02,True
2536,Juan Pablo,Gómez,juan pablo.gómez@gmail.com,colombia,Cuenca,2025-12-04,False
2537,Jaime,Quiroga,jaime.quiroga@yahoo.com,Chile,Badajoz,2025-01-15,False
2538,Isidro,Ledesma,isidro.ledesma@yahoo.com,spain,Cáceres,2024-11-02,True
2539,Mireia,Frutos,mireia.frutos@yahoo.com,mexico,Teruel,2025-05-09,
2540,Débora,Maestre,débora.maestre@hotmail.com,SPAIN,Badajoz,2024-10-11,
2541,Gil,Vaquero,gil.vaquero@hotmail.com,Argentina,Valencia,2023-08-12,True
2542,Marcos,Gómez,marcos.gómez@gmail.com,spain,Soria,2025-12-19,True
2543,Buenaventura,Diaz,buenaventura.diaz@gmail.com,chile,Lleida,2023-09-27,True
2544,Erasmo,Alberto,erasmo.alberto@hotmail.com,AR,Las Palmas,2025-12-14,False
2545,Nicanor,Almansa,nicanor.almansa@gmail.com,Colombia,Asturias,2025-05-26,False
2546,Francisco,Agustí,francisco.agustí@hotmail.com,chile,Lugo,2025-06-24,True
2547,Dalila,Abella,dalila.abella@yahoo.com,México,Lugo,2024-07-26,False
2548,Damián,Arrieta,damián.arrieta@gmail.com,CL,Ceuta,2024-10-11,
2549,Beatriz,Vaquero,beatriz.vaquero@gmail.com,Argentina,Vizcaya,2023-09-01,
2550,Ciríaco,Cabo,,CO,León,2023-01-13,True
2551,Amor,Orozco,amor.orozco@hotmail.com,mexico,Sevilla,2024-04-20,True
2552,Amanda,Izaguirre,amanda.izaguirre@yahoo.com,Mexico,Álava,2023-05-22,False
2553,Pastora,Osorio,,AR,Melilla,2024-02-22,False
2554,Matilde,Tomé,matilde.tomé@gmail.com,chile,Soria,2024-09-13,
2555,Aurelia,Almansa,aurelia.almansa@gmail.com,chile,Ceuta,2025-10-01,
2556,Georgina,Cifuentes,georgina.cifuentes@yahoo.com,México,Albacete,2025-06-22,False
2557,Jose Ignacio,Rosa,jose ignacio.rosa@yahoo.com,Colombia,Valencia,2025-11-21,
2558,Chuy,Ferrer,chuy.ferrer@yahoo.com,mexico,Cuenca,2023-05-23,True
2559,Saturnina,Sancho,saturnina.sancho@hotmail.com,Chile,Córdoba,2023-05-09,
2560,Visitación,Oller,visitación.oller@yahoo.com,Mexico,Palencia,2023-05-01,True
2561,Silvestre,Llorente,silvestre.llorente@yahoo.com,Espana,Alicante,2023-11-24,
2562,Cruz,Viña,,CO,Salamanca,2023-12-05,False
2563,Donato,Rosselló,donato.rosselló@yahoo.com,chile,Girona,2024-01-06,False
2564,Damián,Aguirre,damián.aguirre@yahoo.com,CO,Lleida,2024-06-28,False
2565,Isa,Conesa,isa.conesa@hotmail.com,Mexico,Salamanca,2025-11-12,
2566,Celestina,Cánovas,celestina.cánovas@yahoo.com,CO,Girona,2023-07-29,
2567,Berto,Mariño,berto.mariño@gmail.com,México,Alicante,2023-12-26,
2568,Isaac,Luna,isaac.luna@hotmail.com,MX,Almería,2024-03-20,
2569,Amaya,Maza,amaya.maza@gmail.com,Chile,Huelva,2024-10-29,True
2570,Gertrudis,Abascal,gertrudis.abascal@gmail.com,chile,Barcelona,2025-04-23,True
2571,Pancho,Luque,pancho.luque@hotmail.com,CO,Ávila,2024-09-12,
2572,Leyre,Lillo,leyre.lillo@gmail.com,MX,Las Palmas,2025-01-14,True
2573,Delfina,Berrocal,delfina.berrocal@yahoo.com,chile,Alicante,2024-09-22,True
2574,Ainara,Pacheco,ainara.pacheco@gmail.com,colombia,Las Palmas,2025-10-06,False
2575,Sabas,Cabañas,sabas.cabañas@yahoo.com,Argentina,Pontevedra,2024-06-18,
2576,María,Duran,maría.duran@hotmail.com,colombia,Soria,2025-07-04,
2577,Sara,Mora,sara.mora@hotmail.com,Colombia,Soria,2023-05-24,False
2578,María Jesús,Flores,maría jesús.flores@yahoo.com,México,La Rioja,2023-08-19,
2579,Casandra,Flores,casandra.flores@yahoo.com,Argentina,Ávila,2025-11-28,True
2580,Manuel,Serra,manuel.serra@hotmail.com,Spain,Jaén,2023-04-22,True
2581,Micaela,Rueda,micaela.rueda@gmail.com,Spain,Melilla,2025-08-11,
2582,Vasco,Millán,vasco.millán@hotmail.com,CL,Lleida,2025-02-01,False
2583,Paulino,Roma,paulino.roma@yahoo.com,MX,La Rioja,2023-05-05,True
2584,Íñigo,Amorós,íñigo.amorós@hotmail.com,Mexico,Vizcaya,2025-03-05,
2585,Tadeo,Borrego,tadeo.borrego@gmail.com,CL,Zamora,2023-11-30,
2586,Jose Carlos,Vigil,,Chile,Salamanca,2023-11-02,True
2587,Candelaria,Marcos,  CANDELARIA.MARCOS@GMAIL.COM  ,chile,Barcelona,2024-09-12,False
2588,Samuel,Aguado,samuel.aguado@yahoo.com,Chile,Almería,2023-01-11,False
2589,Cesar,Ballesteros,cesar.ballesteros@yahoo.com,SPAIN,Guipúzcoa,2023-08-24,True
2590,Dorotea,Cabanillas,dorotea.cabanillas@yahoo.com,MX,Tarragona,2025-07-31,
2591,Natanael,Barrera,natanael.barrera@gmail.com,Mexico,Tarragona,2023-07-02,False
2592,Hernando,Villalonga,hernando.villalonga@gmail.com,Colombia,Barcelona,2023-09-05,True
2593,Jacinto,Cortes,jacinto.cortes@yahoo.com,Colombia,Toledo,2025-12-19,True
2594,Adolfo,Toro,,MX,Baleares,2024-01-30,False
2595,Bonifacio,Abad,bonifacio.abad@gmail.com,Mexico,Melilla,2024-09-09,True
2596,Cleto,Huertas,cleto.huertas@gmail.com,mexico,Lugo,2023-02-16,
2597,Amador,Vega,amador.vega@yahoo.com,colombia,Almería,2023-01-18,False
2598,Ángeles,Carro,ángeles.carro@yahoo.com,MX,Lugo,2023-02-05,
2599,Gerónimo,Gutierrez,gerónimo.gutierrez@hotmail.com,mexico,Salamanca,2025-02-18,True
2600,Isa,Saavedra,isa.saavedra@hotmail.com,SPAIN,Las Palmas,2024-12-08,
2601,Esteban,Almeida,esteban.almeida@gmail.com,CL,Valencia,2024-04-13,True
2602,Gema,Hernandez,gema.hernandez@gmail.com,mexico,Lugo,2024-10-30,False
2603,Alexandra,Manjón,  ALEXANDRA.MANJÓN@YAHOO.COM  ,Argentina,Palencia,2023-06-03,True
2604,América,Pedrero,américa.pedrero@hotmail.com,SPAIN,La Coruña,2025-05-15,
2605,Rolando,Campo,rolando.campo@yahoo.com,México,Las Palmas,2023-05-04,
2606,Eusebio,Anaya,eusebio.anaya@yahoo.com,ES,Baleares,2025-06-02,
2607,Cintia,Porras,cintia.porras@gmail.com,ES,Alicante,2024-07-30,True
2608,Filomena,Sales,filomena.sales@gmail.com,AR,Barcelona,2023-01-16,
2609,Adelina,Sedano,adelina.sedano@yahoo.com,Argentina,Cáceres,2025-01-13,False
2610,Pepito,Valle,pepito.valle@hotmail.com,colombia,Huelva,2025-01-24,False
2611,Vanesa,Zapata,vanesa.zapata@yahoo.com,Chile,Cádiz,2024-12-13,False
2612,Gabriela,Cordero,gabriela.cordero@yahoo.com,MX,Lleida,2023-10-08,False
2613,Ligia,Chaves,,CO,La Coruña,2023-04-01,True
2614,Borja,Tomás,,Chile,Pontevedra,2023-02-24,
2615,Genoveva,Escribano,genoveva.escribano@hotmail.com,colombia,Barcelona,2024-07-19,True
2616,José,Morante,josé.morante@hotmail.com,Colombia,Palencia,2023-01-27,
2617,Esmeralda,Quintanilla,esmeralda.quintanilla@gmail.com,AR,Albacete,2023-08-10,
2618,Reyes,Cuenca,reyes.cuenca@gmail.com,ES,Sevilla,2025-04-16,True
2619,Curro,Valera,curro.valera@hotmail.com,ES,Guadalajara,2023-04-08,False
2620,Martirio,Guardiola,martirio.guardiola@hotmail.com,argentina,Badajoz,2024-02-13,True
2621,Trinidad,Dávila,,SPAIN,Valladolid,2025-06-10,
2622,Sosimo,Baró,sosimo.baró@gmail.com,chile,Baleares,2025-05-29,False
2623,Anselmo,Beltran,  ANSELMO.BELTRAN@YAHOO.COM  ,SPAIN,Pontevedra,2024-02-12,True
2624,Evangelina,Andreu,evangelina.andreu@gmail.com,CL,Badajoz,2025-06-19,False
2625,Jovita,Sancho,jovita.sancho@yahoo.com,CO,Santa Cruz de Tenerife,2023-05-12,True
2626,Consuela,Folch,,Colombia,Madrid,2024-06-28,False
2627,Urbano,Macias,urbano.macias@gmail.com,spain,Valencia,2023-02-21,True
2628,Felix,Roura,felix.roura@hotmail.com,ES,Ávila,2023-09-12,True
2629,Dafne,Amador,dafne.amador@hotmail.com,spain,Castellón,2023-05-20,
2630,Anastasio,Checa,,argentina,Vizcaya,2024-05-25,
2631,Saturnino,Bello,saturnino.bello@yahoo.com,spain,Soria,2025-10-24,
2632,Luna,Álvarez,luna.álvarez@yahoo.com,argentina,Castellón,2025-03-19,
2633,Concepción,Sáez,concepción.sáez@hotmail.com,colombia,Huelva,2025-08-06,
2634,Esperanza,Cervera,esperanza.cervera@gmail.com,ES,Las Palmas,2024-08-22,False
2635,Eufemia,Peñalver,eufemia.peñalver@gmail.com,SPAIN,Barcelona,2023-04-11,
2636,Micaela,Villar,micaela.villar@yahoo.com,Argentina,Baleares,2024-10-22,True
2637,Andrea,Gual,andrea.gual@gmail.com,chile,Albacete,2023-08-22,False
2638,Jacobo,Manjón,jacobo.manjón@yahoo.com,Spain,Teruel,2023-12-05,
2639,Pepito,Bayo,pepito.bayo@gmail.com,Mexico,Asturias,2025-08-01,
2640,Bienvenida,Hernández,bienvenida.hernández@hotmail.com,Mexico,La Coruña,2023-11-21,
2641,Esperanza,Barberá,esperanza.barberá@hotmail.com,spain,Palencia,2023-06-21,
2642,Adriana,Jódar,adriana.jódar@hotmail.com,chile,Alicante,2025-07-07,True
2643,Nilo,Robles,nilo.robles@yahoo.com,ES,Guipúzcoa,2025-10-28,False
2644,Susanita,Barranco,susanita.barranco@gmail.com,Chile,Navarra,2025-03-28,False
2645,Olga,Murcia,olga.murcia@hotmail.com,Chile,Ciudad,2024-12-30,
2646,Ana,Beltran,ana.beltran@hotmail.com,México,Huelva,2023-01-24,True
2647,Calisto,Rico,calisto.rico@hotmail.com,spain,Navarra,2024-10-17,True
2648,Alejandra,Castilla,alejandra.castilla@yahoo.com,MX,Badajoz,2025-04-05,
2649,Andrés Felipe,Valdés,andrés felipe.valdés@hotmail.com,SPAIN,Segovia,2024-07-07,
2650,Pancho,Rosado,pancho.rosado@yahoo.com,colombia,Zamora,2025-03-14,
2651,Remedios,Goñi,remedios.goñi@gmail.com,colombia,Albacete,2024-12-27,True
2652,María Ángeles,Ferrández,maría ángeles.ferrández@hotmail.com,Argentina,Soria,2024-12-27,False
2653,Isaura,Alfaro,isaura.alfaro@hotmail.com,chile,Almería,2024-04-04,False
2654,Roldán,Pi,roldán.pi@hotmail.com,Argentina,Las Palmas,2025-03-26,
2655,Judith,Roldán,judith.roldán@hotmail.com,Espana,Baleares,2024-08-02,False
2656,Urbano,Carranza,urbano.carranza@hotmail.com,colombia,Huelva,2025-05-29,False
2657,Guillermo,Novoa,guillermo.novoa@yahoo.com,CL,Ciudad,2023-11-10,True
2658,Jesús,Briones,jesús.briones@hotmail.com,Colombia,Ceuta,2024-05-12,False
2659,Seve,Arroyo,  SEVE.ARROYO@GMAIL.COM  ,argentina,Almería,2024-03-30,False
2660,Carmelo,Barberá,carmelo.barberá@gmail.com,chile,Cádiz,2025-06-11,False
2661,Lorenzo,Arranz,lorenzo.arranz@yahoo.com,CO,Pontevedra,2025-12-15,
2662,Fátima,Hidalgo,,ES,Pontevedra,2023-05-10,True
2663,Rómulo,Tejero,rómulo.tejero@hotmail.com,Mexico,Sevilla,2024-05-23,
2664,Carmelo,Benito,carmelo.benito@yahoo.com,MX,Madrid,2024-03-12,False
2665,Julieta,Palau,julieta.palau@gmail.com,spain,Teruel,2024-06-05,
2666,Marciano,Pedraza,marciano.pedraza@hotmail.com,ES,Segovia,2023-02-14,False
2667,Jose Ignacio,Zurita,jose ignacio.zurita@yahoo.com,AR,Tarragona,2023-07-19,
2668,Camila,Vara,camila.vara@gmail.com,SPAIN,Huelva,2025-05-02,True
2669,Valentina,Reig,valentina.reig@hotmail.com,colombia,Cuenca,2023-05-14,True
2670,Cayetano,Frutos,cayetano.frutos@gmail.com,argentina,Granada,2023-03-27,
2671,Manuela,Galvez,manuela.galvez@gmail.com,ES,Toledo,2023-07-18,False
2672,Olalla,Cifuentes,olalla.cifuentes@gmail.com,AR,Tarragona,2024-04-08,
2673,Valerio,Santiago,valerio.santiago@gmail.com,México,Madrid,2025-05-14,
2674,Piedad,Aragón,piedad.aragón@yahoo.com,Chile,Palencia,2025-06-20,
2675,Rodrigo,Mas,rodrigo.mas@gmail.com,colombia,Cuenca,2023-07-04,
2676,Rita,Plana,rita.plana@yahoo.com,AR,Jaén,2023-09-12,
2677,Rodrigo,Saldaña,rodrigo.saldaña@gmail.com,chile,Castellón,2025-09-05,True
2678,Reynaldo,Espinosa,reynaldo.espinosa@hotmail.com,colombia,Murcia,2025-08-29,
2679,Baldomero,Mayol,baldomero.mayol@gmail.com,SPAIN,Albacete,2025-03-19,False
2680,Virginia,Navarrete,virginia.navarrete@yahoo.com,México,Valladolid,2023-07-24,False
2681,Amaro,Nogueira,amaro.nogueira@hotmail.com,AR,Las Palmas,2023-01-16,
2682,Micaela,Barberá,micaela.barberá@gmail.com,CL,Toledo,2024-05-27,False
2683,Irene,Madrigal,irene.madrigal@hotmail.com,CO,Las Palmas,2025-06-09,False
2684,Constanza,Villena,constanza.villena@yahoo.com,spain,Jaén,2023-01-30,False
2685,Adelia,Gárate,adelia.gárate@gmail.com,AR,Cuenca,2025-06-26,True
2686,Nerea,Lledó,nerea.lledó@gmail.com,CL,Vizcaya,2024-10-15,True
2687,Candela,Marqués,,chile,Alicante,2023-09-25,False
2688,Encarnación,Lledó,encarnación.lledó@yahoo.com,AR,Sevilla,2024-01-13,False
2689,Josué,Alberola,josué.alberola@gmail.com,Argentina,Ourense,2024-12-11,True
2690,Gertrudis,Montesinos,gertrudis.montesinos@yahoo.com,ES,León,2023-12-25,True
2691,Óscar,Alemany,óscar.alemany@yahoo.com,CO,Lleida,2025-08-28,True
2692,Angelino,Palmer,  ANGELINO.PALMER@YAHOO.COM  ,argentina,La Rioja,2023-06-11,
2693,Bautista,Bernad,bautista.bernad@yahoo.com,Spain,Asturias,2025-10-27,False
2694,Valero,Escolano,valero.escolano@yahoo.com,chile,Córdoba,2023-01-13,
2695,Ruperta,Uría,ruperta.uría@gmail.com,Spain,Santa Cruz de Tenerife,2025-03-22,False
2696,Félix,Collado,félix.collado@hotmail.com,Chile,Ceuta,2025-01-03,True
2697,Darío,Arenas,darío.arenas@gmail.com,AR,Palencia,2024-06-22,
2698,Maximiliano,Arnaiz,maximiliano.arnaiz@hotmail.com,Colombia,Almería,2023-12-04,
2699,Lidia,Jove,lidia.jove@yahoo.com,Argentina,Soria,2024-12-01,False
2700,Ramona,Osuna,ramona.osuna@hotmail.com,chile,Pontevedra,2023-04-09,False
2701,Joel,Olmo,joel.olmo@gmail.com,mexico,Málaga,2023-12-25,True
2702,Vicente,Carbajo,vicente.carbajo@hotmail.com,chile,Ciudad,2024-06-02,False
2703,Herminio,Moreno,herminio.moreno@hotmail.com,Spain,Soria,2024-09-17,False
2704,Severo,Bellido,severo.bellido@hotmail.com,CO,Girona,2023-06-07,True
2705,Eric,Amat,eric.amat@yahoo.com,México,Guipúzcoa,2025-10-03,
2706,Saturnino,Perera,saturnino.perera@yahoo.com,ES,Salamanca,2024-02-27,False
2707,Américo,Cueto,américo.cueto@yahoo.com,México,Girona,2025-02-16,True
2708,Eutimio,Amigó,eutimio.amigó@gmail.com,CO,Zaragoza,2023-05-05,True
2709,Matías,Vicente,matías.vicente@hotmail.com,CL,Castellón,2024-06-06,
2710,Reyes,Antúnez,reyes.antúnez@hotmail.com,Mexico,Jaén,2024-04-15,
2711,María Belén,Bermudez,maría belén.bermudez@gmail.com,Chile,Ourense,2024-11-08,False
2712,Anita,Ripoll,anita.ripoll@hotmail.com,Spain,Melilla,2023-08-01,
2713,Nazaret,Aznar,nazaret.aznar@hotmail.com,CO,Sevilla,2023-05-18,False
2714,Beatriz,Viña,beatriz.viña@yahoo.com,mexico,Cuenca,2025-01-06,False
2715,Guiomar,Marcos,guiomar.marcos@gmail.com,Espana,Ciudad,2025-01-10,False
2716,Nerea,Paredes,nerea.paredes@gmail.com,chile,Guadalajara,,
2717,Marianela,Carlos,marianela.carlos@hotmail.com,Argentina,León,2025-07-23,
2718,Luz,Redondo,luz.redondo@yahoo.com,argentina,Huelva,2025-05-21,
2719,Charo,Vega,charo.vega@gmail.com,Chile,Segovia,2023-05-05,False
2720,Alondra,Grau,alondra.grau@yahoo.com,colombia,Ceuta,2023-08-03,False
2721,Clotilde,Casares,clotilde.casares@hotmail.com,mexico,Vizcaya,2023-07-03,
2722,Virginia,Ramón,virginia.ramón@hotmail.com,chile,Pontevedra,2023-12-25,True
2723,Juan Bautista,Madrid,juan bautista.madrid@yahoo.com,chile,Baleares,2025-12-03,
2724,Ceferino,Real,ceferino.real@yahoo.com,SPAIN,Ourense,2025-10-20,True
2725,Ana Belén,Figuerola,ana belén.figuerola@gmail.com,Chile,Álava,2025-11-20,
2726,Flavio,Carrillo,flavio.carrillo@yahoo.com,chile,Valladolid,2023-09-06,True
2727,Casandra,Soriano,casandra.soriano@hotmail.com,SPAIN,Barcelona,2023-02-03,
2728,Ruth,Aragón,ruth.aragón@yahoo.com,CO,Tarragona,2023-03-03,
2729,Flavio,Beltran,flavio.beltran@gmail.com,chile,Las Palmas,2025-09-11,True
2730,Paulino,Castell,paulino.castell@yahoo.com,Espana,Teruel,2025-02-02,True
2731,Lázaro,Carrera,lázaro.carrera@yahoo.com,Argentina,Palencia,2024-08-15,
2732,Emelina,Campos,emelina.campos@hotmail.com,Mexico,Asturias,2025-09-15,
2733,Mamen,Pacheco,mamen.pacheco@yahoo.com,MX,Santa Cruz de Tenerife,2024-10-09,True
2734,Vinicio,Ruano,vinicio.ruano@yahoo.com,Spain,Tarragona,2023-02-04,False
2735,Eloy,Español,eloy.español@hotmail.com,Mexico,Burgos,2024-11-05,
2736,Teresita,Aguilera,teresita.aguilera@hotmail.com,CO,Soria,2023-04-05,
2737,Florencia,Santana,florencia.santana@yahoo.com,CO,León,2025-03-15,False
2738,Gabriel,Verdugo,gabriel.verdugo@hotmail.com,Spain,Vizcaya,2024-04-05,True
2739,Cleto,Guerra,cleto.guerra@yahoo.com,colombia,Guipúzcoa,2024-07-04,False
2740,Atilio,Villaverde,atilio.villaverde@hotmail.com,Espana,Girona,2024-02-03,
2741,Mohamed,Plana,mohamed.plana@yahoo.com,mexico,Burgos,2025-04-09,
2742,Ariel,Galvez,ariel.galvez@yahoo.com,Colombia,Ourense,2025-12-01,
2743,Serafina,Miralles,serafina.miralles@gmail.com,ES,Girona,2025-09-20,True
2744,Fito,Carrasco,fito.carrasco@yahoo.com,Argentina,Madrid,2024-01-05,True
2745,Valentín,Goicoechea,  VALENTÍN.GOICOECHEA@GMAIL.COM  ,CL,Córdoba,2024-04-29,True
2746,Eloísa,Camino,eloísa.camino@gmail.com,México,Burgos,2025-01-04,
2747,Clemente,Gabaldón,clemente.gabaldón@hotmail.com,chile,Albacete,,True
2748,Elba,Ariño,elba.ariño@hotmail.com,Chile,Álava,2025-01-24,True
2749,Amaya,Amigó,amaya.amigó@yahoo.com,CO,Girona,2023-08-30,False
2750,Concepción,Roldan,concepción.roldan@hotmail.com,argentina,Melilla,2025-09-26,
2751,Edmundo,Santiago,edmundo.santiago@yahoo.com,Mexico,Teruel,2023-10-24,
2752,Lara,Carretero,lara.carretero@yahoo.com,CL,Madrid,2023-12-29,
2753,Juan José,Bolaños,juan josé.bolaños@gmail.com,CO,Toledo,2023-04-20,False
2754,Guiomar,Carnero,guiomar.carnero@yahoo.com,AR,Valencia,2024-12-10,False
2755,Nadia,Girón,nadia.girón@hotmail.com,Colombia,Guadalajara,,
2756,Faustino,Vendrell,faustino.vendrell@yahoo.com,MX,Lleida,2023-01-01,True
2757,Eva María,Vilalta,eva maría.vilalta@hotmail.com,Spain,Teruel,2024-12-01,True
2758,Javiera,Miranda,javiera.miranda@gmail.com,Colombia,Badajoz,2025-08-20,
2759,Julieta,Vázquez,julieta.vázquez@yahoo.com,mexico,Navarra,,True
2760,Gertrudis,Aranda,gertrudis.aranda@hotmail.com,colombia,Ciudad,2025-11-24,
2761,Emigdio,Peñalver,emigdio.peñalver@gmail.com,argentina,Córdoba,2025-05-09,
2762,Adoración,Cordero,adoración.cordero@yahoo.com,Argentina,Toledo,2024-12-20,
2763,Anabel,Lumbreras,anabel.lumbreras@gmail.com,Spain,Santa Cruz de Tenerife,2023-01-03,False
2764,Sara,Borrego,sara.borrego@hotmail.com,Spain,Álava,2023-03-31,True
2765,Toño,Bautista,toño.bautista@yahoo.com,Colombia,Teruel,2023-03-31,True
2766,Gaspar,Arias,  GASPAR.ARIAS@YAHOO.COM  ,colombia,Salamanca,2025-09-17,
2767,Ricardo,Guitart,ricardo.guitart@hotmail.com,Espana,Lugo,2024-11-01,True
2768,Bernarda,Escolano,bernarda.escolano@yahoo.com,México,Girona,2024-03-12,False
2769,Guiomar,Toro,guiomar.toro@yahoo.com,Argentina,Pontevedra,2025-08-25,False
2770,Pepe,Teruel,pepe.teruel@yahoo.com,Espana,Ceuta,2023-10-17,True
2771,Daniel,Madrigal,daniel.madrigal@yahoo.com,argentina,Guadalajara,2023-05-25,False
2772,Jose Miguel,Rodríguez,jose miguel.rodríguez@gmail.com,SPAIN,Lleida,2025-04-05,True
2773,Melchor,Carballo,melchor.carballo@yahoo.com,ES,Teruel,2025-01-07,
2774,Eduardo,Tomás,eduardo.tomás@yahoo.com,mexico,Soria,2025-12-21,False
2775,Joel,Andres,,CL,Málaga,2025-05-29,
2776,Ildefonso,Rebollo,ildefonso.rebollo@gmail.com,Chile,Córdoba,2024-09-05,
2777,Imelda,Moll,imelda.moll@yahoo.com,mexico,Zaragoza,2024-04-11,
2778,Vasco,Rodríguez,vasco.rodríguez@yahoo.com,AR,Almería,2024-11-08,False
2779,Julio,Torralba,julio.torralba@hotmail.com,CO,Guipúzcoa,2025-07-08,False
2780,Fanny,Arroyo,fanny.arroyo@yahoo.com,spain,La Rioja,2024-01-10,True
2781,Ismael,Diaz,ismael.diaz@hotmail.com,Chile,Vizcaya,2024-10-26,False
2782,Eufemia,Canet,,argentina,Barcelona,2023-07-28,True
2783,Elodia,Aller,elodia.aller@hotmail.com,Spain,Zaragoza,2025-03-05,
2784,Reynaldo,Bosch,reynaldo.bosch@hotmail.com,SPAIN,Huelva,2025-06-30,True
2785,María Fernanda,Barroso,maría fernanda.barroso@hotmail.com,MX,Melilla,2025-01-29,False
2786,Humberto,Paredes,humberto.paredes@hotmail.com,argentina,Cáceres,2023-01-02,
2787,Pili,Priego,pili.priego@hotmail.com,MX,Girona,2025-01-01,True
2788,Nicolasa,Cuéllar,nicolasa.cuéllar@yahoo.com,SPAIN,La Rioja,2023-04-14,True
2789,Ildefonso,Ibarra,ildefonso.ibarra@gmail.com,Argentina,Albacete,2024-12-11,
2790,Marisol,Zurita,marisol.zurita@gmail.com,CL,Zamora,2024-11-26,False
2791,Amada,Arnal,amada.arnal@gmail.com,ES,Granada,2024-01-27,False
2792,Amado,Grau,amado.grau@hotmail.com,chile,Alicante,2025-01-19,True
2793,Lalo,Casals,,Spain,Barcelona,2025-03-15,
2794,Olimpia,Lerma,olimpia.lerma@gmail.com,Chile,Asturias,2023-01-25,
2795,Anna,Ribes,anna.ribes@gmail.com,Spain,Valencia,2023-03-06,False
2796,Paulina,Cordero,paulina.cordero@gmail.com,Espana,Cantabria,2024-08-05,
2797,Paz,Miguel,paz.miguel@yahoo.com,argentina,Málaga,2024-03-29,False
2798,Mar,Alvarado,mar.alvarado@yahoo.com,chile,Lleida,2025-01-05,True
2799,Hermenegildo,Cabo,hermenegildo.cabo@yahoo.com,argentina,Jaén,2025-01-10,True
2800,Lupe,Román,lupe.román@gmail.com,ES,La Rioja,2023-01-27,False
2801,Chelo,Lopez,chelo.lopez@yahoo.com,CL,Tarragona,2023-05-01,False
2802,Bibiana,Velázquez,bibiana.velázquez@gmail.com,CO,Albacete,2024-05-09,
2803,Anabel,Prada,anabel.prada@yahoo.com,argentina,León,2024-03-22,
2804,Jacobo,Amat,jacobo.amat@yahoo.com,AR,León,2025-02-06,True
2805,Rafael,Tapia,rafael.tapia@hotmail.com,ES,Segovia,2023-11-18,True
2806,María,Márquez,maría.márquez@gmail.com,MX,Badajoz,2023-05-30,False
2807,Chelo,Dominguez,chelo.dominguez@gmail.com,AR,Palencia,2024-08-08,
2808,Josep,Blanes,josep.blanes@gmail.com,Argentina,Salamanca,2023-11-03,True
2809,Pili,Sáenz,pili.sáenz@hotmail.com,AR,Almería,2023-03-07,
2810,María Fernanda,Uriarte,maría fernanda.uriarte@yahoo.com,colombia,Granada,2025-04-27,True
2811,Manu,Nebot,manu.nebot@gmail.com,SPAIN,Guadalajara,2025-02-25,True
2812,Jennifer,Ramos,jennifer.ramos@gmail.com,Mexico,Tarragona,2025-07-23,
2813,Hugo,Torres,hugo.torres@hotmail.com,chile,Guadalajara,2024-01-17,
2814,Florinda,Gutiérrez,florinda.gutiérrez@yahoo.com,CL,Teruel,2024-04-17,True
2815,Almudena,Vilar,almudena.vilar@hotmail.com,colombia,Badajoz,2023-01-18,True
2816,Teodoro,Berenguer,teodoro.berenguer@yahoo.com,CO,Valladolid,2024-06-07,False
2817,Albert,Cáceres,albert.cáceres@hotmail.com,Espana,Cáceres,2023-08-23,False
2818,Hector,Río,hector.río@gmail.com,MX,Las Palmas,2024-01-06,
2819,Ana Sofía,Donaire,ana sofía.donaire@hotmail.com,Mexico,Barcelona,2023-12-17,
2820,Marianela,Ripoll,marianela.ripoll@yahoo.com,Espana,Girona,2023-01-09,
2821,Desiderio,Rozas,desiderio.rozas@yahoo.com,ES,Melilla,2025-06-13,False
2822,Mohamed,Peral,mohamed.peral@hotmail.com,argentina,Burgos,2024-10-02,False
2823,Luis Ángel,Zabala,luis ángel.zabala@hotmail.com,Colombia,Zaragoza,2025-11-24,True
2824,Encarna,Pera,encarna.pera@hotmail.com,Argentina,Lugo,2024-03-18,False
2825,Óscar,Galvez,óscar.galvez@yahoo.com,Chile,Cáceres,2023-12-20,False
2826,Azucena,Sáez,azucena.sáez@gmail.com,AR,La Rioja,2025-11-18,
2827,Gastón,Conesa,,Colombia,Álava,2023-12-30,
2828,Mateo,Expósito,mateo.expósito@gmail.com,argentina,Murcia,2024-04-13,True
2829,Álvaro,Muro,álvaro.muro@gmail.com,spain,Salamanca,2024-07-24,
2830,Adelina,Crespi,adelina.crespi@gmail.com,Mexico,Santa Cruz de Tenerife,2025-01-07,
2831,Celia,Gonzalez,celia.gonzalez@yahoo.com,Mexico,Cantabria,2023-01-27,
2832,Leonardo,Luís,leonardo.luís@yahoo.com,Mexico,Huesca,2023-11-02,True
2833,Etelvina,Quintana,etelvina.quintana@yahoo.com,México,Asturias,2023-09-18,True
2834,Dora,Corominas,dora.corominas@gmail.com,mexico,Cuenca,2023-09-25,False
2835,Gaspar,Jódar,gaspar.jódar@hotmail.com,Argentina,Barcelona,2023-01-06,True
2836,Nayara,Yuste,nayara.yuste@hotmail.com,argentina,Guipúzcoa,2025-06-20,False
2837,Coral,Lluch,coral.lluch@hotmail.com,colombia,Castellón,2023-09-28,
2838,Florentino,Acedo,florentino.acedo@gmail.com,SPAIN,Ávila,2023-06-01,False
2839,Úrsula,Collado,úrsula.collado@gmail.com,Chile,Lugo,2025-12-23,True
2840,Sandra,Abad,sandra.abad@yahoo.com,Argentina,Almería,2024-07-19,False
2841,Emigdio,Vidal,emigdio.vidal@yahoo.com,Colombia,Sevilla,2024-02-20,False
2842,Agustina,Morillo,agustina.morillo@yahoo.com,Colombia,Ciudad,2025-01-24,False
2843,Charo,Pozuelo,charo.pozuelo@yahoo.com,CO,Teruel,2023-03-25,
2844,Ainoa,Padilla,ainoa.padilla@yahoo.com,Colombia,Melilla,2025-03-17,True
2845,Cayetano,Gargallo,cayetano.gargallo@gmail.com,argentina,Teruel,2024-06-05,True
2846,Eric,Ruiz,eric.ruiz@hotmail.com,CO,Madrid,2024-09-19,True
2847,Jordana,Iglesia,jordana.iglesia@hotmail.com,México,Navarra,2025-02-10,True
2848,Trinidad,Rozas,trinidad.rozas@hotmail.com,MX,Cádiz,2023-08-29,True
2849,Amador,Pavón,amador.pavón@yahoo.com,Argentina,Toledo,2024-12-04,
2850,Teobaldo,García,teobaldo.garcía@hotmail.com,AR,Jaén,2025-11-20,
2851,Reinaldo,Escamilla,reinaldo.escamilla@hotmail.com,Espana,Cantabria,2023-07-20,False
2852,Vasco,Paniagua,vasco.paniagua@hotmail.com,MX,Álava,2023-06-23,
2853,Delia,Menéndez,delia.menéndez@yahoo.com,CO,Huesca,2024-05-05,
2854,Yolanda,Izaguirre,yolanda.izaguirre@hotmail.com,AR,Pontevedra,2025-01-18,False
2855,Leandro,Aragonés,leandro.aragonés@hotmail.com,Chile,Segovia,2024-02-19,True
2856,Alejandra,Puig,alejandra.puig@gmail.com,Mexico,Cuenca,2025-12-19,True
2857,Eufemia,Barceló,eufemia.barceló@hotmail.com,argentina,Teruel,2025-03-10,
2858,Áurea,Sotelo,áurea.sotelo@hotmail.com,AR,Madrid,2024-07-03,
2859,Fulgencio,Sáenz,fulgencio.sáenz@hotmail.com,Argentina,Alicante,2025-01-29,False
2860,Rafael,Andres,rafael.andres@hotmail.com,CO,Teruel,2025-10-26,True
2861,Magdalena,Elorza,magdalena.elorza@gmail.com,Colombia,La Rioja,2023-12-29,False
2862,Perlita,Carreras,  PERLITA.CARRERAS@GMAIL.COM  ,Espana,Santa Cruz de Tenerife,2024-11-11,
2863,Leocadia,Barrios,leocadia.barrios@yahoo.com,argentina,Murcia,2025-03-28,False
2864,Leopoldo,Ferrera,leopoldo.ferrera@hotmail.com,argentina,Guipúzcoa,2025-07-03,True
2865,Pilar,Moliner,pilar.moliner@hotmail.com,ES,Palencia,2024-05-05,
2866,Lorenza,Pazos,lorenza.pazos@hotmail.com,Chile,Sevilla,2024-08-08,
2867,Samuel,Rico,samuel.rico@hotmail.com,argentina,Asturias,2023-11-19,True
2868,Guadalupe,Valls,guadalupe.valls@gmail.com,AR,Ávila,2023-04-25,False
2869,Francisco Jose,Salcedo,francisco jose.salcedo@gmail.com,México,Pontevedra,2023-02-07,
2870,Heliodoro,Vega,heliodoro.vega@yahoo.com,ES,Santa Cruz de Tenerife,2023-12-09,True
2871,Margarita,Acero,margarita.acero@yahoo.com,spain,Navarra,2024-07-29,True
2872,Pascual,Carranza,pascual.carranza@yahoo.com,argentina,Ourense,2025-06-05,
2873,Piedad,Boix,piedad.boix@hotmail.com,CO,Ávila,2025-10-17,False
2874,Demetrio,Botella,demetrio.botella@gmail.com,MX,Cádiz,2023-02-21,False
2875,Maximino,Almagro,maximino.almagro@gmail.com,argentina,Castellón,2025-06-29,True
2876,Felicia,Perera,felicia.perera@yahoo.com,CL,Toledo,2024-01-21,True
2877,Jose Manuel,Mena,jose manuel.mena@hotmail.com,spain,Valencia,2023-04-06,
2878,Marisol,Cazorla,marisol.cazorla@yahoo.com,Argentina,Jaén,2023-05-09,False
2879,Julieta,Madrid,julieta.madrid@gmail.com,argentina,Barcelona,2023-03-16,True
2880,Clara,Moles,clara.moles@yahoo.com,colombia,Cantabria,2024-09-25,False
2881,Leandro,Flores,leandro.flores@gmail.com,Mexico,Córdoba,2024-04-09,
2882,José,Sabater,josé.sabater@yahoo.com,SPAIN,Madrid,2023-06-27,True
2883,Pedro,Parra,pedro.parra@yahoo.com,SPAIN,Santa Cruz de Tenerife,2024-12-09,True
2884,Jacinta,Donaire,jacinta.donaire@gmail.com,CL,Burgos,2024-01-17,
2885,Brígida,Galvez,brígida.galvez@hotmail.com,Colombia,Huelva,2024-12-22,
2886,Flavia,Malo,flavia.malo@gmail.com,MX,Tarragona,2025-06-25,
2887,Anita,Leiva,,MX,Córdoba,2025-01-14,
2888,Isaías,Solsona,isaías.solsona@yahoo.com,mexico,Baleares,2025-05-24,False
2889,Asunción,Estrada,asunción.estrada@yahoo.com,ES,Lleida,2025-07-29,True
2890,Delia,Moraleda,delia.moraleda@yahoo.com,colombia,Sevilla,2025-11-01,True
2891,Dionisia,Aragón,dionisia.aragón@yahoo.com,Colombia,Santa Cruz de Tenerife,2023-11-16,False
2892,Plinio,Aguiló,plinio.aguiló@gmail.com,Chile,Lugo,2024-01-10,False
2893,Nicanor,Navarro,nicanor.navarro@hotmail.com,colombia,Cádiz,2024-06-12,False
2894,Xiomara,Palma,xiomara.palma@yahoo.com,mexico,Lleida,2023-10-25,True
2895,Carina,Estrada,carina.estrada@gmail.com,MX,Zaragoza,,True
2896,Encarnita,Sastre,encarnita.sastre@hotmail.com,CL,Toledo,2023-11-12,
2897,Sabas,Sáenz,sabas.sáenz@gmail.com,MX,Toledo,2023-04-28,
2898,Raúl,Nebot,raúl.nebot@yahoo.com,Argentina,Granada,2025-03-08,
2899,Apolinar,Guillén,apolinar.guillén@hotmail.com,Colombia,La Rioja,2025-12-24,False
2900,Teodosio,Leon,teodosio.leon@hotmail.com,CO,Palencia,2025-09-21,True
2901,Ambrosio,Céspedes,ambrosio.céspedes@hotmail.com,CL,Granada,2024-10-25,
2902,Soraya,Zamora,soraya.zamora@gmail.com,SPAIN,Barcelona,2023-04-28,False
2903,Gracia,Mínguez,gracia.mínguez@gmail.com,Colombia,Granada,2025-01-18,False
2904,Mónica,Cid,mónica.cid@yahoo.com,AR,La Coruña,2023-05-29,
2905,Fito,Serna,fito.serna@gmail.com,spain,Cantabria,2024-07-02,
2906,Sol,Dueñas,  SOL.DUEÑAS@YAHOO.COM  ,AR,Ávila,2023-07-07,False
2907,Gil,Guzman,gil.guzman@gmail.com,Chile,Ávila,2025-10-14,True
2908,Lourdes,Hierro,lourdes.hierro@gmail.com,ES,Álava,2023-02-07,False
2909,Albina,Cuervo,albina.cuervo@yahoo.com,Mexico,Lugo,2025-10-13,
2910,Carmelita,Prado,carmelita.prado@hotmail.com,SPAIN,Lugo,2024-05-13,False
2911,Guiomar,Peñalver,guiomar.peñalver@yahoo.com,CL,Valladolid,2025-07-18,
2912,Yésica,Báez,yésica.báez@yahoo.com,CL,Guadalajara,2025-10-01,True
2913,María Carmen,Cañellas,maría carmen.cañellas@yahoo.com,Espana,Girona,2025-06-15,
2914,Oriana,Rodriguez,oriana.rodriguez@hotmail.com,ES,Murcia,2025-12-22,False
2915,Calixto,Oliver,calixto.oliver@yahoo.com,CL,Ceuta,2024-03-01,
2916,Sonia,Enríquez,sonia.enríquez@gmail.com,chile,Huesca,2023-07-07,False
2917,Noé,Vallejo,noé.vallejo@gmail.com,AR,Asturias,2024-11-16,True
2918,Flavia,Grau,flavia.grau@gmail.com,Mexico,Cantabria,2024-12-21,False
2919,Arsenio,Galván,arsenio.galván@yahoo.com,CO,Ávila,2025-07-23,False
2920,Norberto,Plana,  NORBERTO.PLANA@HOTMAIL.COM  ,Colombia,Las Palmas,2025-05-11,False
2921,Eutropio,López,eutropio.lópez@yahoo.com,CO,Soria,2025-06-10,False
2922,Otilia,Terrón,otilia.terrón@gmail.com,CL,La Rioja,2023-07-02,True
2923,Gastón,Cárdenas,gastón.cárdenas@yahoo.com,CO,Lleida,2024-06-10,True
2924,Noelia,Blanch,noelia.blanch@yahoo.com,ES,Segovia,2024-03-27,True
2925,Rosalía,Quiroga,rosalía.quiroga@gmail.com,chile,Guadalajara,2025-05-23,False
2926,Eduardo,Vendrell,eduardo.vendrell@yahoo.com,Colombia,Álava,2025-01-03,
2927,Amalia,Querol,amalia.querol@yahoo.com,Colombia,Granada,2025-01-29,
2928,Teodoro,Jordán,teodoro.jordán@hotmail.com,SPAIN,Pontevedra,2025-12-19,False
2929,Noemí,Sanjuan,noemí.sanjuan@hotmail.com,México,Vizcaya,2024-10-05,
2930,Ainara,Naranjo,ainara.naranjo@hotmail.com,chile,Baleares,2025-03-16,False
2931,Mireia,Escamilla,mireia.escamilla@yahoo.com,colombia,Soria,2024-11-07,False
2932,Cebrián,Conesa,cebrián.conesa@gmail.com,mexico,Teruel,2024-09-17,False
2933,Dominga,Jordá,dominga.jordá@gmail.com,chile,Las Palmas,2024-05-11,False
2934,Atilio,Sobrino,atilio.sobrino@yahoo.com,argentina,Baleares,2024-07-06,False
2935,Rufina,Tovar,rufina.tovar@yahoo.com,Espana,Almería,2023-12-17,True
2936,Tamara,Peiró,tamara.peiró@yahoo.com,CL,Guipúzcoa,2025-09-03,True
2937,Imelda,Marti,imelda.marti@gmail.com,chile,Cádiz,2025-12-05,False
2938,Lázaro,Palacios,lázaro.palacios@yahoo.com,SPAIN,León,2025-07-01,
2939,Moreno,Martorell,moreno.martorell@hotmail.com,Mexico,Pontevedra,2025-09-07,
2940,Dani,Palau,dani.palau@hotmail.com,Argentina,Murcia,2025-04-25,False
2941,Mamen,Prieto,mamen.prieto@gmail.com,Chile,Ávila,,False
2942,Bienvenida,Busquets,bienvenida.busquets@gmail.com,argentina,Santa Cruz de Tenerife,2023-05-12,
2943,Ana,Rosa,ana.rosa@yahoo.com,Mexico,Lleida,2024-12-29,True
2944,Jennifer,Hervás,jennifer.hervás@hotmail.com,México,Alicante,2024-12-30,
2945,Carmelo,Morera,carmelo.morera@yahoo.com,Colombia,Burgos,2025-08-23,
2946,Emelina,Cadenas,emelina.cadenas@yahoo.com,Colombia,Guipúzcoa,2023-05-21,False
2947,Áurea,Matas,áurea.matas@yahoo.com,CL,Albacete,2025-03-23,True
2948,Gerónimo,Jimenez,gerónimo.jimenez@hotmail.com,SPAIN,Las Palmas,2023-04-09,False
2949,Demetrio,Feliu,demetrio.feliu@hotmail.com,MX,Granada,2023-10-05,True
2950,Encarnación,Vilaplana,encarnación.vilaplana@hotmail.com,mexico,Tarragona,2025-04-12,True
2951,Nerea,Avilés,nerea.avilés@yahoo.com,spain,Castellón,2025-05-01,
2952,Martirio,Rueda,martirio.rueda@yahoo.com,colombia,Cuenca,2024-10-04,True
2953,Angélica,Arroyo,angélica.arroyo@hotmail.com,CL,Cádiz,2023-04-13,
2954,Irene,López,irene.lópez@yahoo.com,ES,La Rioja,2025-08-11,True
2955,Hipólito,Alfonso,hipólito.alfonso@yahoo.com,Argentina,Cuenca,2024-04-12,False
2956,Juanito,Sevillano,juanito.sevillano@hotmail.com,SPAIN,Badajoz,2024-07-28,False
2957,Ismael,Gomila,ismael.gomila@gmail.com,México,Ceuta,2023-11-23,True
2958,Bernardo,Maestre,bernardo.maestre@hotmail.com,Chile,Palencia,,False
2959,Sosimo,Mulet,sosimo.mulet@hotmail.com,colombia,Lugo,2023-01-21,True
2960,Celestina,Alberola,celestina.alberola@yahoo.com,mexico,Guadalajara,2023-09-09,False
2961,Osvaldo,Sales,  OSVALDO.SALES@GMAIL.COM  ,CO,Valencia,2025-05-24,False
2962,Andrea,Galvez,andrea.galvez@hotmail.com,chile,Soria,2024-05-25,True
2963,Rosario,Jaume,rosario.jaume@yahoo.com,mexico,Sevilla,2023-06-10,True
2964,Reyes,Bermudez,reyes.bermudez@hotmail.com,mexico,Navarra,2023-03-01,
2965,Onofre,Blanco,onofre.blanco@gmail.com,Mexico,Granada,2023-05-20,
2966,Lupe,Miró,lupe.miró@yahoo.com,Spain,Albacete,2023-12-01,True
2967,Fabricio,Diaz,fabricio.diaz@hotmail.com,Argentina,Ourense,2025-04-27,False
2968,Tomás,Ribes,tomás.ribes@gmail.com,CL,Navarra,2025-09-02,
2969,Mar,Tudela,mar.tudela@gmail.com,CO,Murcia,2024-01-10,True
2970,Eleuterio,Pinedo,eleuterio.pinedo@hotmail.com,CO,Badajoz,2025-06-21,
2971,Ruy,Gil,ruy.gil@gmail.com,colombia,Ourense,2023-05-12,False
2972,Luis Miguel,Escalona,luis miguel.escalona@gmail.com,Chile,Navarra,2024-12-03,
2973,Sebastian,Ortiz,sebastian.ortiz@gmail.com,argentina,Pontevedra,2023-10-29,False
2974,León,Montenegro,león.montenegro@yahoo.com,MX,Sevilla,2023-06-06,True
2975,Soledad,Moll,soledad.moll@hotmail.com,Mexico,Ceuta,2025-12-23,
2976,Rosa María,Quintero,rosa maría.quintero@yahoo.com,SPAIN,Girona,2025-05-01,
2977,Paola,Sancho,paola.sancho@gmail.com,Chile,La Coruña,2023-06-01,True
2978,Luis,Acero,luis.acero@hotmail.com,CO,Valladolid,2024-04-06,False
2979,Abril,Dueñas,abril.dueñas@hotmail.com,Espana,Jaén,2024-12-27,False
2980,Custodia,Ripoll,custodia.ripoll@yahoo.com,ES,Cantabria,2025-10-05,
2981,Fanny,Andres,fanny.andres@hotmail.com,Argentina,Barcelona,2023-12-01,False
2982,Emilia,Vaquero,emilia.vaquero@gmail.com,MX,Albacete,2024-10-18,False
2983,Moreno,Iborra,moreno.iborra@gmail.com,chile,Soria,2024-02-04,True
2984,Ciriaco,Pellicer,ciriaco.pellicer@gmail.com,Chile,Navarra,2024-09-10,True
2985,Ariadna,Ferrando,ariadna.ferrando@gmail.com,argentina,Huesca,,False
2986,Loreto,Heras,,SPAIN,Teruel,2025-02-05,False
2987,África,Folch,áfrica.folch@yahoo.com,chile,Girona,2024-10-03,
2988,Berto,Anguita,berto.anguita@gmail.com,CO,Lleida,2024-01-08,
2989,Jose Ignacio,Salcedo,jose ignacio.salcedo@gmail.com,MX,Lleida,2024-10-10,False
2990,Angelita,Cantero,angelita.cantero@hotmail.com,México,Cáceres,2023-12-16,False
2991,Jose Ignacio,Sevilla,,Chile,Álava,2023-06-14,False
2992,Marianela,Antúnez,marianela.antúnez@hotmail.com,Chile,Melilla,2023-02-26,
2993,Adoración,Pol,adoración.pol@gmail.com,MX,Córdoba,2024-10-22,False
2994,Sol,Carrillo,sol.carrillo@hotmail.com,Mexico,León,2025-04-03,True
2995,Alicia,Barreda,alicia.barreda@yahoo.com,colombia,Toledo,2025-04-16,
2996,María José,Ariño,maría josé.ariño@yahoo.com,argentina,Teruel,2025-06-02,False
2997,Áurea,Vidal,áurea.vidal@hotmail.com,argentina,Las Palmas,2024-11-26,True
2998,Mirta,Casanova,mirta.casanova@gmail.com,SPAIN,Córdoba,2023-03-24,
2999,Marta,Cantón,marta.cantón@hotmail.com,Chile,Huesca,2023-06-21,True
3000,Seve,Nicolás,seve.nicolás@gmail.com,SPAIN,Zamora,2024-08-29,True
1802,Almudena,Castelló,almudena.castelló@gmail.com,mexico,Cáceres,2024-02-21,
1191,Lorenzo,Mora,lorenzo.mora@yahoo.com,chile,Baleares,2023-12-26,True
1818,María José,Agudo,maría josé.agudo@gmail.com,CO,Guipúzcoa,2023-09-06,False
252,Darío,Solís,darío.solís@gmail.com,SPAIN,Valladolid,2023-08-30,False
2506,Atilio,Mayo,atilio.mayo@gmail.com,SPAIN,Guipúzcoa,2024-11-02,True
1118,Conrado,Cárdenas,conrado.cárdenas@gmail.com,SPAIN,Córdoba,2024-12-05,
1412,Gerardo,Álamo,gerardo.álamo@gmail.com,argentina,Ávila,2025-10-03,False
2114,Bernardo,Nogués,bernardo.nogués@gmail.com,CO,Lugo,2024-11-09,True
409,Ovidio,Barón,ovidio.barón@hotmail.com,argentina,Granada,2023-07-15,False
2580,Manuel,Serra,manuel.serra@hotmail.com,Spain,Jaén,2023-04-22,True
2255,Angelita,Alcalde,angelita.alcalde@hotmail.com,Colombia,Almería,2023-03-16,
53,Goyo,Sanabria,goyo.sanabria@gmail.com,MX,Cádiz,2023-12-29,True
645,Florencio,Blanch,florencio.blanch@hotmail.com,AR,Zamora,2023-01-14,True
1764,Adelina,Ruiz,adelina.ruiz@gmail.com,México,Granada,2024-09-11,True
2777,Imelda,Moll,imelda.moll@yahoo.com,mexico,Zaragoza,2024-04-11,
901,Fidela,Guardia,fidela.guardia@yahoo.com,CL,Córdoba,2023-10-22,False
1074,Edelmira,Barceló,edelmira.barceló@gmail.com,CO,León,,
473,Lidia,Bermúdez,lidia.bermúdez@yahoo.com,AR,Segovia,2025-10-25,False
2739,Cleto,Guerra,cleto.guerra@yahoo.com,colombia,Guipúzcoa,2024-07-04,False
2547,Dalila,Abella,dalila.abella@yahoo.com,México,Lugo,2024-07-26,False
45,Calisto,Barral,calisto.barral@gmail.com,Chile,Alicante,2023-08-01,True
290,Ciro,Rosales,ciro.rosales@gmail.com,México,Zaragoza,2024-12-26,
913,Silvia,Castrillo,silvia.castrillo@yahoo.com,CL,Baleares,2023-11-02,True
2084,Lucía,Echevarría,lucía.echevarría@yahoo.com,argentina,Lleida,2024-07-30,False
1361,Ernesto,Jordá,ernesto.jordá@yahoo.com,Spain,Cádiz,2025-01-14,True
2896,Encarnita,Sastre,encarnita.sastre@hotmail.com,CL,Toledo,2023-11-12,
2604,América,Pedrero,américa.pedrero@hotmail.com,SPAIN,La Coruña,2025-05-15,
1227,Ani,Giner,ani.giner@gmail.com,Espana,Soria,2024-08-25,False
297,Timoteo,Amo,timoteo.amo@hotmail.com,Chile,Albacete,2025-04-26,False
1242,Alberto,Nuñez,alberto.nuñez@hotmail.com,México,Granada,2024-03-05,
1006,Daniela,Corominas,daniela.corominas@hotmail.com,argentina,Zaragoza,2025-10-08,False
1666,Rosalina,Baró,rosalina.baró@hotmail.com,CO,La Rioja,2025-11-28,False
747,Ramón,Blasco,ramón.blasco@hotmail.com,Espana,Asturias,2023-05-25,True
2852,Vasco,Paniagua,vasco.paniagua@hotmail.com,MX,Álava,2023-06-23,
292,Donato,Reig,donato.reig@yahoo.com,AR,Toledo,2025-09-28,False
782,Florencio,Borrego,florencio.borrego@hotmail.com,AR,León,2024-12-11,False
2145,Chucho,Cantón,  CHUCHO.CANTÓN@GMAIL.COM  ,mexico,Valencia,2023-01-26,True
323,Arcelia,Ferrera,arcelia.ferrera@yahoo.com,colombia,Toledo,2025-02-15,True
299,Pascual,Aguado,pascual.aguado@gmail.com,colombia,Ourense,2024-10-19,True
1299,María Del Carmen,Isern,maría del carmen.isern@gmail.com,AR,Madrid,2025-03-19,False
195,Gerardo,Ruano,,ES,Ávila,2023-06-09,
64,Bruno,Bayo,bruno.bayo@hotmail.com,colombia,La Coruña,2024-09-08,True
394,Victor Manuel,Rojas,victor manuel.rojas@gmail.com,AR,Huelva,2024-09-01,
728,Hernán,Gárate,hernán.gárate@yahoo.com,AR,Almería,2025-12-02,False
1584,Isidora,Pareja,isidora.pareja@gmail.com,chile,Burgos,2025-09-18,
