order_id,customer_id,order_date,order_status,channel,payment_method
1,774.0,2023-12-25,delivered,app,contrareembolso
2,1594.0,2025-06-25,delivered,web,paypal
3,634.0,2025-06-04,shipped,web,contrareembolso
4,1632.0,2024-09-03,delivered,web,paypal
5,1247.0,2024-08-12,delivered,marketplace,transferencia
6,10.0,2025-05-30,paid,marketplace,contrareembolso
7,1653.0,2024-06-21,delivered,app,transferencia
8,2893.0,2023-03-12,delivered,app,tarjeta
9,2523.0,2024-11-26,delivered,web,contrareembolso
10,1397.0,2025-08-02,paid,marketplace,paypal
11,1189.0,2025-12-05,refunded,web,transferencia
12,1585.0,2024-05-09,delivered,app,paypal
13,1306.0,2025-11-03,delivered,marketplace,contrareembolso
14,2135.0,2025-04-29,delivered,web,transferencia
15,,2024-02-18,delivered,app,tarjeta
16,1097.0,2024-03-10,shipped,marketplace,transferencia
17,2494.0,2024-07-23,delivered,web,contrareembolso
18,1118.0,2023-11-10,delivered,marketplace,transferencia
19,839.0,2025-02-12,refunded,web,transferencia
20,956.0,2024-12-25,delivered,app,transferencia
21,2141.0,2024-02-17,delivered,marketplace,transferencia
22,901.0,2025-05-29,delivered,app,transferencia
23,2115.0,2025-06-27,delivered,marketplace,paypal
24,613.0,2023-10-28,delivered,marketplace,transferencia
25,111.0,2023-12-17,delivered,web,contrareembolso
26,2572.0,2023-04-24,delivered,app,transferencia
27,1854.0,2025-08-05,paid,app,tarjeta
28,2253.0,2024-06-23,delivered,web,paypal
29,362.0,2023-07-24,delivered,marketplace,contrareembolso
30,2273.0,2024-04-18,delivered,app,transferencia
31,2125.0,2024-04-06,delivered,app,tarjeta
32,2696.0,2024-03-22,delivered,marketplace,transferencia
33,384.0,2024-03-31,delivered,web,transferencia
34,313.0,2024-09-23,delivered,marketplace,tarjeta
35,202.0,2025-06-28,delivered,marketplace,tarjeta
36,951.0,2024-09-11,delivered,marketplace,transferencia
37,272.0,2023-10-03,delivered,marketplace,paypal
38,2894.0,2023-10-29,delivered,marketplace,paypal
39,1509.0,2024-09-15,delivered,web,transferencia
40,2253.0,2024-06-04,delivered,web,contrareembolso
41,2498.0,2023-05-11,cancelled,web,tarjeta
42,1584.0,2023-04-30,delivered,marketplace,contrareembolso
43,2945.0,2025-04-09,delivered,web,tarjeta
44,3011.0,2025-03-18,delivered,web,paypal
45,1853.0,2024-11-01,delivered,web,transferencia
46,1544.0,2023-08-14,delivered,app,paypal
47,2243.0,2024-01-02,paid,marketplace,paypal
48,937.0,2024-09-07,delivered,app,transferencia
49,2813.0,2024-02-10,delivered,marketplace,contrareembolso
50,261.0,2023-01-17,delivered,app,contrareembolso
51,266.0,2025-06-06,delivered,web,contrareembolso
52,2751.0,2025-12-10,delivered,app,tarjeta
53,296.0,2024-06-23,created,web,tarjeta
54,566.0,2023-07-15,created,app,contrareembolso
55,2412.0,2023-02-09,delivered,web,paypal
56,2405.0,2023-12-27,delivered,web,tarjeta
57,714.0,2025-11-24,delivered,web,paypal
58,713.0,2024-12-31,delivered,app,paypal
59,727.0,2024-04-20,paid,marketplace,paypal
60,2305.0,2024-07-01,refunded,app,paypal
61,432.0,2025-01-26,delivered,app,paypal
62,1614.0,2024-10-12,delivered,marketplace,contrareembolso
63,1591.0,2023-11-05,paid,marketplace,contrareembolso
64,2247.0,2025-05-28,delivered,web,contrareembolso
65,969.0,2023-06-08,delivered,marketplace,tarjeta
66,853.0,2025-02-16,delivered,web,tarjeta
67,502.0,2025-03-26,delivered,app,contrareembolso
68,2369.0,2023-12-03,delivered,app,paypal
69,2397.0,2024-09-07,delivered,marketplace,tarjeta
70,1850.0,2023-02-22,delivered,app,paypal
71,2397.0,2023-06-16,refunded,web,contrareembolso
72,2308.0,2024-06-27,paid,app,contrareembolso
73,374.0,2023-01-22,delivered,marketplace,tarjeta
74,163.0,2023-10-23,delivered,marketplace,transferencia
75,859.0,2023-06-02,delivered,marketplace,tarjeta
76,354.0,2023-08-26,delivered,marketplace,transferencia
77,1787.0,2025-11-10,delivered,web,tarjeta
78,2628.0,2024-12-14,delivered,web,transferencia
79,3012.0,2024-08-02,cancelled,app,transferencia
80,2477.0,2024-03-28,shipped,marketplace,transferencia
81,597.0,2024-01-13,delivered,app,contrareembolso
82,1205.0,2024-07-16,refunded,app,contrareembolso
83,1676.0,2023-05-01,delivered,web,contrareembolso
84,788.0,2023-08-16,delivered,web,paypal
85,2440.0,2023-01-03,delivered,app,contrareembolso
86,2426.0,2023-01-16,shipped,marketplace,transferencia
87,299.0,2024-09-06,delivered,app,paypal
88,1179.0,2023-09-21,delivered,marketplace,paypal
89,932.0,2023-08-25,delivered,marketplace,contrareembolso
90,1649.0,2023-01-29,delivered,app,contrareembolso
91,2232.0,2024-01-18,delivered,marketplace,contrareembolso
92,274.0,2025-03-06,delivered,app,transferencia
93,1820.0,2024-04-01,delivered,marketplace,tarjeta
94,797.0,2025-03-27,delivered,app,transferencia
95,2178.0,2024-01-13,delivered,web,transferencia
96,1011.0,2025-03-26,delivered,app,transferencia
97,1853.0,2024-03-12,delivered,marketplace,transferencia
98,1783.0,2023-07-05,delivered,web,paypal
99,725.0,2025-01-05,cancelled,app,paypal
100,945.0,2025-10-21,cancelled,app,tarjeta
101,200.0,2024-05-05,delivered,app,contrareembolso
102,2374.0,2023-10-20,delivered,marketplace,paypal
103,1167.0,2024-08-16,delivered,web,tarjeta
104,2358.0,2023-06-27,delivered,web,contrareembolso
105,1810.0,2025-09-05,delivered,web,paypal
106,1166.0,2025-01-22,paid,app,paypal
107,1003.0,2024-11-20,delivered,marketplace,paypal
108,827.0,2025-10-14,cancelled,app,paypal
109,2734.0,2025-03-05,delivered,app,paypal
110,1511.0,2023-10-23,delivered,app,paypal
111,1287.0,2025-03-01,delivered,app,transferencia
112,1180.0,2023-09-04,shipped,web,contrareembolso
113,1712.0,2024-01-03,delivered,web,contrareembolso
114,568.0,2023-08-14,delivered,web,paypal
115,2254.0,2023-01-13,delivered,marketplace,contrareembolso
116,2503.0,2023-07-11,delivered,web,paypal
117,230.0,2024-07-06,delivered,app,contrareembolso
118,576.0,2025-12-01,paid,web,paypal
119,2950.0,2024-08-21,delivered,app,paypal
120,2832.0,2025-04-10,paid,web,contrareembolso
121,1172.0,2023-09-30,cancelled,app,tarjeta
122,205.0,2023-01-02,delivered,web,contrareembolso
123,2088.0,2023-03-15,paid,web,transferencia
124,2140.0,2023-07-31,delivered,app,transferencia
125,1563.0,2023-08-14,delivered,web,tarjeta
126,1579.0,2025-12-03,delivered,app,tarjeta
127,2235.0,2025-01-16,delivered,marketplace,paypal
128,1918.0,2025-09-14,delivered,marketplace,transferencia
129,18.0,2024-02-19,delivered,web,contrareembolso
130,,2025-08-14,created,marketplace,contrareembolso
131,917.0,2023-12-08,delivered,marketplace,tarjeta
132,5.0,2023-05-06,shipped,web,paypal
133,888.0,2023-04-17,delivered,marketplace,contrareembolso
134,2916.0,2023-09-04,delivered,app,transferencia
135,1547.0,2024-04-25,created,marketplace,transferencia
136,804.0,2024-02-15,delivered,marketplace,tarjeta
137,621.0,2023-03-04,delivered,marketplace,paypal
138,2080.0,2024-02-28,delivered,web,transferencia
139,1693.0,2025-03-04,delivered,web,tarjeta
140,3002.0,2023-10-17,paid,app,contrareembolso
141,1385.0,2023-10-21,refunded,web,tarjeta
142,2685.0,2025-02-20,cancelled,web,tarjeta
143,2135.0,2023-01-08,delivered,web,paypal
144,2560.0,2024-04-16,delivered,app,contrareembolso
145,2187.0,2023-02-20,shipped,web,contrareembolso
146,2344.0,2025-07-28,delivered,web,transferencia
147,2763.0,2024-05-15,delivered,web,contrareembolso
148,512.0,2023-10-14,delivered,app,transferencia
149,1750.0,2023-07-21,delivered,web,paypal
150,2621.0,2025-04-02,delivered,app,contrareembolso
151,2379.0,2024-10-13,delivered,marketplace,contrareembolso
152,101.0,2023-05-29,delivered,app,tarjeta
153,1444.0,2024-12-19,delivered,marketplace,tarjeta
154,1479.0,2023-01-09,delivered,marketplace,paypal
155,69.0,2024-02-06,delivered,app,tarjeta
156,664.0,2024-01-23,shipped,marketplace,tarjeta
157,1072.0,2025-02-27,delivered,marketplace,contrareembolso
158,1181.0,2024-10-30,paid,marketplace,transferencia
159,204.0,2025-10-06,delivered,app,paypal
160,937.0,2024-12-24,delivered,app,contrareembolso
161,1283.0,2023-03-02,delivered,marketplace,contrareembolso
162,1252.0,2023-05-03,delivered,marketplace,transferencia
163,1831.0,2025-09-30,delivered,app,transferencia
164,565.0,2024-12-20,shipped,marketplace,tarjeta
165,2813.0,2024-04-21,delivered,app,paypal
166,1467.0,2025-08-01,delivered,marketplace,contrareembolso
167,1434.0,2024-12-01,delivered,web,tarjeta
168,1712.0,2024-01-17,delivered,web,contrareembolso
169,1734.0,2023-12-08,shipped,app,tarjeta
170,2683.0,2023-11-24,paid,marketplace,paypal
171,2918.0,2023-10-20,delivered,marketplace,contrareembolso
172,882.0,2024-04-14,delivered,web,transferencia
173,993.0,2025-01-20,delivered,marketplace,paypal
174,262.0,2024-11-09,delivered,app,paypal
175,1019.0,2025-02-01,cancelled,marketplace,paypal
176,2758.0,2023-09-17,delivered,web,contrareembolso
177,2432.0,2025-03-24,delivered,web,contrareembolso
178,1419.0,2023-06-15,delivered,app,tarjeta
179,195.0,2024-02-26,delivered,app,transferencia
180,1538.0,2024-09-27,delivered,marketplace,paypal
181,1585.0,2025-04-21,delivered,marketplace,tarjeta
182,1755.0,2023-04-05,paid,marketplace,tarjeta
183,2680.0,2024-10-18,created,app,tarjeta
184,471.0,2025-07-17,delivered,marketplace,tarjeta
185,1880.0,2025-12-10,refunded,web,paypal
186,1183.0,2023-05-21,cancelled,web,contrareembolso
187,1222.0,2023-07-29,delivered,marketplace,contrareembolso
188,1073.0,2024-05-27,refunded,app,contrareembolso
189,3009.0,2024-03-26,delivered,app,paypal
190,466.0,2023-12-10,delivered,web,transferencia
191,2853.0,2025-03-31,delivered,marketplace,contrareembolso
192,2539.0,2023-07-28,created,web,contrareembolso
193,1250.0,2024-03-22,paid,marketplace,paypal
194,2023.0,2023-12-18,refunded,web,contrareembolso
195,1272.0,2023-04-26,delivered,marketplace,transferencia
196,2847.0,2024-04-25,delivered,web,paypal
197,755.0,2023-05-17,cancelled,app,contrareembolso
198,2881.0,2024-01-20,delivered,app,paypal
199,36.0,2025-08-21,delivered,marketplace,tarjeta
200,2373.0,2023-10-05,paid,marketplace,paypal
201,2547.0,2025-05-28,shipped,app,paypal
202,1108.0,2025-12-11,delivered,web,contrareembolso
203,2737.0,2024-07-26,delivered,marketplace,transferencia
204,2360.0,2024-09-24,delivered,marketplace,tarjeta
205,550.0,2024-10-27,delivered,marketplace,paypal
206,1095.0,2023-12-26,delivered,app,contrareembolso
207,2201.0,2024-05-27,delivered,web,tarjeta
208,2585.0,,delivered,web,paypal
209,2120.0,2024-04-16,delivered,web,contrareembolso
210,2980.0,2025-02-24,delivered,app,tarjeta
211,1529.0,2025-09-09,delivered,app,contrareembolso
212,511.0,2025-12-07,delivered,marketplace,transferencia
213,1126.0,2025-04-03,delivered,app,transferencia
214,1775.0,2023-06-24,cancelled,web,tarjeta
215,2674.0,2025-10-31,paid,app,transferencia
216,1164.0,2025-01-23,delivered,marketplace,transferencia
217,940.0,2024-09-28,delivered,app,paypal
218,1232.0,2023-09-24,delivered,web,transferencia
219,2750.0,2024-10-23,delivered,web,tarjeta
220,1511.0,2025-09-29,delivered,web,paypal
221,911.0,2025-05-13,delivered,web,contrareembolso
222,1694.0,2025-03-05,delivered,marketplace,tarjeta
223,1828.0,2024-06-03,refunded,web,contrareembolso
224,1726.0,2023-06-14,shipped,web,tarjeta
225,2940.0,2024-07-22,delivered,app,paypal
226,2152.0,2024-11-14,delivered,web,paypal
227,151.0,2023-03-01,paid,web,paypal
228,1727.0,2025-10-24,delivered,web,tarjeta
229,1835.0,2024-07-20,delivered,app,contrareembolso
230,1528.0,2025-01-25,delivered,web,tarjeta
231,15.0,2024-01-16,delivered,app,transferencia
232,370.0,2025-10-21,delivered,app,paypal
233,69.0,2023-12-07,delivered,marketplace,paypal
234,2866.0,2025-04-12,delivered,app,transferencia
235,313.0,2024-01-20,delivered,app,contrareembolso
236,688.0,2025-09-28,delivered,marketplace,tarjeta
237,312.0,2025-02-07,delivered,web,contrareembolso
238,842.0,2023-07-18,delivered,marketplace,tarjeta
239,804.0,2023-05-14,shipped,web,paypal
240,711.0,2024-10-05,delivered,web,transferencia
241,2627.0,2024-02-05,delivered,web,paypal
242,2183.0,2023-07-24,cancelled,app,transferencia
243,1667.0,2025-06-04,delivered,app,tarjeta
244,580.0,2024-06-30,delivered,web,tarjeta
245,1567.0,2025-02-18,paid,marketplace,paypal
246,623.0,2025-10-19,shipped,app,contrareembolso
247,46.0,2024-04-16,delivered,marketplace,transferencia
248,2644.0,2024-07-01,delivered,app,paypal
249,2114.0,2025-02-17,shipped,web,transferencia
250,2487.0,2023-03-27,delivered,marketplace,transferencia
251,385.0,2024-11-05,delivered,web,contrareembolso
252,215.0,2023-09-20,delivered,web,tarjeta
253,2992.0,2025-12-03,delivered,web,paypal
254,981.0,2023-07-10,delivered,web,transferencia
255,1655.0,2025-12-18,delivered,app,paypal
256,675.0,2023-01-04,delivered,web,transferencia
257,1731.0,2025-04-18,delivered,app,transferencia
258,601.0,2025-01-01,delivered,app,transferencia
259,264.0,2024-08-19,cancelled,web,contrareembolso
260,295.0,2025-06-11,delivered,marketplace,contrareembolso
261,2318.0,2024-12-19,paid,web,contrareembolso
262,2358.0,2023-11-14,shipped,app,paypal
263,2074.0,2024-07-16,cancelled,marketplace,tarjeta
264,992.0,2025-12-15,delivered,app,transferencia
265,1792.0,2024-07-01,delivered,marketplace,paypal
266,1619.0,2024-09-04,delivered,web,transferencia
267,569.0,2023-11-22,delivered,marketplace,transferencia
268,3018.0,2023-02-15,paid,marketplace,tarjeta
269,628.0,2024-07-21,delivered,web,transferencia
270,2510.0,2024-03-06,refunded,app,contrareembolso
271,1475.0,2025-08-13,paid,web,transferencia
272,709.0,2025-01-18,delivered,web,paypal
273,1533.0,2024-10-05,delivered,app,transferencia
274,1235.0,2025-01-11,delivered,web,paypal
275,793.0,2024-05-03,delivered,marketplace,transferencia
276,2429.0,2025-06-29,delivered,app,contrareembolso
277,152.0,2023-02-22,shipped,web,contrareembolso
278,430.0,2023-03-14,delivered,app,tarjeta
279,2883.0,2025-01-17,delivered,marketplace,contrareembolso
280,2760.0,2025-12-15,paid,web,paypal
281,876.0,2024-12-08,delivered,web,transferencia
282,676.0,2024-09-26,delivered,marketplace,paypal
283,1809.0,2023-05-09,refunded,web,tarjeta
284,1492.0,2025-06-13,shipped,web,paypal
285,2988.0,2024-06-25,shipped,marketplace,contrareembolso
286,2630.0,2023-10-28,delivered,app,transferencia
287,1299.0,2023-06-06,delivered,marketplace,transferencia
288,75.0,2023-10-23,delivered,marketplace,tarjeta
289,1233.0,2024-07-26,delivered,marketplace,paypal
290,1595.0,2023-01-04,delivered,app,contrareembolso
291,972.0,2025-02-11,created,app,contrareembolso
292,2298.0,2024-09-05,delivered,web,paypal
293,2805.0,2023-02-11,delivered,marketplace,tarjeta
294,45.0,2023-12-25,delivered,marketplace,paypal
295,704.0,2023-01-08,delivered,web,contrareembolso
296,2796.0,2023-06-19,delivered,app,tarjeta
297,356.0,2025-01-22,delivered,marketplace,tarjeta
298,410.0,2025-10-06,created,web,transferencia
299,950.0,2024-10-18,delivered,web,contrareembolso
300,2688.0,2025-07-20,delivered,web,contrareembolso
301,1082.0,2026-11-03,delivered,marketplace,tarjeta
302,1397.0,2023-11-29,delivered,marketplace,transferencia
303,1937.0,2025-07-09,delivered,app,contrareembolso
304,2376.0,2025-11-05,delivered,app,contrareembolso
305,2448.0,2025-04-15,cancelled,marketplace,contrareembolso
306,2036.0,2024-01-12,cancelled,web,tarjeta
307,505.0,2025-05-09,paid,marketplace,paypal
308,2415.0,2024-05-31,delivered,marketplace,tarjeta
309,2786.0,2025-03-27,shipped,app,contrareembolso
310,1567.0,2024-06-26,delivered,app,contrareembolso
311,2132.0,2024-06-08,delivered,web,tarjeta
312,1240.0,2025-01-17,delivered,app,contrareembolso
313,308.0,2023-03-12,refunded,app,contrareembolso
314,1983.0,2025-11-29,delivered,app,paypal
315,464.0,2025-03-14,created,web,paypal
316,1279.0,2023-06-12,delivered,marketplace,tarjeta
317,1113.0,2024-07-18,delivered,marketplace,tarjeta
318,1198.0,2024-01-22,delivered,app,paypal
319,1375.0,2023-11-11,paid,marketplace,transferencia
320,2304.0,2024-12-23,shipped,marketplace,contrareembolso
321,1953.0,2025-11-01,delivered,marketplace,transferencia
322,2476.0,2023-06-20,created,app,transferencia
323,2463.0,2024-05-01,delivered,app,contrareembolso
324,810.0,2024-12-02,delivered,app,paypal
325,2913.0,2024-04-01,delivered,web,tarjeta
326,1958.0,2024-08-12,delivered,marketplace,paypal
327,347.0,2024-07-03,paid,web,transferencia
328,891.0,2025-12-16,delivered,web,paypal
329,1702.0,2025-09-12,paid,app,paypal
330,1329.0,2024-02-20,delivered,marketplace,tarjeta
331,2642.0,2023-10-26,delivered,marketplace,transferencia
332,2548.0,2024-04-18,created,app,paypal
333,2093.0,2024-03-29,delivered,app,paypal
334,1039.0,2025-02-05,shipped,web,paypal
335,515.0,2023-09-28,delivered,web,transferencia
336,2408.0,2024-06-30,delivered,web,transferencia
337,1992.0,2023-06-04,delivered,marketplace,transferencia
338,1287.0,2023-09-06,delivered,web,paypal
339,2750.0,2025-01-16,delivered,web,tarjeta
340,1185.0,2024-10-05,delivered,app,contrareembolso
341,323.0,2025-05-05,delivered,marketplace,paypal
342,1601.0,2025-03-01,shipped,marketplace,contrareembolso
343,1961.0,2023-03-12,delivered,web,tarjeta
344,1817.0,2025-12-01,refunded,app,tarjeta
345,1080.0,2025-06-09,delivered,app,tarjeta
346,2489.0,2025-04-03,cancelled,web,tarjeta
347,133.0,2025-12-19,delivered,web,paypal
348,444.0,2023-11-26,delivered,app,paypal
349,568.0,2024-08-17,paid,app,transferencia
350,2309.0,2024-03-03,delivered,web,contrareembolso
351,901.0,2023-05-02,delivered,app,paypal
352,2833.0,2024-07-23,delivered,marketplace,contrareembolso
353,1176.0,2025-02-21,delivered,web,paypal
354,2222.0,2024-01-04,delivered,app,transferencia
355,1323.0,2024-07-31,shipped,app,paypal
356,1230.0,2024-04-08,delivered,marketplace,tarjeta
357,1019.0,2025-04-17,delivered,web,tarjeta
358,1292.0,2025-02-13,shipped,app,contrareembolso
359,260.0,2024-03-27,shipped,web,tarjeta
360,1583.0,2024-08-29,delivered,web,tarjeta
361,1597.0,2025-08-28,delivered,marketplace,contrareembolso
362,2533.0,2025-12-11,delivered,marketplace,tarjeta
363,365.0,2025-04-08,delivered,web,paypal
364,268.0,2023-04-04,delivered,web,tarjeta
365,926.0,2025-03-06,delivered,app,contrareembolso
366,2604.0,2025-11-28,delivered,app,tarjeta
367,1821.0,2024-03-30,cancelled,marketplace,paypal
368,2425.0,2024-07-26,delivered,app,contrareembolso
369,1576.0,2024-12-13,shipped,marketplace,contrareembolso
370,804.0,2024-12-15,delivered,marketplace,paypal
371,1973.0,2025-03-10,created,app,tarjeta
372,514.0,2023-09-06,delivered,marketplace,paypal
373,406.0,2025-03-20,refunded,app,transferencia
374,456.0,2023-04-24,paid,web,contrareembolso
375,360.0,2023-01-03,delivered,marketplace,paypal
376,2168.0,2025-08-12,refunded,app,transferencia
377,86.0,2023-06-17,delivered,web,contrareembolso
378,915.0,2023-11-15,shipped,marketplace,contrareembolso
379,1122.0,2024-05-14,delivered,marketplace,paypal
380,612.0,2025-04-03,shipped,marketplace,paypal
381,2078.0,2023-08-26,delivered,web,contrareembolso
382,2878.0,2023-04-25,delivered,web,contrareembolso
383,1460.0,2023-11-08,refunded,web,contrareembolso
384,2340.0,2025-01-05,delivered,app,tarjeta
385,2162.0,2024-12-28,delivered,web,tarjeta
386,2082.0,2023-12-07,delivered,marketplace,contrareembolso
387,1191.0,2023-11-02,created,marketplace,contrareembolso
388,2008.0,2025-05-30,delivered,web,paypal
389,76.0,2023-06-15,delivered,marketplace,transferencia
390,3007.0,2024-07-10,delivered,web,contrareembolso
391,1580.0,2025-08-23,delivered,web,transferencia
392,1596.0,2025-03-11,paid,marketplace,transferencia
393,2402.0,2023-07-16,delivered,marketplace,contrareembolso
394,1868.0,2024-09-14,delivered,marketplace,transferencia
395,2771.0,2025-01-15,shipped,app,paypal
396,29.0,2025-08-22,paid,app,paypal
397,742.0,2024-12-23,delivered,marketplace,tarjeta
398,1916.0,2023-10-20,delivered,marketplace,tarjeta
399,1428.0,2023-12-10,delivered,marketplace,contrareembolso
400,2604.0,2025-11-23,created,app,transferencia
401,1345.0,2023-04-10,delivered,marketplace,contrareembolso
402,597.0,2025-11-14,delivered,app,paypal
403,2329.0,2023-01-09,delivered,marketplace,transferencia
404,1035.0,2024-09-26,paid,app,paypal
405,1453.0,2023-08-12,delivered,app,paypal
406,1846.0,2024-04-01,delivered,marketplace,tarjeta
407,1256.0,2025-09-28,paid,app,tarjeta
408,2811.0,2024-01-31,delivered,app,paypal
409,2915.0,2024-08-01,delivered,marketplace,transferencia
410,487.0,2025-07-11,paid,web,paypal
411,172.0,2023-11-01,delivered,web,paypal
412,2715.0,2023-10-30,delivered,app,transferencia
413,1161.0,2024-12-23,delivered,app,transferencia
414,253.0,2025-04-21,delivered,web,contrareembolso
415,72.0,2024-01-12,delivered,app,tarjeta
416,275.0,2023-08-09,delivered,web,transferencia
417,671.0,2025-02-22,delivered,marketplace,paypal
418,2443.0,2025-02-12,shipped,app,paypal
419,596.0,2025-08-06,delivered,web,transferencia
420,596.0,2024-02-01,delivered,marketplace,tarjeta
421,2012.0,2025-05-03,delivered,app,contrareembolso
422,2855.0,2024-07-12,delivered,web,contrareembolso
423,1859.0,2023-11-10,delivered,marketplace,paypal
424,2948.0,2025-02-12,created,web,contrareembolso
425,1586.0,2025-03-25,delivered,marketplace,contrareembolso
426,2146.0,2023-09-10,refunded,web,transferencia
427,1634.0,2023-06-23,delivered,marketplace,transferencia
428,486.0,2025-11-19,delivered,web,transferencia
429,225.0,2024-08-07,delivered,marketplace,transferencia
430,276.0,2023-01-02,delivered,app,transferencia
431,2568.0,2023-12-26,delivered,marketplace,contrareembolso
432,2656.0,2024-11-14,delivered,marketplace,contrareembolso
433,463.0,2024-03-08,delivered,marketplace,transferencia
434,2770.0,2023-01-10,delivered,web,contrareembolso
435,1222.0,2025-03-11,delivered,marketplace,tarjeta
436,2062.0,2024-08-03,delivered,app,transferencia
437,749.0,2024-05-13,delivered,web,tarjeta
438,2189.0,2025-05-18,delivered,marketplace,transferencia
439,1085.0,2025-10-11,delivered,app,transferencia
440,1984.0,2023-07-28,paid,app,contrareembolso
441,,2023-12-24,refunded,app,transferencia
442,1410.0,2024-01-06,delivered,marketplace,contrareembolso
443,1142.0,2024-06-12,refunded,web,transferencia
444,2958.0,2024-03-12,created,app,contrareembolso
445,2114.0,2023-08-16,refunded,app,transferencia
446,1432.0,2023-05-24,delivered,web,paypal
447,1907.0,2025-05-07,paid,app,paypal
448,2665.0,2025-10-04,delivered,app,transferencia
449,2862.0,2024-01-16,delivered,web,contrareembolso
450,2551.0,2024-11-09,delivered,app,transferencia
451,2257.0,2023-12-27,shipped,marketplace,contrareembolso
452,148.0,2023-04-02,delivered,web,contrareembolso
453,1201.0,2025-06-25,delivered,web,contrareembolso
454,590.0,2025-02-14,shipped,marketplace,contrareembolso
455,2200.0,2024-03-30,delivered,marketplace,transferencia
456,1856.0,2023-03-16,delivered,app,contrareembolso
457,1411.0,2025-07-06,delivered,app,tarjeta
458,2371.0,2025-07-27,shipped,app,tarjeta
459,1170.0,2025-07-31,delivered,app,contrareembolso
460,1734.0,2024-05-04,delivered,marketplace,transferencia
461,528.0,2023-04-07,delivered,web,tarjeta
462,1540.0,2024-04-03,delivered,app,tarjeta
463,1306.0,2025-01-19,delivered,marketplace,transferencia
464,2307.0,2023-06-19,delivered,app,tarjeta
465,588.0,2023-05-07,delivered,marketplace,paypal
466,556.0,2025-02-28,delivered,web,paypal
467,2799.0,2023-12-19,shipped,app,transferencia
468,2704.0,2025-09-06,paid,web,transferencia
469,2685.0,2023-11-12,paid,marketplace,tarjeta
470,956.0,2025-10-25,delivered,marketplace,contrareembolso
471,478.0,2023-12-05,delivered,marketplace,tarjeta
472,2296.0,2025-12-12,delivered,marketplace,tarjeta
473,889.0,2025-03-14,delivered,web,contrareembolso
474,147.0,2023-03-03,delivered,web,paypal
475,1882.0,2023-06-04,delivered,app,tarjeta
476,315.0,2023-04-23,delivered,web,paypal
477,2489.0,2025-03-23,delivered,web,paypal
478,2791.0,2023-01-19,delivered,web,transferencia
479,1222.0,2023-03-04,cancelled,app,transferencia
480,790.0,2023-12-17,delivered,marketplace,contrareembolso
481,2219.0,2023-10-17,delivered,app,transferencia
482,2004.0,2024-01-30,created,app,paypal
483,1965.0,2024-06-28,delivered,web,tarjeta
484,1066.0,2024-09-10,delivered,app,transferencia
485,312.0,2023-12-07,delivered,app,transferencia
486,1632.0,2024-05-20,cancelled,web,contrareembolso
487,1189.0,2024-07-12,refunded,marketplace,transferencia
488,29.0,2023-07-09,refunded,web,contrareembolso
489,2405.0,2024-06-30,delivered,marketplace,contrareembolso
490,2782.0,2023-02-13,delivered,marketplace,tarjeta
491,465.0,2025-04-23,delivered,web,paypal
492,1355.0,2024-11-17,delivered,marketplace,transferencia
493,2854.0,2024-12-25,delivered,marketplace,tarjeta
494,1831.0,2024-09-18,delivered,app,paypal
495,3000.0,2025-09-23,delivered,web,tarjeta
496,981.0,2024-07-08,cancelled,app,transferencia
497,2891.0,2024-05-17,shipped,marketplace,paypal
498,568.0,2024-10-29,refunded,app,tarjeta
499,2436.0,2023-01-05,shipped,app,tarjeta
500,2919.0,2023-07-31,delivered,marketplace,contrareembolso
501,2005.0,2025-11-23,delivered,marketplace,paypal
502,1198.0,2025-10-11,delivered,web,paypal
503,127.0,2023-12-01,delivered,marketplace,tarjeta
504,2217.0,2024-02-21,delivered,app,contrareembolso
505,57.0,2025-08-25,delivered,web,contrareembolso
506,2888.0,2024-04-05,delivered,marketplace,tarjeta
507,2067.0,2023-11-13,delivered,app,contrareembolso
508,1394.0,2025-06-23,delivered,app,tarjeta
509,543.0,2023-05-05,delivered,web,tarjeta
510,1816.0,2023-01-21,paid,app,transferencia
511,2286.0,2023-02-20,delivered,web,contrareembolso
512,1780.0,2024-06-12,delivered,app,paypal
513,898.0,2023-12-28,delivered,web,paypal
514,2927.0,2023-01-15,shipped,web,transferencia
515,783.0,2024-02-07,delivered,marketplace,paypal
516,414.0,2025-01-31,shipped,app,contrareembolso
517,2982.0,2023-10-23,delivered,web,contrareembolso
518,596.0,2025-07-11,refunded,app,transferencia
519,2278.0,2023-03-19,cancelled,app,paypal
520,2147.0,2023-03-17,refunded,app,contrareembolso
521,1468.0,2026-10-27,delivered,app,paypal
522,1209.0,2025-04-29,delivered,marketplace,transferencia
523,2675.0,2023-06-02,delivered,web,paypal
524,1916.0,2025-02-17,delivered,web,transferencia
525,762.0,2024-02-23,delivered,web,tarjeta
526,1624.0,2023-02-16,delivered,web,contrareembolso
527,96.0,2025-10-12,cancelled,marketplace,transferencia
528,1012.0,2025-05-07,delivered,app,paypal
529,2915.0,2025-10-23,delivered,app,transferencia
530,1652.0,2024-03-14,delivered,web,paypal
531,2757.0,2025-03-16,shipped,web,transferencia
532,,2023-04-03,delivered,app,contrareembolso
533,1660.0,2024-12-20,delivered,marketplace,tarjeta
534,1240.0,2025-12-03,delivered,marketplace,contrareembolso
535,388.0,2023-07-09,delivered,marketplace,tarjeta
536,1644.0,2025-02-04,shipped,web,paypal
537,836.0,2025-01-18,delivered,marketplace,contrareembolso
538,669.0,2023-03-28,delivered,app,tarjeta
539,1579.0,2025-07-08,delivered,web,paypal
540,2737.0,2024-04-16,delivered,web,paypal
541,2081.0,2023-10-05,delivered,app,transferencia
542,2387.0,2023-08-09,delivered,app,transferencia
543,201.0,2025-05-14,delivered,web,tarjeta
544,175.0,2023-06-04,shipped,web,paypal
545,2055.0,2023-09-27,delivered,app,paypal
546,1996.0,2024-07-15,delivered,web,transferencia
547,1766.0,2024-01-26,delivered,app,contrareembolso
548,2581.0,2025-08-19,delivered,marketplace,transferencia
549,2812.0,2025-07-02,delivered,app,paypal
550,2766.0,2023-04-05,shipped,app,contrareembolso
551,605.0,2024-07-14,shipped,marketplace,contrareembolso
552,488.0,2025-01-30,delivered,marketplace,paypal
553,927.0,2024-07-21,paid,web,contrareembolso
554,1245.0,2023-11-01,cancelled,web,paypal
555,2676.0,2023-03-29,shipped,app,paypal
556,1482.0,2025-07-13,delivered,web,contrareembolso
557,2184.0,2025-10-08,delivered,marketplace,paypal
558,2093.0,2023-11-22,delivered,app,contrareembolso
559,2029.0,2025-10-22,shipped,marketplace,contrareembolso
560,421.0,2023-10-07,delivered,app,transferencia
561,1173.0,2025-02-21,delivered,app,paypal
562,1771.0,2025-08-15,paid,web,transferencia
563,2937.0,2023-05-21,paid,app,contrareembolso
564,900.0,2025-10-02,paid,web,paypal
565,2152.0,2025-03-22,delivered,app,transferencia
566,742.0,2023-09-18,delivered,marketplace,contrareembolso
567,2453.0,2023-01-23,delivered,marketplace,contrareembolso
568,2225.0,2024-04-19,delivered,app,paypal
569,1071.0,2023-03-01,delivered,marketplace,tarjeta
570,389.0,2025-04-21,cancelled,marketplace,transferencia
571,2047.0,2024-02-09,delivered,web,contrareembolso
572,1752.0,2025-09-02,delivered,marketplace,contrareembolso
573,1053.0,2023-05-30,delivered,marketplace,tarjeta
574,2498.0,2026-06-23,shipped,web,contrareembolso
575,2576.0,2023-07-03,delivered,marketplace,tarjeta
576,2730.0,2025-07-14,delivered,web,tarjeta
577,2325.0,2023-11-21,delivered,app,tarjeta
578,474.0,2024-09-23,refunded,marketplace,contrareembolso
579,,2025-05-18,delivered,marketplace,contrareembolso
580,2478.0,2024-12-11,delivered,marketplace,transferencia
581,2008.0,2025-10-06,delivered,app,contrareembolso
582,1036.0,2023-03-15,created,app,paypal
583,1364.0,2024-04-30,delivered,web,contrareembolso
584,765.0,2023-09-05,delivered,marketplace,tarjeta
585,121.0,2023-04-04,delivered,marketplace,paypal
586,1194.0,2025-08-14,delivered,app,contrareembolso
587,1944.0,2024-11-18,delivered,marketplace,transferencia
588,2794.0,2024-11-02,delivered,marketplace,contrareembolso
589,1521.0,2025-08-26,delivered,app,paypal
590,1927.0,2023-06-24,delivered,web,paypal
591,895.0,2023-09-18,delivered,marketplace,transferencia
592,1018.0,2025-10-22,delivered,web,contrareembolso
593,1657.0,2025-01-14,delivered,web,contrareembolso
594,804.0,2024-04-11,delivered,web,contrareembolso
595,2073.0,2025-03-09,delivered,web,contrareembolso
596,1094.0,2024-07-01,delivered,app,paypal
597,2922.0,2023-11-13,paid,marketplace,transferencia
598,1561.0,2023-02-13,shipped,web,transferencia
599,121.0,2023-08-29,delivered,web,paypal
600,2573.0,2024-03-16,delivered,web,transferencia
601,230.0,2024-12-10,delivered,marketplace,transferencia
602,430.0,2023-06-23,delivered,web,paypal
603,1496.0,2025-05-07,delivered,web,transferencia
604,1588.0,2024-11-24,delivered,marketplace,transferencia
605,125.0,2023-10-06,delivered,web,paypal
606,862.0,2024-11-12,paid,marketplace,paypal
607,1113.0,2024-01-04,shipped,web,contrareembolso
608,255.0,2024-11-08,delivered,app,contrareembolso
609,433.0,2023-09-29,delivered,marketplace,contrareembolso
610,1830.0,2023-02-12,shipped,web,contrareembolso
611,2571.0,2023-07-31,delivered,web,transferencia
612,1490.0,2024-01-19,delivered,marketplace,paypal
613,222.0,2024-12-30,delivered,marketplace,tarjeta
614,2788.0,2024-10-19,delivered,app,paypal
615,2738.0,2023-03-15,cancelled,marketplace,transferencia
616,199.0,2024-01-24,delivered,marketplace,contrareembolso
617,2683.0,2023-05-09,delivered,app,contrareembolso
618,1771.0,2024-07-13,delivered,marketplace,paypal
619,1056.0,2024-02-02,delivered,marketplace,contrareembolso
620,1275.0,2025-07-02,cancelled,app,paypal
621,2390.0,2025-02-07,delivered,app,tarjeta
622,2010.0,2023-04-18,delivered,marketplace,transferencia
623,1334.0,2025-07-09,delivered,app,contrareembolso
624,2618.0,2024-06-24,delivered,app,tarjeta
625,252.0,2023-06-29,delivered,app,tarjeta
626,2353.0,2025-12-16,created,app,contrareembolso
627,2305.0,2025-09-01,refunded,web,contrareembolso
628,157.0,2023-09-17,delivered,marketplace,transferencia
629,1188.0,2025-10-28,cancelled,web,contrareembolso
630,1390.0,2024-02-16,refunded,web,paypal
631,825.0,2025-04-27,created,web,transferencia
632,2966.0,2023-01-16,cancelled,marketplace,contrareembolso
633,312.0,2023-12-31,delivered,app,paypal
634,2353.0,2024-04-18,delivered,app,transferencia
635,1370.0,2024-11-08,shipped,web,transferencia
636,1975.0,2025-01-24,delivered,web,tarjeta
637,1105.0,2023-08-16,delivered,marketplace,paypal
638,970.0,2024-05-04,refunded,marketplace,transferencia
639,2485.0,2024-01-23,delivered,web,contrareembolso
640,1056.0,2023-03-30,delivered,app,transferencia
641,1566.0,2023-01-14,delivered,app,transferencia
642,454.0,2023-11-24,refunded,marketplace,contrareembolso
643,82.0,2023-02-24,delivered,app,tarjeta
644,2828.0,2025-08-10,delivered,web,transferencia
645,2688.0,2025-04-01,delivered,web,transferencia
646,493.0,2025-01-24,delivered,marketplace,contrareembolso
647,1089.0,2025-12-11,delivered,web,paypal
648,1156.0,2024-05-03,cancelled,marketplace,transferencia
649,2624.0,2023-11-01,delivered,marketplace,contrareembolso
650,729.0,2023-12-18,delivered,marketplace,contrareembolso
651,646.0,2024-02-08,delivered,marketplace,paypal
652,1800.0,2023-04-24,delivered,app,contrareembolso
653,846.0,2025-10-26,delivered,app,transferencia
654,1887.0,2025-12-02,delivered,app,paypal
655,248.0,2023-05-19,delivered,marketplace,contrareembolso
656,2069.0,2025-05-01,delivered,web,paypal
657,773.0,2025-01-26,delivered,app,transferencia
658,729.0,2024-04-17,delivered,marketplace,paypal
659,939.0,2025-02-23,delivered,app,transferencia
660,316.0,2025-01-02,shipped,app,tarjeta
661,1998.0,2023-05-18,delivered,app,transferencia
662,1474.0,2023-01-26,cancelled,web,transferencia
663,1800.0,2023-07-22,delivered,marketplace,tarjeta
664,698.0,2023-08-26,delivered,marketplace,transferencia
665,2881.0,2024-01-24,shipped,app,paypal
666,2533.0,2025-11-17,delivered,app,tarjeta
667,1284.0,2023-11-03,created,web,tarjeta
668,420.0,2025-12-28,delivered,web,transferencia
669,335.0,2023-11-20,delivered,app,paypal
670,2621.0,2025-05-23,delivered,marketplace,contrareembolso
671,1385.0,2024-08-21,delivered,web,tarjeta
672,2451.0,2025-10-06,delivered,web,transferencia
673,2749.0,2023-12-31,delivered,marketplace,paypal
674,2694.0,2023-12-13,shipped,app,paypal
675,1871.0,2024-04-18,delivered,web,tarjeta
676,1916.0,2024-12-09,delivered,marketplace,tarjeta
677,1219.0,2025-03-29,delivered,app,contrareembolso
678,1333.0,2025-01-04,delivered,app,transferencia
679,107.0,2025-10-16,delivered,app,paypal
680,2035.0,2023-10-19,delivered,marketplace,contrareembolso
681,162.0,2024-02-11,shipped,marketplace,tarjeta
682,2156.0,2024-04-16,delivered,marketplace,transferencia
683,1808.0,2025-05-16,cancelled,web,tarjeta
684,431.0,2025-12-31,delivered,app,transferencia
685,963.0,2025-12-26,delivered,app,transferencia
686,2121.0,2025-05-15,delivered,app,paypal
687,1959.0,2023-01-23,created,web,transferencia
688,269.0,2024-08-21,delivered,app,contrareembolso
689,2837.0,2023-06-24,paid,marketplace,contrareembolso
690,1904.0,2023-09-21,paid,marketplace,paypal
691,1400.0,2025-04-19,paid,marketplace,contrareembolso
692,435.0,2024-10-28,shipped,app,transferencia
693,1836.0,2024-10-09,delivered,app,contrareembolso
694,1419.0,2024-12-14,delivered,app,transferencia
695,2431.0,2025-07-22,delivered,marketplace,paypal
696,129.0,2025-07-21,created,app,tarjeta
697,1504.0,2023-02-01,cancelled,web,transferencia
698,243.0,2025-04-28,created,web,contrareembolso
699,1541.0,2025-12-21,delivered,app,tarjeta
700,933.0,2023-07-27,delivered,marketplace,paypal
701,2786.0,2023-07-10,delivered,web,paypal
702,1007.0,2025-07-31,shipped,app,contrareembolso
703,2660.0,2024-02-25,delivered,marketplace,tarjeta
704,836.0,2023-03-09,paid,marketplace,transferencia
705,1693.0,2023-06-24,delivered,web,contrareembolso
706,129.0,2024-01-28,delivered,web,transferencia
707,2122.0,2023-02-27,paid,app,tarjeta
708,1169.0,2024-07-14,delivered,web,transferencia
709,1584.0,2025-11-12,delivered,web,contrareembolso
710,2669.0,2025-02-16,shipped,app,tarjeta
711,1779.0,2024-03-31,delivered,web,contrareembolso
712,2837.0,2024-08-31,delivered,marketplace,transferencia
713,637.0,2024-05-12,delivered,app,contrareembolso
714,2973.0,2024-08-12,delivered,app,tarjeta
715,855.0,2023-09-22,delivered,app,tarjeta
716,948.0,2023-09-09,cancelled,marketplace,paypal
717,1812.0,2025-05-10,shipped,marketplace,paypal
718,2617.0,2025-07-24,delivered,marketplace,paypal
719,1412.0,2026-09-12,delivered,web,transferencia
720,1407.0,2025-10-14,delivered,web,tarjeta
721,955.0,2024-04-11,delivered,web,transferencia
722,110.0,2025-04-23,delivered,app,paypal
723,539.0,2023-06-04,cancelled,marketplace,contrareembolso
724,122.0,2024-02-07,delivered,web,contrareembolso
725,1378.0,2024-07-26,created,app,contrareembolso
726,177.0,2025-06-15,delivered,app,contrareembolso
727,428.0,2023-09-13,paid,web,transferencia
728,1809.0,2025-05-09,delivered,marketplace,transferencia
729,1937.0,2023-11-24,delivered,app,transferencia
730,1108.0,2024-08-22,delivered,app,tarjeta
731,731.0,2023-10-13,delivered,web,paypal
732,483.0,2025-03-08,refunded,web,paypal
733,1591.0,2023-01-15,delivered,app,contrareembolso
734,3000.0,2024-06-30,refunded,app,contrareembolso
735,102.0,2025-02-11,delivered,app,tarjeta
736,807.0,2025-06-15,delivered,app,paypal
737,2055.0,2023-09-07,delivered,app,transferencia
738,958.0,2024-05-28,delivered,app,paypal
739,2361.0,2025-12-09,shipped,app,tarjeta
740,1119.0,2024-06-13,delivered,app,tarjeta
741,405.0,2024-09-27,delivered,marketplace,contrareembolso
742,1401.0,2023-10-14,cancelled,web,tarjeta
743,2128.0,2023-10-03,refunded,app,transferencia
744,2488.0,2025-08-15,delivered,marketplace,transferencia
745,1007.0,2023-06-29,paid,marketplace,paypal
746,1325.0,2025-10-17,delivered,web,contrareembolso
747,1874.0,2024-12-10,delivered,web,contrareembolso
748,1628.0,2025-06-03,refunded,marketplace,transferencia
749,189.0,2023-08-16,delivered,app,contrareembolso
750,479.0,2025-07-26,delivered,marketplace,tarjeta
751,2770.0,2023-01-19,delivered,web,paypal
752,2344.0,2024-07-15,delivered,app,transferencia
753,986.0,2023-07-07,paid,app,transferencia
754,1163.0,2024-07-14,cancelled,marketplace,transferencia
755,1512.0,2024-03-10,shipped,web,contrareembolso
756,1918.0,2023-12-23,delivered,web,contrareembolso
757,1406.0,2025-03-25,delivered,web,transferencia
758,2364.0,2023-09-19,delivered,web,tarjeta
759,1044.0,2024-03-31,delivered,app,transferencia
760,774.0,2023-05-24,delivered,web,paypal
761,1486.0,2023-06-29,paid,marketplace,tarjeta
762,2893.0,2024-10-28,delivered,app,paypal
763,1809.0,2025-10-21,delivered,marketplace,contrareembolso
764,1733.0,2023-10-15,delivered,app,contrareembolso
765,1964.0,2024-09-24,delivered,app,contrareembolso
766,496.0,2025-10-10,delivered,marketplace,transferencia
767,1341.0,2023-01-26,cancelled,web,paypal
768,1619.0,2025-11-22,created,web,paypal
769,1966.0,2025-01-24,delivered,web,contrareembolso
770,67.0,2024-02-15,delivered,marketplace,paypal
771,2934.0,2024-09-17,delivered,web,contrareembolso
772,812.0,2025-08-16,refunded,app,contrareembolso
773,2315.0,2024-03-06,delivered,marketplace,transferencia
774,2594.0,2025-09-03,delivered,web,paypal
775,1004.0,2024-09-14,cancelled,marketplace,paypal
776,1030.0,2025-05-31,delivered,app,contrareembolso
777,2524.0,2024-07-10,refunded,web,paypal
778,1119.0,2024-04-11,shipped,web,tarjeta
779,1724.0,2023-10-04,delivered,app,paypal
780,647.0,2023-02-26,delivered,app,paypal
781,1491.0,2023-05-30,delivered,marketplace,paypal
782,326.0,2023-04-04,delivered,app,contrareembolso
783,325.0,2025-02-09,cancelled,web,transferencia
784,1977.0,2024-01-17,paid,marketplace,paypal
785,828.0,2023-08-22,shipped,marketplace,tarjeta
786,2799.0,2024-12-18,shipped,web,tarjeta
787,2311.0,2024-08-17,delivered,web,contrareembolso
788,1919.0,2025-04-22,created,app,tarjeta
789,694.0,2024-04-23,paid,marketplace,transferencia
790,2723.0,2025-07-05,delivered,marketplace,transferencia
791,256.0,2025-10-13,delivered,web,tarjeta
792,2038.0,2025-06-23,refunded,web,paypal
793,128.0,2023-03-22,paid,app,tarjeta
794,1945.0,2023-07-01,delivered,app,contrareembolso
795,800.0,2023-07-03,delivered,web,contrareembolso
796,2366.0,2023-09-12,delivered,app,contrareembolso
797,388.0,2024-09-19,delivered,app,tarjeta
798,2068.0,2025-06-20,delivered,marketplace,paypal
799,2826.0,2024-07-02,delivered,app,contrareembolso
800,779.0,2024-11-26,delivered,web,transferencia
801,1574.0,2024-08-08,delivered,marketplace,paypal
802,2710.0,2023-12-07,delivered,web,paypal
803,232.0,2025-04-21,delivered,web,transferencia
804,2823.0,2023-12-29,delivered,marketplace,contrareembolso
805,2673.0,2024-02-21,shipped,web,tarjeta
806,2326.0,2024-08-14,delivered,marketplace,transferencia
807,712.0,2025-03-04,delivered,app,paypal
808,2643.0,2023-08-31,paid,app,tarjeta
809,2167.0,2024-07-23,cancelled,web,tarjeta
810,978.0,2025-12-31,delivered,web,transferencia
811,2419.0,2023-02-24,delivered,web,contrareembolso
812,262.0,2025-10-02,paid,app,tarjeta
813,216.0,2025-09-11,delivered,app,paypal
814,1855.0,2024-06-19,delivered,app,tarjeta
815,2629.0,2025-09-27,delivered,app,tarjeta
816,1790.0,2025-09-30,shipped,web,tarjeta
817,2564.0,2025-01-25,delivered,marketplace,tarjeta
818,2771.0,2025-03-15,delivered,web,tarjeta
819,426.0,2023-09-25,delivered,marketplace,transferencia
820,2990.0,2024-11-08,cancelled,marketplace,transferencia
821,2980.0,2023-11-13,cancelled,marketplace,transferencia
822,647.0,2023-12-25,delivered,app,transferencia
823,156.0,2023-05-01,delivered,marketplace,tarjeta
824,1925.0,2024-03-29,paid,web,contrareembolso
825,1709.0,2023-09-25,created,web,transferencia
826,420.0,2023-05-16,delivered,web,paypal
827,251.0,2025-02-04,delivered,web,contrareembolso
828,129.0,2025-04-30,cancelled,app,contrareembolso
829,1356.0,2023-04-30,delivered,marketplace,transferencia
830,442.0,2023-10-14,delivered,web,paypal
831,2831.0,2023-06-18,refunded,app,transferencia
832,506.0,2024-08-31,delivered,web,contrareembolso
833,2708.0,2025-07-17,delivered,app,transferencia
834,646.0,2025-01-09,delivered,web,paypal
835,2292.0,2023-06-23,delivered,app,transferencia
836,1613.0,2024-08-23,delivered,web,paypal
837,696.0,2023-11-16,delivered,app,contrareembolso
838,2524.0,2024-04-12,delivered,app,tarjeta
839,2832.0,2023-06-07,paid,marketplace,contrareembolso
840,2060.0,2024-02-17,delivered,app,transferencia
841,1918.0,2024-10-27,delivered,app,contrareembolso
842,849.0,2025-04-30,delivered,app,tarjeta
843,1278.0,2025-03-05,delivered,marketplace,contrareembolso
844,840.0,2024-01-11,delivered,web,contrareembolso
845,1978.0,2023-01-21,refunded,marketplace,tarjeta
846,712.0,2025-04-26,delivered,marketplace,transferencia
847,2908.0,2023-11-23,delivered,app,paypal
848,1331.0,2024-04-14,paid,marketplace,paypal
849,2723.0,2023-07-30,delivered,web,contrareembolso
850,2526.0,2023-12-25,shipped,app,transferencia
851,2504.0,2023-12-21,refunded,web,paypal
852,1028.0,2023-09-16,delivered,app,contrareembolso
853,2054.0,2023-05-07,delivered,app,transferencia
854,2035.0,2023-07-02,delivered,app,contrareembolso
855,1215.0,2024-06-08,delivered,app,contrareembolso
856,2668.0,2025-01-16,delivered,app,tarjeta
857,1883.0,2025-02-23,delivered,app,tarjeta
858,916.0,2024-03-15,cancelled,web,tarjeta
859,1538.0,,delivered,marketplace,tarjeta
860,1176.0,2024-02-01,paid,app,contrareembolso
861,2973.0,2024-11-30,delivered,marketplace,contrareembolso
862,870.0,2023-10-07,delivered,app,paypal
863,1293.0,2025-08-14,created,marketplace,tarjeta
864,2584.0,2025-10-13,delivered,web,tarjeta
865,2176.0,2025-02-13,shipped,web,tarjeta
866,1037.0,2023-12-25,paid,marketplace,tarjeta
867,744.0,2025-07-07,delivered,marketplace,paypal
868,291.0,2024-09-26,delivered,app,paypal
869,797.0,2023-07-24,shipped,marketplace,paypal
870,1266.0,2024-10-29,delivered,web,contrareembolso
871,1663.0,2025-10-07,delivered,marketplace,paypal
872,1794.0,2025-09-14,shipped,marketplace,contrareembolso
873,2777.0,2025-11-27,delivered,marketplace,contrareembolso
874,2226.0,2023-06-02,delivered,app,tarjeta
875,2180.0,2024-02-19,paid,marketplace,paypal
876,2563.0,2024-12-05,delivered,marketplace,paypal
877,1298.0,2024-11-21,cancelled,marketplace,paypal
878,830.0,2024-07-05,cancelled,app,tarjeta
879,1144.0,2025-06-28,delivered,web,paypal
880,4.0,2025-03-13,delivered,marketplace,tarjeta
881,832.0,2023-11-21,shipped,marketplace,transferencia
882,2064.0,2025-06-13,shipped,marketplace,transferencia
883,862.0,2025-03-02,delivered,marketplace,paypal
884,1800.0,2024-08-15,delivered,app,paypal
885,1203.0,2023-07-31,refunded,web,tarjeta
886,2735.0,2023-06-15,refunded,app,paypal
887,1768.0,2023-10-22,delivered,web,transferencia
888,1550.0,2024-12-21,delivered,marketplace,transferencia
889,247.0,2025-03-08,delivered,marketplace,tarjeta
890,1556.0,2023-10-02,refunded,app,contrareembolso
891,312.0,2023-04-25,delivered,web,paypal
892,2815.0,2023-12-18,shipped,marketplace,tarjeta
893,271.0,2023-12-06,shipped,web,paypal
894,569.0,2025-06-21,shipped,web,contrareembolso
895,2461.0,2023-04-21,delivered,app,tarjeta
896,982.0,2025-11-01,delivered,marketplace,paypal
897,2393.0,2023-11-13,delivered,marketplace,tarjeta
898,1044.0,2024-08-11,delivered,marketplace,tarjeta
899,2030.0,2024-11-16,shipped,web,paypal
900,949.0,2023-05-27,delivered,marketplace,tarjeta
901,2171.0,2025-09-23,delivered,marketplace,contrareembolso
902,1613.0,2023-04-29,delivered,app,tarjeta
903,2117.0,2025-10-23,delivered,marketplace,transferencia
904,480.0,2023-10-08,delivered,app,transferencia
905,805.0,2025-12-07,delivered,marketplace,tarjeta
906,642.0,2025-11-21,created,marketplace,transferencia
907,2468.0,2024-09-15,delivered,web,contrareembolso
908,1378.0,2025-07-12,delivered,web,paypal
909,449.0,2025-10-14,delivered,app,paypal
910,2361.0,2025-03-03,delivered,web,transferencia
911,1801.0,2025-05-09,cancelled,app,transferencia
912,2010.0,2025-12-29,shipped,marketplace,tarjeta
913,2850.0,2024-11-16,delivered,web,transferencia
914,1046.0,2023-07-15,created,marketplace,transferencia
915,1280.0,2023-03-24,delivered,marketplace,contrareembolso
916,2914.0,2023-11-02,delivered,marketplace,contrareembolso
917,246.0,2024-10-22,delivered,app,tarjeta
918,1327.0,,delivered,app,transferencia
919,496.0,2023-07-23,delivered,app,paypal
920,1835.0,2025-08-17,delivered,app,tarjeta
921,1796.0,2024-12-13,delivered,web,tarjeta
922,1977.0,2025-05-07,delivered,marketplace,paypal
923,135.0,2024-01-14,delivered,marketplace,contrareembolso
924,1372.0,2023-12-08,delivered,web,contrareembolso
925,1817.0,2025-02-27,delivered,app,tarjeta
926,641.0,2025-02-03,delivered,app,transferencia
927,1627.0,2025-03-28,paid,marketplace,paypal
928,2406.0,2025-07-03,delivered,web,contrareembolso
929,708.0,2024-02-10,delivered,app,tarjeta
930,2799.0,2024-10-17,cancelled,app,paypal
931,1072.0,2025-07-09,paid,web,tarjeta
932,2276.0,2024-05-29,cancelled,marketplace,tarjeta
933,2464.0,2023-01-30,delivered,marketplace,tarjeta
934,2957.0,2024-11-25,delivered,marketplace,contrareembolso
935,1729.0,2023-10-23,delivered,marketplace,transferencia
936,2294.0,2024-06-23,delivered,web,paypal
937,1514.0,2024-12-25,shipped,app,contrareembolso
938,1623.0,2023-07-25,delivered,web,transferencia
939,764.0,2024-03-21,delivered,app,contrareembolso
940,55.0,2025-10-29,cancelled,web,paypal
941,2313.0,2025-11-10,delivered,app,transferencia
942,2450.0,2023-10-18,shipped,web,contrareembolso
943,550.0,2023-02-06,paid,web,contrareembolso
944,1096.0,2025-01-17,refunded,marketplace,transferencia
945,2716.0,2025-08-17,cancelled,app,contrareembolso
946,252.0,2024-04-16,delivered,marketplace,paypal
947,2640.0,2024-08-01,delivered,marketplace,paypal
948,437.0,2025-12-03,paid,app,transferencia
949,2176.0,2025-03-22,delivered,marketplace,transferencia
950,2408.0,2024-05-20,delivered,app,contrareembolso
951,536.0,2023-04-22,delivered,app,tarjeta
952,280.0,2025-11-24,delivered,web,paypal
953,1344.0,2023-10-04,delivered,app,contrareembolso
954,1997.0,2023-10-09,cancelled,marketplace,contrareembolso
955,2022.0,2023-06-25,delivered,web,tarjeta
956,1629.0,2023-01-29,delivered,marketplace,transferencia
957,2700.0,2024-08-23,delivered,app,contrareembolso
958,2115.0,2023-04-02,delivered,marketplace,contrareembolso
959,1049.0,2024-04-26,delivered,marketplace,contrareembolso
960,533.0,2024-11-16,paid,marketplace,tarjeta
961,1692.0,2023-03-14,delivered,marketplace,contrareembolso
962,370.0,2023-12-15,delivered,marketplace,paypal
963,1556.0,2024-10-17,delivered,web,tarjeta
964,2974.0,2023-05-28,delivered,marketplace,paypal
965,2389.0,2024-11-20,delivered,web,tarjeta
966,221.0,2023-06-08,delivered,marketplace,tarjeta
967,2818.0,2024-05-19,shipped,marketplace,paypal
968,747.0,2025-02-25,paid,app,paypal
969,1073.0,2023-11-17,delivered,marketplace,transferencia
970,1447.0,2023-06-24,cancelled,app,paypal
971,2830.0,2025-10-01,cancelled,web,tarjeta
972,727.0,2024-04-01,shipped,app,contrareembolso
973,2452.0,2024-09-07,delivered,app,contrareembolso
974,1864.0,2025-11-30,cancelled,web,transferencia
975,1437.0,2024-11-24,delivered,web,tarjeta
976,2990.0,2025-05-24,delivered,app,contrareembolso
977,938.0,2025-09-09,shipped,marketplace,contrareembolso
978,3.0,2025-09-20,delivered,web,transferencia
979,2628.0,2023-12-02,cancelled,app,contrareembolso
980,2182.0,2024-10-11,paid,app,contrareembolso
981,2682.0,2025-07-16,delivered,marketplace,transferencia
982,1599.0,2025-06-10,shipped,app,transferencia
983,1821.0,2023-05-29,paid,marketplace,contrareembolso
984,905.0,2024-01-19,delivered,web,transferencia
985,2694.0,2025-08-19,delivered,web,tarjeta
986,798.0,2025-01-24,cancelled,marketplace,tarjeta
987,2152.0,2025-09-28,delivered,marketplace,paypal
988,2043.0,2024-10-29,delivered,web,transferencia
989,576.0,2023-11-18,delivered,marketplace,tarjeta
990,2048.0,2025-07-28,delivered,marketplace,contrareembolso
991,2936.0,2025-07-31,delivered,app,tarjeta
992,2537.0,2023-03-10,refunded,app,tarjeta
993,745.0,2023-09-21,delivered,marketplace,contrareembolso
994,2133.0,2024-04-04,delivered,web,tarjeta
995,346.0,2023-07-31,cancelled,marketplace,paypal
996,507.0,2023-11-28,delivered,app,tarjeta
997,161.0,2025-12-27,delivered,web,transferencia
998,468.0,2024-08-09,delivered,app,paypal
999,947.0,2023-02-04,delivered,web,tarjeta
1000,95.0,2023-03-18,delivered,app,paypal
1001,1653.0,2023-10-14,delivered,marketplace,tarjeta
1002,2736.0,2024-07-11,delivered,marketplace,contrareembolso
1003,2031.0,2024-10-09,delivered,web,contrareembolso
1004,302.0,2023-01-29,shipped,app,contrareembolso
1005,629.0,2024-04-19,delivered,web,paypal
1006,1266.0,2025-01-15,delivered,marketplace,contrareembolso
1007,1380.0,2023-07-12,delivered,app,tarjeta
1008,760.0,2024-08-04,delivered,marketplace,paypal
1009,898.0,2025-08-06,delivered,app,paypal
1010,1820.0,2025-03-14,delivered,web,contrareembolso
1011,,2023-12-15,delivered,app,paypal
1012,362.0,2024-06-07,delivered,web,tarjeta
1013,2575.0,2023-10-17,delivered,marketplace,tarjeta
1014,2533.0,2025-12-20,delivered,app,contrareembolso
1015,1194.0,2024-11-18,delivered,marketplace,transferencia
1016,2906.0,2023-01-10,delivered,app,contrareembolso
1017,1626.0,2024-02-27,delivered,app,paypal
1018,2723.0,2023-07-16,delivered,marketplace,tarjeta
1019,795.0,2024-12-25,cancelled,marketplace,contrareembolso
1020,355.0,2023-06-22,delivered,marketplace,contrareembolso
1021,2675.0,2023-10-21,delivered,marketplace,paypal
1022,2627.0,2024-05-16,shipped,web,transferencia
1023,2384.0,2023-02-06,cancelled,web,tarjeta
1024,1732.0,2025-05-06,delivered,app,tarjeta
1025,466.0,2025-06-25,shipped,marketplace,contrareembolso
1026,799.0,2023-11-14,delivered,marketplace,contrareembolso
1027,2934.0,2025-12-20,shipped,web,tarjeta
1028,2428.0,2024-05-24,cancelled,app,transferencia
1029,1276.0,2024-07-03,delivered,marketplace,paypal
1030,1904.0,2023-04-22,delivered,web,tarjeta
1031,10.0,2024-03-05,delivered,app,contrareembolso
1032,1570.0,2024-02-29,delivered,app,contrareembolso
1033,2252.0,2024-01-25,paid,app,tarjeta
1034,190.0,2023-08-14,delivered,marketplace,tarjeta
1035,1692.0,2024-04-21,delivered,web,transferencia
1036,746.0,2024-05-06,delivered,marketplace,contrareembolso
1037,792.0,2025-07-01,delivered,marketplace,tarjeta
1038,2532.0,2025-10-07,delivered,app,tarjeta
1039,1277.0,2024-09-17,paid,marketplace,paypal
1040,501.0,2023-07-05,cancelled,app,tarjeta
1041,425.0,2025-07-14,paid,marketplace,tarjeta
1042,1064.0,2023-05-11,delivered,marketplace,transferencia
1043,2907.0,2025-06-15,delivered,web,tarjeta
1044,501.0,2025-08-26,delivered,app,paypal
1045,2448.0,2023-07-20,shipped,app,contrareembolso
1046,1175.0,2024-10-27,paid,app,transferencia
1047,874.0,2023-08-02,delivered,app,paypal
1048,2804.0,2025-07-16,delivered,marketplace,paypal
1049,2042.0,2024-07-01,delivered,marketplace,contrareembolso
1050,1487.0,2023-06-06,delivered,app,tarjeta
1051,76.0,2023-08-25,delivered,marketplace,contrareembolso
1052,134.0,2025-09-16,paid,app,contrareembolso
1053,1562.0,2025-09-26,delivered,marketplace,tarjeta
1054,657.0,2023-06-16,delivered,app,tarjeta
1055,476.0,2024-06-18,shipped,marketplace,contrareembolso
1056,415.0,2024-09-25,delivered,web,contrareembolso
1057,927.0,2023-01-05,delivered,marketplace,contrareembolso
1058,2790.0,2023-05-27,delivered,web,tarjeta
1059,1948.0,2025-02-02,shipped,app,contrareembolso
1060,137.0,2024-05-25,delivered,app,tarjeta
1061,1019.0,2025-12-14,delivered,marketplace,paypal
1062,1540.0,2025-11-22,delivered,app,tarjeta
1063,2614.0,2025-06-15,delivered,web,paypal
1064,1621.0,2025-01-20,delivered,web,tarjeta
1065,2080.0,2024-02-23,shipped,web,tarjeta
1066,2120.0,2023-04-29,cancelled,app,contrareembolso
1067,1396.0,2024-12-26,delivered,app,tarjeta
1068,250.0,2025-04-02,paid,marketplace,tarjeta
1069,2418.0,2024-03-27,delivered,web,paypal
1070,317.0,2023-01-18,delivered,marketplace,paypal
1071,209.0,2024-08-10,shipped,app,paypal
1072,2838.0,2024-09-03,delivered,web,transferencia
1073,2983.0,2024-12-08,refunded,web,paypal
1074,2856.0,2023-06-12,delivered,web,tarjeta
1075,348.0,2025-01-27,delivered,app,tarjeta
1076,1055.0,2023-06-10,delivered,marketplace,tarjeta
1077,1044.0,2024-05-30,delivered,app,contrareembolso
1078,341.0,2025-12-22,delivered,web,tarjeta
1079,2589.0,2024-07-16,delivered,marketplace,contrareembolso
1080,2392.0,2025-08-24,refunded,web,contrareembolso
1081,276.0,2024-05-10,delivered,marketplace,transferencia
1082,1227.0,2024-09-18,delivered,app,transferencia
1083,2376.0,2024-08-15,delivered,marketplace,tarjeta
1084,1017.0,2023-10-31,delivered,app,tarjeta
1085,1809.0,2025-07-26,delivered,web,tarjeta
1086,863.0,2025-06-10,cancelled,web,transferencia
1087,1703.0,2024-09-12,delivered,app,tarjeta
1088,1510.0,2024-06-08,delivered,marketplace,transferencia
1089,2758.0,2024-05-10,refunded,web,transferencia
1090,1926.0,2023-10-20,delivered,marketplace,contrareembolso
1091,1652.0,2025-04-19,delivered,marketplace,paypal
1092,707.0,2024-08-07,paid,app,contrareembolso
1093,1755.0,2023-02-14,delivered,app,paypal
1094,1750.0,2025-12-21,shipped,web,contrareembolso
1095,1262.0,2023-02-07,delivered,web,paypal
1096,1142.0,2023-07-20,delivered,marketplace,transferencia
1097,638.0,2023-07-13,delivered,web,tarjeta
1098,244.0,2025-02-27,delivered,app,paypal
1099,2285.0,2025-09-13,delivered,app,paypal
1100,2995.0,2025-07-07,delivered,app,paypal
1101,2484.0,2024-09-17,delivered,app,paypal
1102,1997.0,2024-05-07,delivered,app,tarjeta
1103,2542.0,2025-02-19,delivered,marketplace,transferencia
1104,2438.0,2024-07-27,delivered,web,contrareembolso
1105,326.0,2023-08-22,delivered,app,paypal
1106,1128.0,2023-07-08,delivered,web,contrareembolso
1107,2596.0,2023-06-20,paid,app,paypal
1108,2526.0,2023-11-23,delivered,web,contrareembolso
1109,1110.0,2023-03-26,paid,marketplace,tarjeta
1110,1344.0,2025-04-12,delivered,marketplace,paypal
1111,1986.0,2025-05-04,cancelled,app,contrareembolso
1112,2836.0,2023-08-13,delivered,app,tarjeta
1113,2008.0,2023-12-15,delivered,app,tarjeta
1114,179.0,2023-09-11,delivered,web,contrareembolso
1115,44.0,2025-12-31,delivered,marketplace,contrareembolso
1116,1031.0,2025-07-29,created,app,contrareembolso
1117,,2025-07-08,shipped,app,transferencia
1118,2000.0,2023-07-09,delivered,marketplace,paypal
1119,724.0,2025-09-20,refunded,app,transferencia
1120,1174.0,2025-03-11,refunded,marketplace,tarjeta
1121,394.0,2023-03-20,delivered,web,contrareembolso
1122,2536.0,2023-08-05,cancelled,web,contrareembolso
1123,790.0,2023-04-22,refunded,app,contrareembolso
1124,81.0,2024-07-03,delivered,app,paypal
1125,230.0,2023-01-10,delivered,app,paypal
1126,1764.0,2024-10-03,created,marketplace,contrareembolso
1127,1158.0,2023-04-15,delivered,web,tarjeta
1128,1343.0,2024-11-03,delivered,web,transferencia
1129,2197.0,2024-10-16,shipped,app,paypal
1130,2090.0,2024-12-08,delivered,marketplace,tarjeta
1131,380.0,2023-07-28,cancelled,web,contrareembolso
1132,872.0,2023-11-12,shipped,app,transferencia
1133,173.0,2023-11-05,delivered,web,contrareembolso
1134,505.0,2024-02-25,paid,marketplace,transferencia
1135,2442.0,2024-07-27,delivered,app,tarjeta
1136,1563.0,2023-08-09,delivered,app,paypal
1137,2501.0,2023-11-11,created,app,paypal
1138,176.0,2025-08-08,delivered,app,paypal
1139,1989.0,2023-04-29,refunded,web,paypal
1140,383.0,2023-12-14,delivered,app,transferencia
1141,2809.0,2023-05-20,delivered,web,tarjeta
1142,193.0,2023-12-01,delivered,app,tarjeta
1143,550.0,2024-08-07,delivered,marketplace,contrareembolso
1144,1417.0,2024-06-13,delivered,marketplace,tarjeta
1145,1706.0,2024-10-13,delivered,marketplace,paypal
1146,2066.0,2025-05-14,delivered,web,transferencia
1147,2879.0,2025-12-09,delivered,marketplace,paypal
1148,2155.0,2023-02-17,delivered,app,contrareembolso
1149,1801.0,2023-06-09,refunded,app,transferencia
1150,2035.0,2023-11-22,paid,marketplace,contrareembolso
1151,1643.0,2023-01-28,delivered,app,contrareembolso
1152,2713.0,2025-05-25,cancelled,marketplace,transferencia
1153,1898.0,2025-05-10,delivered,web,tarjeta
1154,2202.0,2024-04-29,delivered,marketplace,contrareembolso
1155,1645.0,2024-07-04,cancelled,web,contrareembolso
1156,1682.0,2024-04-19,delivered,web,tarjeta
1157,1599.0,2023-03-16,delivered,web,tarjeta
1158,2666.0,2023-01-09,delivered,web,transferencia
1159,813.0,2025-04-23,delivered,app,tarjeta
1160,2027.0,,shipped,web,tarjeta
1161,2357.0,2025-04-27,delivered,app,tarjeta
1162,2753.0,2023-06-12,shipped,app,transferencia
1163,2169.0,2023-12-04,delivered,app,transferencia
1164,1144.0,2024-08-11,refunded,marketplace,transferencia
1165,1862.0,2025-03-16,delivered,marketplace,paypal
1166,2572.0,2023-06-02,delivered,app,transferencia
1167,519.0,2025-11-02,refunded,web,paypal
1168,1437.0,2024-12-18,refunded,web,transferencia
1169,1843.0,2024-07-05,delivered,web,tarjeta
1170,2704.0,2024-10-16,refunded,marketplace,paypal
1171,2740.0,2025-06-27,delivered,web,paypal
1172,165.0,2024-05-09,delivered,marketplace,transferencia
1173,2942.0,2023-11-11,shipped,marketplace,tarjeta
1174,2352.0,2024-04-11,delivered,app,transferencia
1175,389.0,2025-02-16,shipped,web,tarjeta
1176,2502.0,2024-12-31,delivered,app,tarjeta
1177,1728.0,2023-01-06,delivered,app,paypal
1178,2801.0,2025-10-16,delivered,web,paypal
1179,797.0,2024-12-13,delivered,marketplace,contrareembolso
1180,2469.0,2023-07-18,delivered,marketplace,transferencia
1181,1575.0,2024-06-22,created,marketplace,paypal
1182,2219.0,2023-07-01,paid,web,tarjeta
1183,1455.0,2024-07-14,delivered,web,contrareembolso
1184,378.0,2023-04-22,refunded,web,tarjeta
1185,2845.0,2025-01-28,delivered,app,transferencia
1186,12.0,2024-10-26,delivered,web,paypal
1187,1370.0,2025-08-05,created,web,transferencia
1188,457.0,2023-04-26,paid,app,tarjeta
1189,2435.0,2024-08-06,cancelled,app,tarjeta
1190,610.0,2025-11-13,delivered,marketplace,transferencia
1191,2058.0,2024-04-24,paid,marketplace,contrareembolso
1192,886.0,2023-11-07,delivered,app,contrareembolso
1193,1264.0,2023-09-01,delivered,app,tarjeta
1194,1673.0,2025-08-18,delivered,marketplace,tarjeta
1195,1562.0,2023-02-17,delivered,app,contrareembolso
1196,913.0,2023-11-15,paid,marketplace,tarjeta
1197,2778.0,2025-05-15,cancelled,app,transferencia
1198,1921.0,2023-03-03,refunded,marketplace,paypal
1199,1783.0,2023-11-08,delivered,app,contrareembolso
1200,1419.0,2024-03-09,delivered,web,tarjeta
1201,1519.0,2024-07-23,paid,marketplace,tarjeta
1202,1519.0,2023-07-30,cancelled,app,paypal
1203,2066.0,2025-10-10,cancelled,app,paypal
1204,394.0,2024-12-16,delivered,app,transferencia
1205,913.0,2023-01-26,delivered,app,tarjeta
1206,171.0,2023-11-23,delivered,marketplace,contrareembolso
1207,96.0,2023-11-19,delivered,app,paypal
1208,1885.0,2023-02-11,delivered,marketplace,contrareembolso
1209,391.0,2024-08-07,cancelled,app,contrareembolso
1210,2418.0,2025-08-25,delivered,app,paypal
1211,309.0,2023-11-04,refunded,marketplace,contrareembolso
1212,2643.0,2025-03-07,shipped,marketplace,transferencia
1213,1671.0,2024-07-04,delivered,marketplace,contrareembolso
1214,2453.0,2023-06-02,delivered,web,paypal
1215,434.0,2024-05-17,created,app,transferencia
1216,689.0,2023-01-04,cancelled,marketplace,contrareembolso
1217,837.0,2023-02-22,delivered,marketplace,transferencia
1218,2912.0,2025-10-12,delivered,web,tarjeta
1219,1921.0,2025-09-26,delivered,app,paypal
1220,270.0,2025-08-25,paid,marketplace,paypal
1221,2162.0,2023-02-04,delivered,app,transferencia
1222,175.0,2023-05-23,shipped,app,tarjeta
1223,132.0,2023-07-06,paid,app,contrareembolso
1224,642.0,2024-08-01,delivered,marketplace,tarjeta
1225,1648.0,2025-05-12,paid,marketplace,transferencia
1226,412.0,2023-09-15,delivered,marketplace,paypal
1227,1383.0,2023-04-13,delivered,marketplace,transferencia
1228,2264.0,2025-03-13,delivered,web,transferencia
1229,661.0,2025-10-25,delivered,web,paypal
1230,2140.0,2023-01-15,delivered,app,transferencia
1231,2370.0,2025-03-09,delivered,web,transferencia
1232,596.0,2025-11-21,shipped,marketplace,contrareembolso
1233,2286.0,2025-10-19,shipped,web,transferencia
1234,2811.0,2025-06-15,paid,app,transferencia
1235,209.0,2023-02-07,delivered,app,paypal
1236,477.0,2025-05-31,shipped,web,contrareembolso
1237,1324.0,2024-02-19,delivered,web,contrareembolso
1238,2360.0,2023-05-22,paid,app,paypal
1239,2225.0,2025-05-16,delivered,web,paypal
1240,1253.0,2023-11-14,cancelled,marketplace,paypal
1241,2166.0,2023-11-10,created,web,contrareembolso
1242,1430.0,2024-02-25,cancelled,app,paypal
1243,2160.0,2023-08-03,delivered,app,paypal
1244,1877.0,2024-12-25,cancelled,app,transferencia
1245,1778.0,2024-09-17,cancelled,app,transferencia
1246,1892.0,2025-02-11,shipped,app,paypal
1247,176.0,2023-06-11,delivered,app,transferencia
1248,1263.0,2025-07-07,delivered,marketplace,contrareembolso
1249,2710.0,2024-05-25,refunded,marketplace,transferencia
1250,586.0,2023-05-14,delivered,web,tarjeta
1251,1150.0,2024-10-24,delivered,app,contrareembolso
1252,2141.0,2024-07-03,shipped,marketplace,transferencia
1253,1165.0,2024-01-14,delivered,app,paypal
1254,2233.0,2025-06-07,delivered,marketplace,tarjeta
1255,622.0,2024-02-17,delivered,web,paypal
1256,1045.0,2025-09-04,delivered,web,paypal
1257,2287.0,2024-12-08,shipped,marketplace,paypal
1258,260.0,2024-05-03,cancelled,app,contrareembolso
1259,59.0,2025-04-27,delivered,web,tarjeta
1260,238.0,2023-11-14,delivered,marketplace,tarjeta
1261,609.0,2023-12-24,delivered,marketplace,contrareembolso
1262,347.0,2023-06-08,refunded,app,transferencia
1263,2231.0,2025-05-21,delivered,web,contrareembolso
1264,272.0,2025-04-14,paid,app,contrareembolso
1265,2640.0,2025-04-30,delivered,app,transferencia
1266,2790.0,2025-11-16,delivered,marketplace,paypal
1267,2118.0,2024-11-12,delivered,web,contrareembolso
1268,1684.0,2023-11-28,delivered,marketplace,tarjeta
1269,1791.0,2023-01-20,delivered,web,tarjeta
1270,2972.0,2024-02-28,paid,web,transferencia
1271,1192.0,2023-03-29,delivered,app,transferencia
1272,609.0,2023-01-23,delivered,web,transferencia
1273,794.0,2025-06-21,delivered,app,transferencia
1274,2091.0,2024-03-12,delivered,app,contrareembolso
1275,965.0,2023-11-19,delivered,app,contrareembolso
1276,988.0,2023-04-26,delivered,marketplace,paypal
1277,2921.0,2025-06-19,cancelled,app,paypal
1278,2625.0,2025-05-08,refunded,app,tarjeta
1279,827.0,2023-09-29,delivered,app,tarjeta
1280,1253.0,2023-02-18,delivered,marketplace,transferencia
1281,1105.0,2025-12-02,refunded,app,tarjeta
1282,323.0,2024-08-31,delivered,web,transferencia
1283,669.0,2024-07-21,refunded,marketplace,paypal
1284,1839.0,2023-03-05,cancelled,marketplace,tarjeta
1285,1968.0,2025-08-19,delivered,marketplace,paypal
1286,1003.0,2025-09-08,delivered,app,contrareembolso
1287,2519.0,2024-09-12,delivered,app,contrareembolso
1288,2674.0,2023-12-15,paid,web,paypal
1289,670.0,2023-02-18,delivered,app,paypal
1290,327.0,2024-03-23,delivered,app,tarjeta
1291,1869.0,2024-06-30,delivered,app,tarjeta
1292,2522.0,2023-11-13,delivered,app,contrareembolso
1293,2939.0,2023-12-25,cancelled,app,tarjeta
1294,1258.0,2025-09-24,delivered,app,paypal
1295,1483.0,2023-05-11,paid,marketplace,transferencia
1296,2465.0,2024-09-06,refunded,app,transferencia
1297,514.0,2025-12-27,delivered,web,contrareembolso
1298,2744.0,2024-12-09,delivered,marketplace,transferencia
1299,951.0,2025-12-31,refunded,marketplace,transferencia
1300,2818.0,2023-02-04,delivered,marketplace,paypal
1301,763.0,2023-11-22,cancelled,marketplace,transferencia
1302,1185.0,2023-03-02,refunded,marketplace,transferencia
1303,2318.0,2024-01-04,delivered,app,paypal
1304,1771.0,2025-12-06,delivered,marketplace,tarjeta
1305,2742.0,2025-02-11,delivered,web,contrareembolso
1306,1461.0,2024-11-03,delivered,marketplace,paypal
1307,2380.0,2025-03-27,delivered,app,paypal
1308,1102.0,2025-09-05,delivered,marketplace,tarjeta
1309,2616.0,2025-03-14,delivered,web,contrareembolso
1310,1502.0,2023-02-21,delivered,web,tarjeta
1311,2150.0,2023-07-05,cancelled,web,contrareembolso
1312,2914.0,2024-03-07,created,app,paypal
1313,1033.0,2025-08-29,delivered,web,contrareembolso
1314,2165.0,2023-12-03,shipped,web,contrareembolso
1315,429.0,2025-07-23,delivered,app,contrareembolso
1316,1843.0,2024-04-06,delivered,marketplace,transferencia
1317,85.0,2024-03-21,delivered,marketplace,contrareembolso
1318,1609.0,2025-08-17,delivered,marketplace,contrareembolso
1319,2167.0,2023-06-15,shipped,marketplace,paypal
1320,2611.0,2023-01-27,delivered,marketplace,tarjeta
1321,1248.0,2024-04-19,delivered,app,contrareembolso
1322,1658.0,2023-01-02,refunded,marketplace,contrareembolso
1323,2677.0,2023-05-29,cancelled,marketplace,contrareembolso
1324,1375.0,2025-08-13,shipped,app,contrareembolso
1325,2013.0,2024-03-28,paid,marketplace,contrareembolso
1326,1021.0,2023-03-03,created,marketplace,transferencia
1327,1557.0,2024-03-31,delivered,app,paypal
1328,2805.0,2024-04-15,delivered,web,contrareembolso
1329,2800.0,2023-02-05,delivered,web,transferencia
1330,791.0,2025-12-31,delivered,web,transferencia
1331,1020.0,2023-10-24,paid,app,contrareembolso
1332,1189.0,2025-04-13,delivered,web,paypal
1333,843.0,2024-01-19,delivered,marketplace,contrareembolso
1334,428.0,2024-05-31,delivered,marketplace,paypal
1335,730.0,2025-01-29,delivered,marketplace,paypal
1336,2905.0,2023-03-31,delivered,marketplace,transferencia
1337,1869.0,2025-10-11,delivered,app,paypal
1338,1267.0,2025-05-18,delivered,app,tarjeta
1339,1284.0,2024-07-30,created,web,paypal
1340,2056.0,2024-02-03,delivered,web,contrareembolso
1341,2204.0,2023-11-24,delivered,app,tarjeta
1342,531.0,2023-12-12,delivered,web,contrareembolso
1343,1628.0,2025-09-08,delivered,marketplace,paypal
1344,289.0,2023-05-09,delivered,web,paypal
1345,278.0,2023-05-02,delivered,web,contrareembolso
1346,2435.0,2023-11-13,delivered,web,transferencia
1347,2642.0,2024-10-25,delivered,marketplace,paypal
1348,1866.0,2023-11-01,delivered,marketplace,paypal
1349,1498.0,2023-11-03,delivered,marketplace,tarjeta
1350,2698.0,2023-03-28,cancelled,marketplace,tarjeta
1351,1939.0,2025-11-17,delivered,marketplace,contrareembolso
1352,2021.0,2023-02-13,delivered,app,contrareembolso
1353,2817.0,2025-05-19,created,app,tarjeta
1354,1981.0,2023-01-10,shipped,marketplace,tarjeta
1355,1938.0,2023-11-23,delivered,app,contrareembolso
1356,2177.0,2025-06-19,created,marketplace,tarjeta
1357,1773.0,2024-01-19,delivered,app,transferencia
1358,1327.0,2025-01-07,delivered,app,contrareembolso
1359,1022.0,2025-06-29,delivered,marketplace,transferencia
1360,2864.0,2023-03-14,delivered,web,contrareembolso
1361,495.0,2025-06-21,delivered,app,transferencia
1362,314.0,2025-07-31,delivered,web,tarjeta
1363,1703.0,2024-07-09,delivered,marketplace,transferencia
1364,372.0,2025-12-14,delivered,marketplace,transferencia
1365,266.0,2025-05-09,delivered,app,tarjeta
1366,1237.0,2025-01-22,delivered,marketplace,transferencia
1367,1703.0,2024-04-10,delivered,web,tarjeta
1368,1258.0,2024-04-28,delivered,marketplace,paypal
1369,742.0,2024-10-15,shipped,app,paypal
1370,1904.0,2023-03-10,paid,app,tarjeta
1371,851.0,,delivered,marketplace,contrareembolso
1372,2910.0,2024-01-03,cancelled,web,paypal
1373,2661.0,2025-02-19,delivered,marketplace,transferencia
1374,581.0,2024-05-18,shipped,web,transferencia
1375,805.0,2025-11-03,delivered,marketplace,paypal
1376,1798.0,2025-03-08,delivered,marketplace,transferencia
1377,830.0,2023-01-07,refunded,app,contrareembolso
1378,1289.0,2025-04-24,delivered,marketplace,tarjeta
1379,2036.0,2023-09-30,shipped,app,paypal
1380,2752.0,2023-07-06,shipped,web,paypal
1381,1071.0,2023-11-16,shipped,marketplace,paypal
1382,2401.0,2023-07-16,delivered,web,transferencia
1383,753.0,2025-11-29,delivered,app,tarjeta
1384,2.0,2023-03-23,cancelled,web,contrareembolso
1385,2955.0,2025-05-16,delivered,app,paypal
1386,2451.0,2025-08-21,shipped,marketplace,paypal
1387,1771.0,2023-11-24,cancelled,web,paypal
1388,174.0,2023-07-16,shipped,app,paypal
1389,904.0,2024-04-09,delivered,app,contrareembolso
1390,849.0,2025-07-04,delivered,marketplace,tarjeta
1391,1954.0,2024-01-08,created,app,tarjeta
1392,2791.0,2025-08-13,shipped,marketplace,tarjeta
1393,3006.0,2024-11-12,delivered,marketplace,transferencia
1394,1508.0,2025-04-20,paid,app,contrareembolso
1395,1331.0,2023-11-16,delivered,marketplace,paypal
1396,851.0,2024-12-08,delivered,web,tarjeta
1397,1014.0,2023-03-03,delivered,marketplace,tarjeta
1398,2249.0,2025-06-09,delivered,app,paypal
1399,430.0,2025-11-08,delivered,web,transferencia
1400,2962.0,2023-12-14,delivered,app,paypal
1401,533.0,2025-07-27,delivered,web,tarjeta
1402,1466.0,2024-07-01,delivered,web,transferencia
1403,429.0,2023-09-08,delivered,marketplace,contrareembolso
1404,1728.0,2023-01-22,delivered,web,transferencia
1405,1797.0,2023-03-07,delivered,marketplace,paypal
1406,2683.0,2024-05-01,delivered,web,transferencia
1407,469.0,2025-07-14,delivered,web,paypal
1408,2551.0,2024-12-29,delivered,web,paypal
1409,341.0,2023-05-24,delivered,web,contrareembolso
1410,2019.0,2025-11-24,delivered,web,tarjeta
1411,1469.0,2024-03-24,refunded,app,paypal
1412,2416.0,2024-10-28,delivered,app,tarjeta
1413,2684.0,2025-09-04,delivered,web,contrareembolso
1414,2633.0,2025-05-26,delivered,marketplace,tarjeta
1415,766.0,2025-10-31,refunded,app,contrareembolso
1416,1180.0,2023-09-17,delivered,app,tarjeta
1417,174.0,2023-07-08,delivered,marketplace,transferencia
1418,1813.0,2023-07-11,delivered,app,transferencia
1419,1144.0,2025-10-08,delivered,web,transferencia
1420,1015.0,2025-03-17,delivered,web,contrareembolso
1421,1018.0,2025-10-08,shipped,web,tarjeta
1422,23.0,2024-05-05,delivered,web,tarjeta
1423,1449.0,2025-03-31,delivered,app,transferencia
1424,2417.0,2025-03-27,delivered,web,paypal
1425,2144.0,2025-04-24,shipped,web,transferencia
1426,787.0,2025-07-10,delivered,web,tarjeta
1427,152.0,2023-05-07,delivered,marketplace,contrareembolso
1428,2631.0,2024-12-01,delivered,marketplace,tarjeta
1429,19.0,2025-04-17,cancelled,app,transferencia
1430,1027.0,2023-03-27,delivered,app,tarjeta
1431,1598.0,2023-02-16,delivered,marketplace,contrareembolso
1432,914.0,2024-12-06,delivered,app,tarjeta
1433,1136.0,2023-05-25,delivered,marketplace,transferencia
1434,97.0,2024-09-23,paid,web,transferencia
1435,1306.0,2025-02-24,delivered,app,paypal
1436,1038.0,2023-06-23,paid,app,paypal
1437,641.0,2024-06-25,delivered,web,contrareembolso
1438,2030.0,2023-05-04,delivered,app,tarjeta
1439,2984.0,2024-11-01,delivered,marketplace,transferencia
1440,2281.0,2025-09-07,shipped,app,contrareembolso
1441,1117.0,2023-01-14,delivered,app,transferencia
1442,2735.0,2025-01-11,delivered,app,transferencia
1443,2028.0,2025-01-03,delivered,marketplace,tarjeta
1444,2832.0,2023-12-03,delivered,marketplace,transferencia
1445,1149.0,2024-06-15,created,marketplace,contrareembolso
1446,2540.0,2023-04-06,shipped,app,paypal
1447,2200.0,2025-04-12,shipped,marketplace,contrareembolso
1448,2161.0,2024-02-09,delivered,web,tarjeta
1449,2943.0,2023-12-14,delivered,marketplace,contrareembolso
1450,2581.0,2024-06-11,cancelled,marketplace,contrareembolso
1451,2338.0,2023-10-16,delivered,web,transferencia
1452,1172.0,2023-07-16,delivered,web,paypal
1453,2734.0,2023-08-28,delivered,app,transferencia
1454,661.0,2023-01-17,delivered,marketplace,paypal
1455,2860.0,2024-11-01,delivered,marketplace,transferencia
1456,1089.0,2024-03-19,delivered,web,contrareembolso
1457,1231.0,2024-09-30,delivered,web,tarjeta
1458,1690.0,2024-01-31,delivered,marketplace,tarjeta
1459,2516.0,2024-06-29,delivered,marketplace,transferencia
1460,695.0,2024-02-29,shipped,web,tarjeta
1461,2730.0,2025-01-22,delivered,app,tarjeta
1462,1591.0,2024-05-01,delivered,web,transferencia
1463,866.0,,delivered,app,paypal
1464,1410.0,2024-11-11,delivered,web,tarjeta
1465,273.0,2024-08-22,delivered,marketplace,paypal
1466,2711.0,2025-05-02,delivered,app,transferencia
1467,805.0,2023-03-01,delivered,app,paypal
1468,2301.0,2023-02-05,delivered,web,transferencia
1469,2318.0,2024-02-12,delivered,marketplace,tarjeta
1470,1552.0,2023-03-29,delivered,web,tarjeta
1471,2599.0,2025-11-18,delivered,marketplace,tarjeta
1472,2128.0,2023-05-07,cancelled,web,paypal
1473,2679.0,2024-07-14,paid,web,paypal
1474,2692.0,2023-10-04,delivered,web,tarjeta
1475,2311.0,2023-05-06,delivered,marketplace,paypal
1476,1767.0,2023-07-17,refunded,web,transferencia
1477,1590.0,2025-04-25,delivered,marketplace,tarjeta
1478,1563.0,2025-01-25,delivered,web,paypal
1479,1259.0,2023-12-14,delivered,app,tarjeta
1480,2992.0,2023-01-28,created,marketplace,transferencia
1481,1527.0,2024-12-17,delivered,marketplace,tarjeta
1482,1738.0,2024-10-12,shipped,marketplace,transferencia
1483,93.0,2023-06-05,shipped,app,tarjeta
1484,1375.0,2025-11-22,delivered,app,transferencia
1485,1905.0,2025-10-25,refunded,app,transferencia
1486,2308.0,2025-08-26,delivered,app,paypal
1487,1835.0,2024-08-16,shipped,app,contrareembolso
1488,1459.0,2023-09-20,cancelled,app,tarjeta
1489,2335.0,2024-04-27,delivered,marketplace,tarjeta
1490,305.0,2025-04-11,delivered,app,transferencia
1491,279.0,2023-08-30,delivered,web,tarjeta
1492,534.0,2023-12-31,delivered,marketplace,transferencia
1493,248.0,2025-09-25,delivered,web,transferencia
1494,1664.0,2023-04-17,delivered,marketplace,contrareembolso
1495,903.0,2025-07-01,delivered,marketplace,transferencia
1496,2030.0,2024-08-06,delivered,marketplace,transferencia
1497,1529.0,2024-03-07,delivered,web,transferencia
1498,1464.0,2023-09-18,delivered,marketplace,paypal
1499,2600.0,2025-06-01,delivered,web,transferencia
1500,,2024-08-22,delivered,app,transferencia
1501,438.0,2025-11-17,delivered,web,contrareembolso
1502,659.0,2024-12-02,delivered,web,tarjeta
1503,1039.0,2024-12-20,delivered,app,tarjeta
1504,1910.0,2025-02-09,cancelled,app,tarjeta
1505,736.0,2023-04-06,delivered,web,contrareembolso
1506,2076.0,2025-03-30,delivered,app,tarjeta
1507,875.0,2025-11-22,delivered,web,transferencia
1508,2170.0,2023-12-03,delivered,app,transferencia
1509,2921.0,2023-08-03,delivered,app,paypal
1510,2746.0,2025-02-28,paid,app,contrareembolso
1511,2712.0,2025-01-21,delivered,app,paypal
1512,843.0,2023-12-11,shipped,app,contrareembolso
1513,2999.0,2024-01-17,paid,web,tarjeta
1514,2383.0,2024-08-19,shipped,marketplace,paypal
1515,965.0,2023-01-29,delivered,marketplace,transferencia
1516,1441.0,2024-01-09,delivered,marketplace,tarjeta
1517,1376.0,2023-02-21,delivered,app,tarjeta
1518,1927.0,2023-11-15,delivered,web,transferencia
1519,1842.0,2025-10-18,shipped,web,contrareembolso
1520,1010.0,2024-05-19,delivered,marketplace,paypal
1521,2110.0,2024-12-08,cancelled,app,tarjeta
1522,549.0,2025-09-18,shipped,app,transferencia
1523,2322.0,2025-06-25,delivered,app,transferencia
1524,,2024-11-29,shipped,marketplace,contrareembolso
1525,2388.0,2024-06-22,delivered,web,contrareembolso
1526,1394.0,2023-05-10,delivered,app,transferencia
1527,753.0,2025-02-13,delivered,app,tarjeta
1528,808.0,2024-05-30,shipped,app,paypal
1529,405.0,2024-09-09,delivered,marketplace,contrareembolso
1530,2796.0,2024-04-21,delivered,web,tarjeta
1531,2292.0,2025-11-02,delivered,web,transferencia
1532,2753.0,2024-04-06,paid,marketplace,tarjeta
1533,1070.0,2023-06-24,delivered,web,paypal
1534,1986.0,2023-10-16,delivered,marketplace,paypal
1535,486.0,2025-05-05,paid,marketplace,tarjeta
1536,1777.0,2024-04-01,delivered,web,contrareembolso
1537,2041.0,2025-09-17,cancelled,app,paypal
1538,1589.0,2025-07-12,delivered,web,tarjeta
1539,267.0,2023-08-05,delivered,marketplace,contrareembolso
1540,495.0,2026-08-18,delivered,app,tarjeta
1541,1114.0,2025-08-12,delivered,app,contrareembolso
1542,365.0,2024-12-29,delivered,app,paypal
1543,861.0,2025-05-25,delivered,app,paypal
1544,1105.0,2025-04-13,delivered,web,tarjeta
1545,1422.0,2024-07-05,delivered,marketplace,transferencia
1546,2884.0,2024-11-14,shipped,marketplace,paypal
1547,2887.0,2023-11-22,delivered,web,contrareembolso
1548,1558.0,2024-04-19,refunded,app,contrareembolso
1549,1619.0,2024-12-25,paid,app,tarjeta
1550,1672.0,2023-03-27,paid,web,paypal
1551,1302.0,2024-03-07,delivered,app,tarjeta
1552,2902.0,2025-01-28,delivered,marketplace,tarjeta
1553,1260.0,2025-04-28,paid,marketplace,transferencia
1554,366.0,2023-08-29,delivered,app,transferencia
1555,996.0,2024-08-18,delivered,app,paypal
1556,2903.0,2025-07-18,shipped,web,paypal
1557,1541.0,2025-12-03,delivered,web,tarjeta
1558,988.0,2025-09-09,shipped,marketplace,transferencia
1559,2792.0,2024-08-20,shipped,app,paypal
1560,2464.0,2024-01-27,delivered,marketplace,contrareembolso
1561,755.0,2024-10-17,delivered,marketplace,tarjeta
1562,2523.0,2023-12-17,delivered,marketplace,transferencia
1563,17.0,2023-04-27,delivered,marketplace,contrareembolso
1564,856.0,2024-07-15,delivered,web,tarjeta
1565,1464.0,2023-08-23,paid,web,contrareembolso
1566,877.0,2024-12-12,cancelled,app,transferencia
1567,2972.0,2023-03-09,delivered,app,tarjeta
1568,2909.0,2023-12-26,delivered,marketplace,transferencia
1569,2035.0,2023-01-10,delivered,web,contrareembolso
1570,2525.0,2024-11-09,delivered,web,contrareembolso
1571,190.0,2023-04-07,delivered,web,contrareembolso
1572,2619.0,2024-01-05,delivered,web,tarjeta
1573,2867.0,2023-10-03,delivered,marketplace,tarjeta
1574,2447.0,2024-07-18,delivered,marketplace,transferencia
1575,2049.0,2024-08-23,delivered,marketplace,tarjeta
1576,532.0,2023-04-01,delivered,marketplace,contrareembolso
1577,2488.0,2024-03-05,delivered,marketplace,tarjeta
1578,2479.0,2023-07-28,delivered,app,tarjeta
1579,2130.0,2024-08-18,shipped,web,transferencia
1580,1668.0,2023-03-15,shipped,app,tarjeta
1581,1834.0,2023-01-05,delivered,marketplace,contrareembolso
1582,2747.0,2024-07-18,delivered,web,transferencia
1583,1475.0,2025-01-16,delivered,web,contrareembolso
1584,2751.0,2023-02-28,delivered,web,contrareembolso
1585,2902.0,2023-08-13,delivered,app,transferencia
1586,2847.0,2023-06-24,delivered,marketplace,contrareembolso
1587,2953.0,2025-08-27,cancelled,web,paypal
1588,1812.0,2025-08-10,shipped,marketplace,contrareembolso
1589,2525.0,2025-11-15,cancelled,web,tarjeta
1590,1303.0,2025-10-02,delivered,app,transferencia
1591,2043.0,2023-09-12,delivered,web,tarjeta
1592,1399.0,2025-08-26,delivered,web,contrareembolso
1593,2822.0,2025-05-06,delivered,web,tarjeta
1594,1773.0,2024-11-22,shipped,marketplace,paypal
1595,180.0,2023-07-25,cancelled,app,transferencia
1596,1051.0,2024-07-23,delivered,app,paypal
1597,1574.0,2024-08-03,delivered,app,contrareembolso
1598,102.0,2023-06-18,shipped,web,tarjeta
1599,2045.0,2025-12-15,delivered,web,contrareembolso
1600,1127.0,2024-01-17,delivered,app,paypal
1601,2006.0,2024-03-05,paid,web,transferencia
1602,1701.0,2023-11-22,delivered,app,tarjeta
1603,2892.0,2025-11-22,delivered,web,transferencia
1604,1687.0,2024-02-15,delivered,app,transferencia
1605,131.0,2023-06-15,delivered,web,contrareembolso
1606,555.0,2023-12-09,delivered,marketplace,contrareembolso
1607,2214.0,2023-07-04,delivered,marketplace,transferencia
1608,1131.0,2023-02-12,delivered,web,paypal
1609,1848.0,2023-07-06,delivered,app,tarjeta
1610,464.0,2025-12-03,delivered,marketplace,tarjeta
1611,1612.0,2024-07-24,paid,marketplace,tarjeta
1612,1156.0,2024-02-22,delivered,app,contrareembolso
1613,2859.0,2023-06-01,delivered,app,transferencia
1614,700.0,2025-01-07,refunded,web,transferencia
1615,1631.0,2024-01-23,delivered,app,paypal
1616,1518.0,2023-07-08,delivered,marketplace,transferencia
1617,1387.0,2025-01-26,delivered,web,contrareembolso
1618,2511.0,2025-09-16,delivered,web,tarjeta
1619,1338.0,2024-06-07,delivered,app,tarjeta
1620,1972.0,2024-10-12,shipped,marketplace,tarjeta
1621,2468.0,2023-11-22,paid,marketplace,paypal
1622,84.0,2023-10-28,delivered,marketplace,contrareembolso
1623,742.0,2024-05-18,delivered,web,transferencia
1624,2690.0,2023-04-28,delivered,web,contrareembolso
1625,139.0,2025-09-19,delivered,app,contrareembolso
1626,2340.0,2025-07-05,delivered,web,tarjeta
1627,1548.0,2025-12-14,delivered,web,tarjeta
1628,2516.0,2023-07-16,cancelled,web,tarjeta
1629,2524.0,2025-09-03,refunded,app,transferencia
1630,1744.0,2024-01-03,delivered,marketplace,contrareembolso
1631,1295.0,2023-11-18,shipped,marketplace,tarjeta
1632,1079.0,2023-04-14,delivered,app,tarjeta
1633,796.0,2023-11-13,delivered,marketplace,paypal
1634,1743.0,2025-08-04,shipped,marketplace,contrareembolso
1635,944.0,2025-03-02,delivered,app,paypal
1636,2905.0,2025-06-08,delivered,web,tarjeta
1637,1248.0,2024-12-05,shipped,marketplace,contrareembolso
1638,711.0,2025-02-12,delivered,marketplace,transferencia
1639,825.0,2023-12-19,refunded,app,transferencia
1640,1702.0,2025-09-18,cancelled,web,tarjeta
1641,954.0,2025-08-13,delivered,app,contrareembolso
1642,366.0,2023-06-11,shipped,app,paypal
1643,2960.0,2024-11-22,delivered,marketplace,contrareembolso
1644,2481.0,2023-10-08,paid,marketplace,tarjeta
1645,906.0,2023-10-12,delivered,marketplace,contrareembolso
1646,2847.0,2023-06-29,paid,app,paypal
1647,1196.0,2024-03-28,refunded,app,contrareembolso
1648,210.0,2024-08-05,delivered,marketplace,transferencia
1649,2416.0,2024-01-19,delivered,app,tarjeta
1650,129.0,2025-06-20,delivered,web,contrareembolso
1651,1439.0,2024-11-16,delivered,app,paypal
1652,582.0,2023-12-28,delivered,app,transferencia
1653,2493.0,2025-11-17,paid,app,transferencia
1654,2251.0,2025-12-28,delivered,web,contrareembolso
1655,1573.0,2023-08-01,refunded,marketplace,transferencia
1656,2611.0,2024-10-12,delivered,web,tarjeta
1657,696.0,2025-01-26,delivered,web,tarjeta
1658,2541.0,2025-06-15,delivered,marketplace,transferencia
1659,1419.0,2025-10-23,delivered,web,transferencia
1660,1379.0,2025-02-20,delivered,marketplace,transferencia
1661,1526.0,2024-03-04,delivered,app,tarjeta
1662,1065.0,2025-06-11,delivered,marketplace,contrareembolso
1663,1588.0,2025-12-23,delivered,marketplace,paypal
1664,304.0,2025-01-11,shipped,web,contrareembolso
1665,330.0,2025-09-28,delivered,app,transferencia
1666,747.0,2024-12-06,delivered,marketplace,transferencia
1667,392.0,2024-05-30,shipped,web,paypal
1668,2428.0,2025-10-31,delivered,app,contrareembolso
1669,2006.0,2024-07-26,delivered,web,tarjeta
1670,898.0,2024-06-29,paid,app,tarjeta
1671,2543.0,2025-05-13,delivered,marketplace,tarjeta
1672,2486.0,2025-02-08,delivered,app,tarjeta
1673,2887.0,2023-01-26,delivered,marketplace,paypal
1674,554.0,2023-04-19,delivered,app,transferencia
1675,1093.0,2025-11-06,delivered,marketplace,transferencia
1676,2537.0,2024-12-29,paid,app,tarjeta
1677,275.0,2023-04-21,cancelled,web,paypal
1678,1630.0,2025-05-21,delivered,marketplace,transferencia
1679,204.0,2023-10-14,delivered,web,contrareembolso
1680,2334.0,2023-05-25,delivered,marketplace,paypal
1681,1738.0,2025-03-26,delivered,app,contrareembolso
1682,280.0,2024-04-09,delivered,marketplace,paypal
1683,2401.0,2025-01-12,shipped,web,tarjeta
1684,2775.0,2024-03-16,cancelled,app,paypal
1685,1206.0,2023-12-30,delivered,app,transferencia
1686,1125.0,2023-06-14,delivered,marketplace,transferencia
1687,2827.0,2025-06-06,delivered,web,contrareembolso
1688,2357.0,2024-02-04,delivered,web,contrareembolso
1689,899.0,2025-10-14,delivered,app,contrareembolso
1690,1246.0,2025-11-12,delivered,marketplace,paypal
1691,2655.0,2025-08-21,delivered,app,transferencia
1692,79.0,2023-10-10,delivered,marketplace,transferencia
1693,1174.0,2023-11-05,shipped,marketplace,transferencia
1694,288.0,2023-10-23,delivered,marketplace,contrareembolso
1695,1002.0,2024-04-03,delivered,marketplace,paypal
1696,862.0,2025-03-27,shipped,marketplace,tarjeta
1697,2206.0,2025-02-14,delivered,web,contrareembolso
1698,2969.0,2025-03-19,shipped,marketplace,contrareembolso
1699,2494.0,2025-06-15,cancelled,marketplace,paypal
1700,455.0,2025-04-17,shipped,app,tarjeta
1701,1427.0,2023-10-29,delivered,web,tarjeta
1702,929.0,2024-12-27,created,marketplace,contrareembolso
1703,1272.0,2025-08-14,delivered,app,transferencia
1704,1564.0,2025-03-13,delivered,marketplace,contrareembolso
1705,1327.0,2024-04-30,delivered,web,contrareembolso
1706,159.0,2023-08-10,delivered,marketplace,tarjeta
1707,635.0,2023-03-18,paid,app,tarjeta
1708,344.0,2025-02-04,delivered,marketplace,paypal
1709,855.0,2023-08-18,shipped,app,transferencia
1710,1858.0,2023-02-20,delivered,marketplace,paypal
1711,2128.0,2025-03-23,cancelled,web,paypal
1712,778.0,2023-07-16,delivered,marketplace,transferencia
1713,64.0,2024-05-10,delivered,app,contrareembolso
1714,443.0,2023-07-19,delivered,marketplace,paypal
1715,1541.0,2023-04-24,created,app,tarjeta
1716,1754.0,2024-03-11,delivered,web,tarjeta
1717,625.0,2025-03-04,shipped,web,contrareembolso
1718,548.0,2025-07-10,delivered,web,paypal
1719,1078.0,2023-11-29,delivered,web,paypal
1720,1493.0,2025-04-06,delivered,marketplace,tarjeta
1721,1526.0,2023-04-19,delivered,marketplace,transferencia
1722,1122.0,2023-08-07,refunded,web,transferencia
1723,2444.0,2024-11-29,paid,app,transferencia
1724,1363.0,2025-03-28,delivered,app,transferencia
1725,2299.0,2025-05-26,refunded,marketplace,transferencia
1726,2918.0,2023-05-03,delivered,marketplace,transferencia
1727,1416.0,2023-08-12,shipped,marketplace,transferencia
1728,929.0,2023-08-14,delivered,app,paypal
1729,2141.0,2024-07-13,delivered,app,contrareembolso
1730,114.0,2024-02-04,delivered,web,contrareembolso
1731,228.0,2025-11-03,delivered,app,tarjeta
1732,1186.0,2023-09-22,delivered,app,tarjeta
1733,2486.0,2024-09-15,delivered,marketplace,transferencia
1734,392.0,2023-08-12,refunded,app,contrareembolso
1735,294.0,2025-11-03,delivered,marketplace,transferencia
1736,1913.0,2025-03-18,delivered,web,transferencia
1737,2964.0,2024-07-18,created,web,contrareembolso
1738,2500.0,2025-11-13,delivered,web,tarjeta
1739,569.0,2025-07-24,delivered,app,transferencia
1740,1581.0,2024-11-10,delivered,web,transferencia
1741,1409.0,2025-08-16,delivered,web,paypal
1742,2549.0,2023-11-17,delivered,web,transferencia
1743,641.0,2024-08-13,paid,app,paypal
1744,2524.0,2024-10-15,delivered,marketplace,paypal
1745,2750.0,2025-06-11,delivered,app,transferencia
1746,523.0,2024-05-17,delivered,marketplace,contrareembolso
1747,1182.0,2025-12-14,delivered,marketplace,paypal
1748,263.0,2025-09-30,delivered,app,tarjeta
1749,2920.0,2023-11-07,shipped,app,contrareembolso
1750,83.0,2023-07-30,delivered,app,tarjeta
1751,920.0,2023-11-10,paid,web,paypal
1752,1945.0,2023-03-16,delivered,app,contrareembolso
1753,322.0,2024-12-23,shipped,marketplace,transferencia
1754,2788.0,2024-01-29,delivered,web,tarjeta
1755,2325.0,2023-12-27,delivered,app,transferencia
1756,1923.0,2023-11-28,shipped,web,transferencia
1757,2085.0,2023-06-10,delivered,marketplace,contrareembolso
1758,1190.0,2025-07-31,delivered,marketplace,tarjeta
1759,1646.0,2025-06-08,cancelled,app,transferencia
1760,244.0,2025-04-09,paid,marketplace,transferencia
1761,2787.0,2023-10-22,paid,marketplace,transferencia
1762,660.0,2024-06-20,shipped,web,paypal
1763,441.0,2024-07-12,delivered,marketplace,tarjeta
1764,3002.0,2024-12-15,delivered,app,contrareembolso
1765,704.0,2024-09-12,delivered,web,paypal
1766,54.0,2023-09-17,paid,app,transferencia
1767,2668.0,2024-01-16,refunded,marketplace,paypal
1768,2200.0,,created,app,tarjeta
1769,1400.0,2024-04-27,delivered,app,paypal
1770,1416.0,2024-01-04,paid,web,tarjeta
1771,967.0,2023-07-25,delivered,marketplace,transferencia
1772,2630.0,2024-09-29,paid,app,transferencia
1773,342.0,2024-09-09,delivered,web,paypal
1774,1831.0,2024-03-09,delivered,app,contrareembolso
1775,723.0,,delivered,app,tarjeta
1776,2625.0,2024-07-29,refunded,marketplace,paypal
1777,439.0,2023-10-18,shipped,app,tarjeta
1778,2992.0,2025-04-11,delivered,app,paypal
1779,365.0,2024-02-27,delivered,marketplace,paypal
1780,1983.0,2025-02-27,delivered,web,transferencia
1781,2232.0,2024-10-30,created,app,paypal
1782,1655.0,2023-06-23,delivered,web,transferencia
1783,1373.0,2023-03-30,paid,marketplace,paypal
1784,1486.0,2024-11-07,delivered,web,paypal
1785,433.0,2024-05-08,delivered,marketplace,contrareembolso
1786,1799.0,2025-08-16,delivered,web,paypal
1787,534.0,2025-02-23,delivered,app,tarjeta
1788,636.0,2025-02-21,delivered,marketplace,transferencia
1789,1799.0,2023-12-21,paid,web,tarjeta
1790,2593.0,2025-04-20,delivered,web,contrareembolso
1791,2420.0,2023-01-13,refunded,marketplace,transferencia
1792,239.0,2025-12-13,shipped,marketplace,contrareembolso
1793,2723.0,2023-03-19,shipped,app,transferencia
1794,2188.0,2024-12-17,delivered,marketplace,tarjeta
1795,436.0,2023-12-16,delivered,web,tarjeta
1796,2136.0,2024-11-29,delivered,marketplace,tarjeta
1797,2597.0,2025-03-24,created,app,tarjeta
1798,2389.0,2025-12-18,delivered,app,contrareembolso
1799,2656.0,2024-06-07,refunded,marketplace,tarjeta
1800,1275.0,2023-07-09,delivered,app,transferencia
1801,1216.0,2024-11-02,delivered,web,tarjeta
1802,2495.0,2024-07-20,shipped,app,tarjeta
1803,1594.0,2023-05-25,cancelled,app,contrareembolso
1804,127.0,2025-12-05,delivered,web,tarjeta
1805,1516.0,2024-09-25,paid,web,contrareembolso
1806,2871.0,2024-02-01,paid,web,contrareembolso
1807,1249.0,2025-01-19,cancelled,web,contrareembolso
1808,1597.0,2023-07-14,cancelled,web,tarjeta
1809,2822.0,2024-11-22,shipped,app,contrareembolso
1810,1725.0,2023-02-27,refunded,web,paypal
1811,2741.0,2025-11-23,created,app,paypal
1812,985.0,2024-03-20,created,web,contrareembolso
1813,2689.0,2023-02-02,delivered,app,transferencia
1814,2502.0,2023-04-26,delivered,marketplace,tarjeta
1815,2437.0,2023-08-17,delivered,app,paypal
1816,326.0,2024-02-02,refunded,web,contrareembolso
1817,2790.0,2024-09-04,delivered,marketplace,tarjeta
1818,1893.0,2023-06-30,delivered,app,transferencia
1819,2189.0,2025-12-27,delivered,marketplace,transferencia
1820,2364.0,2025-08-02,delivered,web,transferencia
1821,2689.0,2024-09-26,delivered,marketplace,tarjeta
1822,2055.0,2023-01-24,delivered,app,transferencia
1823,2463.0,2025-05-07,delivered,web,tarjeta
1824,2954.0,2025-10-22,cancelled,app,contrareembolso
1825,1859.0,2024-12-04,paid,app,transferencia
1826,869.0,2023-02-14,shipped,web,contrareembolso
1827,1907.0,2025-09-13,delivered,app,contrareembolso
1828,2170.0,2025-06-18,delivered,web,paypal
1829,2205.0,2025-01-13,shipped,marketplace,contrareembolso
1830,2173.0,2024-06-15,delivered,app,contrareembolso
1831,75.0,2025-12-08,refunded,web,contrareembolso
1832,1329.0,2024-08-29,paid,web,transferencia
1833,2918.0,2025-10-24,paid,marketplace,contrareembolso
1834,754.0,2023-06-09,delivered,app,transferencia
1835,1554.0,2023-10-13,shipped,app,tarjeta
1836,131.0,2025-12-28,delivered,app,transferencia
1837,888.0,2024-01-05,shipped,marketplace,tarjeta
1838,2102.0,2025-12-09,delivered,app,paypal
1839,1225.0,2025-12-11,refunded,marketplace,tarjeta
1840,2952.0,2025-10-25,delivered,app,paypal
1841,378.0,2023-10-21,delivered,app,tarjeta
1842,3018.0,2025-07-14,delivered,web,paypal
1843,1176.0,2025-05-22,delivered,app,transferencia
1844,856.0,2024-04-20,delivered,app,paypal
1845,226.0,2024-12-03,delivered,marketplace,transferencia
1846,568.0,2023-07-10,delivered,web,transferencia
1847,2653.0,2024-09-06,delivered,marketplace,contrareembolso
1848,2464.0,2025-05-29,delivered,app,transferencia
1849,2346.0,2024-12-10,delivered,web,contrareembolso
1850,1593.0,2023-08-15,delivered,app,paypal
1851,2983.0,2023-08-28,delivered,app,paypal
1852,110.0,2023-06-08,refunded,app,tarjeta
1853,684.0,2024-04-26,refunded,web,tarjeta
1854,64.0,2024-08-08,delivered,app,transferencia
1855,1996.0,2023-04-01,paid,app,transferencia
1856,2830.0,2024-12-16,cancelled,marketplace,contrareembolso
1857,1228.0,2025-05-01,delivered,marketplace,transferencia
1858,2926.0,2023-01-18,delivered,marketplace,tarjeta
1859,1833.0,2025-09-28,delivered,marketplace,paypal
1860,579.0,2024-03-04,paid,app,transferencia
1861,2861.0,2023-03-15,paid,web,contrareembolso
1862,2723.0,2024-08-07,delivered,marketplace,contrareembolso
1863,404.0,2024-03-10,delivered,marketplace,paypal
1864,1125.0,2024-10-16,delivered,web,paypal
1865,448.0,2024-09-24,refunded,marketplace,transferencia
1866,1481.0,2023-04-01,delivered,app,tarjeta
1867,2980.0,2023-01-01,shipped,app,contrareembolso
1868,2365.0,2023-06-28,delivered,app,transferencia
1869,2020.0,2024-02-10,refunded,marketplace,paypal
1870,2114.0,2023-09-03,delivered,app,paypal
1871,118.0,2023-11-10,delivered,web,tarjeta
1872,2879.0,2025-07-31,refunded,app,transferencia
1873,350.0,2024-01-17,cancelled,app,paypal
1874,28.0,2023-03-31,delivered,web,contrareembolso
1875,1115.0,2023-01-12,delivered,web,paypal
1876,2632.0,2023-08-12,delivered,web,paypal
1877,1271.0,2023-07-22,delivered,web,paypal
1878,428.0,2025-08-02,delivered,marketplace,tarjeta
1879,538.0,2025-02-08,delivered,marketplace,contrareembolso
1880,2800.0,2023-08-31,delivered,web,contrareembolso
1881,2567.0,2023-03-22,delivered,app,paypal
1882,1830.0,2025-01-23,delivered,app,paypal
1883,1798.0,2023-12-09,cancelled,web,paypal
1884,1632.0,2024-03-22,delivered,marketplace,tarjeta
1885,2847.0,2023-01-21,delivered,web,transferencia
1886,649.0,2025-12-18,delivered,app,paypal
1887,193.0,2024-05-28,delivered,marketplace,contrareembolso
1888,2922.0,2023-07-26,delivered,web,tarjeta
1889,2738.0,2023-11-03,refunded,marketplace,contrareembolso
1890,1210.0,2025-09-15,paid,app,transferencia
1891,1688.0,2025-11-08,delivered,app,transferencia
1892,1610.0,2025-05-24,delivered,app,tarjeta
1893,1126.0,2023-05-13,delivered,web,tarjeta
1894,1867.0,2023-03-12,shipped,web,contrareembolso
1895,390.0,2024-03-08,cancelled,marketplace,paypal
1896,2263.0,2025-09-29,refunded,marketplace,paypal
1897,3001.0,2025-05-25,delivered,marketplace,paypal
1898,2348.0,2025-10-03,delivered,marketplace,paypal
1899,1886.0,2024-09-29,delivered,app,tarjeta
1900,2179.0,2023-12-21,delivered,app,paypal
1901,17.0,2025-06-02,delivered,marketplace,contrareembolso
1902,322.0,2024-05-29,shipped,marketplace,contrareembolso
1903,2402.0,2023-03-10,delivered,web,paypal
1904,1101.0,2024-04-20,delivered,marketplace,transferencia
1905,425.0,2023-12-21,delivered,app,contrareembolso
1906,530.0,2024-12-14,delivered,marketplace,paypal
1907,720.0,2025-08-28,delivered,marketplace,paypal
1908,1122.0,2024-02-05,delivered,web,paypal
1909,694.0,2023-10-06,delivered,marketplace,paypal
1910,1027.0,2023-12-12,shipped,web,transferencia
1911,434.0,2023-04-11,shipped,app,tarjeta
1912,1513.0,2023-11-28,delivered,app,tarjeta
1913,449.0,2025-06-24,cancelled,web,contrareembolso
1914,940.0,2025-06-23,delivered,web,transferencia
1915,2459.0,2023-04-07,delivered,web,transferencia
1916,1528.0,2025-06-07,shipped,marketplace,transferencia
1917,461.0,2025-12-04,delivered,app,tarjeta
1918,1846.0,2023-02-17,delivered,marketplace,tarjeta
1919,2275.0,2024-07-14,delivered,app,transferencia
1920,494.0,2025-09-24,delivered,web,contrareembolso
1921,875.0,2024-06-09,created,app,transferencia
1922,2216.0,2024-03-18,cancelled,web,contrareembolso
1923,1831.0,2024-11-20,created,app,transferencia
1924,402.0,2024-10-29,created,app,transferencia
1925,2152.0,2025-06-09,delivered,marketplace,paypal
1926,509.0,2025-02-08,delivered,web,tarjeta
1927,1374.0,2023-08-22,delivered,marketplace,tarjeta
1928,1486.0,2023-03-02,delivered,web,transferencia
1929,1293.0,2024-01-12,delivered,app,contrareembolso
1930,2838.0,2023-02-13,delivered,marketplace,contrareembolso
1931,890.0,2023-04-09,delivered,app,transferencia
1932,1422.0,2023-05-15,delivered,web,contrareembolso
1933,422.0,2023-10-27,delivered,web,paypal
1934,1707.0,2025-10-31,shipped,app,tarjeta
1935,1854.0,2023-01-12,refunded,marketplace,paypal
1936,2572.0,2023-04-16,delivered,web,transferencia
1937,1525.0,2023-08-20,delivered,marketplace,paypal
1938,2276.0,2024-11-26,delivered,marketplace,paypal
1939,2262.0,2025-11-17,delivered,web,transferencia
1940,2837.0,2023-02-01,delivered,web,transferencia
1941,1940.0,2025-03-06,delivered,app,paypal
1942,2827.0,2024-07-03,delivered,app,transferencia
1943,1844.0,2025-02-27,delivered,web,transferencia
1944,1930.0,2024-06-09,delivered,web,tarjeta
1945,1006.0,2023-06-09,paid,marketplace,transferencia
1946,192.0,2024-11-28,delivered,app,transferencia
1947,879.0,2024-07-02,cancelled,app,contrareembolso
1948,299.0,2024-08-28,delivered,marketplace,tarjeta
1949,1907.0,2023-09-04,delivered,marketplace,transferencia
1950,1272.0,2024-11-03,shipped,app,contrareembolso
1951,1555.0,2025-09-09,delivered,app,paypal
1952,1625.0,2023-09-28,delivered,app,paypal
1953,2505.0,2024-03-13,shipped,marketplace,contrareembolso
1954,344.0,2024-03-07,created,web,transferencia
1955,1698.0,2025-10-25,delivered,web,tarjeta
1956,664.0,2023-12-29,delivered,app,transferencia
1957,1000.0,2024-10-20,created,web,paypal
1958,2135.0,2025-10-26,paid,web,transferencia
1959,960.0,2023-11-08,delivered,web,transferencia
1960,248.0,2023-02-07,refunded,app,contrareembolso
1961,1035.0,2024-02-11,delivered,web,contrareembolso
1962,1223.0,2024-03-07,shipped,web,tarjeta
1963,1441.0,2023-11-12,delivered,app,tarjeta
1964,221.0,2023-11-01,delivered,marketplace,paypal
1965,2290.0,2025-04-12,delivered,web,tarjeta
1966,2965.0,2024-12-06,shipped,app,paypal
1967,957.0,2023-02-06,cancelled,marketplace,paypal
1968,2611.0,2023-04-19,delivered,web,contrareembolso
1969,1470.0,2023-12-16,delivered,marketplace,transferencia
1970,1641.0,2023-11-25,delivered,app,tarjeta
1971,2362.0,2025-10-23,cancelled,app,contrareembolso
1972,2802.0,2025-02-12,delivered,marketplace,tarjeta
1973,1522.0,2023-10-11,shipped,marketplace,contrareembolso
1974,277.0,2023-04-20,paid,web,contrareembolso
1975,1284.0,2025-06-12,delivered,web,paypal
1976,1320.0,2023-11-12,delivered,marketplace,tarjeta
1977,2843.0,2024-11-06,delivered,web,paypal
1978,7.0,2023-12-23,delivered,web,tarjeta
1979,1681.0,2024-05-08,delivered,app,transferencia
1980,1595.0,2025-10-24,delivered,web,paypal
1981,2532.0,2023-08-11,delivered,app,tarjeta
1982,2120.0,2023-02-03,delivered,marketplace,tarjeta
1983,1312.0,2024-03-20,delivered,web,paypal
1984,1098.0,2025-03-13,delivered,marketplace,tarjeta
1985,2809.0,2023-09-17,delivered,app,tarjeta
1986,732.0,2024-06-16,delivered,app,paypal
1987,678.0,2024-12-03,delivered,web,contrareembolso
1988,911.0,2023-04-14,refunded,app,tarjeta
1989,1810.0,2023-07-11,delivered,web,paypal
1990,2416.0,2024-01-13,refunded,marketplace,transferencia
1991,1879.0,2023-08-03,cancelled,marketplace,tarjeta
1992,2589.0,2024-07-27,delivered,app,paypal
1993,1830.0,2023-06-11,delivered,web,tarjeta
1994,1604.0,2024-08-25,paid,app,contrareembolso
1995,2481.0,2023-03-28,shipped,app,contrareembolso
1996,215.0,2023-12-06,delivered,web,paypal
1997,1240.0,2025-12-28,delivered,marketplace,transferencia
1998,780.0,2024-07-05,delivered,marketplace,paypal
1999,2525.0,2025-01-17,delivered,web,paypal
2000,2368.0,2023-03-21,refunded,app,contrareembolso
2001,2234.0,2023-03-22,delivered,marketplace,contrareembolso
2002,2236.0,2023-03-28,shipped,web,transferencia
2003,737.0,2025-02-01,delivered,web,contrareembolso
2004,908.0,2025-03-01,delivered,app,contrareembolso
2005,1127.0,2024-12-22,refunded,marketplace,transferencia
2006,2847.0,2025-03-31,delivered,app,contrareembolso
2007,2880.0,2024-04-29,delivered,web,contrareembolso
2008,946.0,2023-11-04,delivered,app,transferencia
2009,2773.0,2025-07-30,delivered,app,contrareembolso
2010,1069.0,2023-01-12,delivered,app,paypal
2011,1300.0,2024-02-23,delivered,app,tarjeta
2012,338.0,2025-04-11,refunded,marketplace,tarjeta
2013,1593.0,2024-10-26,delivered,web,transferencia
2014,1181.0,2025-09-24,shipped,marketplace,transferencia
2015,2856.0,2023-03-30,delivered,web,paypal
2016,2531.0,2025-05-07,delivered,web,tarjeta
2017,1092.0,2024-03-18,paid,app,contrareembolso
2018,2675.0,2025-02-18,refunded,web,transferencia
2019,2101.0,2024-06-21,delivered,marketplace,transferencia
2020,407.0,2025-08-03,delivered,marketplace,contrareembolso
2021,2985.0,2024-10-19,delivered,web,tarjeta
2022,2362.0,2023-09-29,delivered,app,paypal
2023,784.0,2025-06-27,delivered,web,contrareembolso
2024,696.0,2023-08-17,created,app,tarjeta
2025,104.0,2024-01-09,delivered,app,transferencia
2026,1230.0,2025-11-12,delivered,marketplace,tarjeta
2027,25.0,2024-06-22,shipped,app,paypal
2028,1338.0,2023-06-06,delivered,app,tarjeta
2029,1311.0,2025-08-26,refunded,marketplace,tarjeta
2030,2889.0,2024-01-06,refunded,app,transferencia
2031,1893.0,2023-03-23,delivered,app,paypal
2032,2946.0,2023-12-08,delivered,web,transferencia
2033,2313.0,2023-04-27,refunded,marketplace,paypal
2034,2922.0,2023-03-22,delivered,marketplace,paypal
2035,922.0,2023-07-02,shipped,app,transferencia
2036,1837.0,2023-06-29,shipped,marketplace,tarjeta
2037,2846.0,2025-04-27,delivered,app,paypal
2038,2351.0,2024-02-17,refunded,web,contrareembolso
2039,778.0,2023-02-20,delivered,app,tarjeta
2040,1325.0,2024-02-19,delivered,web,transferencia
2041,2611.0,2024-12-14,delivered,marketplace,contrareembolso
2042,790.0,2023-09-25,shipped,marketplace,transferencia
2043,2686.0,2023-02-04,delivered,marketplace,tarjeta
2044,1999.0,2024-08-16,delivered,marketplace,tarjeta
2045,2602.0,2024-08-12,refunded,web,tarjeta
2046,2776.0,2025-06-06,delivered,web,paypal
2047,2040.0,2023-10-22,delivered,app,tarjeta
2048,2115.0,2023-10-18,delivered,marketplace,paypal
2049,1246.0,2023-02-17,delivered,marketplace,contrareembolso
2050,2990.0,2024-04-24,delivered,web,paypal
2051,293.0,2025-04-21,cancelled,web,paypal
2052,678.0,2025-10-10,cancelled,marketplace,tarjeta
2053,2167.0,2025-04-07,delivered,app,transferencia
2054,1599.0,2025-08-15,delivered,app,transferencia
2055,355.0,2023-10-27,delivered,app,transferencia
2056,2495.0,2023-06-05,created,marketplace,paypal
2057,1439.0,2025-08-14,delivered,app,contrareembolso
2058,1766.0,2024-09-06,delivered,marketplace,tarjeta
2059,898.0,2024-05-16,cancelled,marketplace,tarjeta
2060,1679.0,2023-02-13,delivered,web,transferencia
2061,1225.0,2023-09-09,delivered,app,tarjeta
2062,1999.0,2025-10-26,delivered,web,tarjeta
2063,1973.0,2023-01-22,delivered,app,paypal
2064,2893.0,2025-08-28,refunded,app,paypal
2065,564.0,2023-06-11,delivered,app,paypal
2066,2202.0,2024-03-04,delivered,app,transferencia
2067,1687.0,2025-09-15,delivered,marketplace,paypal
2068,959.0,2024-07-30,delivered,web,tarjeta
2069,1421.0,2025-11-26,paid,web,paypal
2070,1987.0,2023-12-29,delivered,app,transferencia
2071,2412.0,2025-06-20,paid,web,paypal
2072,977.0,2024-06-12,refunded,marketplace,contrareembolso
2073,906.0,2024-01-13,cancelled,app,contrareembolso
2074,2964.0,2023-03-10,shipped,marketplace,transferencia
2075,861.0,2023-03-09,delivered,marketplace,contrareembolso
2076,1316.0,2023-08-22,cancelled,app,transferencia
2077,2038.0,2024-10-07,shipped,web,tarjeta
2078,757.0,2023-03-13,delivered,web,contrareembolso
2079,1068.0,2025-05-27,delivered,app,tarjeta
2080,2657.0,2023-02-05,delivered,web,paypal
2081,886.0,2024-10-28,delivered,marketplace,paypal
2082,2433.0,2024-09-05,delivered,app,contrareembolso
2083,1058.0,2025-02-21,delivered,marketplace,paypal
2084,1834.0,2024-06-23,refunded,marketplace,contrareembolso
2085,2717.0,2023-10-21,cancelled,marketplace,tarjeta
2086,467.0,2025-08-04,delivered,app,tarjeta
2087,2389.0,2025-12-30,shipped,web,contrareembolso
2088,1819.0,2024-08-30,delivered,marketplace,transferencia
2089,1885.0,2023-08-25,delivered,app,paypal
2090,1276.0,2024-01-03,delivered,web,transferencia
2091,2369.0,2025-07-08,delivered,marketplace,tarjeta
2092,911.0,2025-10-22,cancelled,app,tarjeta
2093,860.0,2023-08-16,delivered,marketplace,contrareembolso
2094,1772.0,2025-11-04,cancelled,marketplace,contrareembolso
2095,1687.0,2025-02-07,delivered,marketplace,transferencia
2096,2061.0,2025-04-27,delivered,app,paypal
2097,883.0,2023-03-26,paid,marketplace,paypal
2098,1169.0,2024-01-23,delivered,marketplace,tarjeta
2099,1652.0,2023-10-28,delivered,app,contrareembolso
2100,2734.0,2024-03-03,delivered,web,paypal
2101,750.0,2024-04-17,refunded,marketplace,paypal
2102,2935.0,2025-10-17,paid,web,paypal
2103,2786.0,2023-11-13,delivered,web,transferencia
2104,982.0,2023-10-30,paid,marketplace,tarjeta
2105,814.0,2025-04-08,paid,app,contrareembolso
2106,2497.0,2023-11-06,delivered,web,paypal
2107,2820.0,2023-01-15,delivered,web,contrareembolso
2108,142.0,2024-09-24,cancelled,web,transferencia
2109,2746.0,2023-06-17,delivered,web,tarjeta
2110,2368.0,2023-12-25,delivered,web,tarjeta
2111,646.0,2024-08-23,delivered,app,contrareembolso
2112,2404.0,2023-06-30,refunded,app,tarjeta
2113,1412.0,2025-09-07,delivered,web,transferencia
2114,173.0,2025-05-03,delivered,marketplace,tarjeta
2115,919.0,2025-12-05,delivered,marketplace,paypal
2116,62.0,2024-05-03,shipped,app,tarjeta
2117,2082.0,2025-12-23,delivered,web,transferencia
2118,460.0,2025-10-27,delivered,marketplace,transferencia
2119,1761.0,2023-11-08,delivered,marketplace,transferencia
2120,1397.0,2023-05-02,created,marketplace,tarjeta
2121,627.0,2025-01-26,refunded,marketplace,transferencia
2122,310.0,2025-05-12,paid,marketplace,paypal
2123,2486.0,2025-05-31,delivered,marketplace,paypal
2124,95.0,2023-04-07,shipped,marketplace,transferencia
2125,185.0,2025-08-26,refunded,marketplace,contrareembolso
2126,2299.0,2023-03-19,delivered,web,tarjeta
2127,2423.0,2025-09-20,delivered,marketplace,paypal
2128,1503.0,2025-08-10,delivered,marketplace,paypal
2129,1199.0,2024-05-04,delivered,app,tarjeta
2130,372.0,2024-09-05,refunded,app,contrareembolso
2131,244.0,2024-09-08,delivered,app,transferencia
2132,119.0,2023-10-21,delivered,app,transferencia
2133,2225.0,2023-04-18,shipped,web,paypal
2134,117.0,2024-12-23,shipped,app,tarjeta
2135,2369.0,2024-06-14,paid,marketplace,tarjeta
2136,952.0,2024-06-17,delivered,web,paypal
2137,470.0,2024-12-24,shipped,marketplace,tarjeta
2138,2711.0,2024-01-22,delivered,marketplace,transferencia
2139,2382.0,2023-11-04,delivered,web,paypal
2140,2658.0,2024-11-04,delivered,marketplace,contrareembolso
2141,1955.0,2024-08-19,delivered,app,paypal
2142,684.0,2025-11-05,delivered,marketplace,paypal
2143,2456.0,2025-01-15,delivered,app,paypal
2144,2153.0,2023-11-20,paid,web,contrareembolso
2145,924.0,2025-06-25,delivered,app,tarjeta
2146,1120.0,2025-04-18,delivered,web,tarjeta
2147,313.0,2025-10-01,delivered,app,paypal
2148,2633.0,2025-12-13,delivered,web,tarjeta
2149,1894.0,2024-09-06,delivered,web,tarjeta
2150,2728.0,2023-12-02,delivered,marketplace,tarjeta
2151,2877.0,2023-03-25,delivered,marketplace,contrareembolso
2152,2554.0,2024-04-16,delivered,web,tarjeta
2153,2290.0,2024-02-05,delivered,web,tarjeta
2154,1922.0,2025-10-15,delivered,marketplace,contrareembolso
2155,736.0,2024-08-25,refunded,app,transferencia
2156,2040.0,2024-09-03,delivered,web,paypal
2157,1865.0,2024-06-05,delivered,app,paypal
2158,1073.0,2025-07-24,delivered,app,paypal
2159,1882.0,2024-05-29,delivered,web,contrareembolso
2160,1835.0,2025-08-20,paid,web,paypal
2161,762.0,2023-08-11,created,app,transferencia
2162,1242.0,2024-10-24,delivered,app,paypal
2163,1661.0,2024-04-29,cancelled,marketplace,transferencia
2164,88.0,2023-08-21,delivered,app,tarjeta
2165,2208.0,2024-01-23,delivered,app,tarjeta
2166,1895.0,2025-10-07,created,web,transferencia
2167,2675.0,2025-05-05,delivered,app,transferencia
2168,2853.0,2025-03-03,delivered,marketplace,paypal
2169,939.0,2023-12-09,delivered,marketplace,transferencia
2170,693.0,2023-06-23,delivered,app,tarjeta
2171,927.0,2025-07-27,refunded,marketplace,contrareembolso
2172,1839.0,2024-03-06,delivered,app,transferencia
2173,795.0,2023-01-12,cancelled,app,tarjeta
2174,848.0,2023-03-04,delivered,web,contrareembolso
2175,1376.0,2025-02-24,shipped,web,paypal
2176,1482.0,2023-07-15,refunded,app,transferencia
2177,451.0,2025-03-11,delivered,app,tarjeta
2178,2257.0,2024-10-26,delivered,app,transferencia
2179,1324.0,2025-11-26,delivered,marketplace,tarjeta
2180,2248.0,2025-12-17,delivered,marketplace,transferencia
2181,2442.0,2024-12-08,refunded,marketplace,tarjeta
2182,2043.0,2025-12-27,paid,web,tarjeta
2183,1587.0,2025-08-10,delivered,marketplace,paypal
2184,2086.0,2023-02-05,shipped,app,paypal
2185,1336.0,2024-07-10,delivered,web,paypal
2186,2832.0,2025-12-29,shipped,app,contrareembolso
2187,649.0,2024-12-02,refunded,web,transferencia
2188,340.0,2025-12-19,delivered,app,contrareembolso
2189,2055.0,2024-02-17,refunded,web,transferencia
2190,137.0,2024-09-15,delivered,web,paypal
2191,1092.0,2025-08-03,delivered,marketplace,contrareembolso
2192,2591.0,2025-04-21,delivered,app,contrareembolso
2193,22.0,2023-05-28,delivered,app,tarjeta
2194,2955.0,2025-01-04,paid,app,tarjeta
2195,2766.0,2023-11-16,paid,app,contrareembolso
2196,195.0,2024-08-31,shipped,web,contrareembolso
2197,2946.0,2023-11-25,cancelled,marketplace,tarjeta
2198,2020.0,2025-09-13,delivered,web,transferencia
2199,722.0,2025-10-03,refunded,web,paypal
2200,2699.0,2025-10-31,delivered,app,tarjeta
2201,769.0,2025-12-03,delivered,web,tarjeta
2202,1718.0,2023-05-23,delivered,app,paypal
2203,1227.0,2025-09-17,delivered,web,tarjeta
2204,296.0,2025-08-25,delivered,web,paypal
2205,278.0,2023-02-09,delivered,app,paypal
2206,1189.0,2023-04-09,delivered,app,tarjeta
2207,641.0,2024-03-08,delivered,app,paypal
2208,384.0,2025-11-02,cancelled,marketplace,tarjeta
2209,2862.0,2025-02-25,paid,web,paypal
2210,1763.0,2025-08-11,delivered,app,contrareembolso
2211,2443.0,2024-09-21,delivered,app,contrareembolso
2212,2040.0,2023-10-02,delivered,web,contrareembolso
2213,1212.0,2024-04-08,delivered,marketplace,transferencia
2214,1862.0,2023-05-15,delivered,marketplace,contrareembolso
2215,2367.0,2025-12-07,delivered,app,transferencia
2216,1145.0,2023-04-13,shipped,app,paypal
2217,2313.0,2025-11-24,delivered,web,paypal
2218,2923.0,2023-01-31,cancelled,web,transferencia
2219,5.0,2025-03-16,delivered,web,tarjeta
2220,2086.0,2025-12-29,shipped,web,paypal
2221,3013.0,2025-08-14,cancelled,web,transferencia
2222,113.0,2023-09-05,shipped,web,contrareembolso
2223,1670.0,2023-12-09,refunded,web,contrareembolso
2224,2256.0,2024-08-26,delivered,web,paypal
2225,1277.0,2023-08-20,delivered,app,contrareembolso
2226,912.0,2024-04-27,delivered,web,contrareembolso
2227,1950.0,2024-11-10,delivered,marketplace,paypal
2228,359.0,2025-08-20,paid,web,tarjeta
2229,2300.0,2023-05-06,delivered,web,contrareembolso
2230,761.0,2023-11-17,delivered,marketplace,paypal
2231,2574.0,2023-11-23,delivered,app,transferencia
2232,1577.0,2024-07-22,delivered,marketplace,paypal
2233,9.0,2023-08-16,delivered,app,contrareembolso
2234,2831.0,2025-08-08,delivered,app,paypal
2235,1964.0,2023-11-18,delivered,marketplace,tarjeta
2236,293.0,2023-07-09,shipped,app,tarjeta
2237,2371.0,2024-04-08,delivered,app,tarjeta
2238,2216.0,2024-01-03,paid,marketplace,tarjeta
2239,58.0,2025-09-18,delivered,app,paypal
2240,2405.0,2023-05-15,delivered,web,paypal
2241,2386.0,2024-07-29,delivered,app,tarjeta
2242,6.0,2025-07-16,paid,marketplace,contrareembolso
2243,1838.0,2024-11-24,refunded,app,paypal
2244,468.0,2025-12-01,delivered,app,contrareembolso
2245,2777.0,2025-03-06,delivered,app,tarjeta
2246,2527.0,2025-09-07,refunded,app,paypal
2247,2928.0,2024-08-30,shipped,marketplace,tarjeta
2248,1480.0,2023-08-21,cancelled,app,transferencia
2249,2323.0,2024-12-30,delivered,web,contrareembolso
2250,2057.0,2024-07-13,delivered,marketplace,contrareembolso
2251,893.0,2023-11-29,delivered,app,contrareembolso
2252,2842.0,,delivered,marketplace,transferencia
2253,2384.0,2023-03-03,delivered,app,paypal
2254,1450.0,2024-11-30,delivered,marketplace,contrareembolso
2255,2984.0,2025-06-02,delivered,marketplace,transferencia
2256,2024.0,2024-05-09,shipped,marketplace,transferencia
2257,916.0,2024-04-16,cancelled,web,paypal
2258,433.0,2023-12-24,delivered,marketplace,transferencia
2259,889.0,2024-06-07,delivered,app,contrareembolso
2260,2635.0,2024-07-14,delivered,app,paypal
2261,2577.0,2024-08-13,paid,marketplace,transferencia
2262,2193.0,2024-08-21,delivered,app,paypal
2263,1531.0,2024-10-19,delivered,web,paypal
2264,2648.0,2023-08-09,paid,web,transferencia
2265,1218.0,2024-09-28,delivered,app,contrareembolso
2266,1894.0,2025-05-27,shipped,app,tarjeta
2267,560.0,2023-03-28,shipped,web,paypal
2268,2939.0,2024-04-07,delivered,marketplace,tarjeta
2269,2427.0,2025-01-14,delivered,web,transferencia
2270,983.0,2023-09-18,refunded,marketplace,transferencia
2271,1078.0,2024-09-03,delivered,marketplace,tarjeta
2272,1337.0,2026-09-06,delivered,app,transferencia
2273,2894.0,2024-01-06,delivered,app,tarjeta
2274,1131.0,2024-11-26,delivered,web,contrareembolso
2275,2129.0,2024-08-12,shipped,app,paypal
2276,221.0,2024-10-23,delivered,marketplace,tarjeta
2277,1931.0,2023-02-23,delivered,marketplace,tarjeta
2278,1761.0,2025-11-04,shipped,web,contrareembolso
2279,2181.0,2024-01-04,delivered,web,tarjeta
2280,1155.0,2024-10-10,shipped,app,tarjeta
2281,145.0,2024-04-05,cancelled,marketplace,paypal
2282,248.0,2025-10-02,delivered,app,transferencia
2283,1544.0,2023-07-07,delivered,app,transferencia
2284,832.0,2025-09-03,delivered,app,contrareembolso
2285,288.0,2024-04-17,delivered,app,paypal
2286,1260.0,2023-06-01,delivered,web,tarjeta
2287,543.0,2025-02-08,delivered,web,transferencia
2288,1212.0,2023-07-18,delivered,web,tarjeta
2289,1039.0,2023-11-01,delivered,marketplace,transferencia
2290,2583.0,2024-08-26,delivered,marketplace,tarjeta
2291,520.0,2024-09-23,cancelled,app,tarjeta
2292,189.0,2025-12-03,cancelled,web,transferencia
2293,2033.0,2025-07-02,delivered,app,contrareembolso
2294,341.0,2025-02-01,paid,marketplace,tarjeta
2295,2158.0,2023-03-09,shipped,web,paypal
2296,2795.0,2025-01-10,delivered,marketplace,tarjeta
2297,233.0,2024-08-22,delivered,app,contrareembolso
2298,1724.0,2024-12-24,paid,app,paypal
2299,1779.0,2023-08-21,cancelled,web,paypal
2300,56.0,2024-07-13,refunded,app,contrareembolso
2301,1366.0,2024-06-18,shipped,app,tarjeta
2302,2240.0,2023-08-31,created,marketplace,transferencia
2303,248.0,2024-11-21,delivered,marketplace,transferencia
2304,367.0,2023-07-06,delivered,app,contrareembolso
2305,787.0,2024-02-16,shipped,app,paypal
2306,901.0,2024-12-24,delivered,app,transferencia
2307,2196.0,2024-01-23,cancelled,marketplace,contrareembolso
2308,2308.0,2023-11-05,delivered,marketplace,transferencia
2309,2967.0,2025-01-06,shipped,web,tarjeta
2310,2384.0,2025-01-15,refunded,web,contrareembolso
2311,2297.0,2024-06-17,cancelled,web,transferencia
2312,288.0,2024-03-10,delivered,web,tarjeta
2313,875.0,,delivered,app,contrareembolso
2314,358.0,2023-09-16,shipped,web,paypal
2315,2731.0,2023-10-29,delivered,web,tarjeta
2316,1872.0,2024-03-20,delivered,app,transferencia
2317,2021.0,2024-09-04,delivered,web,paypal
2318,2869.0,2024-08-22,delivered,marketplace,transferencia
2319,2883.0,2023-08-23,delivered,web,contrareembolso
2320,1638.0,2023-11-30,delivered,app,contrareembolso
2321,285.0,2023-05-19,shipped,app,paypal
2322,1614.0,2025-10-03,refunded,app,paypal
2323,1595.0,2024-03-07,delivered,app,tarjeta
2324,1559.0,2023-09-28,paid,marketplace,paypal
2325,1705.0,2024-08-31,shipped,web,transferencia
2326,1192.0,2023-02-27,refunded,marketplace,transferencia
2327,1757.0,2025-03-19,delivered,web,tarjeta
2328,1658.0,2025-05-07,delivered,app,contrareembolso
2329,2878.0,2025-03-15,delivered,app,tarjeta
2330,2875.0,2024-08-04,delivered,web,transferencia
2331,785.0,2023-03-29,delivered,marketplace,paypal
2332,2362.0,2023-03-16,delivered,app,tarjeta
2333,460.0,2025-05-30,delivered,marketplace,transferencia
2334,1380.0,2024-12-31,delivered,marketplace,paypal
2335,189.0,2023-06-26,created,web,tarjeta
2336,1626.0,2024-08-10,delivered,web,contrareembolso
2337,485.0,2025-09-06,delivered,app,transferencia
2338,440.0,2024-02-20,paid,marketplace,paypal
2339,825.0,2025-02-11,delivered,app,transferencia
2340,1128.0,2024-07-30,delivered,web,contrareembolso
2341,2843.0,2025-05-27,delivered,app,tarjeta
2342,1539.0,2024-02-11,delivered,app,tarjeta
2343,254.0,2023-09-18,delivered,app,contrareembolso
2344,876.0,2025-04-08,delivered,web,contrareembolso
2345,932.0,2023-11-27,delivered,marketplace,paypal
2346,1707.0,2025-02-21,delivered,app,transferencia
2347,650.0,2023-11-14,cancelled,web,transferencia
2348,2867.0,2025-05-14,delivered,web,paypal
2349,2816.0,2024-07-24,delivered,marketplace,tarjeta
2350,2586.0,2025-04-24,delivered,web,contrareembolso
2351,2059.0,2024-09-27,delivered,app,tarjeta
2352,2817.0,2023-12-16,delivered,marketplace,tarjeta
2353,1956.0,2024-09-23,refunded,marketplace,paypal
2354,2819.0,2023-02-16,shipped,web,tarjeta
2355,985.0,2025-06-29,delivered,marketplace,contrareembolso
2356,1488.0,2025-11-16,delivered,app,paypal
2357,2057.0,2025-07-15,delivered,marketplace,tarjeta
2358,2307.0,2024-05-03,delivered,web,contrareembolso
2359,1450.0,2024-12-30,delivered,web,transferencia
2360,1426.0,2025-08-26,delivered,app,transferencia
2361,1611.0,2025-11-23,shipped,marketplace,contrareembolso
2362,2177.0,2025-04-12,shipped,marketplace,contrareembolso
2363,1710.0,2024-05-18,delivered,marketplace,paypal
2364,2837.0,2024-06-12,refunded,marketplace,contrareembolso
2365,1180.0,2023-08-06,delivered,app,paypal
2366,2295.0,2024-01-13,paid,web,tarjeta
2367,506.0,2023-09-18,delivered,app,transferencia
2368,2816.0,2025-09-10,delivered,app,contrareembolso
2369,115.0,2023-06-30,delivered,web,tarjeta
2370,600.0,2025-06-06,delivered,web,transferencia
2371,2663.0,2025-04-19,delivered,marketplace,contrareembolso
2372,331.0,2025-10-03,delivered,web,paypal
2373,2058.0,2023-05-07,delivered,web,contrareembolso
2374,313.0,2025-06-29,paid,marketplace,tarjeta
2375,898.0,2023-04-23,delivered,marketplace,transferencia
2376,264.0,2024-11-10,created,app,transferencia
2377,45.0,2023-01-15,delivered,marketplace,contrareembolso
2378,2806.0,2024-07-25,delivered,web,tarjeta
2379,1849.0,2023-07-19,delivered,marketplace,paypal
2380,899.0,2024-10-04,delivered,marketplace,transferencia
2381,1768.0,2025-08-26,delivered,marketplace,tarjeta
2382,2793.0,2025-01-14,delivered,marketplace,contrareembolso
2383,1919.0,2025-04-12,delivered,app,contrareembolso
2384,2030.0,2024-03-04,shipped,web,tarjeta
2385,1786.0,2025-02-26,delivered,marketplace,paypal
2386,1330.0,2024-08-19,delivered,marketplace,contrareembolso
2387,519.0,2024-10-28,delivered,app,contrareembolso
2388,1699.0,2023-02-20,delivered,marketplace,transferencia
2389,1179.0,2025-09-24,delivered,marketplace,tarjeta
2390,108.0,2024-10-29,delivered,marketplace,tarjeta
2391,1956.0,2023-02-06,delivered,app,paypal
2392,1291.0,2025-12-05,refunded,web,transferencia
2393,1593.0,2025-06-13,delivered,web,paypal
2394,581.0,2025-09-16,paid,marketplace,contrareembolso
2395,550.0,2023-07-07,delivered,marketplace,tarjeta
2396,991.0,2023-10-22,delivered,web,transferencia
2397,,2025-05-27,paid,app,tarjeta
2398,1540.0,2024-02-20,delivered,app,paypal
2399,71.0,2023-05-27,delivered,web,contrareembolso
2400,2153.0,2023-06-12,delivered,web,tarjeta
2401,71.0,2025-03-02,shipped,marketplace,contrareembolso
2402,1891.0,2024-08-30,delivered,app,transferencia
2403,970.0,2025-11-15,delivered,app,paypal
2404,2547.0,2023-09-14,delivered,web,transferencia
2405,45.0,2023-07-23,delivered,web,tarjeta
2406,1723.0,2023-04-21,shipped,web,transferencia
2407,874.0,2024-02-28,paid,marketplace,tarjeta
2408,2235.0,2024-04-28,refunded,marketplace,contrareembolso
2409,2071.0,2023-01-18,refunded,app,contrareembolso
2410,2355.0,2025-02-20,delivered,marketplace,paypal
2411,1646.0,2023-08-09,delivered,marketplace,contrareembolso
2412,222.0,2024-07-09,delivered,app,transferencia
2413,893.0,2025-06-30,paid,app,transferencia
2414,2918.0,2023-09-09,shipped,app,tarjeta
2415,1437.0,2024-12-21,delivered,app,tarjeta
2416,1296.0,2025-12-07,delivered,app,tarjeta
2417,1906.0,2025-05-17,delivered,app,tarjeta
2418,932.0,2025-08-20,delivered,app,contrareembolso
2419,2879.0,2025-12-01,delivered,app,transferencia
2420,1719.0,2025-11-11,delivered,app,tarjeta
2421,306.0,2023-09-16,refunded,marketplace,tarjeta
2422,2206.0,2023-10-15,delivered,marketplace,transferencia
2423,1082.0,2025-07-21,delivered,marketplace,tarjeta
2424,1852.0,2023-02-11,delivered,app,contrareembolso
2425,1507.0,2023-03-08,delivered,app,transferencia
2426,2130.0,2025-07-29,delivered,app,contrareembolso
2427,798.0,2023-03-07,cancelled,marketplace,tarjeta
2428,2132.0,2023-01-27,delivered,web,transferencia
2429,1069.0,2025-09-13,delivered,marketplace,paypal
2430,93.0,2025-02-21,delivered,marketplace,transferencia
2431,1534.0,2024-06-20,created,marketplace,paypal
2432,503.0,2025-08-02,delivered,web,transferencia
2433,619.0,2023-10-08,delivered,marketplace,tarjeta
2434,1103.0,2023-03-14,refunded,web,paypal
2435,1138.0,2023-10-31,refunded,app,transferencia
2436,2899.0,2023-10-01,delivered,marketplace,tarjeta
2437,2097.0,2025-09-22,shipped,app,tarjeta
2438,2364.0,2023-06-09,shipped,marketplace,paypal
2439,2936.0,2025-11-04,shipped,web,transferencia
2440,2530.0,2023-07-10,delivered,marketplace,transferencia
2441,2675.0,2024-10-24,delivered,app,tarjeta
2442,2830.0,2023-04-17,cancelled,web,transferencia
2443,2722.0,2023-10-26,created,marketplace,paypal
2444,1437.0,2025-08-08,delivered,app,tarjeta
2445,1273.0,2023-02-08,refunded,app,paypal
2446,2735.0,2025-03-22,delivered,marketplace,contrareembolso
2447,2915.0,2023-10-07,delivered,app,tarjeta
2448,1599.0,2025-11-30,paid,app,contrareembolso
2449,2894.0,2023-05-14,paid,marketplace,contrareembolso
2450,1982.0,2023-09-11,paid,web,paypal
2451,1859.0,2024-02-08,delivered,web,transferencia
2452,2524.0,2023-06-11,delivered,web,transferencia
2453,2812.0,2025-01-31,cancelled,web,paypal
2454,2104.0,2024-11-17,refunded,app,paypal
2455,1779.0,2023-12-12,created,marketplace,transferencia
2456,1511.0,2027-01-13,delivered,marketplace,paypal
2457,1428.0,2024-08-27,delivered,app,contrareembolso
2458,2982.0,2024-03-07,shipped,marketplace,paypal
2459,1873.0,2023-07-27,delivered,app,transferencia
2460,924.0,2024-01-12,delivered,web,paypal
2461,2062.0,2023-06-21,delivered,app,transferencia
2462,1741.0,2023-04-03,refunded,web,paypal
2463,409.0,2025-01-12,cancelled,marketplace,tarjeta
2464,2143.0,2025-01-29,delivered,web,paypal
2465,404.0,2023-10-18,delivered,app,contrareembolso
2466,651.0,2025-10-10,delivered,app,transferencia
2467,1924.0,2025-05-03,shipped,web,paypal
2468,1390.0,2023-12-23,refunded,app,contrareembolso
2469,1234.0,2023-05-30,cancelled,marketplace,contrareembolso
2470,2589.0,2023-08-26,refunded,web,transferencia
2471,2225.0,2023-04-28,shipped,marketplace,transferencia
2472,1469.0,2024-03-12,created,app,tarjeta
2473,1623.0,2023-07-20,delivered,app,transferencia
2474,2673.0,2024-06-20,delivered,marketplace,contrareembolso
2475,2055.0,2024-03-17,shipped,marketplace,paypal
2476,2811.0,2023-02-17,cancelled,web,tarjeta
2477,307.0,2024-12-23,delivered,app,transferencia
2478,814.0,2024-12-22,delivered,marketplace,transferencia
2479,993.0,2023-09-02,delivered,web,transferencia
2480,709.0,2024-10-22,delivered,web,contrareembolso
2481,489.0,2023-04-13,delivered,app,tarjeta
2482,2250.0,2025-08-10,cancelled,marketplace,paypal
2483,291.0,2023-08-20,delivered,app,paypal
2484,1160.0,2023-03-22,refunded,web,transferencia
2485,2272.0,2023-07-24,delivered,marketplace,paypal
2486,1010.0,2025-10-11,delivered,marketplace,transferencia
2487,1636.0,2024-03-01,delivered,app,tarjeta
2488,1381.0,2024-06-03,delivered,marketplace,contrareembolso
2489,492.0,2025-05-21,created,marketplace,contrareembolso
2490,1850.0,2025-05-17,delivered,marketplace,transferencia
2491,1229.0,2024-03-18,refunded,marketplace,transferencia
2492,2583.0,2025-03-04,delivered,app,tarjeta
2493,1426.0,2023-12-18,delivered,web,transferencia
2494,2918.0,2025-12-03,delivered,marketplace,transferencia
2495,2712.0,2025-07-15,delivered,marketplace,tarjeta
2496,2799.0,2025-10-06,delivered,app,contrareembolso
2497,1126.0,2025-11-04,delivered,marketplace,tarjeta
2498,2101.0,2023-11-21,shipped,marketplace,tarjeta
2499,2005.0,2023-07-20,delivered,marketplace,contrareembolso
2500,2666.0,2025-08-09,delivered,web,tarjeta
2501,2275.0,2025-08-09,delivered,app,tarjeta
2502,734.0,2025-03-06,delivered,app,paypal
2503,533.0,2023-06-28,shipped,web,contrareembolso
2504,382.0,2025-11-04,delivered,marketplace,paypal
2505,113.0,2023-04-08,delivered,app,paypal
2506,1737.0,2024-12-18,cancelled,marketplace,contrareembolso
2507,1802.0,2023-04-15,refunded,app,transferencia
2508,2165.0,2023-09-22,delivered,app,paypal
2509,1436.0,2025-04-06,delivered,app,tarjeta
2510,1897.0,2025-01-15,delivered,web,tarjeta
2511,1820.0,2025-05-03,cancelled,app,contrareembolso
2512,2074.0,2025-05-17,delivered,app,contrareembolso
2513,2409.0,2024-04-23,paid,web,transferencia
2514,1614.0,2025-10-25,delivered,marketplace,contrareembolso
2515,1755.0,2024-07-31,delivered,marketplace,paypal
2516,647.0,2024-04-05,delivered,app,transferencia
2517,1526.0,2024-08-07,cancelled,marketplace,transferencia
2518,402.0,2025-07-29,delivered,marketplace,paypal
2519,1123.0,2025-09-02,cancelled,app,transferencia
2520,2375.0,2023-10-22,delivered,web,transferencia
2521,2359.0,2025-11-05,delivered,app,transferencia
2522,534.0,2024-03-31,shipped,app,tarjeta
2523,156.0,2024-11-02,delivered,web,contrareembolso
2524,309.0,2025-01-11,delivered,app,tarjeta
2525,1890.0,2024-06-20,delivered,app,contrareembolso
2526,263.0,2024-03-15,delivered,web,paypal
2527,1701.0,2023-10-09,delivered,app,transferencia
2528,2250.0,2023-07-12,delivered,marketplace,paypal
2529,660.0,2025-04-15,delivered,app,contrareembolso
2530,744.0,2023-12-30,delivered,marketplace,tarjeta
2531,696.0,2024-10-07,delivered,app,contrareembolso
2532,1341.0,2023-04-10,delivered,web,paypal
2533,2300.0,2023-06-06,shipped,marketplace,paypal
2534,1522.0,2023-06-20,delivered,app,tarjeta
2535,2064.0,2024-11-09,delivered,web,paypal
2536,1798.0,2023-07-13,delivered,web,tarjeta
2537,2027.0,2025-04-18,delivered,app,paypal
2538,1375.0,2025-05-04,delivered,marketplace,tarjeta
2539,2743.0,2024-11-08,delivered,app,contrareembolso
2540,540.0,2025-08-03,delivered,web,tarjeta
2541,2302.0,2023-10-22,delivered,app,tarjeta
2542,3.0,2025-12-02,delivered,app,tarjeta
2543,1253.0,2024-06-20,shipped,app,paypal
2544,2522.0,2023-06-12,shipped,marketplace,paypal
2545,780.0,2025-04-22,created,web,paypal
2546,2758.0,2025-10-24,delivered,marketplace,contrareembolso
2547,577.0,2024-09-03,delivered,web,contrareembolso
2548,1114.0,2025-02-25,cancelled,web,contrareembolso
2549,1489.0,2023-11-17,delivered,app,paypal
2550,427.0,2023-10-07,delivered,web,tarjeta
2551,1351.0,2025-12-15,created,marketplace,transferencia
2552,1550.0,2024-03-22,refunded,marketplace,tarjeta
2553,441.0,2023-10-21,paid,marketplace,contrareembolso
2554,2783.0,2025-11-01,refunded,web,transferencia
2555,322.0,2025-11-15,delivered,app,tarjeta
2556,2078.0,2025-11-10,delivered,app,tarjeta
2557,1410.0,2024-02-05,delivered,marketplace,paypal
2558,808.0,2024-07-13,shipped,marketplace,transferencia
2559,1871.0,2025-09-27,delivered,web,transferencia
2560,2268.0,2025-03-15,delivered,web,tarjeta
2561,1271.0,2025-10-09,paid,web,tarjeta
2562,2018.0,2023-10-13,shipped,app,tarjeta
2563,2219.0,2024-08-03,cancelled,web,tarjeta
2564,793.0,2025-01-13,shipped,web,paypal
2565,2741.0,2024-05-22,delivered,marketplace,tarjeta
2566,2421.0,2023-04-08,shipped,app,contrareembolso
2567,2492.0,2023-10-16,delivered,app,transferencia
2568,174.0,2023-12-23,delivered,app,tarjeta
2569,2387.0,2023-12-22,created,web,transferencia
2570,1923.0,2023-12-05,refunded,web,contrareembolso
2571,1311.0,2024-03-30,delivered,app,tarjeta
2572,473.0,2025-12-19,delivered,app,contrareembolso
2573,2466.0,2024-06-27,created,marketplace,contrareembolso
2574,561.0,2025-03-29,delivered,app,transferencia
2575,1500.0,2024-08-22,delivered,web,transferencia
2576,2208.0,2023-12-11,delivered,marketplace,tarjeta
2577,1575.0,2024-03-12,shipped,app,transferencia
2578,645.0,2024-08-09,delivered,marketplace,paypal
2579,181.0,2024-03-20,delivered,app,tarjeta
2580,2353.0,2023-10-21,delivered,app,tarjeta
2581,2468.0,2023-11-26,delivered,web,paypal
2582,1814.0,2025-01-23,delivered,app,transferencia
2583,2018.0,2023-07-09,refunded,web,tarjeta
2584,1721.0,2025-02-19,delivered,app,contrareembolso
2585,1524.0,2023-09-08,delivered,web,paypal
2586,2712.0,2023-09-20,cancelled,web,paypal
2587,68.0,2025-04-26,delivered,web,contrareembolso
2588,2153.0,2024-03-01,created,marketplace,paypal
2589,783.0,2023-09-15,delivered,marketplace,tarjeta
2590,2495.0,2023-07-20,delivered,marketplace,tarjeta
2591,2875.0,2024-05-31,delivered,web,paypal
2592,2300.0,2023-02-08,delivered,web,paypal
2593,2164.0,2025-12-24,shipped,marketplace,tarjeta
2594,483.0,2023-02-13,delivered,marketplace,paypal
2595,2178.0,2023-09-16,paid,web,transferencia
2596,2757.0,2025-05-23,refunded,web,transferencia
2597,880.0,2024-05-03,cancelled,app,paypal
2598,1265.0,2024-06-15,cancelled,marketplace,transferencia
2599,302.0,2025-06-12,delivered,marketplace,contrareembolso
2600,2103.0,2023-07-28,delivered,marketplace,paypal
2601,933.0,2023-09-26,created,app,transferencia
2602,52.0,2025-04-07,delivered,web,contrareembolso
2603,110.0,2023-07-25,delivered,marketplace,tarjeta
2604,1750.0,2024-07-28,delivered,marketplace,transferencia
2605,2232.0,2024-08-18,delivered,app,contrareembolso
2606,653.0,2025-12-05,delivered,web,tarjeta
2607,1383.0,2025-08-31,delivered,marketplace,paypal
2608,2609.0,2023-07-02,shipped,marketplace,transferencia
2609,41.0,2025-05-29,delivered,web,contrareembolso
2610,2920.0,2023-05-09,refunded,app,transferencia
2611,2664.0,2024-09-13,delivered,app,contrareembolso
2612,1395.0,2025-03-27,delivered,web,paypal
2613,230.0,2023-03-21,delivered,web,contrareembolso
2614,771.0,2024-07-03,delivered,app,tarjeta
2615,571.0,2024-11-19,delivered,web,transferencia
2616,55.0,2023-06-30,refunded,app,paypal
2617,1548.0,2024-10-23,paid,marketplace,paypal
2618,1911.0,2023-02-07,delivered,marketplace,tarjeta
2619,255.0,2023-11-15,shipped,web,transferencia
2620,2332.0,2025-07-01,delivered,marketplace,contrareembolso
2621,264.0,2025-01-31,delivered,marketplace,tarjeta
2622,1994.0,2023-09-08,paid,app,tarjeta
2623,433.0,2024-01-05,delivered,marketplace,transferencia
2624,2592.0,2023-12-11,delivered,web,paypal
2625,968.0,2024-12-02,delivered,web,tarjeta
2626,1485.0,2024-09-28,delivered,marketplace,tarjeta
2627,713.0,2023-03-14,delivered,app,paypal
2628,314.0,2024-03-04,cancelled,app,paypal
2629,2161.0,2024-07-29,delivered,marketplace,paypal
2630,1991.0,2025-05-06,delivered,web,paypal
2631,2353.0,2025-01-21,paid,app,paypal
2632,2020.0,2023-05-21,delivered,web,transferencia
2633,2580.0,2023-07-12,delivered,web,transferencia
2634,511.0,2025-02-01,paid,web,paypal
2635,1939.0,2024-11-19,shipped,web,paypal
2636,2779.0,2024-04-16,delivered,app,tarjeta
2637,496.0,2023-08-29,cancelled,web,tarjeta
2638,342.0,2024-01-25,created,app,tarjeta
2639,1949.0,2025-02-10,delivered,app,transferencia
2640,194.0,2025-06-27,delivered,marketplace,transferencia
2641,1357.0,2023-01-26,delivered,marketplace,paypal
2642,910.0,2023-03-31,delivered,marketplace,contrareembolso
2643,1025.0,2024-05-30,delivered,app,contrareembolso
2644,1356.0,2023-12-13,delivered,web,transferencia
2645,1803.0,2024-10-02,shipped,marketplace,paypal
2646,2828.0,2023-05-07,shipped,app,transferencia
2647,2419.0,2025-07-13,cancelled,marketplace,tarjeta
2648,2272.0,2023-10-07,delivered,web,contrareembolso
2649,1811.0,2024-01-26,delivered,app,paypal
2650,1123.0,2024-08-18,delivered,marketplace,tarjeta
2651,2551.0,2024-08-20,delivered,app,contrareembolso
2652,2166.0,2023-04-04,delivered,marketplace,contrareembolso
2653,655.0,2023-08-06,shipped,app,tarjeta
2654,1744.0,2024-05-04,delivered,app,paypal
2655,2382.0,2025-07-23,paid,web,tarjeta
2656,1875.0,2025-06-19,delivered,marketplace,contrareembolso
2657,169.0,2024-03-16,cancelled,web,contrareembolso
2658,2325.0,2024-06-14,delivered,web,contrareembolso
2659,1428.0,2023-08-20,shipped,app,contrareembolso
2660,415.0,2025-01-21,delivered,web,contrareembolso
2661,2806.0,2025-10-03,delivered,marketplace,contrareembolso
2662,2985.0,2025-03-11,delivered,marketplace,paypal
2663,2697.0,2024-01-27,delivered,app,contrareembolso
2664,1258.0,2023-11-28,delivered,web,tarjeta
2665,981.0,2025-07-26,delivered,web,contrareembolso
2666,2902.0,2025-04-02,delivered,marketplace,contrareembolso
2667,2272.0,2025-05-28,delivered,app,tarjeta
2668,1374.0,2024-08-24,delivered,web,paypal
2669,2820.0,2025-07-14,refunded,marketplace,transferencia
2670,177.0,2025-02-10,delivered,app,tarjeta
2671,2875.0,2023-07-23,refunded,marketplace,transferencia
2672,1255.0,2024-05-22,paid,marketplace,tarjeta
2673,2624.0,2023-10-10,refunded,marketplace,contrareembolso
2674,551.0,2024-07-23,paid,app,tarjeta
2675,2288.0,2024-09-03,refunded,web,tarjeta
2676,1485.0,2023-07-04,delivered,app,contrareembolso
2677,291.0,2024-08-30,delivered,app,tarjeta
2678,2982.0,2025-09-13,paid,web,tarjeta
2679,1373.0,2023-10-03,shipped,app,contrareembolso
2680,2301.0,2025-03-13,delivered,marketplace,tarjeta
2681,287.0,2023-09-01,delivered,web,contrareembolso
2682,1277.0,2023-10-07,delivered,marketplace,contrareembolso
2683,2533.0,2024-05-31,shipped,web,transferencia
2684,1992.0,2023-08-08,paid,app,contrareembolso
2685,2309.0,2025-07-04,shipped,app,transferencia
2686,178.0,2025-04-21,delivered,app,contrareembolso
2687,2519.0,2025-03-02,delivered,marketplace,transferencia
2688,1164.0,2024-09-24,delivered,web,transferencia
2689,2864.0,2023-01-15,delivered,web,transferencia
2690,225.0,2025-01-15,delivered,web,paypal
2691,1721.0,2025-07-01,delivered,web,tarjeta
2692,2587.0,2024-02-20,delivered,web,contrareembolso
2693,2188.0,2024-03-25,delivered,marketplace,transferencia
2694,2078.0,2024-02-24,delivered,web,transferencia
2695,2095.0,2023-12-28,delivered,web,paypal
2696,2793.0,2023-05-29,delivered,marketplace,paypal
2697,542.0,2023-11-22,cancelled,app,tarjeta
2698,2527.0,2025-01-15,delivered,marketplace,contrareembolso
2699,2438.0,2023-10-16,delivered,app,contrareembolso
2700,560.0,2024-03-02,delivered,web,tarjeta
2701,1085.0,2024-01-28,delivered,app,tarjeta
2702,2328.0,2023-10-07,shipped,marketplace,tarjeta
2703,2933.0,2024-01-23,cancelled,app,paypal
2704,113.0,2024-04-06,delivered,web,contrareembolso
2705,2748.0,2023-12-01,delivered,web,paypal
2706,1314.0,2024-01-20,delivered,app,transferencia
2707,1488.0,2024-12-17,delivered,web,tarjeta
2708,2273.0,2023-08-03,delivered,web,tarjeta
2709,415.0,2025-07-15,paid,marketplace,contrareembolso
2710,386.0,2024-10-29,delivered,web,tarjeta
2711,2239.0,2025-09-08,delivered,app,tarjeta
2712,1355.0,2023-06-08,delivered,app,paypal
2713,2518.0,2025-02-27,delivered,marketplace,transferencia
2714,359.0,2023-04-27,shipped,marketplace,paypal
2715,2097.0,2023-10-26,delivered,marketplace,paypal
2716,218.0,2024-04-21,refunded,app,contrareembolso
2717,1675.0,2023-09-08,delivered,app,contrareembolso
2718,1781.0,2023-10-16,delivered,app,tarjeta
2719,2596.0,2024-07-18,delivered,marketplace,tarjeta
2720,2883.0,2024-01-31,delivered,app,tarjeta
2721,272.0,2024-12-20,created,web,paypal
2722,815.0,2024-05-26,delivered,app,paypal
2723,515.0,2024-12-07,delivered,app,paypal
2724,2133.0,2025-03-14,delivered,app,transferencia
2725,822.0,2025-07-03,delivered,app,paypal
2726,1311.0,2025-11-08,paid,marketplace,paypal
2727,1705.0,2024-05-01,delivered,marketplace,paypal
2728,962.0,2024-09-20,delivered,marketplace,transferencia
2729,140.0,2024-02-07,delivered,app,paypal
2730,1066.0,2024-07-18,shipped,app,contrareembolso
2731,774.0,2023-08-29,delivered,web,paypal
2732,358.0,2023-02-14,delivered,web,tarjeta
2733,1912.0,2023-07-27,delivered,web,paypal
2734,350.0,2025-10-19,shipped,web,transferencia
2735,1794.0,2025-09-05,delivered,web,contrareembolso
2736,500.0,2023-05-22,delivered,app,transferencia
2737,1039.0,2025-02-07,delivered,app,paypal
2738,750.0,2023-12-14,delivered,app,contrareembolso
2739,2033.0,2024-01-29,delivered,web,paypal
2740,6.0,2025-10-31,delivered,app,tarjeta
2741,2418.0,2023-01-10,delivered,web,contrareembolso
2742,1998.0,2025-06-25,delivered,marketplace,contrareembolso
2743,1607.0,2024-04-21,delivered,app,contrareembolso
2744,2211.0,2023-05-19,refunded,web,paypal
2745,666.0,2025-03-27,delivered,web,paypal
2746,2131.0,2025-11-10,delivered,app,paypal
2747,2113.0,2025-06-10,delivered,marketplace,contrareembolso
2748,2710.0,2023-03-23,delivered,app,contrareembolso
2749,193.0,2024-04-24,delivered,marketplace,tarjeta
2750,131.0,2025-08-18,paid,marketplace,transferencia
2751,3020.0,2023-08-09,paid,app,paypal
2752,2322.0,2025-05-28,delivered,app,paypal
2753,2105.0,2023-11-30,paid,app,contrareembolso
2754,647.0,2025-07-09,cancelled,marketplace,paypal
2755,685.0,2024-09-05,shipped,marketplace,paypal
2756,1135.0,2025-10-19,delivered,app,tarjeta
2757,2513.0,2023-07-09,delivered,app,paypal
2758,775.0,2024-09-16,refunded,marketplace,paypal
2759,806.0,2025-12-03,delivered,marketplace,tarjeta
2760,1653.0,2024-01-10,delivered,app,transferencia
2761,1111.0,2023-08-11,cancelled,app,contrareembolso
2762,999.0,2024-02-12,created,app,tarjeta
2763,286.0,2025-05-14,cancelled,app,contrareembolso
2764,2858.0,2025-05-23,paid,app,contrareembolso
2765,327.0,2024-10-21,delivered,web,contrareembolso
2766,1049.0,2024-03-03,delivered,marketplace,tarjeta
2767,1451.0,2023-05-27,created,app,paypal
2768,2873.0,2023-10-13,delivered,marketplace,contrareembolso
2769,1471.0,2024-10-18,cancelled,marketplace,paypal
2770,1875.0,2025-09-25,paid,app,paypal
2771,54.0,2024-09-16,paid,app,paypal
2772,1213.0,2024-10-09,delivered,web,transferencia
2773,2824.0,2025-06-25,delivered,web,contrareembolso
2774,81.0,2023-08-26,created,app,contrareembolso
2775,2135.0,2023-10-06,shipped,marketplace,contrareembolso
2776,133.0,2023-06-05,delivered,marketplace,tarjeta
2777,58.0,2025-05-04,created,web,tarjeta
2778,2279.0,2023-01-23,paid,marketplace,paypal
2779,1249.0,2023-12-10,delivered,app,paypal
2780,1154.0,2024-03-05,delivered,app,transferencia
2781,1030.0,2025-09-20,created,web,paypal
2782,2690.0,2024-04-15,delivered,marketplace,contrareembolso
2783,125.0,2024-12-22,delivered,web,transferencia
2784,2390.0,2025-10-12,delivered,web,paypal
2785,842.0,2024-08-28,delivered,marketplace,contrareembolso
2786,80.0,2024-06-30,delivered,app,transferencia
2787,2659.0,2023-07-01,paid,marketplace,tarjeta
2788,1607.0,2023-09-15,delivered,marketplace,paypal
2789,1769.0,2025-07-11,delivered,web,paypal
2790,2036.0,2024-07-02,cancelled,app,paypal
2791,1981.0,2023-10-27,delivered,app,paypal
2792,1498.0,2024-11-26,shipped,marketplace,contrareembolso
2793,1041.0,2023-11-17,delivered,app,paypal
2794,2171.0,2023-01-23,delivered,web,contrareembolso
2795,1902.0,2025-11-16,delivered,web,paypal
2796,1997.0,2025-03-19,paid,web,transferencia
2797,1626.0,2025-02-27,delivered,app,tarjeta
2798,2956.0,2024-06-01,cancelled,web,contrareembolso
2799,2249.0,2024-06-29,delivered,web,paypal
2800,1900.0,2023-11-18,delivered,web,transferencia
2801,274.0,2023-02-19,delivered,app,transferencia
2802,308.0,2024-12-31,delivered,marketplace,contrareembolso
2803,416.0,2025-03-07,delivered,web,paypal
2804,1970.0,2025-01-26,delivered,web,paypal
2805,4.0,2025-12-22,delivered,marketplace,contrareembolso
2806,494.0,2025-05-07,delivered,web,tarjeta
2807,2085.0,2024-01-30,delivered,web,contrareembolso
2808,2453.0,2025-06-17,delivered,app,paypal
2809,1537.0,2024-07-01,delivered,marketplace,contrareembolso
2810,1499.0,2025-08-18,cancelled,app,paypal
2811,2698.0,2025-06-12,delivered,web,transferencia
2812,1102.0,2025-12-03,cancelled,marketplace,tarjeta
2813,2369.0,2024-10-23,delivered,marketplace,paypal
2814,19.0,2023-06-14,delivered,web,contrareembolso
2815,1004.0,2024-02-02,delivered,marketplace,transferencia
2816,2306.0,2025-09-03,delivered,web,paypal
2817,276.0,2023-07-15,refunded,marketplace,paypal
2818,624.0,2025-05-19,delivered,marketplace,tarjeta
2819,607.0,2023-02-25,delivered,web,contrareembolso
2820,2421.0,2024-07-26,cancelled,app,tarjeta
2821,1567.0,2023-06-05,delivered,web,contrareembolso
2822,2473.0,2023-06-21,delivered,app,paypal
2823,1588.0,2023-05-08,paid,web,contrareembolso
2824,2572.0,2025-02-25,shipped,app,transferencia
2825,1245.0,2025-06-08,delivered,web,contrareembolso
2826,1596.0,2025-09-22,delivered,marketplace,transferencia
2827,1628.0,2025-10-31,delivered,marketplace,contrareembolso
2828,704.0,2024-10-11,shipped,marketplace,tarjeta
2829,797.0,2023-01-19,delivered,marketplace,tarjeta
2830,2285.0,2023-12-14,shipped,web,contrareembolso
2831,1366.0,2023-06-10,shipped,marketplace,contrareembolso
2832,611.0,2023-07-16,delivered,app,transferencia
2833,452.0,2023-03-02,delivered,marketplace,transferencia
2834,2782.0,2023-11-26,shipped,marketplace,tarjeta
2835,2356.0,2025-11-24,delivered,marketplace,tarjeta
2836,1784.0,2023-05-18,cancelled,app,tarjeta
2837,1277.0,2023-07-06,refunded,app,transferencia
2838,499.0,2023-05-28,cancelled,marketplace,paypal
2839,2806.0,2025-02-11,delivered,marketplace,tarjeta
2840,1193.0,2023-04-27,paid,web,transferencia
2841,1772.0,2024-08-04,shipped,app,paypal
2842,813.0,2025-01-21,refunded,marketplace,tarjeta
2843,1799.0,2025-06-04,delivered,web,paypal
2844,1936.0,2025-08-18,delivered,web,paypal
2845,2809.0,2023-01-26,delivered,marketplace,transferencia
2846,859.0,2025-06-02,delivered,app,contrareembolso
2847,2813.0,2023-06-04,delivered,marketplace,transferencia
2848,1861.0,2024-09-24,shipped,web,contrareembolso
2849,553.0,2025-04-10,delivered,web,transferencia
2850,2903.0,2024-12-07,delivered,marketplace,tarjeta
2851,2289.0,2024-04-29,shipped,marketplace,contrareembolso
2852,2285.0,2025-04-20,delivered,marketplace,contrareembolso
2853,1702.0,2023-11-07,shipped,marketplace,tarjeta
2854,690.0,2024-06-26,delivered,web,transferencia
2855,1358.0,2025-01-27,delivered,web,transferencia
2856,1413.0,2025-11-13,shipped,marketplace,tarjeta
2857,766.0,2023-09-03,delivered,marketplace,contrareembolso
2858,949.0,2024-07-31,delivered,app,contrareembolso
2859,2047.0,2025-03-24,delivered,marketplace,paypal
2860,1868.0,2023-03-09,shipped,marketplace,transferencia
2861,870.0,2023-07-02,delivered,app,paypal
2862,1411.0,2025-02-08,delivered,web,paypal
2863,495.0,2024-06-08,delivered,marketplace,transferencia
2864,2065.0,2023-12-29,paid,marketplace,paypal
2865,460.0,2024-09-01,delivered,app,paypal
2866,796.0,2024-05-28,created,app,paypal
2867,1789.0,2023-11-02,delivered,marketplace,contrareembolso
2868,,2023-01-27,cancelled,app,contrareembolso
2869,219.0,2024-05-29,delivered,web,transferencia
2870,2113.0,2023-05-25,delivered,web,contrareembolso
2871,147.0,2023-02-23,delivered,marketplace,contrareembolso
2872,304.0,2023-01-19,delivered,marketplace,tarjeta
2873,275.0,2025-06-01,shipped,app,paypal
2874,976.0,2025-06-10,shipped,app,tarjeta
2875,2087.0,2025-03-15,delivered,marketplace,transferencia
2876,360.0,2025-04-13,delivered,app,contrareembolso
2877,1990.0,2023-03-28,cancelled,marketplace,contrareembolso
2878,709.0,2023-06-25,delivered,app,transferencia
2879,340.0,2025-11-23,delivered,web,paypal
2880,2508.0,2025-02-10,delivered,app,transferencia
2881,2971.0,2024-09-13,refunded,app,transferencia
2882,2473.0,2023-12-16,paid,marketplace,paypal
2883,450.0,2024-02-22,delivered,web,transferencia
2884,2604.0,2025-08-09,delivered,app,paypal
2885,1318.0,2025-05-04,paid,app,transferencia
2886,422.0,2023-04-25,delivered,app,contrareembolso
2887,1981.0,2024-01-16,delivered,web,transferencia
2888,1742.0,2024-04-24,cancelled,web,contrareembolso
2889,2744.0,2023-08-14,delivered,web,transferencia
2890,2084.0,2023-06-14,shipped,web,transferencia
2891,445.0,2025-07-12,cancelled,web,transferencia
2892,2642.0,2023-12-21,created,app,paypal
2893,2681.0,2023-01-25,shipped,web,contrareembolso
2894,845.0,2024-02-10,delivered,app,contrareembolso
2895,839.0,2025-09-11,delivered,app,tarjeta
2896,2979.0,2025-09-07,delivered,app,contrareembolso
2897,988.0,2024-07-01,delivered,web,paypal
2898,2608.0,2023-02-23,delivered,web,contrareembolso
2899,2329.0,2024-06-25,delivered,app,transferencia
2900,1810.0,2023-03-19,shipped,marketplace,transferencia
2901,2649.0,2023-12-06,shipped,web,paypal
2902,628.0,2023-12-19,delivered,marketplace,contrareembolso
2903,1443.0,2023-09-28,created,marketplace,contrareembolso
2904,1581.0,2024-06-13,cancelled,web,transferencia
2905,1017.0,2024-08-31,delivered,app,transferencia
2906,768.0,2024-07-31,delivered,marketplace,transferencia
2907,2271.0,2025-01-06,delivered,marketplace,contrareembolso
2908,62.0,2025-01-21,delivered,marketplace,transferencia
2909,600.0,2024-08-11,delivered,app,contrareembolso
2910,345.0,2023-09-28,delivered,app,paypal
2911,1140.0,2025-07-10,paid,marketplace,transferencia
2912,629.0,2025-07-21,delivered,app,tarjeta
2913,1462.0,2025-11-07,delivered,marketplace,tarjeta
2914,2866.0,2024-07-21,shipped,app,tarjeta
2915,743.0,2023-09-03,delivered,app,paypal
2916,1520.0,2025-03-24,delivered,marketplace,transferencia
2917,537.0,2025-11-28,delivered,app,paypal
2918,449.0,2023-05-15,delivered,app,transferencia
2919,2406.0,2024-10-21,delivered,app,tarjeta
2920,1170.0,2023-06-21,delivered,web,transferencia
2921,1415.0,2025-12-15,delivered,marketplace,paypal
2922,307.0,2024-09-13,delivered,web,paypal
2923,249.0,2025-07-02,paid,marketplace,contrareembolso
2924,438.0,2023-04-06,delivered,web,paypal
2925,2825.0,2023-08-04,shipped,app,contrareembolso
2926,496.0,2023-03-19,cancelled,web,contrareembolso
2927,2142.0,2024-01-10,delivered,web,transferencia
2928,1117.0,2025-03-01,created,app,contrareembolso
2929,1268.0,2023-05-18,delivered,web,tarjeta
2930,1184.0,2023-08-29,paid,web,contrareembolso
2931,2371.0,2023-07-03,delivered,app,tarjeta
2932,1055.0,2023-01-13,delivered,app,contrareembolso
2933,2708.0,2025-06-26,refunded,web,paypal
2934,411.0,2025-11-15,delivered,marketplace,tarjeta
2935,115.0,2025-04-05,delivered,app,contrareembolso
2936,438.0,2024-01-08,shipped,marketplace,paypal
2937,463.0,2025-05-25,delivered,web,paypal
2938,1532.0,2024-10-10,shipped,marketplace,tarjeta
2939,2666.0,2025-06-28,delivered,app,contrareembolso
2940,41.0,2024-06-04,delivered,web,tarjeta
2941,993.0,2023-02-07,delivered,marketplace,contrareembolso
2942,1447.0,2023-01-13,delivered,app,paypal
2943,1202.0,2024-11-07,cancelled,web,contrareembolso
2944,2338.0,2023-08-29,delivered,marketplace,paypal
2945,2430.0,2025-05-25,shipped,marketplace,tarjeta
2946,2088.0,2025-11-08,shipped,app,transferencia
2947,639.0,2024-11-14,delivered,marketplace,paypal
2948,2882.0,2024-11-19,shipped,marketplace,transferencia
2949,1144.0,2023-02-07,delivered,marketplace,transferencia
2950,1298.0,2025-01-08,delivered,web,contrareembolso
2951,197.0,2024-01-11,delivered,app,tarjeta
2952,2223.0,2024-08-15,delivered,web,transferencia
2953,1899.0,2023-08-13,shipped,web,paypal
2954,2790.0,2023-01-01,delivered,marketplace,contrareembolso
2955,1706.0,2024-04-13,delivered,app,transferencia
2956,286.0,2024-08-14,cancelled,marketplace,paypal
2957,1604.0,2023-05-18,delivered,web,tarjeta
2958,2311.0,2024-09-04,created,app,paypal
2959,729.0,2024-03-28,delivered,app,contrareembolso
2960,2284.0,2023-05-25,delivered,marketplace,paypal
2961,122.0,2024-07-30,delivered,app,tarjeta
2962,992.0,2023-08-26,delivered,app,transferencia
2963,1618.0,2023-11-18,cancelled,web,paypal
2964,663.0,2024-02-28,delivered,app,transferencia
2965,1543.0,2023-03-08,shipped,app,paypal
2966,2310.0,2025-03-14,shipped,marketplace,contrareembolso
2967,451.0,2023-07-30,delivered,marketplace,transferencia
2968,1083.0,2023-04-11,delivered,marketplace,paypal
2969,2271.0,2023-01-26,paid,web,paypal
2970,1299.0,2025-04-21,cancelled,marketplace,transferencia
2971,1486.0,2023-08-29,cancelled,marketplace,tarjeta
2972,6.0,2025-08-18,created,web,transferencia
2973,2944.0,2024-03-25,delivered,web,transferencia
2974,1354.0,2024-07-05,delivered,web,tarjeta
2975,1458.0,2023-10-31,delivered,web,tarjeta
2976,396.0,2023-06-08,refunded,marketplace,paypal
2977,2999.0,2025-10-06,delivered,marketplace,contrareembolso
2978,2370.0,2023-05-18,created,web,tarjeta
2979,474.0,2024-11-19,refunded,marketplace,contrareembolso
2980,1058.0,2024-12-08,delivered,app,transferencia
2981,2812.0,2025-10-25,delivered,web,transferencia
2982,2339.0,2023-08-09,delivered,web,contrareembolso
2983,729.0,2024-05-02,delivered,web,transferencia
2984,918.0,2023-03-08,paid,app,tarjeta
2985,341.0,2024-01-13,delivered,app,tarjeta
2986,2011.0,2024-08-19,delivered,web,tarjeta
2987,2133.0,2023-08-06,delivered,marketplace,transferencia
2988,2083.0,2025-03-10,shipped,web,contrareembolso
2989,2507.0,2023-04-19,delivered,web,paypal
2990,2007.0,2023-02-11,delivered,marketplace,contrareembolso
2991,484.0,2025-08-06,delivered,web,contrareembolso
2992,511.0,2024-10-08,paid,app,contrareembolso
2993,2008.0,2024-06-08,refunded,web,contrareembolso
2994,1176.0,2024-07-12,delivered,app,transferencia
2995,1200.0,2023-12-19,delivered,app,contrareembolso
2996,1511.0,2024-07-06,delivered,web,paypal
2997,2068.0,2024-01-11,delivered,app,paypal
2998,2616.0,2023-02-03,delivered,app,paypal
2999,43.0,2024-07-13,delivered,web,contrareembolso
3000,2643.0,2024-04-02,cancelled,marketplace,contrareembolso
3001,1775.0,2024-03-15,delivered,web,contrareembolso
3002,2502.0,2023-09-11,shipped,marketplace,contrareembolso
3003,1534.0,2024-03-04,delivered,web,contrareembolso
3004,1111.0,2024-07-07,delivered,app,contrareembolso
3005,302.0,2023-02-19,delivered,app,tarjeta
3006,1381.0,2024-12-04,shipped,web,contrareembolso
3007,2665.0,2025-01-16,delivered,web,paypal
3008,2332.0,2024-05-31,cancelled,web,tarjeta
3009,1915.0,2023-09-10,delivered,marketplace,contrareembolso
3010,1396.0,2023-03-24,delivered,web,transferencia
3011,2025.0,2023-04-30,delivered,web,contrareembolso
3012,1999.0,2024-06-04,delivered,app,transferencia
3013,623.0,2024-11-26,delivered,marketplace,contrareembolso
3014,1729.0,2025-01-13,delivered,marketplace,transferencia
3015,1928.0,2025-08-02,delivered,app,transferencia
3016,2634.0,2024-01-22,delivered,web,paypal
3017,427.0,2025-07-28,delivered,web,transferencia
3018,856.0,2025-06-05,delivered,marketplace,tarjeta
3019,144.0,2023-01-05,delivered,marketplace,contrareembolso
3020,1057.0,2024-03-15,delivered,app,contrareembolso
3021,1868.0,2023-08-20,delivered,app,contrareembolso
3022,657.0,2024-10-15,cancelled,marketplace,transferencia
3023,2001.0,2023-01-09,refunded,web,contrareembolso
3024,951.0,2025-01-30,paid,web,tarjeta
3025,487.0,2023-10-08,refunded,marketplace,tarjeta
3026,1291.0,2023-10-16,shipped,app,transferencia
3027,2381.0,2025-07-25,delivered,web,contrareembolso
3028,2340.0,2024-11-05,shipped,web,transferencia
3029,2167.0,2024-05-11,delivered,marketplace,paypal
3030,1142.0,2025-09-25,cancelled,web,contrareembolso
3031,1687.0,2023-03-27,refunded,marketplace,contrareembolso
3032,84.0,2023-03-17,delivered,web,tarjeta
3033,2362.0,,shipped,app,transferencia
3034,2742.0,2023-02-07,delivered,app,contrareembolso
3035,910.0,2024-04-01,delivered,app,paypal
3036,641.0,2025-04-02,delivered,web,contrareembolso
3037,2434.0,2024-04-23,cancelled,web,contrareembolso
3038,2151.0,2023-03-24,delivered,app,transferencia
3039,2045.0,2024-10-03,shipped,web,paypal
3040,445.0,2024-02-06,delivered,marketplace,tarjeta
3041,2663.0,2025-05-23,cancelled,app,transferencia
3042,1235.0,2025-01-25,delivered,marketplace,paypal
3043,519.0,2024-06-30,delivered,web,contrareembolso
3044,2378.0,2024-07-02,paid,app,contrareembolso
3045,2743.0,2023-08-24,delivered,marketplace,paypal
3046,1310.0,2024-01-20,shipped,marketplace,paypal
3047,98.0,2025-01-25,paid,app,transferencia
3048,1099.0,2023-03-19,created,marketplace,paypal
3049,212.0,2025-12-05,delivered,app,paypal
3050,1471.0,2025-03-16,delivered,web,paypal
3051,328.0,2023-11-02,delivered,marketplace,tarjeta
3052,861.0,2024-08-18,delivered,app,contrareembolso
3053,163.0,2024-03-10,created,web,tarjeta
3054,1477.0,2025-07-03,delivered,app,tarjeta
3055,1068.0,2023-10-12,delivered,app,contrareembolso
3056,914.0,2024-02-03,delivered,app,transferencia
3057,3006.0,2023-10-19,delivered,marketplace,contrareembolso
3058,409.0,2023-06-24,created,web,paypal
3059,155.0,2025-03-10,paid,web,tarjeta
3060,930.0,2025-09-25,delivered,app,paypal
3061,2447.0,2025-02-17,delivered,marketplace,tarjeta
3062,1884.0,2023-05-03,paid,app,paypal
3063,2706.0,2025-01-17,delivered,web,paypal
3064,2181.0,2023-04-19,delivered,app,tarjeta
3065,699.0,2025-06-06,delivered,marketplace,contrareembolso
3066,692.0,2024-07-11,shipped,marketplace,tarjeta
3067,1798.0,2025-07-28,delivered,marketplace,tarjeta
3068,2401.0,2023-06-01,shipped,web,transferencia
3069,856.0,2023-07-18,delivered,marketplace,contrareembolso
3070,1908.0,2024-07-10,delivered,app,contrareembolso
3071,2853.0,2023-11-01,shipped,web,transferencia
3072,53.0,2024-12-11,delivered,web,tarjeta
3073,1086.0,2025-04-13,delivered,app,paypal
3074,1683.0,2025-10-22,cancelled,marketplace,transferencia
3075,124.0,2024-05-16,delivered,marketplace,tarjeta
3076,2197.0,2024-04-28,delivered,app,transferencia
3077,1189.0,2024-05-13,created,app,transferencia
3078,,2025-03-17,delivered,marketplace,contrareembolso
3079,423.0,2024-02-22,refunded,web,contrareembolso
3080,1380.0,2025-04-18,delivered,web,transferencia
3081,921.0,2023-12-15,delivered,app,tarjeta
3082,1300.0,2023-03-13,paid,marketplace,contrareembolso
3083,2044.0,2023-04-09,paid,web,tarjeta
3084,1646.0,2025-07-03,delivered,app,transferencia
3085,1640.0,2025-01-03,refunded,web,contrareembolso
3086,888.0,2024-10-31,delivered,app,tarjeta
3087,895.0,2024-09-05,delivered,marketplace,transferencia
3088,2950.0,2025-03-24,delivered,web,transferencia
3089,2005.0,2024-07-22,delivered,web,paypal
3090,2899.0,2025-09-28,delivered,app,paypal
3091,2991.0,2025-12-13,delivered,marketplace,contrareembolso
3092,835.0,2024-04-12,delivered,web,tarjeta
3093,2958.0,2025-06-03,delivered,app,paypal
3094,776.0,2025-01-06,delivered,marketplace,tarjeta
3095,225.0,2023-04-23,delivered,web,contrareembolso
3096,2592.0,2025-06-18,delivered,web,transferencia
3097,127.0,2023-10-21,delivered,app,transferencia
3098,1604.0,2023-05-09,delivered,web,paypal
3099,1889.0,2024-07-21,delivered,app,transferencia
3100,2896.0,2024-08-04,cancelled,web,contrareembolso
3101,1725.0,2023-06-21,shipped,app,tarjeta
3102,92.0,2024-01-07,created,web,tarjeta
3103,2388.0,2023-01-27,delivered,web,contrareembolso
3104,1735.0,2025-07-15,delivered,marketplace,contrareembolso
3105,2064.0,2023-03-30,delivered,marketplace,transferencia
3106,2432.0,2025-02-25,delivered,web,contrareembolso
3107,2010.0,2025-03-05,delivered,web,transferencia
3108,2179.0,2024-06-10,delivered,marketplace,tarjeta
3109,1167.0,2025-05-31,shipped,app,contrareembolso
3110,110.0,2024-02-09,delivered,app,tarjeta
3111,1356.0,2023-06-25,delivered,app,contrareembolso
3112,1326.0,2023-06-25,delivered,marketplace,paypal
3113,1360.0,2023-04-17,delivered,web,transferencia
3114,1234.0,2025-08-09,delivered,web,contrareembolso
3115,557.0,2024-12-12,delivered,web,tarjeta
3116,2226.0,2024-10-15,delivered,app,contrareembolso
3117,729.0,2025-07-23,delivered,marketplace,tarjeta
3118,10.0,2024-01-09,shipped,app,tarjeta
3119,500.0,2024-05-11,delivered,marketplace,paypal
3120,1480.0,2025-09-03,delivered,web,contrareembolso
3121,1013.0,2025-06-25,paid,web,contrareembolso
3122,426.0,2023-07-09,delivered,app,tarjeta
3123,384.0,2023-08-29,delivered,marketplace,paypal
3124,1063.0,2025-08-16,cancelled,app,paypal
3125,2498.0,2023-05-03,delivered,web,tarjeta
3126,2215.0,2023-06-19,shipped,web,contrareembolso
3127,1901.0,2025-02-04,delivered,marketplace,paypal
3128,2521.0,2023-07-15,delivered,app,tarjeta
3129,368.0,2023-01-18,paid,app,tarjeta
3130,1915.0,2025-10-24,delivered,web,transferencia
3131,39.0,2024-03-02,delivered,web,paypal
3132,424.0,2023-11-29,delivered,marketplace,transferencia
3133,2260.0,2023-01-01,delivered,web,contrareembolso
3134,928.0,2023-07-12,created,marketplace,tarjeta
3135,2016.0,2025-09-11,delivered,web,transferencia
3136,517.0,2024-12-13,delivered,app,transferencia
3137,1413.0,2025-11-16,cancelled,marketplace,contrareembolso
3138,585.0,2025-12-21,created,app,contrareembolso
3139,2454.0,2025-12-13,delivered,marketplace,contrareembolso
3140,478.0,2023-03-22,paid,marketplace,paypal
3141,2736.0,2024-05-25,delivered,marketplace,paypal
3142,1946.0,2023-07-10,delivered,marketplace,tarjeta
3143,2050.0,2025-10-05,delivered,marketplace,transferencia
3144,2147.0,2025-12-17,delivered,web,contrareembolso
3145,1889.0,2025-04-04,shipped,marketplace,contrareembolso
3146,2481.0,2023-09-11,delivered,web,contrareembolso
3147,1426.0,2024-11-19,cancelled,marketplace,paypal
3148,2435.0,2024-04-13,delivered,web,tarjeta
3149,2095.0,2025-02-18,delivered,web,tarjeta
3150,711.0,2023-06-18,delivered,marketplace,transferencia
3151,513.0,2023-04-04,delivered,web,paypal
3152,2723.0,2023-03-29,delivered,marketplace,transferencia
3153,791.0,2023-03-05,delivered,marketplace,paypal
3154,2587.0,2023-03-30,cancelled,marketplace,tarjeta
3155,2638.0,2023-02-11,delivered,app,paypal
3156,623.0,2023-01-09,refunded,web,tarjeta
3157,2996.0,2023-04-21,shipped,app,contrareembolso
3158,2449.0,2023-02-01,delivered,app,paypal
3159,1497.0,2023-09-08,delivered,web,contrareembolso
3160,1736.0,2024-08-09,delivered,marketplace,transferencia
3161,2771.0,2023-12-16,delivered,web,transferencia
3162,777.0,2025-07-26,shipped,web,contrareembolso
3163,1721.0,2025-05-24,delivered,marketplace,transferencia
3164,2669.0,2024-07-16,delivered,marketplace,transferencia
3165,2373.0,2025-05-22,delivered,marketplace,contrareembolso
3166,1057.0,2025-09-21,delivered,app,paypal
3167,2981.0,2023-09-05,refunded,marketplace,transferencia
3168,1459.0,2024-04-18,delivered,marketplace,paypal
3169,2898.0,2023-06-01,delivered,app,transferencia
3170,3002.0,2024-05-17,delivered,app,tarjeta
3171,1145.0,2025-10-05,refunded,web,contrareembolso
3172,2577.0,2023-12-10,paid,marketplace,tarjeta
3173,3020.0,2025-02-17,delivered,app,transferencia
3174,1851.0,2023-10-02,shipped,marketplace,tarjeta
3175,1355.0,2024-08-09,created,web,paypal
3176,664.0,2025-08-24,delivered,marketplace,paypal
3177,1187.0,2023-11-25,delivered,web,contrareembolso
3178,2242.0,2025-10-21,delivered,marketplace,tarjeta
3179,1151.0,2025-10-09,delivered,app,contrareembolso
3180,1087.0,2025-02-04,delivered,app,transferencia
3181,1966.0,2024-08-15,delivered,marketplace,contrareembolso
3182,1412.0,2023-07-24,delivered,web,tarjeta
3183,821.0,2023-12-01,delivered,marketplace,transferencia
3184,2254.0,2024-12-26,delivered,web,contrareembolso
3185,1413.0,2024-12-07,delivered,web,transferencia
3186,2166.0,2025-09-19,delivered,app,contrareembolso
3187,2088.0,2025-01-28,delivered,web,paypal
3188,2352.0,2023-07-29,created,web,tarjeta
3189,1683.0,2023-08-03,delivered,marketplace,contrareembolso
3190,324.0,2023-12-31,refunded,app,transferencia
3191,2268.0,2023-04-05,created,marketplace,paypal
3192,1475.0,2025-10-18,delivered,app,transferencia
3193,2691.0,2024-08-30,delivered,app,paypal
3194,2454.0,2025-04-06,delivered,web,transferencia
3195,2089.0,2023-08-19,delivered,web,transferencia
3196,1313.0,2023-11-05,delivered,web,tarjeta
3197,2496.0,2023-12-10,delivered,web,transferencia
3198,518.0,2025-11-07,cancelled,web,tarjeta
3199,1299.0,2023-10-19,delivered,web,paypal
3200,1675.0,2023-11-24,shipped,web,contrareembolso
3201,796.0,2025-01-23,delivered,marketplace,contrareembolso
3202,2135.0,2025-07-17,delivered,marketplace,paypal
3203,356.0,2025-10-04,shipped,web,paypal
3204,357.0,2023-02-01,paid,app,tarjeta
3205,1936.0,2025-05-01,delivered,marketplace,tarjeta
3206,2949.0,2024-03-04,delivered,app,contrareembolso
3207,857.0,2023-05-27,delivered,app,paypal
3208,2767.0,2024-03-27,delivered,marketplace,tarjeta
3209,1140.0,2024-03-12,delivered,web,tarjeta
3210,573.0,2023-12-21,delivered,marketplace,tarjeta
3211,1900.0,2025-10-30,refunded,marketplace,contrareembolso
3212,2931.0,2025-01-24,delivered,app,contrareembolso
3213,2154.0,2024-08-19,delivered,web,paypal
3214,155.0,2025-03-15,delivered,app,transferencia
3215,2853.0,2025-04-28,shipped,web,tarjeta
3216,2383.0,2023-05-23,refunded,app,tarjeta
3217,2336.0,2024-06-30,delivered,app,contrareembolso
3218,2744.0,2025-06-18,delivered,app,contrareembolso
3219,1692.0,2025-12-26,delivered,app,transferencia
3220,5.0,2023-03-10,paid,web,paypal
3221,775.0,2025-09-24,delivered,web,paypal
3222,385.0,2024-09-13,created,app,paypal
3223,695.0,2023-12-25,delivered,web,transferencia
3224,2606.0,2025-06-05,shipped,marketplace,paypal
3225,2363.0,2025-09-30,delivered,web,paypal
3226,1359.0,2024-04-09,delivered,marketplace,paypal
3227,1080.0,2024-11-04,cancelled,web,contrareembolso
3228,2262.0,2025-08-02,refunded,marketplace,transferencia
3229,1551.0,2024-05-24,delivered,marketplace,contrareembolso
3230,1190.0,2023-02-19,delivered,web,paypal
3231,1715.0,2023-07-30,delivered,app,contrareembolso
3232,2786.0,2025-11-29,paid,web,tarjeta
3233,2171.0,2023-08-04,shipped,marketplace,paypal
3234,1614.0,2024-07-30,cancelled,app,transferencia
3235,2172.0,2024-11-05,delivered,web,transferencia
3236,163.0,2025-06-07,delivered,marketplace,contrareembolso
3237,658.0,2024-03-17,delivered,web,transferencia
3238,504.0,2024-05-27,delivered,web,transferencia
3239,433.0,2024-11-16,delivered,app,transferencia
3240,486.0,2025-08-06,shipped,marketplace,transferencia
3241,1601.0,2023-10-12,paid,web,transferencia
3242,2001.0,2025-11-07,delivered,marketplace,paypal
3243,812.0,2025-12-02,delivered,app,tarjeta
3244,683.0,2024-10-20,delivered,web,transferencia
3245,1240.0,2024-11-14,paid,app,paypal
3246,1682.0,2025-07-05,shipped,app,contrareembolso
3247,2732.0,2023-11-23,delivered,app,tarjeta
3248,73.0,2024-02-03,delivered,app,tarjeta
3249,455.0,2024-09-24,cancelled,app,tarjeta
3250,2276.0,2025-08-25,delivered,marketplace,transferencia
3251,2939.0,2023-08-09,delivered,app,transferencia
3252,427.0,2025-03-12,delivered,app,paypal
3253,122.0,2024-12-19,refunded,marketplace,paypal
3254,1047.0,2024-06-27,cancelled,web,tarjeta
3255,60.0,2024-03-09,delivered,web,transferencia
3256,2077.0,2023-07-28,delivered,app,tarjeta
3257,583.0,2025-09-30,delivered,marketplace,tarjeta
3258,2450.0,2024-10-24,created,web,transferencia
3259,881.0,2025-04-18,delivered,web,tarjeta
3260,2761.0,2024-11-09,delivered,web,paypal
3261,791.0,2024-12-31,delivered,web,contrareembolso
3262,552.0,2025-12-27,delivered,app,contrareembolso
3263,1456.0,2023-01-23,delivered,web,tarjeta
3264,2481.0,2025-08-29,delivered,web,contrareembolso
3265,1729.0,2025-09-23,shipped,app,transferencia
3266,304.0,2025-06-14,delivered,marketplace,transferencia
3267,1206.0,2025-03-18,delivered,app,transferencia
3268,1441.0,2024-06-21,delivered,marketplace,contrareembolso
3269,1965.0,2023-03-27,paid,web,paypal
3270,2836.0,2024-05-07,delivered,web,transferencia
3271,1954.0,2023-11-25,refunded,marketplace,transferencia
3272,132.0,2023-06-30,delivered,app,tarjeta
3273,355.0,2024-01-25,delivered,app,contrareembolso
3274,1333.0,2024-08-24,shipped,app,contrareembolso
3275,926.0,2025-02-04,delivered,app,tarjeta
3276,1267.0,2023-08-11,delivered,web,contrareembolso
3277,2401.0,2024-06-05,cancelled,marketplace,transferencia
3278,95.0,2024-11-20,shipped,web,transferencia
3279,1894.0,2025-03-26,delivered,web,transferencia
3280,246.0,2023-11-13,delivered,marketplace,transferencia
3281,2647.0,2024-05-30,delivered,marketplace,tarjeta
3282,1223.0,2024-01-28,delivered,app,contrareembolso
3283,1003.0,2025-10-04,delivered,app,contrareembolso
3284,731.0,2024-09-13,refunded,web,tarjeta
3285,560.0,2023-06-11,delivered,web,contrareembolso
3286,2161.0,2025-12-15,delivered,web,paypal
3287,2526.0,2023-06-13,shipped,app,paypal
3288,2044.0,2023-02-20,delivered,app,contrareembolso
3289,2961.0,2025-01-28,delivered,web,tarjeta
3290,1678.0,2023-01-19,delivered,marketplace,tarjeta
3291,404.0,2024-08-29,refunded,app,transferencia
3292,1755.0,2025-10-03,delivered,marketplace,contrareembolso
3293,1730.0,2023-04-20,delivered,marketplace,contrareembolso
3294,2474.0,2023-02-08,delivered,marketplace,paypal
3295,2128.0,2024-11-02,refunded,marketplace,contrareembolso
3296,2543.0,2024-02-01,delivered,app,paypal
3297,447.0,2025-10-19,paid,web,transferencia
3298,1354.0,2025-07-24,paid,marketplace,transferencia
3299,30.0,2025-11-09,cancelled,marketplace,paypal
3300,432.0,2024-11-25,delivered,marketplace,transferencia
3301,2195.0,2024-02-28,delivered,web,paypal
3302,2520.0,2025-06-17,delivered,marketplace,contrareembolso
3303,1262.0,2025-10-02,delivered,app,transferencia
3304,2649.0,2025-11-02,delivered,web,tarjeta
3305,1095.0,2023-08-06,delivered,web,transferencia
3306,1190.0,2025-09-22,delivered,web,transferencia
3307,256.0,2025-04-30,delivered,marketplace,transferencia
3308,1913.0,2024-10-08,delivered,web,transferencia
3309,695.0,2024-02-04,delivered,web,transferencia
3310,2934.0,2024-10-10,delivered,marketplace,transferencia
3311,2438.0,2025-07-24,delivered,app,tarjeta
3312,2617.0,2024-03-24,cancelled,web,tarjeta
3313,1130.0,2023-09-13,cancelled,web,paypal
3314,789.0,2025-03-31,delivered,app,paypal
3315,1043.0,2025-02-18,shipped,web,tarjeta
3316,940.0,2023-07-03,refunded,app,tarjeta
3317,2983.0,2025-09-20,cancelled,app,contrareembolso
3318,2467.0,2025-06-27,created,marketplace,paypal
3319,1707.0,2025-09-17,delivered,marketplace,tarjeta
3320,2828.0,2023-10-06,delivered,app,transferencia
3321,1044.0,2024-01-13,shipped,app,tarjeta
3322,1703.0,2023-04-27,refunded,marketplace,contrareembolso
3323,2548.0,2023-09-22,delivered,web,contrareembolso
3324,1737.0,2023-05-31,delivered,web,transferencia
3325,503.0,2025-05-17,delivered,web,tarjeta
3326,2465.0,2025-04-22,delivered,app,contrareembolso
3327,209.0,2023-12-24,delivered,web,transferencia
3328,2632.0,2023-03-27,delivered,app,tarjeta
3329,2612.0,2023-04-22,cancelled,marketplace,contrareembolso
3330,2890.0,2024-04-18,cancelled,web,paypal
3331,456.0,2024-10-03,delivered,web,transferencia
3332,1557.0,2025-02-28,refunded,app,transferencia
3333,440.0,2025-09-29,created,marketplace,paypal
3334,998.0,2024-04-22,delivered,app,paypal
3335,317.0,2025-02-25,paid,marketplace,paypal
3336,1553.0,2025-11-12,delivered,marketplace,contrareembolso
3337,2061.0,2024-08-06,delivered,app,tarjeta
3338,2601.0,2023-01-13,delivered,web,transferencia
3339,2803.0,2024-12-30,delivered,marketplace,paypal
3340,853.0,2024-05-29,paid,marketplace,transferencia
3341,367.0,2023-03-16,delivered,app,transferencia
3342,2079.0,2025-04-25,delivered,marketplace,transferencia
3343,2464.0,2023-12-17,delivered,marketplace,contrareembolso
3344,631.0,2025-06-27,delivered,marketplace,tarjeta
3345,279.0,2024-07-08,delivered,web,tarjeta
3346,1485.0,2025-01-24,delivered,app,tarjeta
3347,854.0,2023-01-23,delivered,web,tarjeta
3348,13.0,2025-06-01,delivered,web,paypal
3349,2292.0,2024-06-27,delivered,marketplace,transferencia
3350,1261.0,2025-10-20,shipped,web,tarjeta
3351,2912.0,2025-11-09,delivered,marketplace,paypal
3352,345.0,2024-11-15,delivered,app,contrareembolso
3353,2700.0,2025-09-19,refunded,marketplace,contrareembolso
3354,1952.0,2023-03-14,delivered,web,paypal
3355,2136.0,2024-11-05,paid,web,transferencia
3356,605.0,2025-07-18,delivered,web,transferencia
3357,39.0,2023-01-25,delivered,app,paypal
3358,547.0,2025-10-07,delivered,web,transferencia
3359,597.0,2023-11-05,delivered,marketplace,transferencia
3360,,2025-06-17,delivered,marketplace,tarjeta
3361,1133.0,2025-03-02,delivered,app,contrareembolso
3362,1281.0,2024-05-01,shipped,web,contrareembolso
3363,2560.0,2024-08-14,delivered,app,transferencia
3364,2303.0,2025-02-09,delivered,app,tarjeta
3365,1238.0,2025-05-22,paid,marketplace,tarjeta
3366,660.0,2023-02-01,refunded,app,paypal
3367,261.0,2023-06-08,delivered,marketplace,paypal
3368,571.0,2024-04-16,delivered,marketplace,contrareembolso
3369,1320.0,2025-08-23,delivered,web,tarjeta
3370,439.0,2023-03-25,delivered,app,transferencia
3371,2398.0,2025-01-09,cancelled,web,contrareembolso
3372,1304.0,2023-10-06,delivered,web,tarjeta
3373,1154.0,2023-11-12,delivered,marketplace,contrareembolso
3374,140.0,2023-05-17,shipped,web,paypal
3375,530.0,2023-03-09,shipped,web,transferencia
3376,2684.0,2023-10-07,delivered,marketplace,tarjeta
3377,2378.0,2025-04-11,shipped,web,paypal
3378,460.0,2025-11-09,delivered,marketplace,transferencia
3379,342.0,2023-06-12,delivered,app,paypal
3380,2063.0,2025-07-30,shipped,app,transferencia
3381,709.0,2024-12-09,delivered,marketplace,paypal
3382,2941.0,2025-08-15,delivered,web,paypal
3383,383.0,2023-12-21,created,marketplace,transferencia
3384,1952.0,2023-02-01,delivered,marketplace,contrareembolso
3385,690.0,2025-03-25,delivered,app,transferencia
3386,2951.0,2023-02-04,delivered,app,paypal
3387,771.0,2023-07-25,shipped,marketplace,tarjeta
3388,2542.0,2025-02-04,delivered,app,tarjeta
3389,1916.0,2024-02-01,delivered,web,paypal
3390,1403.0,2025-10-08,delivered,app,paypal
3391,2653.0,2024-03-05,refunded,web,transferencia
3392,116.0,2024-06-14,cancelled,app,tarjeta
3393,2016.0,2025-07-18,delivered,web,tarjeta
3394,1161.0,2024-04-17,delivered,app,contrareembolso
3395,1400.0,2024-12-14,refunded,marketplace,paypal
3396,2985.0,2023-03-28,delivered,web,paypal
3397,458.0,2025-10-30,delivered,app,tarjeta
3398,1641.0,2023-12-12,delivered,marketplace,tarjeta
3399,463.0,2024-03-18,delivered,marketplace,tarjeta
3400,699.0,2023-11-23,delivered,marketplace,tarjeta
3401,275.0,2025-05-29,cancelled,web,tarjeta
3402,2487.0,2024-01-03,shipped,marketplace,tarjeta
3403,469.0,2024-08-26,delivered,app,transferencia
3404,2178.0,2023-09-17,delivered,app,tarjeta
3405,858.0,2023-07-06,paid,app,contrareembolso
3406,1854.0,2023-09-13,delivered,app,tarjeta
3407,527.0,2023-02-23,paid,marketplace,transferencia
3408,1665.0,2024-08-29,delivered,web,tarjeta
3409,1511.0,2023-09-21,cancelled,web,tarjeta
3410,1712.0,2024-09-24,delivered,marketplace,paypal
3411,1303.0,2023-05-04,delivered,app,transferencia
3412,497.0,2024-01-05,delivered,app,paypal
3413,335.0,2025-05-20,cancelled,app,contrareembolso
3414,492.0,2023-11-07,delivered,marketplace,paypal
3415,2193.0,2025-10-16,cancelled,marketplace,contrareembolso
3416,2449.0,2024-12-31,refunded,web,transferencia
3417,2533.0,2023-05-31,delivered,app,tarjeta
3418,2320.0,2024-10-16,cancelled,app,paypal
3419,2878.0,2025-10-25,delivered,app,contrareembolso
3420,1983.0,2024-08-13,delivered,app,transferencia
3421,2313.0,2024-03-20,created,web,transferencia
3422,2841.0,2023-12-02,delivered,web,transferencia
3423,1632.0,2024-04-13,delivered,marketplace,tarjeta
3424,117.0,2023-06-26,shipped,app,paypal
3425,3010.0,2025-11-25,refunded,web,contrareembolso
3426,1425.0,2024-01-06,cancelled,marketplace,contrareembolso
3427,488.0,2024-06-30,delivered,marketplace,paypal
3428,2396.0,2024-10-03,paid,marketplace,paypal
3429,2640.0,2023-02-05,delivered,web,paypal
3430,2809.0,2025-11-08,delivered,marketplace,tarjeta
3431,2184.0,2024-05-27,created,app,paypal
3432,2215.0,2023-12-07,delivered,web,contrareembolso
3433,2182.0,2023-03-10,paid,app,tarjeta
3434,2726.0,2024-03-21,delivered,app,transferencia
3435,2797.0,2024-03-09,delivered,marketplace,transferencia
3436,1749.0,2024-03-24,delivered,marketplace,transferencia
3437,2566.0,2025-11-07,delivered,marketplace,tarjeta
3438,1259.0,2024-09-02,delivered,app,transferencia
3439,1216.0,2025-06-11,delivered,marketplace,tarjeta
3440,1478.0,2023-04-15,delivered,web,paypal
3441,1706.0,2024-01-28,paid,web,contrareembolso
3442,318.0,2023-09-03,delivered,web,paypal
3443,430.0,2024-09-04,delivered,app,transferencia
3444,2088.0,2025-03-14,paid,marketplace,paypal
3445,1947.0,2023-09-14,delivered,marketplace,tarjeta
3446,1973.0,2024-05-08,delivered,web,tarjeta
3447,569.0,2025-04-30,delivered,web,paypal
3448,2583.0,2025-05-14,delivered,marketplace,contrareembolso
3449,2831.0,2023-10-04,delivered,marketplace,tarjeta
3450,205.0,2025-08-09,delivered,web,paypal
3451,27.0,2024-12-18,delivered,marketplace,transferencia
3452,371.0,2023-07-10,delivered,marketplace,contrareembolso
3453,2369.0,2025-12-06,delivered,marketplace,transferencia
3454,855.0,2023-12-19,shipped,marketplace,paypal
3455,1753.0,2025-01-09,delivered,marketplace,transferencia
3456,1477.0,2023-09-19,shipped,app,contrareembolso
3457,383.0,2025-05-27,delivered,marketplace,tarjeta
3458,602.0,2024-12-14,delivered,marketplace,paypal
3459,1535.0,2024-01-29,delivered,web,contrareembolso
3460,944.0,2024-07-28,shipped,marketplace,transferencia
3461,2928.0,2025-01-24,delivered,marketplace,transferencia
3462,1540.0,2024-12-16,delivered,app,tarjeta
3463,1069.0,2025-03-20,delivered,web,contrareembolso
3464,3007.0,2023-09-24,delivered,web,contrareembolso
3465,1896.0,2025-08-28,delivered,marketplace,contrareembolso
3466,2400.0,2025-09-28,delivered,app,contrareembolso
3467,1868.0,2025-04-16,delivered,marketplace,paypal
3468,855.0,2024-09-04,delivered,marketplace,tarjeta
3469,1205.0,2024-12-27,delivered,app,transferencia
3470,567.0,2025-05-09,delivered,marketplace,tarjeta
3471,2590.0,2023-10-15,delivered,web,paypal
3472,1496.0,2025-02-26,cancelled,web,tarjeta
3473,2016.0,2025-01-21,delivered,app,paypal
3474,60.0,2023-07-13,paid,marketplace,paypal
3475,2140.0,2023-10-25,delivered,marketplace,transferencia
3476,1563.0,2024-08-12,shipped,marketplace,paypal
3477,2218.0,2024-09-03,delivered,app,paypal
3478,1006.0,2025-01-21,paid,marketplace,tarjeta
3479,165.0,2024-11-12,delivered,web,tarjeta
3480,807.0,2025-06-22,delivered,app,contrareembolso
3481,382.0,2024-08-26,created,marketplace,tarjeta
3482,2024.0,2023-11-07,delivered,web,tarjeta
3483,1805.0,2025-07-12,refunded,web,tarjeta
3484,2157.0,2023-12-14,delivered,app,transferencia
3485,768.0,2023-12-02,delivered,marketplace,paypal
3486,542.0,2024-02-07,delivered,marketplace,tarjeta
3487,49.0,2025-08-19,shipped,marketplace,transferencia
3488,416.0,2025-07-06,delivered,web,transferencia
3489,216.0,2025-11-28,shipped,marketplace,paypal
3490,750.0,2024-03-18,paid,app,tarjeta
3491,1808.0,2023-07-01,delivered,marketplace,transferencia
3492,2802.0,2023-04-19,delivered,web,transferencia
3493,,2024-02-23,delivered,web,contrareembolso
3494,1001.0,2023-08-01,shipped,marketplace,contrareembolso
3495,2351.0,2025-05-06,paid,web,transferencia
3496,845.0,2023-07-16,delivered,marketplace,contrareembolso
3497,814.0,2023-11-28,delivered,web,transferencia
3498,377.0,2023-01-23,delivered,app,tarjeta
3499,2953.0,2024-10-26,delivered,app,transferencia
3500,1917.0,2023-11-14,delivered,app,paypal
3501,976.0,2025-05-27,delivered,web,contrareembolso
3502,410.0,2023-10-04,delivered,marketplace,paypal
3503,297.0,2025-12-15,delivered,web,contrareembolso
3504,1500.0,2024-04-29,delivered,marketplace,paypal
3505,1169.0,2024-08-25,delivered,app,transferencia
3506,799.0,2024-12-19,delivered,app,transferencia
3507,1206.0,2023-11-13,delivered,marketplace,contrareembolso
3508,2352.0,2024-12-17,delivered,web,contrareembolso
3509,2682.0,2025-09-21,delivered,marketplace,tarjeta
3510,1954.0,2025-10-04,delivered,web,contrareembolso
3511,1438.0,2024-08-08,shipped,marketplace,paypal
3512,33.0,2024-09-20,delivered,app,transferencia
3513,888.0,2025-12-16,delivered,marketplace,transferencia
3514,1150.0,2025-09-04,delivered,marketplace,tarjeta
3515,1108.0,2023-07-21,delivered,app,contrareembolso
3516,121.0,2024-05-26,refunded,marketplace,tarjeta
3517,1919.0,2023-04-19,delivered,app,contrareembolso
3518,2578.0,2023-12-07,shipped,web,tarjeta
3519,1244.0,2024-12-22,cancelled,marketplace,tarjeta
3520,827.0,2023-03-01,shipped,marketplace,transferencia
3521,1399.0,2027-01-07,delivered,app,transferencia
3522,1148.0,2024-09-04,delivered,app,transferencia
3523,235.0,2024-01-18,delivered,marketplace,tarjeta
3524,153.0,2025-04-05,shipped,web,paypal
3525,2889.0,2023-11-02,delivered,web,contrareembolso
3526,1582.0,2023-10-22,delivered,marketplace,transferencia
3527,24.0,2024-05-17,delivered,app,tarjeta
3528,1614.0,2024-06-10,delivered,app,paypal
3529,145.0,2023-11-10,delivered,marketplace,transferencia
3530,214.0,2023-05-15,paid,marketplace,paypal
3531,2690.0,2024-09-25,delivered,web,paypal
3532,1343.0,2023-11-08,delivered,marketplace,transferencia
3533,1722.0,2024-08-09,delivered,marketplace,transferencia
3534,918.0,2023-12-05,delivered,app,transferencia
3535,,2025-08-28,cancelled,web,tarjeta
3536,442.0,2023-10-27,delivered,marketplace,transferencia
3537,2384.0,2025-07-21,delivered,marketplace,tarjeta
3538,1347.0,2023-11-26,delivered,app,transferencia
3539,2728.0,2023-09-27,shipped,marketplace,contrareembolso
3540,1242.0,2025-03-31,shipped,web,paypal
3541,1260.0,2024-02-19,shipped,web,contrareembolso
3542,2228.0,2025-02-05,paid,web,contrareembolso
3543,1176.0,2024-05-25,delivered,app,tarjeta
3544,1817.0,2024-07-30,delivered,marketplace,contrareembolso
3545,128.0,2023-10-14,created,web,transferencia
3546,2476.0,2025-11-23,cancelled,marketplace,contrareembolso
3547,2029.0,2023-12-22,delivered,web,tarjeta
3548,389.0,2023-05-08,delivered,web,paypal
3549,1546.0,2025-03-08,delivered,marketplace,transferencia
3550,2700.0,2025-02-01,delivered,marketplace,contrareembolso
3551,405.0,2024-03-18,cancelled,marketplace,contrareembolso
3552,2422.0,2025-09-10,refunded,web,transferencia
3553,2040.0,2023-06-18,delivered,app,paypal
3554,2573.0,2024-07-12,delivered,app,contrareembolso
3555,443.0,2024-10-17,created,marketplace,tarjeta
3556,1751.0,2023-06-09,delivered,web,tarjeta
3557,18.0,2024-07-05,delivered,marketplace,contrareembolso
3558,358.0,2023-06-15,paid,marketplace,paypal
3559,52.0,2023-12-24,refunded,web,contrareembolso
3560,1569.0,2024-06-10,cancelled,marketplace,paypal
3561,592.0,2025-10-27,delivered,marketplace,transferencia
3562,1220.0,2024-07-28,delivered,app,tarjeta
3563,2065.0,2024-06-17,delivered,web,tarjeta
3564,1931.0,2025-10-24,delivered,web,transferencia
3565,2660.0,2023-04-07,cancelled,web,transferencia
3566,1209.0,2024-05-26,delivered,marketplace,contrareembolso
3567,303.0,2025-08-10,delivered,marketplace,transferencia
3568,1009.0,2025-05-25,created,web,tarjeta
3569,2648.0,2024-02-13,shipped,marketplace,contrareembolso
3570,2261.0,2023-02-17,delivered,app,contrareembolso
3571,1398.0,2024-04-08,delivered,app,paypal
3572,327.0,2025-03-31,cancelled,app,contrareembolso
3573,2582.0,2023-02-08,delivered,marketplace,paypal
3574,1837.0,2023-07-14,delivered,app,tarjeta
3575,2534.0,2025-02-04,refunded,web,paypal
3576,180.0,2023-03-21,shipped,web,contrareembolso
3577,1897.0,2023-03-02,delivered,app,contrareembolso
3578,3007.0,2023-03-04,paid,marketplace,contrareembolso
3579,2021.0,2025-01-22,delivered,web,tarjeta
3580,2860.0,2024-09-23,delivered,marketplace,contrareembolso
3581,90.0,2024-09-01,delivered,marketplace,contrareembolso
3582,2096.0,2025-10-03,delivered,web,tarjeta
3583,1929.0,2024-02-13,delivered,app,contrareembolso
3584,1436.0,2024-04-03,delivered,web,tarjeta
3585,2195.0,2023-01-02,delivered,web,paypal
3586,868.0,2024-08-10,delivered,app,tarjeta
3587,413.0,2024-10-30,shipped,app,paypal
3588,2003.0,2024-04-27,shipped,web,contrareembolso
3589,2029.0,2024-07-16,delivered,marketplace,paypal
3590,794.0,2023-01-19,delivered,marketplace,transferencia
3591,1865.0,2023-09-24,delivered,app,paypal
3592,945.0,2025-08-23,delivered,marketplace,paypal
3593,688.0,2025-10-01,delivered,web,tarjeta
3594,245.0,2023-07-08,delivered,web,paypal
3595,709.0,2025-05-26,delivered,web,transferencia
3596,897.0,2024-05-25,refunded,app,contrareembolso
3597,2900.0,2024-06-20,delivered,marketplace,paypal
3598,1138.0,2025-09-01,delivered,web,contrareembolso
3599,442.0,2024-12-05,delivered,marketplace,transferencia
3600,2106.0,2025-11-11,shipped,app,tarjeta
3601,1374.0,2025-04-28,created,app,paypal
3602,2714.0,2025-08-24,refunded,marketplace,contrareembolso
3603,870.0,2025-06-01,shipped,app,transferencia
3604,758.0,2023-06-19,delivered,web,contrareembolso
3605,547.0,2025-01-04,cancelled,web,tarjeta
3606,1008.0,2023-10-07,delivered,marketplace,contrareembolso
3607,822.0,2023-11-23,delivered,marketplace,contrareembolso
3608,2910.0,2023-07-14,delivered,web,paypal
3609,2133.0,2023-04-21,cancelled,web,transferencia
3610,624.0,,shipped,marketplace,contrareembolso
3611,2452.0,2024-10-10,delivered,marketplace,paypal
3612,619.0,2024-04-26,delivered,web,contrareembolso
3613,602.0,2023-06-21,delivered,marketplace,paypal
3614,2141.0,2023-12-03,shipped,marketplace,transferencia
3615,504.0,2024-08-16,delivered,marketplace,paypal
3616,36.0,2025-01-11,delivered,web,transferencia
3617,2614.0,2023-02-04,delivered,marketplace,tarjeta
3618,2072.0,2025-05-22,delivered,marketplace,tarjeta
3619,924.0,2023-11-10,refunded,app,contrareembolso
3620,1179.0,2023-11-12,delivered,app,transferencia
3621,2417.0,2024-03-26,delivered,web,paypal
3622,1209.0,2024-05-01,delivered,marketplace,tarjeta
3623,106.0,2025-03-07,delivered,marketplace,paypal
3624,186.0,2023-05-28,delivered,web,transferencia
3625,2261.0,2024-08-08,delivered,app,tarjeta
3626,1647.0,2023-08-09,delivered,app,transferencia
3627,2251.0,2025-02-27,delivered,marketplace,tarjeta
3628,1746.0,2024-07-29,delivered,marketplace,paypal
3629,2509.0,2024-02-18,delivered,marketplace,tarjeta
3630,1461.0,2023-04-13,cancelled,web,tarjeta
3631,2666.0,2025-06-17,paid,marketplace,transferencia
3632,2768.0,2023-01-27,delivered,web,transferencia
3633,593.0,2025-08-24,shipped,web,transferencia
3634,1264.0,2024-06-06,cancelled,web,paypal
3635,2764.0,2025-11-04,shipped,app,transferencia
3636,2049.0,2025-12-16,refunded,web,transferencia
3637,2328.0,2025-12-25,delivered,web,transferencia
3638,1980.0,2025-08-11,delivered,app,paypal
3639,1092.0,2025-03-13,delivered,app,contrareembolso
3640,1321.0,2025-07-17,delivered,marketplace,paypal
3641,2066.0,2023-07-02,delivered,app,contrareembolso
3642,439.0,2025-03-12,delivered,web,tarjeta
3643,2206.0,2023-01-30,delivered,app,transferencia
3644,1101.0,2023-05-27,shipped,app,tarjeta
3645,2509.0,2025-05-25,delivered,app,tarjeta
3646,402.0,2025-08-04,delivered,web,tarjeta
3647,2441.0,2024-02-06,delivered,marketplace,paypal
3648,1127.0,2024-06-26,delivered,web,tarjeta
3649,2573.0,2023-04-26,delivered,app,transferencia
3650,,2023-11-17,delivered,app,transferencia
3651,2021.0,2024-01-12,refunded,app,contrareembolso
3652,180.0,2025-11-15,shipped,app,paypal
3653,2191.0,2025-12-05,cancelled,marketplace,paypal
3654,2114.0,2024-10-29,cancelled,marketplace,tarjeta
3655,2210.0,2023-01-31,paid,web,paypal
3656,89.0,2023-07-15,delivered,marketplace,paypal
3657,2154.0,2023-06-24,delivered,app,paypal
3658,1048.0,2024-12-24,delivered,marketplace,contrareembolso
3659,47.0,2025-10-31,shipped,app,contrareembolso
3660,364.0,2024-09-04,shipped,marketplace,tarjeta
3661,71.0,2025-05-28,delivered,marketplace,transferencia
3662,991.0,2025-08-03,delivered,web,tarjeta
3663,1686.0,2024-10-29,delivered,marketplace,contrareembolso
3664,1335.0,2023-04-18,shipped,app,contrareembolso
3665,2203.0,2023-08-17,delivered,app,transferencia
3666,1766.0,2024-02-27,refunded,marketplace,paypal
3667,369.0,2023-07-02,delivered,marketplace,contrareembolso
3668,719.0,2024-12-11,delivered,web,contrareembolso
3669,2643.0,2024-11-12,paid,web,tarjeta
3670,1175.0,2024-01-21,delivered,web,contrareembolso
3671,2311.0,2024-02-05,delivered,marketplace,paypal
3672,60.0,2024-10-25,delivered,marketplace,transferencia
3673,1890.0,2024-08-10,shipped,marketplace,paypal
3674,2537.0,2025-01-16,delivered,web,tarjeta
3675,1929.0,2025-02-01,delivered,app,contrareembolso
3676,1969.0,2024-07-09,delivered,web,contrareembolso
3677,1974.0,2025-12-21,cancelled,marketplace,tarjeta
3678,232.0,2023-08-30,delivered,web,transferencia
3679,1975.0,2024-08-31,delivered,marketplace,paypal
3680,712.0,2024-01-19,delivered,marketplace,transferencia
3681,1266.0,2024-09-23,delivered,web,transferencia
3682,1625.0,2025-11-15,delivered,marketplace,paypal
3683,326.0,2025-11-21,delivered,marketplace,contrareembolso
3684,1051.0,2023-04-28,delivered,marketplace,contrareembolso
3685,247.0,2024-04-23,shipped,web,contrareembolso
3686,2963.0,2025-07-10,cancelled,marketplace,transferencia
3687,622.0,2026-10-17,refunded,web,tarjeta
3688,2845.0,2023-06-09,refunded,web,tarjeta
3689,2531.0,2025-03-24,delivered,app,transferencia
3690,1390.0,2024-06-27,delivered,web,paypal
3691,196.0,2025-10-23,delivered,marketplace,contrareembolso
3692,635.0,2024-06-30,delivered,app,paypal
3693,1498.0,2024-07-26,delivered,app,paypal
3694,961.0,2023-11-26,delivered,app,contrareembolso
3695,374.0,2024-09-06,delivered,marketplace,contrareembolso
3696,1694.0,2024-12-07,refunded,app,contrareembolso
3697,1884.0,2024-02-26,delivered,marketplace,tarjeta
3698,2710.0,2025-11-03,paid,web,paypal
3699,2884.0,2023-03-03,delivered,app,paypal
3700,2685.0,2023-05-15,delivered,marketplace,contrareembolso
3701,2688.0,2025-11-10,cancelled,marketplace,transferencia
3702,1086.0,2023-08-31,delivered,app,paypal
3703,1796.0,2024-05-18,delivered,web,transferencia
3704,1555.0,2024-09-06,delivered,app,contrareembolso
3705,2027.0,2025-11-17,delivered,web,tarjeta
3706,53.0,2024-11-29,delivered,marketplace,tarjeta
3707,238.0,2024-02-19,delivered,app,contrareembolso
3708,2547.0,2025-01-27,cancelled,app,paypal
3709,1463.0,2024-05-26,delivered,app,transferencia
3710,2475.0,2023-10-18,refunded,app,contrareembolso
3711,2688.0,2025-06-03,created,marketplace,transferencia
3712,1039.0,2024-01-23,delivered,marketplace,contrareembolso
3713,1591.0,2024-05-26,delivered,web,contrareembolso
3714,1645.0,2026-09-04,delivered,web,tarjeta
3715,2942.0,2023-11-03,cancelled,web,paypal
3716,1810.0,2025-12-07,delivered,app,transferencia
3717,1622.0,2024-08-04,paid,marketplace,tarjeta
3718,2787.0,2024-02-17,cancelled,marketplace,tarjeta
3719,1923.0,2025-12-14,refunded,marketplace,contrareembolso
3720,2706.0,2023-10-05,shipped,app,contrareembolso
3721,2432.0,2023-08-25,shipped,marketplace,contrareembolso
3722,1798.0,2023-06-27,delivered,marketplace,tarjeta
3723,928.0,2025-05-24,delivered,web,paypal
3724,2265.0,2025-09-15,delivered,web,paypal
3725,1698.0,2023-05-05,delivered,marketplace,tarjeta
3726,565.0,2023-06-27,delivered,web,tarjeta
3727,1854.0,2024-10-23,delivered,app,contrareembolso
3728,261.0,2024-07-13,delivered,marketplace,tarjeta
3729,739.0,2024-01-23,cancelled,marketplace,tarjeta
3730,1753.0,2023-09-23,delivered,web,paypal
3731,630.0,2023-04-04,delivered,app,paypal
3732,1090.0,2023-07-23,delivered,marketplace,tarjeta
3733,282.0,2024-06-05,delivered,app,transferencia
3734,1760.0,2025-03-24,delivered,web,transferencia
3735,1335.0,2025-10-12,delivered,marketplace,contrareembolso
3736,2714.0,2023-11-15,paid,marketplace,contrareembolso
3737,1374.0,2023-05-10,delivered,web,transferencia
3738,2570.0,2025-08-18,shipped,web,transferencia
3739,2485.0,2023-09-09,delivered,app,transferencia
3740,1743.0,2025-03-13,refunded,marketplace,contrareembolso
3741,1438.0,2023-05-10,delivered,web,transferencia
3742,84.0,2025-04-09,delivered,web,contrareembolso
3743,196.0,2025-03-04,delivered,web,paypal
3744,2817.0,2025-04-15,shipped,web,transferencia
3745,2703.0,2025-01-06,delivered,web,contrareembolso
3746,921.0,2025-01-15,delivered,app,paypal
3747,215.0,2025-06-05,delivered,web,contrareembolso
3748,894.0,2024-10-12,delivered,web,tarjeta
3749,1227.0,2023-09-09,shipped,app,paypal
3750,1383.0,2023-11-22,delivered,marketplace,transferencia
3751,1678.0,2023-03-05,delivered,marketplace,contrareembolso
3752,1313.0,2025-10-01,delivered,web,transferencia
3753,1167.0,2025-12-19,delivered,web,contrareembolso
3754,341.0,2024-04-08,created,app,tarjeta
3755,1616.0,2023-02-10,delivered,app,tarjeta
3756,160.0,2025-05-07,delivered,web,tarjeta
3757,2489.0,2025-04-19,delivered,web,transferencia
3758,666.0,2025-05-06,refunded,marketplace,contrareembolso
3759,2570.0,2024-02-29,delivered,web,contrareembolso
3760,1744.0,2023-04-06,delivered,app,transferencia
3761,2348.0,2024-10-13,delivered,web,contrareembolso
3762,986.0,2024-05-06,cancelled,app,contrareembolso
3763,368.0,2025-08-03,delivered,web,paypal
3764,2701.0,2024-08-21,delivered,web,paypal
3765,1049.0,2024-03-16,delivered,marketplace,tarjeta
3766,2592.0,2023-04-16,paid,app,tarjeta
3767,2192.0,2025-11-12,delivered,app,contrareembolso
3768,1226.0,2023-05-26,delivered,web,transferencia
3769,1186.0,2025-12-18,refunded,web,contrareembolso
3770,145.0,2025-07-07,cancelled,app,contrareembolso
3771,2255.0,2023-03-24,delivered,web,tarjeta
3772,1597.0,2023-06-07,delivered,web,paypal
3773,542.0,2024-03-10,cancelled,web,paypal
3774,739.0,2025-01-29,delivered,web,transferencia
3775,1822.0,2025-02-28,delivered,web,contrareembolso
3776,291.0,2024-11-14,delivered,app,contrareembolso
3777,1471.0,2024-12-06,cancelled,app,transferencia
3778,1872.0,2024-10-16,paid,web,transferencia
3779,1109.0,2025-10-15,delivered,web,contrareembolso
3780,524.0,2023-12-13,delivered,marketplace,paypal
3781,1367.0,2023-05-03,delivered,web,transferencia
3782,2815.0,2025-01-01,paid,marketplace,transferencia
3783,805.0,2025-02-14,delivered,web,contrareembolso
3784,2050.0,2024-09-02,delivered,marketplace,tarjeta
3785,1823.0,2025-06-05,delivered,marketplace,contrareembolso
3786,1161.0,2023-06-20,delivered,web,paypal
3787,484.0,2024-11-30,delivered,app,transferencia
3788,418.0,2024-03-02,cancelled,marketplace,paypal
3789,2610.0,2025-07-26,delivered,app,contrareembolso
3790,336.0,2023-02-05,shipped,app,paypal
3791,2244.0,2025-10-14,shipped,web,transferencia
3792,2974.0,2024-07-16,delivered,marketplace,transferencia
3793,1983.0,2023-11-12,cancelled,marketplace,contrareembolso
3794,1139.0,2025-02-19,shipped,marketplace,contrareembolso
3795,915.0,2024-03-24,shipped,app,contrareembolso
3796,2495.0,2023-07-30,delivered,web,transferencia
3797,2390.0,2024-01-20,shipped,app,paypal
3798,1837.0,2024-03-27,delivered,marketplace,contrareembolso
3799,714.0,2023-12-31,delivered,marketplace,contrareembolso
3800,2508.0,2025-01-27,delivered,app,contrareembolso
3801,2312.0,2023-10-16,delivered,web,contrareembolso
3802,2255.0,2023-12-18,delivered,web,transferencia
3803,1880.0,2025-09-13,created,app,transferencia
3804,1303.0,2025-02-15,delivered,web,transferencia
3805,2153.0,2024-06-01,delivered,app,paypal
3806,616.0,2023-06-27,delivered,web,transferencia
3807,2949.0,2023-08-06,delivered,web,paypal
3808,601.0,2024-06-05,paid,marketplace,contrareembolso
3809,214.0,2025-12-21,delivered,app,contrareembolso
3810,978.0,2023-03-18,delivered,marketplace,contrareembolso
3811,,2025-10-14,delivered,web,contrareembolso
3812,2703.0,2025-12-22,created,marketplace,paypal
3813,1819.0,2023-12-16,delivered,marketplace,tarjeta
3814,819.0,2023-05-11,delivered,web,transferencia
3815,2418.0,2024-11-09,delivered,web,tarjeta
3816,678.0,2025-09-23,cancelled,marketplace,paypal
3817,1619.0,2023-11-09,delivered,web,contrareembolso
3818,240.0,2024-03-26,delivered,marketplace,transferencia
3819,2284.0,2024-05-21,delivered,web,paypal
3820,817.0,2025-07-16,delivered,app,paypal
3821,575.0,2023-10-02,delivered,web,paypal
3822,1917.0,2024-05-06,delivered,app,tarjeta
3823,2559.0,2023-11-03,paid,marketplace,tarjeta
3824,2644.0,2025-01-22,cancelled,app,contrareembolso
3825,1979.0,2023-12-28,delivered,app,tarjeta
3826,647.0,2024-08-13,cancelled,web,paypal
3827,2620.0,2024-09-07,delivered,web,transferencia
3828,2021.0,2023-12-21,delivered,web,tarjeta
3829,1111.0,2023-01-10,shipped,web,contrareembolso
3830,1645.0,2023-10-10,cancelled,web,contrareembolso
3831,652.0,2024-05-07,delivered,web,tarjeta
3832,2736.0,2023-10-05,delivered,app,paypal
3833,2322.0,2023-08-28,delivered,marketplace,contrareembolso
3834,529.0,2024-04-24,delivered,app,transferencia
3835,2553.0,2025-01-05,paid,app,tarjeta
3836,1965.0,2025-03-31,delivered,app,contrareembolso
3837,1108.0,2023-05-25,delivered,web,transferencia
3838,2140.0,2023-07-04,delivered,web,paypal
3839,329.0,2025-03-07,delivered,app,tarjeta
3840,349.0,2025-10-24,delivered,app,tarjeta
3841,1363.0,2023-02-17,delivered,web,tarjeta
3842,1656.0,2025-03-01,delivered,marketplace,transferencia
3843,211.0,2024-07-01,delivered,app,transferencia
3844,2523.0,2023-11-26,delivered,marketplace,tarjeta
3845,2493.0,2023-11-15,delivered,marketplace,contrareembolso
3846,,2025-10-30,shipped,app,paypal
3847,1514.0,2025-12-30,delivered,app,contrareembolso
3848,2168.0,2023-12-31,delivered,marketplace,tarjeta
3849,2763.0,2024-12-26,delivered,marketplace,tarjeta
3850,190.0,2023-12-15,cancelled,app,transferencia
3851,43.0,2025-06-23,delivered,app,contrareembolso
3852,2689.0,2025-02-16,paid,web,transferencia
3853,928.0,2025-11-03,delivered,app,contrareembolso
3854,1495.0,2024-08-30,delivered,marketplace,tarjeta
3855,1619.0,2025-02-03,delivered,web,transferencia
3856,226.0,2025-05-12,delivered,marketplace,tarjeta
3857,951.0,2024-06-08,delivered,web,contrareembolso
3858,453.0,2025-07-07,paid,app,paypal
3859,199.0,2024-05-01,delivered,marketplace,contrareembolso
3860,1548.0,2024-03-24,shipped,marketplace,contrareembolso
3861,1804.0,2023-12-15,delivered,web,contrareembolso
3862,989.0,2025-12-06,refunded,web,transferencia
3863,181.0,2024-12-07,refunded,marketplace,transferencia
3864,2734.0,2025-09-21,cancelled,app,paypal
3865,2928.0,2023-03-11,cancelled,web,paypal
3866,1599.0,2025-06-08,delivered,marketplace,tarjeta
3867,63.0,2024-10-30,delivered,marketplace,transferencia
3868,2308.0,2023-07-27,delivered,web,transferencia
3869,1721.0,2023-03-19,delivered,web,paypal
3870,2107.0,2025-09-22,delivered,app,transferencia
3871,1395.0,2024-08-18,delivered,web,tarjeta
3872,970.0,2023-02-26,delivered,marketplace,transferencia
3873,1362.0,2024-06-01,shipped,web,paypal
3874,536.0,2024-07-11,delivered,app,paypal
3875,2292.0,2025-07-15,paid,marketplace,paypal
3876,2060.0,2023-11-17,delivered,marketplace,transferencia
3877,2335.0,2023-06-21,created,web,transferencia
3878,2357.0,2025-11-14,delivered,app,tarjeta
3879,2423.0,2025-08-20,delivered,marketplace,contrareembolso
3880,1003.0,2025-06-16,delivered,app,tarjeta
3881,994.0,2025-09-03,shipped,web,paypal
3882,164.0,2025-02-17,delivered,marketplace,contrareembolso
3883,2874.0,2023-08-10,delivered,web,contrareembolso
3884,1841.0,2023-04-15,delivered,web,paypal
3885,1900.0,2023-03-13,delivered,app,transferencia
3886,457.0,2024-03-27,refunded,web,transferencia
3887,2665.0,2024-03-13,delivered,app,transferencia
3888,2168.0,2024-03-29,cancelled,app,tarjeta
3889,2584.0,2024-07-14,delivered,app,tarjeta
3890,2522.0,2023-01-16,shipped,marketplace,tarjeta
3891,1375.0,2024-04-13,shipped,web,contrareembolso
3892,2023.0,2023-03-29,delivered,web,transferencia
3893,428.0,2023-11-13,delivered,web,tarjeta
3894,1458.0,2023-06-12,delivered,app,transferencia
3895,139.0,2023-08-04,shipped,marketplace,tarjeta
3896,2792.0,2025-04-14,delivered,marketplace,transferencia
3897,2233.0,2023-09-04,shipped,app,paypal
3898,2281.0,2023-08-08,delivered,web,contrareembolso
3899,565.0,2023-12-03,delivered,marketplace,paypal
3900,378.0,2024-06-13,delivered,marketplace,transferencia
3901,2662.0,2024-05-26,delivered,marketplace,tarjeta
3902,195.0,2024-11-27,delivered,marketplace,transferencia
3903,2543.0,2023-04-04,paid,app,contrareembolso
3904,901.0,2023-07-09,cancelled,marketplace,transferencia
3905,1292.0,2023-10-13,delivered,web,tarjeta
3906,1416.0,2025-03-24,shipped,web,tarjeta
3907,2665.0,2025-07-02,delivered,marketplace,contrareembolso
3908,2670.0,2023-02-24,delivered,marketplace,paypal
3909,779.0,2023-04-02,delivered,app,contrareembolso
3910,1295.0,2023-09-29,delivered,web,transferencia
3911,1837.0,2025-09-18,delivered,app,contrareembolso
3912,,2023-04-26,delivered,marketplace,paypal
3913,235.0,2025-02-04,delivered,app,tarjeta
3914,454.0,2025-06-30,shipped,web,paypal
3915,2057.0,2023-07-10,paid,marketplace,contrareembolso
3916,396.0,2024-12-16,delivered,app,tarjeta
3917,2744.0,2024-03-18,delivered,marketplace,transferencia
3918,373.0,2023-07-03,delivered,marketplace,paypal
3919,1959.0,2023-10-30,shipped,web,transferencia
3920,2101.0,2025-12-31,shipped,marketplace,contrareembolso
3921,343.0,2025-09-03,delivered,marketplace,contrareembolso
3922,2721.0,2025-05-18,shipped,app,contrareembolso
3923,366.0,2025-11-24,delivered,marketplace,paypal
3924,67.0,2025-01-25,delivered,marketplace,paypal
3925,1273.0,2025-09-15,delivered,app,tarjeta
3926,844.0,2023-12-01,delivered,marketplace,contrareembolso
3927,2705.0,2024-10-15,paid,marketplace,tarjeta
3928,450.0,2025-07-15,delivered,marketplace,tarjeta
3929,569.0,2025-07-02,delivered,marketplace,transferencia
3930,662.0,2025-04-10,delivered,app,contrareembolso
3931,2093.0,2024-04-10,delivered,app,contrareembolso
3932,2321.0,2023-06-15,paid,app,contrareembolso
3933,864.0,2023-12-13,delivered,web,tarjeta
3934,1278.0,2024-05-08,paid,web,tarjeta
3935,404.0,2025-10-11,refunded,app,contrareembolso
3936,2410.0,2023-03-30,refunded,app,tarjeta
3937,327.0,2025-11-07,delivered,marketplace,tarjeta
3938,15.0,2023-08-27,shipped,marketplace,contrareembolso
3939,1938.0,2025-11-04,delivered,app,paypal
3940,40.0,2024-09-26,delivered,web,paypal
3941,591.0,2023-12-05,shipped,app,paypal
3942,1960.0,2023-03-18,delivered,web,transferencia
3943,2126.0,2024-08-02,created,web,contrareembolso
3944,1428.0,2023-12-09,delivered,marketplace,contrareembolso
3945,2876.0,2025-05-21,shipped,app,transferencia
3946,1384.0,2025-01-18,delivered,web,contrareembolso
3947,2640.0,2025-07-15,delivered,marketplace,tarjeta
3948,2763.0,2025-03-14,delivered,marketplace,tarjeta
3949,405.0,2024-11-19,delivered,web,contrareembolso
3950,227.0,2023-07-12,delivered,web,tarjeta
3951,2346.0,2024-04-20,delivered,web,tarjeta
3952,1162.0,2024-03-26,shipped,marketplace,transferencia
3953,2958.0,2025-03-24,delivered,web,tarjeta
3954,1082.0,2023-11-26,paid,web,paypal
3955,2222.0,2025-08-19,delivered,marketplace,paypal
3956,370.0,2023-09-13,delivered,app,contrareembolso
3957,2159.0,2023-04-01,delivered,web,tarjeta
3958,2371.0,2025-07-30,delivered,marketplace,transferencia
3959,264.0,2024-04-25,delivered,marketplace,contrareembolso
3960,2507.0,2025-11-18,shipped,marketplace,contrareembolso
3961,2172.0,2025-11-30,cancelled,marketplace,contrareembolso
3962,422.0,2023-12-30,delivered,web,transferencia
3963,506.0,2024-10-16,delivered,app,transferencia
3964,1439.0,2023-05-25,cancelled,web,paypal
3965,1718.0,2024-06-09,delivered,web,tarjeta
3966,987.0,2023-10-23,delivered,web,paypal
3967,2398.0,2025-07-03,shipped,marketplace,tarjeta
3968,2176.0,2025-08-27,shipped,app,transferencia
3969,176.0,2023-02-23,delivered,web,transferencia
3970,2258.0,2023-08-31,paid,web,tarjeta
3971,1592.0,2024-06-09,shipped,marketplace,tarjeta
3972,1789.0,2025-11-27,delivered,web,transferencia
3973,1897.0,2023-09-28,paid,marketplace,paypal
3974,1948.0,2023-06-05,delivered,marketplace,paypal
3975,2048.0,2024-06-25,delivered,web,contrareembolso
3976,2980.0,2023-10-30,delivered,web,transferencia
3977,2691.0,2024-08-05,delivered,app,transferencia
3978,1206.0,2024-03-30,delivered,web,tarjeta
3979,434.0,2024-03-22,created,web,paypal
3980,1433.0,2025-06-28,delivered,marketplace,contrareembolso
3981,654.0,2023-05-22,delivered,web,tarjeta
3982,1360.0,2025-05-08,delivered,web,transferencia
3983,1663.0,2026-07-08,delivered,web,tarjeta
3984,2326.0,2024-08-21,delivered,web,tarjeta
3985,1018.0,2024-06-29,delivered,app,transferencia
3986,2372.0,2025-05-12,delivered,web,paypal
3987,1208.0,2024-04-08,shipped,marketplace,paypal
3988,1505.0,2023-11-08,delivered,web,paypal
3989,2566.0,2025-02-02,refunded,marketplace,transferencia
3990,418.0,2025-03-01,delivered,marketplace,contrareembolso
3991,175.0,2023-01-25,delivered,app,transferencia
3992,2561.0,2023-04-24,delivered,web,transferencia
3993,847.0,2023-01-21,delivered,marketplace,transferencia
3994,2010.0,2024-01-21,delivered,app,contrareembolso
3995,2566.0,2024-12-27,delivered,web,tarjeta
3996,1494.0,2024-06-11,delivered,marketplace,transferencia
3997,737.0,2025-04-28,created,marketplace,paypal
3998,2243.0,2025-03-26,delivered,app,contrareembolso
3999,670.0,2023-07-14,delivered,app,transferencia
4000,2410.0,2025-05-08,delivered,marketplace,contrareembolso
4001,1973.0,2023-04-02,shipped,web,transferencia
4002,948.0,2024-06-09,delivered,marketplace,paypal
4003,727.0,2024-12-07,delivered,marketplace,transferencia
4004,1034.0,2023-05-24,delivered,marketplace,transferencia
4005,148.0,2025-01-11,delivered,app,transferencia
4006,2739.0,2024-07-12,delivered,marketplace,transferencia
4007,1377.0,2023-05-15,delivered,web,tarjeta
4008,2623.0,2023-10-18,paid,marketplace,paypal
4009,1589.0,2025-07-01,delivered,marketplace,tarjeta
4010,1945.0,2023-05-25,delivered,web,paypal
4011,2433.0,2025-11-28,delivered,web,transferencia
4012,88.0,2023-09-05,delivered,web,transferencia
4013,1246.0,2025-12-18,shipped,app,paypal
4014,2428.0,2023-01-30,delivered,marketplace,tarjeta
4015,1304.0,2023-01-13,delivered,marketplace,paypal
4016,2027.0,2023-08-31,delivered,app,tarjeta
4017,2626.0,2023-07-15,refunded,marketplace,tarjeta
4018,2813.0,2025-10-17,delivered,marketplace,tarjeta
4019,1766.0,2024-03-18,delivered,app,paypal
4020,831.0,2025-09-29,delivered,web,paypal
4021,2623.0,2025-08-06,delivered,app,tarjeta
4022,1726.0,2025-08-04,delivered,app,tarjeta
4023,2547.0,2025-01-31,delivered,app,contrareembolso
4024,1275.0,2023-10-30,delivered,marketplace,tarjeta
4025,851.0,2024-07-12,delivered,marketplace,contrareembolso
4026,2704.0,2023-07-05,created,web,transferencia
4027,150.0,2025-11-02,delivered,web,paypal
4028,2860.0,2025-09-06,delivered,marketplace,contrareembolso
4029,2565.0,2025-08-11,cancelled,web,contrareembolso
4030,2062.0,2024-11-24,delivered,marketplace,contrareembolso
4031,1488.0,2025-09-23,delivered,web,tarjeta
4032,1994.0,2024-12-01,delivered,marketplace,tarjeta
4033,362.0,2023-08-16,shipped,marketplace,paypal
4034,1068.0,2024-03-21,created,marketplace,transferencia
4035,2146.0,2023-08-20,cancelled,web,transferencia
4036,2923.0,2023-01-03,cancelled,web,tarjeta
4037,597.0,2024-06-09,delivered,app,transferencia
4038,11.0,2025-05-03,delivered,marketplace,contrareembolso
4039,2510.0,2024-05-19,delivered,web,tarjeta
4040,955.0,2024-07-17,delivered,marketplace,tarjeta
4041,1782.0,2024-05-31,delivered,app,transferencia
4042,2155.0,2024-07-16,delivered,app,paypal
4043,1901.0,2023-02-22,shipped,app,transferencia
4044,716.0,2025-01-13,delivered,web,paypal
4045,2327.0,2025-12-14,delivered,marketplace,tarjeta
4046,1545.0,2025-09-11,delivered,web,tarjeta
4047,1910.0,2024-07-15,delivered,marketplace,transferencia
4048,870.0,2025-11-05,delivered,app,contrareembolso
4049,2176.0,2023-12-10,delivered,web,contrareembolso
4050,240.0,2024-08-06,shipped,marketplace,contrareembolso
4051,1400.0,2025-07-25,paid,web,contrareembolso
4052,1097.0,2024-02-21,cancelled,app,paypal
4053,2297.0,2025-03-16,delivered,app,paypal
4054,2258.0,2024-03-21,delivered,app,transferencia
4055,2456.0,2023-02-24,delivered,marketplace,tarjeta
4056,1362.0,2023-07-31,delivered,marketplace,paypal
4057,492.0,2025-10-31,delivered,web,tarjeta
4058,1325.0,2023-04-18,delivered,marketplace,transferencia
4059,2114.0,2025-02-01,delivered,web,tarjeta
4060,2088.0,2024-12-29,delivered,app,transferencia
4061,1078.0,2025-03-19,delivered,app,tarjeta
4062,170.0,2025-12-30,delivered,web,transferencia
4063,2259.0,2024-08-29,paid,app,transferencia
4064,2747.0,2025-05-02,delivered,app,tarjeta
4065,97.0,2025-01-23,delivered,web,transferencia
4066,2033.0,2023-02-22,delivered,app,tarjeta
4067,547.0,2023-01-31,delivered,web,transferencia
4068,836.0,2024-12-15,refunded,marketplace,contrareembolso
4069,2027.0,2024-03-02,delivered,web,paypal
4070,2510.0,2024-03-24,delivered,web,transferencia
4071,22.0,2025-02-04,delivered,marketplace,tarjeta
4072,548.0,2025-09-06,delivered,app,contrareembolso
4073,1155.0,2023-06-21,delivered,web,transferencia
4074,1154.0,2023-07-21,delivered,marketplace,transferencia
4075,1583.0,2024-12-16,refunded,app,tarjeta
4076,679.0,2024-06-11,refunded,web,transferencia
4077,814.0,2024-10-02,shipped,web,paypal
4078,2857.0,2025-09-04,delivered,web,transferencia
4079,581.0,2025-09-07,cancelled,web,tarjeta
4080,1597.0,2023-02-03,shipped,marketplace,paypal
4081,2278.0,2025-02-09,delivered,marketplace,transferencia
4082,18.0,2025-03-07,delivered,marketplace,transferencia
4083,1836.0,2025-08-14,delivered,marketplace,tarjeta
4084,1628.0,2025-09-17,delivered,web,paypal
4085,789.0,2024-12-14,refunded,web,transferencia
4086,2841.0,2023-01-05,delivered,marketplace,paypal
4087,281.0,2025-04-02,shipped,marketplace,tarjeta
4088,1739.0,2023-02-16,delivered,app,tarjeta
4089,1868.0,2024-02-16,paid,app,contrareembolso
4090,2357.0,2025-12-26,delivered,app,tarjeta
4091,2250.0,2023-03-05,delivered,marketplace,transferencia
4092,2068.0,2025-12-31,delivered,app,transferencia
4093,657.0,2023-01-12,shipped,marketplace,paypal
4094,864.0,2024-01-18,paid,marketplace,paypal
4095,2956.0,2025-12-19,shipped,app,paypal
4096,1376.0,2023-11-15,delivered,app,paypal
4097,1054.0,2023-06-04,delivered,web,tarjeta
4098,1163.0,2023-10-03,delivered,app,tarjeta
4099,2290.0,2025-03-19,delivered,web,paypal
4100,2530.0,2024-04-22,delivered,marketplace,paypal
4101,1997.0,2025-06-09,delivered,app,tarjeta
4102,838.0,2023-11-27,shipped,web,tarjeta
4103,1204.0,2024-01-16,delivered,web,transferencia
4104,1361.0,2025-11-24,delivered,app,tarjeta
4105,2333.0,2023-10-07,delivered,web,tarjeta
4106,1121.0,2025-12-20,delivered,marketplace,contrareembolso
4107,797.0,2024-07-28,refunded,marketplace,tarjeta
4108,900.0,2025-07-09,refunded,app,transferencia
4109,2945.0,2023-07-31,delivered,web,contrareembolso
4110,1118.0,2023-10-18,delivered,web,tarjeta
4111,1371.0,2023-03-05,shipped,marketplace,transferencia
4112,599.0,2025-04-19,delivered,marketplace,tarjeta
4113,1441.0,2023-05-31,created,marketplace,paypal
4114,535.0,2024-08-07,delivered,marketplace,paypal
4115,1272.0,2025-05-22,created,web,paypal
4116,123.0,2024-07-04,delivered,web,tarjeta
4117,1650.0,2024-12-27,paid,marketplace,contrareembolso
4118,2589.0,2024-06-22,delivered,app,tarjeta
4119,2916.0,2024-10-10,delivered,web,tarjeta
4120,1185.0,2024-10-11,refunded,web,contrareembolso
4121,2147.0,2025-04-06,delivered,app,contrareembolso
4122,8.0,2025-01-19,delivered,web,transferencia
4123,1273.0,2024-02-12,delivered,app,paypal
4124,851.0,2025-09-16,refunded,app,contrareembolso
4125,1494.0,2023-10-14,delivered,marketplace,transferencia
4126,310.0,2024-04-12,delivered,app,contrareembolso
4127,2117.0,2025-08-09,delivered,marketplace,paypal
4128,1757.0,2024-12-07,shipped,web,transferencia
4129,337.0,2023-07-26,delivered,marketplace,tarjeta
4130,618.0,2024-02-03,delivered,app,paypal
4131,179.0,2025-11-18,delivered,web,tarjeta
4132,1413.0,2024-08-06,delivered,app,transferencia
4133,1047.0,2025-07-21,delivered,web,transferencia
4134,,2025-10-09,delivered,web,paypal
4135,51.0,2025-01-07,shipped,app,paypal
4136,1359.0,2023-10-15,delivered,app,transferencia
4137,946.0,2024-10-17,paid,app,tarjeta
4138,1168.0,2024-04-29,delivered,app,tarjeta
4139,753.0,2023-05-01,delivered,marketplace,tarjeta
4140,1980.0,2024-10-31,delivered,web,paypal
4141,602.0,2024-09-07,delivered,marketplace,transferencia
4142,419.0,2025-12-11,delivered,web,contrareembolso
4143,1432.0,2023-06-08,delivered,app,paypal
4144,1959.0,2023-08-04,delivered,app,transferencia
4145,761.0,2023-08-06,delivered,app,tarjeta
4146,1564.0,2023-02-20,delivered,marketplace,transferencia
4147,2103.0,2023-05-29,created,marketplace,tarjeta
4148,1056.0,2025-09-26,paid,app,contrareembolso
4149,1420.0,2025-04-30,delivered,web,paypal
4150,1934.0,2024-02-22,refunded,marketplace,contrareembolso
4151,854.0,2023-03-04,delivered,marketplace,tarjeta
4152,1543.0,2024-09-17,delivered,app,transferencia
4153,1909.0,2023-08-16,delivered,marketplace,tarjeta
4154,1636.0,2025-07-30,delivered,app,tarjeta
4155,688.0,2024-06-15,delivered,marketplace,contrareembolso
4156,1844.0,2023-09-06,delivered,app,contrareembolso
4157,142.0,2023-07-07,delivered,marketplace,transferencia
4158,2825.0,2023-10-21,paid,app,paypal
4159,2685.0,2023-05-04,delivered,web,transferencia
4160,2272.0,2025-07-11,delivered,marketplace,contrareembolso
4161,10.0,2025-11-18,delivered,web,tarjeta
4162,2682.0,2023-04-16,delivered,web,transferencia
4163,1531.0,2025-09-28,delivered,marketplace,transferencia
4164,38.0,2023-07-09,delivered,marketplace,transferencia
4165,2242.0,2024-05-02,delivered,marketplace,transferencia
4166,74.0,2024-01-21,delivered,web,contrareembolso
4167,117.0,2024-05-19,paid,app,paypal
4168,2919.0,2023-07-21,delivered,marketplace,paypal
4169,1777.0,2025-03-27,delivered,marketplace,transferencia
4170,1559.0,2023-07-28,delivered,app,tarjeta
4171,737.0,2023-02-07,delivered,marketplace,paypal
4172,1743.0,2023-09-30,delivered,app,transferencia
4173,1644.0,2024-06-03,delivered,web,paypal
4174,1144.0,2023-04-06,paid,marketplace,paypal
4175,1578.0,2023-11-03,delivered,web,transferencia
4176,2729.0,2024-01-20,delivered,app,paypal
4177,2029.0,2025-11-15,delivered,web,contrareembolso
4178,2261.0,2023-05-13,shipped,marketplace,tarjeta
4179,2115.0,2024-06-10,delivered,marketplace,contrareembolso
4180,375.0,2024-12-30,delivered,web,paypal
4181,1675.0,2025-09-08,delivered,app,transferencia
4182,1620.0,2024-05-17,delivered,marketplace,tarjeta
4183,2789.0,2024-08-06,delivered,app,paypal
4184,2284.0,2025-05-01,delivered,marketplace,tarjeta
4185,1815.0,2023-03-22,delivered,marketplace,tarjeta
4186,2015.0,2023-01-14,delivered,marketplace,paypal
4187,2452.0,2023-09-28,cancelled,marketplace,transferencia
4188,1135.0,2025-06-21,delivered,web,tarjeta
4189,359.0,2024-08-04,delivered,web,paypal
4190,909.0,2023-09-22,delivered,marketplace,transferencia
4191,1563.0,2023-10-23,delivered,web,paypal
4192,2908.0,2023-03-15,delivered,marketplace,contrareembolso
4193,993.0,2023-07-24,delivered,app,transferencia
4194,1781.0,2025-07-08,delivered,app,transferencia
4195,540.0,2023-04-20,delivered,marketplace,paypal
4196,668.0,2023-04-28,delivered,marketplace,contrareembolso
4197,162.0,2025-08-08,delivered,marketplace,paypal
4198,1293.0,2024-10-11,delivered,marketplace,tarjeta
4199,2323.0,2024-05-18,delivered,marketplace,tarjeta
4200,410.0,2024-05-19,delivered,app,transferencia
4201,2164.0,2023-06-28,delivered,app,contrareembolso
4202,1065.0,2025-06-07,paid,web,transferencia
4203,1358.0,2025-08-17,refunded,marketplace,paypal
4204,874.0,2024-04-05,delivered,marketplace,paypal
4205,3012.0,2024-09-03,delivered,marketplace,paypal
4206,324.0,2023-12-17,paid,marketplace,contrareembolso
4207,2944.0,2025-09-02,delivered,marketplace,transferencia
4208,980.0,2024-02-23,delivered,marketplace,tarjeta
4209,1135.0,2023-11-12,delivered,web,contrareembolso
4210,1835.0,2023-07-17,delivered,app,contrareembolso
4211,1083.0,2025-05-21,delivered,app,paypal
4212,643.0,2025-11-21,delivered,marketplace,contrareembolso
4213,924.0,2023-01-28,delivered,web,transferencia
4214,2401.0,2025-11-11,cancelled,web,contrareembolso
4215,1624.0,2023-07-26,delivered,app,contrareembolso
4216,1200.0,2024-07-08,paid,web,contrareembolso
4217,1078.0,2024-02-06,delivered,marketplace,tarjeta
4218,606.0,2023-07-30,delivered,web,contrareembolso
4219,1545.0,2023-12-18,delivered,marketplace,paypal
4220,909.0,2024-02-04,cancelled,app,contrareembolso
4221,2769.0,2024-05-16,delivered,app,contrareembolso
4222,1108.0,2025-11-18,delivered,marketplace,tarjeta
4223,405.0,2023-01-22,delivered,web,tarjeta
4224,2326.0,2025-12-29,delivered,web,tarjeta
4225,2806.0,2025-09-29,delivered,marketplace,contrareembolso
4226,1024.0,2023-12-06,delivered,web,tarjeta
4227,969.0,2025-08-26,delivered,marketplace,transferencia
4228,2697.0,2025-09-12,cancelled,web,paypal
4229,2342.0,2025-04-26,delivered,app,tarjeta
4230,11.0,2023-06-13,cancelled,marketplace,paypal
4231,1962.0,2025-04-28,delivered,web,transferencia
4232,1822.0,2023-06-25,refunded,app,transferencia
4233,1245.0,2024-09-07,delivered,app,paypal
4234,279.0,2024-02-18,paid,web,tarjeta
4235,2216.0,2025-04-08,shipped,marketplace,contrareembolso
4236,1846.0,2025-02-13,shipped,app,paypal
4237,1030.0,2024-09-20,cancelled,web,tarjeta
4238,764.0,2023-11-01,delivered,web,transferencia
4239,2898.0,2024-09-04,delivered,marketplace,contrareembolso
4240,638.0,2025-02-22,delivered,web,contrareembolso
4241,2959.0,2023-04-10,paid,web,tarjeta
4242,1062.0,2023-09-01,delivered,web,transferencia
4243,746.0,2023-02-11,refunded,app,contrareembolso
4244,666.0,2025-11-25,paid,web,contrareembolso
4245,819.0,2024-10-17,delivered,app,paypal
4246,212.0,2024-10-10,delivered,app,paypal
4247,1200.0,2023-04-24,delivered,app,contrareembolso
4248,1565.0,2023-08-25,delivered,web,transferencia
4249,2007.0,2023-06-16,delivered,marketplace,tarjeta
4250,1754.0,2023-09-11,delivered,app,contrareembolso
4251,2321.0,2024-01-08,delivered,app,contrareembolso
4252,623.0,2024-03-01,delivered,marketplace,transferencia
4253,621.0,2025-02-10,delivered,app,contrareembolso
4254,939.0,2025-08-11,delivered,marketplace,contrareembolso
4255,1803.0,2025-08-01,delivered,app,transferencia
4256,917.0,2023-04-23,delivered,marketplace,transferencia
4257,649.0,2024-12-04,delivered,app,contrareembolso
4258,1770.0,2025-10-04,delivered,web,paypal
4259,2536.0,2023-07-16,delivered,app,transferencia
4260,1770.0,2023-03-31,delivered,marketplace,transferencia
4261,1430.0,2025-03-17,delivered,app,tarjeta
4262,377.0,2024-07-24,delivered,marketplace,paypal
4263,2523.0,2024-12-03,delivered,marketplace,tarjeta
4264,2428.0,2023-03-19,delivered,marketplace,paypal
4265,1263.0,2025-01-04,delivered,web,tarjeta
4266,2398.0,2024-06-09,delivered,app,contrareembolso
4267,346.0,2024-05-30,delivered,app,tarjeta
4268,2234.0,2024-05-18,paid,web,contrareembolso
4269,2574.0,2023-07-06,delivered,marketplace,contrareembolso
4270,335.0,2025-01-19,delivered,app,contrareembolso
4271,1554.0,2025-11-27,delivered,marketplace,tarjeta
4272,756.0,2024-12-11,delivered,web,transferencia
4273,688.0,2025-01-18,delivered,app,transferencia
4274,192.0,2025-10-29,delivered,web,transferencia
4275,527.0,2023-06-17,cancelled,marketplace,contrareembolso
4276,2033.0,2024-12-03,refunded,app,tarjeta
4277,2081.0,2024-05-10,paid,web,tarjeta
4278,996.0,2025-05-05,shipped,web,contrareembolso
4279,2474.0,2023-04-15,delivered,web,paypal
4280,2740.0,2023-10-15,cancelled,marketplace,tarjeta
4281,1031.0,2025-09-14,delivered,web,tarjeta
4282,1795.0,2023-06-18,delivered,marketplace,tarjeta
4283,1815.0,2025-05-14,delivered,web,contrareembolso
4284,1481.0,2024-02-10,delivered,marketplace,contrareembolso
4285,2382.0,2024-12-25,delivered,app,tarjeta
4286,2777.0,2023-04-16,delivered,web,tarjeta
4287,1021.0,2025-03-02,delivered,web,paypal
4288,1002.0,2024-05-14,delivered,web,transferencia
4289,2704.0,2023-10-22,created,web,transferencia
4290,836.0,2024-08-05,paid,app,paypal
4291,2895.0,2023-01-18,paid,app,tarjeta
4292,2791.0,2023-10-29,paid,web,contrareembolso
4293,1875.0,2025-01-25,delivered,app,paypal
4294,1867.0,2025-06-14,delivered,marketplace,paypal
4295,2999.0,2025-11-27,paid,web,paypal
4296,2144.0,2025-08-14,cancelled,marketplace,tarjeta
4297,2917.0,2023-05-05,delivered,app,paypal
4298,1638.0,2023-09-30,cancelled,app,contrareembolso
4299,821.0,2023-10-15,delivered,app,paypal
4300,529.0,2024-03-16,cancelled,app,paypal
4301,1782.0,2024-11-10,delivered,app,paypal
4302,2953.0,2024-01-22,cancelled,web,tarjeta
4303,2449.0,2025-06-10,delivered,marketplace,transferencia
4304,1870.0,2023-10-21,created,marketplace,paypal
4305,129.0,2023-06-02,delivered,app,tarjeta
4306,1775.0,2024-08-30,shipped,web,paypal
4307,2046.0,2024-07-22,shipped,web,transferencia
4308,1579.0,2023-08-18,delivered,marketplace,tarjeta
4309,33.0,2025-12-10,delivered,web,transferencia
4310,1530.0,2025-01-09,delivered,app,contrareembolso
4311,2745.0,2025-10-02,delivered,web,contrareembolso
4312,2557.0,2023-04-30,delivered,app,contrareembolso
4313,2759.0,2023-07-28,delivered,marketplace,transferencia
4314,411.0,2023-02-28,created,web,paypal
4315,950.0,2025-04-08,delivered,marketplace,transferencia
4316,330.0,2023-11-07,cancelled,app,contrareembolso
4317,2663.0,2024-07-30,paid,app,tarjeta
4318,293.0,2024-05-03,delivered,marketplace,tarjeta
4319,1208.0,2025-01-01,delivered,app,paypal
4320,2566.0,2025-03-01,created,app,paypal
4321,1221.0,2024-08-24,delivered,app,transferencia
4322,1268.0,2025-07-07,delivered,web,paypal
4323,1864.0,2023-12-03,cancelled,marketplace,paypal
4324,1703.0,2024-01-23,delivered,web,contrareembolso
4325,1720.0,2023-06-06,delivered,marketplace,paypal
4326,2231.0,,delivered,app,tarjeta
4327,2457.0,2025-09-26,delivered,web,transferencia
4328,628.0,2025-11-18,delivered,app,transferencia
4329,135.0,2025-03-06,delivered,marketplace,transferencia
4330,2887.0,2023-10-30,delivered,app,contrareembolso
4331,397.0,2024-08-07,cancelled,app,paypal
4332,1581.0,2024-03-21,delivered,app,tarjeta
4333,639.0,2023-08-04,delivered,app,paypal
4334,433.0,2024-01-22,delivered,marketplace,tarjeta
4335,1101.0,2023-07-23,delivered,marketplace,transferencia
4336,1489.0,2025-07-21,delivered,marketplace,transferencia
4337,2609.0,2025-01-13,refunded,app,contrareembolso
4338,1074.0,2024-05-05,cancelled,web,tarjeta
4339,2826.0,2025-03-10,delivered,web,transferencia
4340,794.0,2023-11-20,shipped,app,tarjeta
4341,1058.0,2025-04-01,delivered,app,tarjeta
4342,1082.0,2023-01-01,delivered,marketplace,paypal
4343,2725.0,2023-02-03,delivered,app,paypal
4344,2391.0,2024-11-27,delivered,marketplace,contrareembolso
4345,880.0,2023-12-09,delivered,app,contrareembolso
4346,313.0,2023-11-03,shipped,app,transferencia
4347,32.0,2023-04-27,shipped,marketplace,paypal
4348,1383.0,2025-11-01,refunded,web,tarjeta
4349,854.0,2025-10-13,delivered,web,contrareembolso
4350,113.0,2024-02-26,cancelled,web,transferencia
4351,2187.0,2025-06-03,delivered,web,transferencia
4352,2869.0,2025-08-05,delivered,app,paypal
4353,480.0,2025-07-28,delivered,web,tarjeta
4354,1249.0,2023-12-06,paid,marketplace,transferencia
4355,859.0,2024-01-03,delivered,marketplace,paypal
4356,2106.0,2024-07-17,delivered,marketplace,transferencia
4357,811.0,2024-06-11,delivered,web,tarjeta
4358,691.0,2025-07-03,delivered,app,tarjeta
4359,146.0,2025-10-01,delivered,web,tarjeta
4360,1141.0,2025-10-10,paid,web,paypal
4361,1523.0,2023-03-13,delivered,web,contrareembolso
4362,145.0,2025-08-01,paid,web,contrareembolso
4363,557.0,2025-12-11,created,app,paypal
4364,1088.0,2025-06-17,delivered,web,tarjeta
4365,823.0,2024-08-26,delivered,app,contrareembolso
4366,495.0,2025-08-29,delivered,marketplace,paypal
4367,2812.0,2025-07-01,delivered,app,paypal
4368,2455.0,2023-12-11,delivered,marketplace,contrareembolso
4369,2103.0,2024-04-15,delivered,app,tarjeta
4370,2969.0,2024-07-24,delivered,web,tarjeta
4371,975.0,2024-07-18,delivered,web,paypal
4372,447.0,2025-09-22,created,app,tarjeta
4373,2903.0,2024-04-09,paid,web,tarjeta
4374,1632.0,2024-08-29,delivered,marketplace,transferencia
4375,2002.0,2025-09-20,delivered,app,paypal
4376,1812.0,2025-09-16,delivered,marketplace,paypal
4377,2670.0,2024-10-18,shipped,app,contrareembolso
4378,1078.0,2023-04-05,delivered,marketplace,transferencia
4379,819.0,2024-02-07,delivered,app,tarjeta
4380,43.0,2025-06-13,delivered,app,paypal
4381,62.0,2024-02-29,delivered,marketplace,transferencia
4382,2835.0,2025-07-28,paid,web,transferencia
4383,1199.0,2024-05-27,delivered,app,paypal
4384,2715.0,2025-12-12,delivered,app,contrareembolso
4385,2958.0,2025-06-10,refunded,web,paypal
4386,2518.0,2025-10-31,delivered,marketplace,contrareembolso
4387,2041.0,2023-07-20,delivered,marketplace,contrareembolso
4388,80.0,2025-05-09,shipped,marketplace,transferencia
4389,2598.0,2024-09-02,shipped,marketplace,transferencia
4390,1052.0,2025-05-19,delivered,app,paypal
4391,1052.0,2023-11-29,shipped,web,transferencia
4392,2126.0,2023-08-20,delivered,app,transferencia
4393,2521.0,2023-01-28,delivered,app,tarjeta
4394,127.0,2025-01-14,cancelled,app,transferencia
4395,1020.0,2025-02-04,delivered,marketplace,contrareembolso
4396,467.0,2024-04-21,delivered,web,contrareembolso
4397,1622.0,2023-08-06,delivered,marketplace,contrareembolso
4398,2676.0,2023-10-21,paid,app,paypal
4399,1332.0,2024-12-07,delivered,app,tarjeta
4400,2794.0,2025-07-04,delivered,web,transferencia
4401,93.0,2023-12-14,shipped,marketplace,paypal
4402,1065.0,2025-07-18,delivered,app,transferencia
4403,,2025-12-11,delivered,marketplace,contrareembolso
4404,2257.0,2025-05-30,delivered,marketplace,tarjeta
4405,1360.0,2025-08-17,delivered,marketplace,contrareembolso
4406,2743.0,2024-08-10,delivered,web,contrareembolso
4407,261.0,2025-01-14,shipped,marketplace,contrareembolso
4408,464.0,2023-12-12,delivered,web,paypal
4409,1088.0,2024-09-23,paid,app,contrareembolso
4410,2067.0,2024-03-28,refunded,web,contrareembolso
4411,103.0,2024-01-28,delivered,app,contrareembolso
4412,2943.0,2024-02-07,delivered,app,tarjeta
4413,2182.0,2025-08-14,delivered,web,transferencia
4414,1524.0,2025-06-08,delivered,web,contrareembolso
4415,2386.0,2023-04-24,shipped,app,paypal
4416,23.0,2024-11-20,delivered,marketplace,tarjeta
4417,763.0,2023-06-07,delivered,marketplace,paypal
4418,505.0,2023-12-28,delivered,web,tarjeta
4419,190.0,2025-11-09,refunded,marketplace,transferencia
4420,1613.0,2024-07-18,delivered,marketplace,paypal
4421,2203.0,2023-06-04,delivered,marketplace,transferencia
4422,1157.0,2023-12-13,created,marketplace,contrareembolso
4423,878.0,2025-10-09,delivered,marketplace,tarjeta
4424,1072.0,2023-01-28,delivered,marketplace,paypal
4425,249.0,2025-08-28,cancelled,web,tarjeta
4426,2829.0,2025-08-03,paid,app,tarjeta
4427,344.0,2024-07-24,delivered,web,transferencia
4428,1748.0,2023-08-30,delivered,app,paypal
4429,446.0,2024-11-11,delivered,app,contrareembolso
4430,672.0,2024-08-01,delivered,app,tarjeta
4431,1104.0,2024-08-02,created,web,contrareembolso
4432,1851.0,2025-06-28,shipped,app,tarjeta
4433,641.0,2025-07-11,delivered,web,tarjeta
4434,19.0,2024-02-28,delivered,marketplace,paypal
4435,2390.0,2025-07-26,delivered,app,tarjeta
4436,373.0,2023-03-27,delivered,web,tarjeta
4437,710.0,2023-03-22,delivered,web,paypal
4438,2809.0,2025-10-14,cancelled,app,tarjeta
4439,326.0,2023-07-25,cancelled,marketplace,paypal
4440,1759.0,2025-07-07,delivered,app,transferencia
4441,1572.0,2024-11-26,paid,marketplace,contrareembolso
4442,436.0,2025-11-15,shipped,marketplace,transferencia
4443,500.0,2025-06-07,shipped,app,transferencia
4444,2418.0,2024-12-19,delivered,web,tarjeta
4445,2612.0,2025-04-26,delivered,marketplace,transferencia
4446,2983.0,2023-11-01,delivered,web,tarjeta
4447,543.0,2023-08-14,shipped,marketplace,contrareembolso
4448,2862.0,2024-02-24,shipped,web,contrareembolso
4449,1661.0,2025-08-28,cancelled,marketplace,transferencia
4450,2620.0,2025-10-19,delivered,web,tarjeta
4451,1283.0,2025-07-06,cancelled,app,transferencia
4452,1643.0,2025-12-29,delivered,app,paypal
4453,2682.0,2025-02-05,delivered,app,tarjeta
4454,1812.0,2025-07-11,delivered,app,tarjeta
4455,1915.0,2025-03-01,delivered,app,contrareembolso
4456,2113.0,2025-07-05,created,marketplace,transferencia
4457,2937.0,2023-02-21,delivered,web,contrareembolso
4458,224.0,2024-07-31,delivered,web,tarjeta
4459,2844.0,2025-05-09,cancelled,app,contrareembolso
4460,1713.0,2023-10-31,delivered,web,paypal
4461,575.0,2024-11-02,delivered,marketplace,tarjeta
4462,1033.0,2025-10-16,delivered,app,tarjeta
4463,2998.0,2024-08-08,delivered,marketplace,transferencia
4464,1818.0,2024-02-04,created,web,transferencia
4465,629.0,2025-01-17,delivered,app,transferencia
4466,1771.0,2024-08-31,paid,web,paypal
4467,1977.0,2024-06-02,delivered,web,transferencia
4468,533.0,2023-11-14,delivered,app,transferencia
4469,1111.0,2023-05-03,delivered,marketplace,paypal
4470,1437.0,2024-05-12,delivered,app,paypal
4471,226.0,2025-08-04,delivered,web,transferencia
4472,1827.0,2023-08-19,shipped,web,transferencia
4473,2473.0,2023-05-09,delivered,web,paypal
4474,1833.0,2023-08-15,cancelled,web,contrareembolso
4475,2162.0,2023-02-18,shipped,app,paypal
4476,644.0,2023-03-24,shipped,app,paypal
4477,1870.0,2024-02-14,delivered,web,contrareembolso
4478,1289.0,2024-01-24,delivered,marketplace,tarjeta
4479,850.0,2025-09-07,delivered,web,tarjeta
4480,518.0,2025-07-09,delivered,web,paypal
4481,2378.0,2024-04-25,delivered,app,contrareembolso
4482,1254.0,2024-03-24,delivered,marketplace,tarjeta
4483,2786.0,2023-02-21,delivered,app,paypal
4484,2804.0,2024-01-11,delivered,marketplace,paypal
4485,1601.0,2023-12-04,delivered,app,tarjeta
4486,2933.0,2025-12-31,delivered,marketplace,paypal
4487,263.0,2025-05-16,delivered,app,paypal
4488,2843.0,2023-12-21,delivered,web,tarjeta
4489,2839.0,2025-01-01,delivered,marketplace,contrareembolso
4490,2733.0,2025-02-17,refunded,web,contrareembolso
4491,668.0,2023-05-02,delivered,app,tarjeta
4492,978.0,2023-08-21,delivered,app,transferencia
4493,1603.0,2023-12-10,delivered,marketplace,tarjeta
4494,15.0,2023-02-14,delivered,web,transferencia
4495,1375.0,2023-07-09,delivered,marketplace,paypal
4496,1273.0,2024-12-05,delivered,app,transferencia
4497,2892.0,2025-03-29,delivered,app,transferencia
4498,158.0,2024-02-19,delivered,marketplace,paypal
4499,1456.0,2023-04-07,refunded,web,contrareembolso
4500,989.0,2025-06-02,cancelled,marketplace,transferencia
4501,2567.0,2023-06-19,delivered,marketplace,tarjeta
4502,1757.0,2025-08-01,delivered,marketplace,transferencia
4503,1378.0,2024-05-30,shipped,marketplace,paypal
4504,717.0,2024-07-17,delivered,app,tarjeta
4505,2490.0,2025-10-06,refunded,app,tarjeta
4506,648.0,2023-04-24,created,marketplace,transferencia
4507,167.0,2023-03-17,paid,marketplace,tarjeta
4508,1714.0,2023-04-18,delivered,web,transferencia
4509,2884.0,2023-10-29,delivered,app,tarjeta
4510,381.0,2023-07-08,delivered,web,transferencia
4511,2470.0,2025-07-23,cancelled,marketplace,paypal
4512,1105.0,2023-04-04,paid,app,tarjeta
4513,2296.0,2024-08-11,delivered,marketplace,transferencia
4514,1535.0,2023-11-28,paid,app,contrareembolso
4515,2580.0,2024-06-09,refunded,app,transferencia
4516,2717.0,2024-03-29,cancelled,app,transferencia
4517,1626.0,2025-09-08,cancelled,app,paypal
4518,760.0,2025-04-23,refunded,web,contrareembolso
4519,1889.0,2025-06-04,delivered,web,transferencia
4520,1812.0,2025-04-26,shipped,marketplace,paypal
4521,1462.0,2023-01-09,delivered,marketplace,tarjeta
4522,514.0,2025-07-08,delivered,app,tarjeta
4523,1515.0,2023-08-30,shipped,marketplace,contrareembolso
4524,2109.0,2025-06-12,delivered,web,contrareembolso
4525,1165.0,2023-12-10,delivered,marketplace,tarjeta
4526,1407.0,2024-03-23,paid,app,transferencia
4527,2402.0,2024-04-06,delivered,web,contrareembolso
4528,1677.0,2025-10-15,paid,app,paypal
4529,2942.0,2025-11-07,delivered,web,transferencia
4530,2341.0,2023-09-30,delivered,app,transferencia
4531,1644.0,2025-09-08,created,web,transferencia
4532,1512.0,2024-01-29,cancelled,marketplace,tarjeta
4533,413.0,2025-07-22,delivered,app,paypal
4534,2517.0,2025-07-26,paid,marketplace,tarjeta
4535,188.0,2024-05-25,shipped,marketplace,transferencia
4536,1828.0,2025-01-11,delivered,app,transferencia
4537,1277.0,2024-05-27,delivered,web,contrareembolso
4538,57.0,2023-03-28,delivered,marketplace,contrareembolso
4539,471.0,2024-09-23,shipped,web,paypal
4540,1359.0,2023-01-02,delivered,app,transferencia
4541,2928.0,2025-04-25,delivered,web,transferencia
4542,1972.0,2025-12-26,delivered,app,contrareembolso
4543,931.0,2023-04-24,delivered,web,paypal
4544,1938.0,2023-09-16,delivered,marketplace,tarjeta
4545,1712.0,2023-09-25,delivered,web,paypal
4546,2253.0,2024-03-08,delivered,app,transferencia
4547,2193.0,2024-05-28,shipped,app,contrareembolso
4548,471.0,2024-09-20,delivered,marketplace,tarjeta
4549,2174.0,2025-03-09,cancelled,web,tarjeta
4550,2781.0,2024-11-14,delivered,marketplace,transferencia
4551,2994.0,2023-07-11,delivered,web,contrareembolso
4552,505.0,2023-01-28,delivered,app,tarjeta
4553,207.0,2024-03-01,delivered,marketplace,transferencia
4554,85.0,2024-02-03,delivered,web,tarjeta
4555,544.0,2023-04-12,delivered,web,contrareembolso
4556,1996.0,2025-11-20,shipped,app,transferencia
4557,1956.0,2024-02-15,delivered,web,paypal
4558,842.0,2025-04-13,delivered,app,contrareembolso
4559,919.0,2025-02-04,created,marketplace,transferencia
4560,122.0,2023-01-08,delivered,marketplace,contrareembolso
4561,759.0,2023-01-26,delivered,marketplace,transferencia
4562,89.0,2023-04-16,delivered,app,tarjeta
4563,2105.0,2023-11-05,delivered,web,tarjeta
4564,135.0,2023-04-02,delivered,marketplace,tarjeta
4565,582.0,2024-08-14,delivered,marketplace,contrareembolso
4566,1376.0,2024-12-27,shipped,marketplace,paypal
4567,780.0,2024-05-04,delivered,marketplace,transferencia
4568,2260.0,2025-04-03,paid,web,contrareembolso
4569,822.0,2025-11-18,shipped,web,paypal
4570,597.0,2024-12-29,shipped,marketplace,paypal
4571,2255.0,2023-03-07,delivered,web,contrareembolso
4572,1096.0,2024-09-05,refunded,marketplace,contrareembolso
4573,1944.0,2023-01-02,delivered,app,paypal
4574,1626.0,2024-10-17,delivered,marketplace,paypal
4575,2439.0,2023-02-25,delivered,web,transferencia
4576,1094.0,2023-06-23,delivered,app,contrareembolso
4577,459.0,2024-01-08,shipped,app,transferencia
4578,449.0,2023-06-28,created,web,transferencia
4579,492.0,2023-09-20,refunded,marketplace,paypal
4580,2169.0,2025-09-27,shipped,app,tarjeta
4581,1848.0,2024-02-03,refunded,app,paypal
4582,2554.0,2023-07-23,delivered,marketplace,contrareembolso
4583,1624.0,2025-12-01,delivered,app,transferencia
4584,523.0,2024-06-29,shipped,web,contrareembolso
4585,816.0,2023-10-21,delivered,web,tarjeta
4586,2208.0,2025-02-18,delivered,web,transferencia
4587,88.0,2023-01-04,cancelled,app,transferencia
4588,2908.0,2025-09-14,delivered,marketplace,tarjeta
4589,2573.0,2023-05-08,delivered,marketplace,tarjeta
4590,360.0,2023-02-15,delivered,web,tarjeta
4591,2213.0,2025-11-26,delivered,marketplace,tarjeta
4592,2184.0,2023-08-21,delivered,marketplace,paypal
4593,2554.0,2025-03-26,delivered,app,tarjeta
4594,1051.0,2024-02-02,cancelled,web,paypal
4595,1966.0,2023-07-30,delivered,app,tarjeta
4596,2971.0,2023-11-05,delivered,web,tarjeta
4597,2720.0,2023-07-17,delivered,web,transferencia
4598,1363.0,2024-06-02,delivered,marketplace,transferencia
4599,944.0,2023-08-29,delivered,web,paypal
4600,2274.0,2025-03-08,delivered,marketplace,paypal
4601,487.0,2023-08-03,delivered,web,tarjeta
4602,767.0,2023-10-20,delivered,web,contrareembolso
4603,2687.0,2023-04-25,delivered,marketplace,tarjeta
4604,2913.0,2024-10-20,created,web,transferencia
4605,1193.0,2024-04-08,shipped,app,contrareembolso
4606,799.0,2023-09-04,delivered,web,paypal
4607,1642.0,2025-01-20,delivered,web,paypal
4608,2671.0,2024-10-19,paid,app,paypal
4609,2746.0,2024-06-22,refunded,marketplace,contrareembolso
4610,1737.0,2025-07-26,created,marketplace,transferencia
4611,2888.0,2024-01-06,delivered,web,contrareembolso
4612,2993.0,2024-10-28,delivered,app,paypal
4613,1521.0,2025-11-22,delivered,app,tarjeta
4614,1313.0,2023-02-27,delivered,marketplace,paypal
4615,1494.0,2024-05-11,delivered,app,transferencia
4616,2366.0,2024-01-27,delivered,marketplace,transferencia
4617,2114.0,2025-06-12,delivered,marketplace,paypal
4618,2243.0,2024-10-11,delivered,app,tarjeta
4619,1766.0,2025-09-11,refunded,web,paypal
4620,2980.0,2025-03-07,delivered,app,tarjeta
4621,997.0,2023-08-05,paid,marketplace,tarjeta
4622,434.0,2023-12-10,delivered,app,tarjeta
4623,1608.0,2024-08-23,delivered,app,contrareembolso
4624,1398.0,2025-11-19,delivered,marketplace,paypal
4625,1096.0,2023-07-02,cancelled,marketplace,contrareembolso
4626,1070.0,2023-12-02,delivered,web,paypal
4627,633.0,2023-03-22,delivered,app,contrareembolso
4628,1972.0,2023-03-28,delivered,web,paypal
4629,2678.0,2023-03-04,created,marketplace,contrareembolso
4630,937.0,2025-07-26,delivered,marketplace,tarjeta
4631,2675.0,2023-04-13,delivered,marketplace,transferencia
4632,2816.0,2023-12-22,delivered,app,transferencia
4633,1948.0,2023-11-17,delivered,marketplace,paypal
4634,2330.0,2025-03-09,refunded,marketplace,transferencia
4635,1608.0,2023-05-07,delivered,web,tarjeta
4636,1186.0,2024-06-23,cancelled,marketplace,tarjeta
4637,2798.0,2025-10-30,created,web,contrareembolso
4638,327.0,2024-08-08,delivered,marketplace,paypal
4639,2519.0,2025-04-29,delivered,web,contrareembolso
4640,1706.0,2024-07-19,delivered,marketplace,tarjeta
4641,1381.0,2024-02-06,paid,marketplace,contrareembolso
4642,2557.0,2024-08-15,delivered,web,paypal
4643,1445.0,2024-06-20,delivered,web,contrareembolso
4644,1975.0,2025-04-07,shipped,app,paypal
4645,913.0,2023-06-15,refunded,web,contrareembolso
4646,2614.0,2023-01-27,delivered,marketplace,tarjeta
4647,2824.0,2025-08-09,delivered,web,transferencia
4648,97.0,2024-01-03,delivered,app,tarjeta
4649,505.0,2025-03-03,delivered,app,transferencia
4650,2120.0,2024-03-02,paid,app,tarjeta
4651,157.0,2024-12-28,delivered,marketplace,tarjeta
4652,488.0,2024-02-08,delivered,web,paypal
4653,1122.0,2025-02-20,delivered,app,paypal
4654,1806.0,2024-03-11,delivered,app,tarjeta
4655,2603.0,2025-03-05,delivered,web,contrareembolso
4656,824.0,2025-05-09,delivered,marketplace,paypal
4657,1819.0,2024-07-31,paid,marketplace,tarjeta
4658,165.0,2025-08-21,cancelled,app,paypal
4659,861.0,2024-08-10,delivered,marketplace,paypal
4660,1492.0,2025-11-19,created,marketplace,tarjeta
4661,2032.0,2023-04-14,delivered,marketplace,contrareembolso
4662,617.0,2025-10-31,created,marketplace,tarjeta
4663,894.0,2024-07-04,delivered,marketplace,tarjeta
4664,2016.0,2025-04-15,cancelled,marketplace,paypal
4665,1685.0,2025-02-23,delivered,marketplace,tarjeta
4666,1785.0,2024-08-08,cancelled,web,transferencia
4667,2953.0,2024-02-04,delivered,app,paypal
4668,1126.0,2024-02-10,shipped,app,tarjeta
4669,2864.0,2023-05-04,paid,app,transferencia
4670,543.0,2023-08-18,delivered,app,contrareembolso
4671,286.0,2024-01-02,delivered,web,transferencia
4672,1535.0,2025-06-21,delivered,web,contrareembolso
4673,2368.0,,delivered,app,transferencia
4674,855.0,2026-05-21,delivered,marketplace,transferencia
4675,1522.0,2024-09-16,cancelled,web,tarjeta
4676,1106.0,2025-10-07,delivered,app,tarjeta
4677,532.0,2025-01-03,refunded,marketplace,tarjeta
4678,1792.0,2024-11-16,delivered,app,transferencia
4679,2948.0,2023-04-01,shipped,web,paypal
4680,558.0,2025-10-24,delivered,app,paypal
4681,2089.0,2025-06-17,delivered,web,tarjeta
4682,612.0,2024-01-11,delivered,marketplace,paypal
4683,333.0,2024-02-18,refunded,marketplace,contrareembolso
4684,1848.0,2023-05-26,refunded,app,contrareembolso
4685,40.0,2023-11-06,shipped,web,contrareembolso
4686,1752.0,2024-03-11,delivered,app,paypal
4687,1457.0,2025-08-01,created,app,paypal
4688,2075.0,2025-10-31,delivered,marketplace,transferencia
4689,2943.0,2023-09-03,delivered,web,paypal
4690,1832.0,2023-12-18,delivered,app,transferencia
4691,2235.0,2024-04-07,delivered,marketplace,transferencia
4692,349.0,2024-09-17,delivered,marketplace,paypal
4693,1628.0,2024-11-12,shipped,app,contrareembolso
4694,816.0,2025-03-19,delivered,app,paypal
4695,1103.0,2024-11-29,paid,app,tarjeta
4696,1415.0,2023-09-07,refunded,marketplace,paypal
4697,2172.0,2023-06-11,refunded,marketplace,tarjeta
4698,2095.0,2024-09-11,delivered,app,paypal
4699,901.0,2024-12-07,shipped,web,contrareembolso
4700,1893.0,2024-03-19,delivered,app,transferencia
4701,,2024-09-14,delivered,marketplace,tarjeta
4702,1555.0,2025-04-18,delivered,web,contrareembolso
4703,1016.0,2023-03-31,paid,marketplace,paypal
4704,821.0,2025-01-03,delivered,marketplace,tarjeta
4705,1528.0,2024-04-05,delivered,app,paypal
4706,1550.0,2023-06-08,delivered,web,paypal
4707,2137.0,2025-12-05,paid,marketplace,tarjeta
4708,2269.0,2023-08-11,shipped,marketplace,contrareembolso
4709,480.0,2023-12-12,cancelled,app,contrareembolso
4710,2237.0,2025-11-04,delivered,marketplace,paypal
4711,658.0,2025-05-08,cancelled,web,contrareembolso
4712,2207.0,2024-02-02,paid,app,tarjeta
4713,448.0,2025-12-21,refunded,app,transferencia
4714,2036.0,2023-01-31,paid,app,tarjeta
4715,2441.0,2024-11-23,delivered,marketplace,tarjeta
4716,2593.0,2025-06-17,cancelled,web,paypal
4717,2847.0,2024-02-26,delivered,web,paypal
4718,257.0,2025-10-14,delivered,web,tarjeta
4719,2513.0,2023-08-14,paid,web,tarjeta
4720,1005.0,2024-07-31,delivered,app,contrareembolso
4721,2905.0,2024-05-26,shipped,web,tarjeta
4722,864.0,2024-11-25,delivered,web,tarjeta
4723,154.0,2024-05-26,delivered,marketplace,tarjeta
4724,1386.0,2024-11-11,delivered,web,transferencia
4725,2839.0,2023-03-21,delivered,app,tarjeta
4726,2584.0,2023-10-13,delivered,app,paypal
4727,2862.0,2025-06-11,delivered,web,tarjeta
4728,1616.0,2024-08-16,delivered,app,contrareembolso
4729,948.0,2023-10-04,delivered,marketplace,paypal
4730,2988.0,2024-05-31,delivered,app,tarjeta
4731,996.0,2024-01-12,delivered,app,transferencia
4732,2624.0,2023-10-25,delivered,web,contrareembolso
4733,829.0,2024-02-19,delivered,web,paypal
4734,1576.0,2023-06-08,delivered,web,contrareembolso
4735,2233.0,2025-09-26,delivered,app,paypal
4736,798.0,2023-02-10,delivered,marketplace,tarjeta
4737,381.0,2024-02-11,cancelled,marketplace,paypal
4738,2535.0,2023-08-21,cancelled,app,paypal
4739,1139.0,2025-06-13,paid,web,tarjeta
4740,694.0,2023-10-22,delivered,marketplace,tarjeta
4741,2466.0,2024-01-03,delivered,app,contrareembolso
4742,1878.0,2025-05-21,delivered,app,transferencia
4743,1630.0,2024-05-30,delivered,web,paypal
4744,433.0,2024-06-19,delivered,app,paypal
4745,1834.0,2024-10-13,delivered,marketplace,tarjeta
4746,2914.0,2024-10-29,delivered,app,tarjeta
4747,2016.0,2024-07-21,delivered,web,paypal
4748,2215.0,2023-02-13,delivered,marketplace,tarjeta
4749,1391.0,2024-03-10,delivered,web,tarjeta
4750,2721.0,2025-01-15,cancelled,web,contrareembolso
4751,2005.0,2024-08-16,delivered,web,paypal
4752,1365.0,2023-02-24,delivered,app,tarjeta
4753,1093.0,2025-01-23,cancelled,app,paypal
4754,2567.0,2023-05-06,delivered,app,transferencia
4755,1008.0,2023-06-25,delivered,web,tarjeta
4756,1031.0,2025-12-05,refunded,marketplace,tarjeta
4757,639.0,2023-03-12,delivered,marketplace,contrareembolso
4758,1531.0,2024-07-27,shipped,app,transferencia
4759,976.0,2023-09-19,delivered,web,transferencia
4760,1058.0,2025-04-17,delivered,web,tarjeta
4761,1490.0,2025-04-10,delivered,web,transferencia
4762,1751.0,2024-11-06,delivered,app,contrareembolso
4763,1689.0,2025-10-07,cancelled,app,tarjeta
4764,2239.0,2025-01-15,refunded,marketplace,paypal
4765,1548.0,2023-09-05,delivered,marketplace,paypal
4766,2823.0,2024-11-04,delivered,app,tarjeta
4767,665.0,2024-08-01,delivered,web,tarjeta
4768,583.0,2025-11-09,delivered,web,tarjeta
4769,334.0,2023-11-19,delivered,web,tarjeta
4770,2804.0,2023-06-17,created,app,paypal
4771,672.0,2023-01-10,delivered,marketplace,tarjeta
4772,921.0,2025-09-13,cancelled,marketplace,paypal
4773,1706.0,2024-05-14,delivered,app,tarjeta
4774,191.0,2024-11-16,delivered,web,contrareembolso
4775,1183.0,2025-01-17,delivered,app,paypal
4776,786.0,2025-06-09,delivered,marketplace,paypal
4777,1457.0,2024-08-25,delivered,marketplace,paypal
4778,2206.0,2023-07-07,shipped,web,tarjeta
4779,2529.0,2023-10-30,delivered,marketplace,tarjeta
4780,2561.0,2023-03-15,delivered,marketplace,tarjeta
4781,2067.0,2025-06-13,delivered,web,contrareembolso
4782,2044.0,2023-01-16,shipped,marketplace,tarjeta
4783,2715.0,2023-05-24,delivered,app,transferencia
4784,372.0,2025-03-02,delivered,web,transferencia
4785,2251.0,2024-12-11,delivered,app,transferencia
4786,2730.0,2025-07-03,delivered,web,contrareembolso
4787,1780.0,2024-12-01,delivered,marketplace,tarjeta
4788,1783.0,2023-01-23,delivered,web,transferencia
4789,1386.0,2023-05-12,delivered,app,paypal
4790,2220.0,2023-05-31,delivered,marketplace,paypal
4791,371.0,2025-09-17,delivered,app,transferencia
4792,97.0,2025-01-28,delivered,web,transferencia
4793,2523.0,2023-08-18,cancelled,web,paypal
4794,511.0,2025-01-17,delivered,app,tarjeta
4795,2173.0,2024-07-23,delivered,web,paypal
4796,582.0,2023-11-15,delivered,marketplace,paypal
4797,2551.0,2024-07-07,delivered,app,tarjeta
4798,898.0,2024-10-13,delivered,web,paypal
4799,962.0,2025-04-20,delivered,app,transferencia
4800,2316.0,2023-05-21,delivered,web,transferencia
4801,1774.0,2024-07-22,refunded,web,transferencia
4802,1660.0,2023-06-17,delivered,web,transferencia
4803,870.0,2025-02-25,delivered,web,paypal
4804,2476.0,2025-07-12,delivered,app,contrareembolso
4805,2035.0,2025-01-26,delivered,app,tarjeta
4806,1262.0,2024-12-21,delivered,app,paypal
4807,2877.0,2025-10-20,paid,marketplace,tarjeta
4808,2731.0,2025-04-21,shipped,web,transferencia
4809,615.0,2023-10-25,refunded,marketplace,tarjeta
4810,434.0,2023-10-23,shipped,marketplace,paypal
4811,1223.0,2025-05-16,delivered,marketplace,paypal
4812,2967.0,2023-09-04,shipped,web,transferencia
4813,929.0,2024-10-14,shipped,app,paypal
4814,923.0,2024-02-07,shipped,app,tarjeta
4815,667.0,2024-06-28,delivered,marketplace,paypal
4816,1499.0,2025-01-11,cancelled,marketplace,paypal
4817,2172.0,2025-10-02,delivered,app,transferencia
4818,627.0,2023-05-17,delivered,app,tarjeta
4819,2847.0,2023-07-24,shipped,web,transferencia
4820,1695.0,2024-11-09,delivered,app,transferencia
4821,2695.0,2024-04-30,delivered,web,contrareembolso
4822,1189.0,2023-06-03,delivered,web,contrareembolso
4823,2788.0,2024-07-25,delivered,marketplace,transferencia
4824,922.0,2023-01-24,created,marketplace,tarjeta
4825,760.0,2024-08-26,delivered,app,tarjeta
4826,1204.0,2024-01-17,delivered,web,paypal
4827,1694.0,2023-03-21,delivered,app,contrareembolso
4828,1136.0,2023-05-30,delivered,web,paypal
4829,2649.0,2024-11-05,delivered,web,transferencia
4830,636.0,2023-07-27,delivered,web,paypal
4831,2621.0,2023-07-21,delivered,app,transferencia
4832,2028.0,2024-04-21,shipped,app,transferencia
4833,748.0,2024-06-19,refunded,app,paypal
4834,2054.0,2023-12-29,refunded,web,contrareembolso
4835,1837.0,2026-07-04,shipped,marketplace,tarjeta
4836,1484.0,2023-06-09,paid,marketplace,contrareembolso
4837,1644.0,2023-10-26,shipped,marketplace,contrareembolso
4838,2636.0,2024-08-17,delivered,web,tarjeta
4839,2183.0,2024-09-20,created,web,paypal
4840,,2024-12-14,delivered,web,contrareembolso
4841,1401.0,2025-01-10,delivered,web,contrareembolso
4842,1291.0,2023-03-29,paid,marketplace,contrareembolso
4843,875.0,2023-10-18,paid,app,tarjeta
4844,550.0,2025-05-23,delivered,web,contrareembolso
4845,1864.0,2023-11-07,delivered,app,tarjeta
4846,1411.0,2024-07-14,delivered,marketplace,tarjeta
4847,772.0,2025-05-05,delivered,app,paypal
4848,2259.0,2024-03-22,delivered,app,paypal
4849,934.0,2025-05-04,cancelled,web,tarjeta
4850,1984.0,2025-05-12,delivered,web,paypal
4851,2325.0,2025-01-26,delivered,web,paypal
4852,2869.0,2024-03-13,delivered,app,tarjeta
4853,1981.0,2024-07-03,delivered,marketplace,transferencia
4854,,2024-12-30,delivered,web,paypal
4855,1149.0,2025-08-05,delivered,app,transferencia
4856,766.0,2024-07-06,delivered,app,transferencia
4857,727.0,2025-08-05,shipped,marketplace,paypal
4858,580.0,2023-07-27,created,app,tarjeta
4859,270.0,2023-03-03,delivered,web,contrareembolso
4860,537.0,2025-05-24,delivered,app,transferencia
4861,1629.0,2024-08-06,cancelled,marketplace,transferencia
4862,2341.0,2024-11-07,paid,app,paypal
4863,1246.0,2024-07-14,delivered,app,paypal
4864,2276.0,2023-12-29,cancelled,marketplace,tarjeta
4865,1443.0,2023-08-10,delivered,web,tarjeta
4866,1932.0,2024-04-14,cancelled,app,paypal
4867,2686.0,2024-05-22,shipped,app,paypal
4868,970.0,2025-09-22,delivered,app,tarjeta
4869,1696.0,2025-10-28,delivered,web,transferencia
4870,1090.0,2024-10-03,delivered,app,paypal
4871,3003.0,2023-08-14,delivered,app,contrareembolso
4872,776.0,2025-06-15,delivered,app,transferencia
4873,2350.0,2025-08-07,delivered,app,paypal
4874,2196.0,2025-06-19,delivered,marketplace,tarjeta
4875,1565.0,2025-07-07,delivered,marketplace,tarjeta
4876,971.0,2024-03-30,paid,marketplace,contrareembolso
4877,1542.0,2023-08-04,delivered,web,contrareembolso
4878,1379.0,2024-10-31,delivered,marketplace,tarjeta
4879,2833.0,2023-08-24,shipped,app,paypal
4880,1421.0,2024-04-20,delivered,marketplace,transferencia
4881,1858.0,2025-02-27,delivered,app,tarjeta
4882,2423.0,2023-08-28,delivered,marketplace,transferencia
4883,24.0,2023-04-12,shipped,app,tarjeta
4884,1997.0,2024-11-14,delivered,app,paypal
4885,498.0,2024-07-29,created,marketplace,transferencia
4886,12.0,2024-02-25,delivered,marketplace,paypal
4887,2518.0,2024-07-31,cancelled,web,transferencia
4888,1504.0,2024-03-29,delivered,marketplace,paypal
4889,2693.0,2025-12-27,delivered,web,paypal
4890,211.0,2023-10-02,delivered,web,transferencia
4891,2411.0,2024-04-27,delivered,web,transferencia
4892,1620.0,2024-10-09,refunded,marketplace,transferencia
4893,2114.0,2025-11-28,refunded,app,tarjeta
4894,1192.0,2024-02-01,delivered,web,contrareembolso
4895,797.0,2023-07-22,shipped,web,transferencia
4896,2121.0,2025-09-14,delivered,marketplace,paypal
4897,2650.0,2024-03-02,cancelled,app,paypal
4898,1158.0,2023-11-23,delivered,web,transferencia
4899,2030.0,2023-03-13,paid,marketplace,transferencia
4900,509.0,2024-08-05,delivered,marketplace,tarjeta
4901,2576.0,2024-01-31,delivered,app,transferencia
4902,1529.0,2023-07-05,delivered,app,paypal
4903,2444.0,2025-02-15,delivered,web,contrareembolso
4904,1736.0,2024-05-26,delivered,marketplace,contrareembolso
4905,1833.0,2025-05-01,delivered,marketplace,tarjeta
4906,1749.0,2025-05-04,delivered,web,contrareembolso
4907,231.0,2023-02-12,delivered,web,paypal
4908,2134.0,2025-10-11,delivered,app,paypal
4909,829.0,2025-04-21,delivered,web,transferencia
4910,1143.0,2024-09-09,delivered,app,tarjeta
4911,2311.0,2025-01-12,delivered,web,paypal
4912,240.0,2024-01-30,delivered,web,tarjeta
4913,2580.0,2025-09-22,created,app,tarjeta
4914,1394.0,2025-02-16,delivered,web,paypal
4915,2813.0,2023-12-02,delivered,marketplace,tarjeta
4916,1081.0,2025-05-30,created,app,tarjeta
4917,1478.0,2024-02-22,delivered,web,tarjeta
4918,2997.0,2024-12-02,delivered,marketplace,transferencia
4919,1330.0,2023-04-04,delivered,marketplace,tarjeta
4920,2479.0,2023-02-23,delivered,marketplace,transferencia
4921,2077.0,2023-05-30,delivered,marketplace,tarjeta
4922,1464.0,2023-09-23,refunded,web,tarjeta
4923,1320.0,2023-10-31,delivered,web,paypal
4924,1310.0,2024-05-02,delivered,web,contrareembolso
4925,1531.0,2025-04-06,delivered,web,tarjeta
4926,1973.0,2024-03-13,refunded,marketplace,tarjeta
4927,137.0,2024-01-11,shipped,app,tarjeta
4928,2457.0,2023-07-04,delivered,web,paypal
4929,1289.0,2023-02-12,delivered,web,contrareembolso
4930,1803.0,2025-06-10,delivered,marketplace,paypal
4931,1728.0,2023-03-14,shipped,app,transferencia
4932,2986.0,2025-11-30,delivered,web,transferencia
4933,91.0,2025-11-22,delivered,web,contrareembolso
4934,626.0,2024-11-13,cancelled,app,paypal
4935,2071.0,2025-05-19,delivered,web,contrareembolso
4936,1327.0,2024-01-24,delivered,marketplace,tarjeta
4937,2038.0,2024-08-21,delivered,app,contrareembolso
4938,2884.0,2024-09-03,delivered,web,contrareembolso
4939,2747.0,2025-12-20,delivered,web,tarjeta
4940,2347.0,2023-04-07,delivered,marketplace,tarjeta
4941,875.0,2025-08-05,delivered,marketplace,transferencia
4942,2604.0,2025-02-01,delivered,app,tarjeta
4943,1416.0,2023-10-10,delivered,web,transferencia
4944,1221.0,2023-02-16,refunded,marketplace,paypal
4945,2366.0,2023-03-25,created,app,contrareembolso
4946,602.0,2023-09-02,cancelled,marketplace,contrareembolso
4947,2398.0,2023-09-26,delivered,app,tarjeta
4948,1897.0,2025-02-19,delivered,web,transferencia
4949,1977.0,2025-07-12,delivered,marketplace,transferencia
4950,551.0,2025-02-12,delivered,app,tarjeta
4951,2634.0,2023-08-19,delivered,marketplace,contrareembolso
4952,1848.0,2023-01-18,delivered,marketplace,paypal
4953,2216.0,2024-01-19,delivered,marketplace,contrareembolso
4954,483.0,2023-08-14,delivered,marketplace,tarjeta
4955,688.0,2023-01-27,delivered,app,tarjeta
4956,1013.0,2024-05-26,delivered,web,transferencia
4957,276.0,2025-05-14,refunded,web,contrareembolso
4958,2075.0,2025-09-19,paid,marketplace,paypal
4959,362.0,2025-03-25,delivered,web,contrareembolso
4960,2291.0,2024-08-27,delivered,web,contrareembolso
4961,840.0,2023-09-15,shipped,marketplace,tarjeta
4962,651.0,2023-08-16,shipped,web,transferencia
4963,1291.0,2023-09-13,delivered,marketplace,paypal
4964,1163.0,2024-12-15,delivered,marketplace,contrareembolso
4965,1193.0,2024-03-20,delivered,marketplace,transferencia
4966,94.0,2023-03-12,delivered,web,transferencia
4967,416.0,2023-06-14,delivered,marketplace,tarjeta
4968,1241.0,2023-01-03,delivered,marketplace,tarjeta
4969,472.0,2023-03-07,shipped,marketplace,contrareembolso
4970,129.0,2025-07-09,shipped,app,paypal
4971,1898.0,2024-08-28,delivered,marketplace,contrareembolso
4972,2221.0,2023-11-20,delivered,web,paypal
4973,1854.0,2025-11-25,cancelled,marketplace,transferencia
4974,2939.0,2023-02-07,delivered,app,tarjeta
4975,1158.0,2025-10-19,delivered,web,paypal
4976,1507.0,2023-11-06,delivered,app,contrareembolso
4977,602.0,2024-06-17,delivered,app,contrareembolso
4978,2303.0,2025-05-27,shipped,web,transferencia
4979,454.0,2023-07-29,delivered,marketplace,tarjeta
4980,1062.0,2025-08-07,refunded,marketplace,contrareembolso
4981,268.0,2025-03-28,delivered,web,contrareembolso
4982,2067.0,2024-04-26,delivered,app,tarjeta
4983,807.0,2023-09-25,shipped,app,contrareembolso
4984,497.0,2023-03-18,delivered,marketplace,paypal
4985,2279.0,2023-04-08,shipped,app,contrareembolso
4986,2782.0,2024-12-27,refunded,web,contrareembolso
4987,2895.0,2023-01-05,delivered,web,tarjeta
4988,571.0,2025-01-02,refunded,web,contrareembolso
4989,986.0,2025-07-05,paid,app,tarjeta
4990,884.0,2025-10-27,delivered,marketplace,contrareembolso
4991,883.0,2023-04-29,shipped,web,tarjeta
4992,781.0,2023-08-23,paid,app,contrareembolso
4993,523.0,2024-07-14,delivered,app,contrareembolso
4994,884.0,2023-08-29,delivered,app,transferencia
4995,1950.0,2025-05-09,delivered,app,contrareembolso
4996,388.0,2023-12-10,delivered,app,contrareembolso
4997,2429.0,2024-02-22,paid,app,contrareembolso
4998,2261.0,2025-09-20,shipped,marketplace,contrareembolso
4999,1066.0,2024-02-17,delivered,app,tarjeta
5000,2945.0,2023-08-17,paid,app,transferencia
5001,,2024-06-17,delivered,web,paypal
5002,1196.0,2025-06-23,delivered,web,tarjeta
5003,1112.0,2023-03-09,delivered,web,tarjeta
5004,2708.0,2024-10-03,delivered,marketplace,paypal
5005,1886.0,2024-07-04,delivered,marketplace,paypal
5006,1676.0,2025-08-14,delivered,app,contrareembolso
5007,399.0,2024-07-14,shipped,marketplace,paypal
5008,2167.0,2025-07-22,refunded,marketplace,transferencia
5009,2925.0,2025-12-03,delivered,app,tarjeta
5010,1108.0,2023-04-18,delivered,marketplace,contrareembolso
5011,1464.0,2025-03-04,refunded,web,paypal
5012,2223.0,2023-05-22,delivered,web,contrareembolso
5013,2290.0,2023-10-12,delivered,app,contrareembolso
5014,1177.0,2024-02-14,delivered,marketplace,tarjeta
5015,1044.0,2023-07-16,refunded,app,transferencia
5016,1577.0,2024-09-22,delivered,marketplace,contrareembolso
5017,1288.0,2024-03-12,shipped,app,contrareembolso
5018,2933.0,2023-10-08,delivered,marketplace,tarjeta
5019,333.0,2025-10-04,delivered,web,transferencia
5020,1016.0,2024-12-07,delivered,app,paypal
5021,143.0,2025-03-02,delivered,web,contrareembolso
5022,2346.0,2024-06-02,delivered,marketplace,transferencia
5023,1479.0,2025-09-21,delivered,marketplace,tarjeta
5024,2346.0,2025-11-20,refunded,web,transferencia
5025,733.0,2025-12-12,delivered,web,paypal
5026,2205.0,2025-05-15,delivered,web,paypal
5027,1070.0,2023-07-29,delivered,marketplace,transferencia
5028,2182.0,2025-04-28,created,app,tarjeta
5029,153.0,2023-12-06,delivered,app,contrareembolso
5030,128.0,2025-07-18,shipped,web,tarjeta
5031,667.0,2025-07-29,delivered,web,paypal
5032,2588.0,2025-07-05,paid,app,paypal
5033,2694.0,2023-04-26,delivered,marketplace,transferencia
5034,1871.0,2023-04-11,delivered,marketplace,tarjeta
5035,151.0,2025-01-03,delivered,marketplace,contrareembolso
5036,1023.0,2024-05-13,delivered,app,contrareembolso
5037,1148.0,2024-06-28,cancelled,marketplace,paypal
5038,1744.0,2024-09-11,delivered,marketplace,paypal
5039,675.0,2025-09-29,delivered,marketplace,paypal
5040,2971.0,2023-06-15,delivered,marketplace,contrareembolso
5041,1049.0,2025-05-09,shipped,marketplace,transferencia
5042,687.0,2024-01-30,delivered,app,transferencia
5043,2085.0,2024-06-07,delivered,marketplace,paypal
5044,735.0,2025-12-12,delivered,web,transferencia
5045,73.0,2024-12-09,delivered,app,transferencia
5046,1242.0,2024-02-17,delivered,marketplace,tarjeta
5047,2073.0,2025-09-04,delivered,app,paypal
5048,1037.0,2025-08-10,delivered,app,transferencia
5049,1175.0,2024-06-02,delivered,marketplace,tarjeta
5050,1761.0,2024-04-16,delivered,app,paypal
5051,2561.0,2024-06-29,delivered,web,tarjeta
5052,2915.0,2023-02-24,delivered,web,transferencia
5053,1391.0,2024-05-13,shipped,app,contrareembolso
5054,1968.0,2023-02-08,delivered,app,paypal
5055,21.0,2025-03-03,shipped,marketplace,transferencia
5056,803.0,2024-03-18,shipped,web,transferencia
5057,467.0,2025-04-21,delivered,app,paypal
5058,665.0,2025-07-01,delivered,web,tarjeta
5059,2463.0,2024-07-19,delivered,marketplace,transferencia
5060,365.0,2025-03-24,delivered,web,contrareembolso
5061,2217.0,2024-03-08,cancelled,app,paypal
5062,1168.0,2023-02-06,delivered,app,transferencia
5063,2029.0,2023-02-22,refunded,app,paypal
5064,1455.0,2024-01-27,delivered,app,tarjeta
5065,2219.0,2023-07-31,delivered,web,paypal
5066,324.0,2025-03-01,paid,app,contrareembolso
5067,276.0,2024-07-04,delivered,app,contrareembolso
5068,2654.0,2024-09-06,shipped,app,contrareembolso
5069,1133.0,2025-06-10,delivered,app,contrareembolso
5070,272.0,2024-11-25,delivered,app,tarjeta
5071,469.0,2023-09-26,created,web,transferencia
5072,2658.0,2023-05-11,delivered,web,tarjeta
5073,1726.0,2025-06-02,delivered,web,tarjeta
5074,909.0,2025-11-16,delivered,marketplace,paypal
5075,1788.0,2025-04-18,delivered,app,tarjeta
5076,2306.0,2025-05-13,delivered,app,contrareembolso
5077,43.0,2023-04-22,delivered,marketplace,tarjeta
5078,244.0,2023-05-22,paid,marketplace,transferencia
5079,750.0,2024-10-02,delivered,web,tarjeta
5080,1157.0,2023-02-09,delivered,app,contrareembolso
5081,2765.0,2023-09-27,refunded,web,contrareembolso
5082,2928.0,2025-04-27,delivered,web,transferencia
5083,2845.0,2025-12-04,delivered,marketplace,transferencia
5084,2990.0,2025-04-25,delivered,app,paypal
5085,2153.0,2023-05-09,delivered,marketplace,transferencia
5086,1787.0,2025-12-07,shipped,marketplace,tarjeta
5087,2694.0,2024-08-24,delivered,marketplace,tarjeta
5088,655.0,2025-06-25,cancelled,web,paypal
5089,1190.0,2025-06-04,delivered,marketplace,tarjeta
5090,2484.0,2023-03-31,delivered,app,tarjeta
5091,1082.0,2024-05-25,delivered,web,tarjeta
5092,2665.0,2024-09-03,shipped,web,paypal
5093,1578.0,2023-03-08,delivered,web,transferencia
5094,436.0,2025-01-16,delivered,web,tarjeta
5095,2497.0,2024-08-27,delivered,marketplace,contrareembolso
5096,303.0,2025-06-23,shipped,app,transferencia
5097,354.0,2024-12-18,delivered,app,tarjeta
5098,2150.0,2023-02-20,delivered,web,paypal
5099,1723.0,2024-02-14,delivered,web,paypal
5100,2640.0,2023-05-12,delivered,marketplace,transferencia
5101,1937.0,2026-04-08,delivered,marketplace,transferencia
5102,143.0,2025-04-10,cancelled,web,tarjeta
5103,318.0,2024-12-31,delivered,app,contrareembolso
5104,1479.0,2024-07-22,delivered,app,transferencia
5105,924.0,2023-07-12,shipped,app,paypal
5106,685.0,2023-07-17,paid,marketplace,transferencia
5107,1321.0,2025-05-10,delivered,web,paypal
5108,1704.0,2025-07-20,delivered,web,paypal
5109,1292.0,2024-05-05,delivered,app,transferencia
5110,1649.0,2023-05-21,delivered,app,contrareembolso
5111,927.0,2023-10-23,delivered,web,contrareembolso
5112,2135.0,2023-09-23,delivered,app,contrareembolso
5113,1816.0,2024-05-20,shipped,marketplace,transferencia
5114,485.0,2025-03-16,delivered,app,transferencia
5115,2839.0,2025-05-19,delivered,marketplace,paypal
5116,2375.0,2025-06-29,cancelled,marketplace,contrareembolso
5117,920.0,2023-07-06,shipped,web,paypal
5118,416.0,2023-01-02,delivered,web,paypal
5119,811.0,2023-10-16,refunded,web,transferencia
5120,1452.0,2023-05-31,delivered,app,contrareembolso
5121,2904.0,2025-02-01,delivered,web,paypal
5122,194.0,2025-09-03,delivered,marketplace,paypal
5123,413.0,2025-10-20,delivered,marketplace,transferencia
5124,2643.0,2024-11-18,cancelled,marketplace,paypal
5125,1366.0,2025-09-17,paid,marketplace,paypal
5126,1670.0,2025-08-18,delivered,web,tarjeta
5127,90.0,2024-12-27,cancelled,app,tarjeta
5128,928.0,2023-04-29,created,web,contrareembolso
5129,682.0,2023-05-26,shipped,marketplace,paypal
5130,2401.0,2025-01-29,delivered,app,tarjeta
5131,2285.0,2023-08-23,delivered,web,tarjeta
5132,2227.0,2023-09-03,shipped,web,transferencia
5133,2563.0,2025-03-13,created,marketplace,contrareembolso
5134,1782.0,2023-10-01,delivered,web,transferencia
5135,1988.0,2024-01-12,delivered,app,tarjeta
5136,2695.0,2024-06-22,paid,marketplace,tarjeta
5137,459.0,2025-11-10,delivered,web,transferencia
5138,2464.0,2025-04-07,delivered,app,transferencia
5139,1039.0,2025-09-08,delivered,app,paypal
5140,1230.0,2025-09-19,delivered,app,paypal
5141,364.0,2024-10-22,delivered,app,paypal
5142,2885.0,2024-01-14,delivered,app,paypal
5143,2690.0,2025-07-15,shipped,web,contrareembolso
5144,2667.0,2023-12-14,delivered,app,tarjeta
5145,1648.0,2023-06-19,paid,web,transferencia
5146,843.0,2025-05-22,delivered,web,paypal
5147,2433.0,2024-07-20,delivered,app,paypal
5148,2101.0,2024-11-09,delivered,web,paypal
5149,2642.0,2024-01-17,delivered,web,tarjeta
5150,1855.0,2023-07-15,refunded,web,tarjeta
5151,879.0,2023-02-16,delivered,app,transferencia
5152,1901.0,2024-10-03,shipped,app,tarjeta
5153,650.0,2023-03-12,shipped,web,paypal
5154,1407.0,2023-08-01,delivered,marketplace,paypal
5155,1828.0,2024-01-14,paid,app,transferencia
5156,1946.0,2024-01-25,delivered,app,paypal
5157,1681.0,2025-09-22,refunded,marketplace,contrareembolso
5158,680.0,2024-10-22,shipped,app,tarjeta
5159,2759.0,2023-12-13,shipped,app,tarjeta
5160,2217.0,2023-09-22,delivered,app,paypal
5161,574.0,2023-08-09,paid,marketplace,transferencia
5162,1106.0,2024-04-09,delivered,app,tarjeta
5163,2660.0,2023-08-02,delivered,web,tarjeta
5164,2353.0,2025-08-06,delivered,app,contrareembolso
5165,1516.0,2024-06-16,created,marketplace,contrareembolso
5166,1144.0,2023-09-04,cancelled,web,tarjeta
5167,953.0,2025-02-19,paid,app,contrareembolso
5168,930.0,2025-06-14,delivered,marketplace,tarjeta
5169,1137.0,2025-09-14,delivered,app,paypal
5170,1338.0,2025-04-10,delivered,marketplace,transferencia
5171,1279.0,2024-05-01,cancelled,marketplace,tarjeta
5172,240.0,2024-11-12,delivered,app,paypal
5173,2275.0,2023-09-26,delivered,web,contrareembolso
5174,2967.0,2025-06-28,paid,marketplace,paypal
5175,2390.0,2024-10-04,shipped,web,paypal
5176,1491.0,2025-03-18,delivered,app,transferencia
5177,2886.0,2023-10-14,delivered,app,tarjeta
5178,2475.0,2024-11-03,created,web,paypal
5179,2314.0,2025-06-27,delivered,web,transferencia
5180,1183.0,2024-02-14,cancelled,app,transferencia
5181,2520.0,2024-01-14,cancelled,web,contrareembolso
5182,2071.0,2023-08-14,delivered,app,paypal
5183,2522.0,2023-08-14,delivered,app,transferencia
5184,2902.0,2025-05-09,cancelled,app,transferencia
5185,130.0,2024-05-06,delivered,web,contrareembolso
5186,2169.0,2024-11-12,delivered,web,tarjeta
5187,2421.0,2024-03-24,refunded,app,transferencia
5188,1653.0,2023-11-05,delivered,marketplace,tarjeta
5189,142.0,2024-06-12,delivered,app,tarjeta
5190,2721.0,2023-01-05,delivered,marketplace,paypal
5191,51.0,2023-01-13,delivered,marketplace,paypal
5192,1986.0,2024-07-31,delivered,marketplace,tarjeta
5193,2168.0,2025-08-03,delivered,web,paypal
5194,904.0,2023-08-20,delivered,app,contrareembolso
5195,2715.0,2025-10-30,delivered,marketplace,paypal
5196,2248.0,2025-07-19,delivered,app,tarjeta
5197,2767.0,2024-06-25,delivered,marketplace,paypal
5198,1484.0,2025-03-12,delivered,app,tarjeta
5199,602.0,2023-12-30,delivered,app,paypal
5200,414.0,2023-04-12,cancelled,marketplace,transferencia
5201,1564.0,2023-09-18,delivered,marketplace,contrareembolso
5202,634.0,2023-11-07,delivered,marketplace,tarjeta
5203,128.0,2023-06-02,delivered,web,tarjeta
5204,1344.0,2025-02-08,created,web,paypal
5205,2088.0,2024-10-22,delivered,marketplace,paypal
5206,898.0,2025-01-11,paid,app,tarjeta
5207,2102.0,2023-05-12,delivered,app,contrareembolso
5208,1371.0,2025-11-14,delivered,app,paypal
5209,2290.0,2024-09-03,paid,web,transferencia
5210,537.0,2023-01-03,delivered,marketplace,tarjeta
5211,1746.0,2025-01-18,delivered,app,transferencia
5212,774.0,2025-02-07,delivered,app,paypal
5213,898.0,2023-07-18,shipped,app,transferencia
5214,2730.0,2023-03-03,delivered,marketplace,paypal
5215,2573.0,2023-06-18,shipped,app,paypal
5216,127.0,2024-04-17,delivered,web,paypal
5217,1909.0,2023-03-19,delivered,web,contrareembolso
5218,836.0,2024-10-04,delivered,marketplace,transferencia
5219,515.0,2024-07-09,paid,web,paypal
5220,174.0,2023-08-10,shipped,web,transferencia
5221,2602.0,2023-10-29,delivered,app,transferencia
5222,2019.0,2023-06-17,paid,marketplace,transferencia
5223,2003.0,,delivered,web,transferencia
5224,236.0,2025-12-15,delivered,web,transferencia
5225,2397.0,2023-11-04,paid,marketplace,transferencia
5226,2897.0,2024-04-14,refunded,web,transferencia
5227,1390.0,2023-07-10,delivered,web,transferencia
5228,1013.0,2025-11-02,paid,marketplace,contrareembolso
5229,2242.0,2025-03-31,delivered,web,contrareembolso
5230,764.0,2025-10-08,delivered,app,transferencia
5231,204.0,2024-08-06,delivered,web,tarjeta
5232,2497.0,2023-11-20,delivered,app,contrareembolso
5233,2691.0,2023-02-20,refunded,app,contrareembolso
5234,2052.0,2023-09-28,delivered,web,contrareembolso
5235,399.0,2023-08-06,delivered,marketplace,contrareembolso
5236,377.0,2024-09-23,delivered,marketplace,contrareembolso
5237,2699.0,2024-02-28,delivered,marketplace,contrareembolso
5238,1737.0,2025-02-13,delivered,marketplace,contrareembolso
5239,2633.0,2024-04-03,delivered,web,tarjeta
5240,338.0,2024-01-19,delivered,app,transferencia
5241,2819.0,2024-07-26,delivered,app,tarjeta
5242,2969.0,2025-12-25,delivered,marketplace,tarjeta
5243,2430.0,2023-07-19,delivered,web,tarjeta
5244,2052.0,2023-04-15,delivered,app,contrareembolso
5245,2571.0,2024-09-18,shipped,app,transferencia
5246,1329.0,2025-03-23,delivered,app,contrareembolso
5247,933.0,2023-02-28,paid,app,tarjeta
5248,348.0,2025-11-24,cancelled,app,tarjeta
5249,323.0,2025-09-08,delivered,web,tarjeta
5250,2720.0,2023-03-11,delivered,app,tarjeta
5251,438.0,2023-03-10,created,web,contrareembolso
5252,1688.0,2025-12-07,delivered,marketplace,contrareembolso
5253,532.0,2023-07-09,paid,marketplace,contrareembolso
5254,121.0,2025-09-15,delivered,app,tarjeta
5255,280.0,2024-11-06,delivered,web,transferencia
5256,2317.0,2024-08-16,refunded,web,contrareembolso
5257,1856.0,2023-03-23,paid,app,paypal
5258,961.0,2024-03-13,delivered,web,transferencia
5259,229.0,2024-01-29,delivered,web,tarjeta
5260,1243.0,2024-03-20,delivered,web,transferencia
5261,2004.0,2025-10-07,delivered,marketplace,tarjeta
5262,2535.0,2024-12-26,delivered,marketplace,tarjeta
5263,1106.0,2025-12-23,delivered,web,transferencia
5264,1515.0,2023-12-25,shipped,web,contrareembolso
5265,2830.0,2023-06-21,refunded,app,contrareembolso
5266,560.0,2025-02-15,delivered,app,paypal
5267,2413.0,2024-09-16,delivered,app,transferencia
5268,2108.0,2025-02-11,delivered,marketplace,transferencia
5269,2353.0,2024-01-15,delivered,web,paypal
5270,323.0,2025-12-05,paid,marketplace,tarjeta
5271,1719.0,2025-06-09,paid,app,paypal
5272,267.0,2024-10-17,delivered,app,tarjeta
5273,2079.0,2023-08-25,delivered,app,contrareembolso
5274,536.0,2023-10-14,shipped,marketplace,tarjeta
5275,681.0,2023-04-03,cancelled,web,tarjeta
5276,1389.0,2025-03-30,cancelled,web,paypal
5277,1578.0,2025-05-29,refunded,web,transferencia
5278,1066.0,2024-07-09,delivered,marketplace,contrareembolso
5279,1723.0,2024-01-01,delivered,web,paypal
5280,2489.0,2025-08-25,shipped,web,transferencia
5281,2321.0,2023-12-08,delivered,app,tarjeta
5282,2639.0,2023-08-23,delivered,web,tarjeta
5283,2559.0,2023-06-13,delivered,app,transferencia
5284,700.0,2025-07-05,paid,marketplace,tarjeta
5285,1799.0,2025-05-09,delivered,app,transferencia
5286,1709.0,2024-07-20,delivered,marketplace,tarjeta
5287,2516.0,2024-01-02,delivered,app,contrareembolso
5288,2448.0,2023-03-20,delivered,app,tarjeta
5289,1327.0,2025-03-28,delivered,marketplace,paypal
5290,2282.0,2025-09-26,cancelled,app,contrareembolso
5291,2452.0,2024-04-12,shipped,web,paypal
5292,590.0,2025-07-14,created,marketplace,contrareembolso
5293,148.0,2025-12-16,delivered,web,tarjeta
5294,1174.0,2024-02-25,refunded,app,transferencia
5295,575.0,2024-04-10,delivered,marketplace,tarjeta
5296,1167.0,2025-10-06,delivered,web,transferencia
5297,313.0,2023-06-11,refunded,web,contrareembolso
5298,1195.0,2023-09-15,delivered,app,contrareembolso
5299,196.0,2025-09-30,shipped,web,tarjeta
5300,2216.0,2023-01-17,refunded,marketplace,tarjeta
5301,1686.0,2025-08-05,delivered,marketplace,transferencia
5302,1583.0,2025-09-24,delivered,app,transferencia
5303,1961.0,2023-05-23,delivered,web,paypal
5304,2681.0,2023-11-05,delivered,marketplace,paypal
5305,716.0,2024-07-29,delivered,web,paypal
5306,469.0,2024-07-21,delivered,marketplace,paypal
5307,1529.0,2024-03-27,shipped,web,transferencia
5308,895.0,2024-01-28,delivered,marketplace,transferencia
5309,1187.0,2025-04-22,cancelled,web,contrareembolso
5310,1951.0,2024-10-15,delivered,marketplace,transferencia
5311,765.0,2025-02-08,delivered,app,contrareembolso
5312,802.0,2023-01-30,delivered,app,contrareembolso
5313,1550.0,2025-12-12,delivered,web,contrareembolso
5314,1079.0,2023-04-25,delivered,web,paypal
5315,1581.0,2023-03-07,shipped,app,contrareembolso
5316,2968.0,2023-01-10,delivered,marketplace,tarjeta
5317,564.0,2023-01-24,delivered,app,paypal
5318,1825.0,2024-06-21,delivered,marketplace,contrareembolso
5319,2747.0,2024-08-05,delivered,web,contrareembolso
5320,390.0,2025-08-19,delivered,web,contrareembolso
5321,187.0,2023-12-20,delivered,app,tarjeta
5322,2578.0,2024-05-12,delivered,web,paypal
5323,7.0,2025-09-19,cancelled,web,tarjeta
5324,702.0,2024-05-17,delivered,marketplace,tarjeta
5325,2549.0,2025-03-23,delivered,app,tarjeta
5326,864.0,2023-08-26,shipped,web,contrareembolso
5327,571.0,2025-08-05,delivered,marketplace,tarjeta
5328,1280.0,2025-05-12,delivered,marketplace,tarjeta
5329,2448.0,2025-02-11,shipped,app,tarjeta
5330,1217.0,2023-07-19,shipped,web,paypal
5331,1429.0,2023-05-16,delivered,app,contrareembolso
5332,2393.0,2023-11-14,shipped,marketplace,tarjeta
5333,18.0,2025-08-19,paid,web,contrareembolso
5334,2728.0,2024-07-26,shipped,web,contrareembolso
5335,2309.0,2023-08-09,paid,app,tarjeta
5336,2345.0,2024-04-15,paid,marketplace,contrareembolso
5337,1049.0,2023-10-30,delivered,app,tarjeta
5338,1372.0,2023-03-21,cancelled,app,contrareembolso
5339,1013.0,2023-06-25,delivered,web,paypal
5340,1707.0,2024-12-08,delivered,web,transferencia
5341,1818.0,2025-11-07,delivered,web,tarjeta
5342,2742.0,2025-10-21,delivered,app,tarjeta
5343,997.0,2023-10-28,delivered,marketplace,transferencia
5344,1237.0,2024-09-03,refunded,marketplace,tarjeta
5345,333.0,2024-09-13,delivered,app,contrareembolso
5346,505.0,2025-03-26,delivered,web,transferencia
5347,2992.0,2023-02-17,delivered,app,tarjeta
5348,411.0,2025-03-28,delivered,marketplace,transferencia
5349,1057.0,2025-03-19,cancelled,web,contrareembolso
5350,2125.0,2024-09-20,delivered,marketplace,transferencia
5351,526.0,2025-06-29,delivered,app,transferencia
5352,2677.0,2023-10-14,delivered,marketplace,contrareembolso
5353,2417.0,,delivered,app,paypal
5354,2016.0,2024-02-25,delivered,web,paypal
5355,1677.0,2024-04-14,cancelled,web,tarjeta
5356,1126.0,2023-05-19,delivered,app,tarjeta
5357,1854.0,2024-11-08,delivered,app,contrareembolso
5358,341.0,2023-06-13,created,marketplace,contrareembolso
5359,2966.0,2023-02-21,delivered,marketplace,tarjeta
5360,3018.0,2024-03-15,delivered,app,transferencia
5361,744.0,2023-10-18,delivered,app,transferencia
5362,2550.0,2025-05-09,delivered,app,tarjeta
5363,2679.0,2024-06-07,delivered,web,paypal
5364,1911.0,2023-03-03,created,marketplace,contrareembolso
5365,869.0,2023-01-05,delivered,app,tarjeta
5366,855.0,2023-02-22,delivered,web,tarjeta
5367,1229.0,2025-11-18,shipped,web,paypal
5368,2138.0,2024-03-28,delivered,app,contrareembolso
5369,230.0,2024-11-11,paid,web,tarjeta
5370,2793.0,2025-08-19,delivered,web,tarjeta
5371,2246.0,2025-02-26,paid,web,paypal
5372,2883.0,2025-05-14,delivered,app,tarjeta
5373,1013.0,2025-11-25,delivered,web,tarjeta
5374,1908.0,2024-08-22,delivered,web,transferencia
5375,753.0,2024-09-22,shipped,web,paypal
5376,2553.0,2024-01-25,delivered,marketplace,paypal
5377,1463.0,2023-09-21,delivered,app,paypal
5378,2116.0,2024-01-22,delivered,app,tarjeta
5379,2961.0,2024-03-23,delivered,marketplace,contrareembolso
5380,2010.0,2025-01-01,delivered,app,transferencia
5381,648.0,2024-02-24,delivered,web,contrareembolso
5382,242.0,2024-11-28,delivered,web,contrareembolso
5383,2800.0,2023-04-07,created,app,paypal
5384,1213.0,2024-10-23,delivered,marketplace,transferencia
5385,2035.0,2025-11-19,delivered,app,transferencia
5386,145.0,2024-10-06,cancelled,web,paypal
5387,2559.0,2025-09-15,delivered,app,contrareembolso
5388,2734.0,2024-08-25,delivered,web,paypal
5389,1663.0,2023-10-26,paid,marketplace,tarjeta
5390,208.0,2024-07-11,delivered,app,contrareembolso
5391,1333.0,2024-01-08,cancelled,app,contrareembolso
5392,170.0,2025-12-18,delivered,app,paypal
5393,1378.0,2024-09-21,delivered,app,tarjeta
5394,3000.0,2024-10-25,delivered,web,contrareembolso
5395,457.0,2024-10-04,shipped,web,transferencia
5396,2626.0,2023-05-20,delivered,web,transferencia
5397,450.0,2024-02-17,delivered,app,paypal
5398,1490.0,2024-06-08,shipped,web,transferencia
5399,2238.0,2024-07-13,refunded,web,paypal
5400,1011.0,2023-07-06,refunded,app,paypal
5401,1396.0,2023-08-04,delivered,marketplace,paypal
5402,1266.0,2024-01-03,delivered,app,contrareembolso
5403,2612.0,2023-11-30,paid,web,paypal
5404,620.0,2025-08-13,delivered,marketplace,transferencia
5405,550.0,2024-04-08,delivered,app,contrareembolso
5406,577.0,2024-09-27,refunded,web,tarjeta
5407,1410.0,2023-04-17,delivered,marketplace,contrareembolso
5408,2630.0,2025-11-24,delivered,web,tarjeta
5409,1000.0,2023-06-12,paid,marketplace,tarjeta
5410,1089.0,2025-10-19,paid,app,tarjeta
5411,989.0,2025-02-07,delivered,app,transferencia
5412,1115.0,2025-01-16,delivered,marketplace,paypal
5413,2789.0,2023-10-30,cancelled,marketplace,contrareembolso
5414,1971.0,2023-03-27,delivered,marketplace,transferencia
5415,690.0,2024-02-21,shipped,web,contrareembolso
5416,901.0,2025-08-30,refunded,web,paypal
5417,2608.0,2025-02-22,cancelled,marketplace,tarjeta
5418,2536.0,2025-08-24,delivered,web,contrareembolso
5419,2382.0,2024-11-28,shipped,app,paypal
5420,1835.0,2024-06-21,delivered,web,transferencia
5421,558.0,2023-06-21,delivered,marketplace,contrareembolso
5422,483.0,2024-01-22,delivered,app,contrareembolso
5423,1946.0,2024-10-07,delivered,app,tarjeta
5424,2693.0,2024-03-26,delivered,app,contrareembolso
5425,1830.0,2023-05-31,delivered,web,contrareembolso
5426,1834.0,2023-06-11,paid,web,transferencia
5427,910.0,2023-12-12,delivered,app,contrareembolso
5428,72.0,2024-12-30,delivered,marketplace,tarjeta
5429,1115.0,2024-09-12,delivered,web,transferencia
5430,2394.0,2023-09-30,delivered,web,contrareembolso
5431,2331.0,2024-08-17,delivered,app,tarjeta
5432,776.0,2025-10-18,delivered,marketplace,transferencia
5433,652.0,2023-10-25,delivered,marketplace,contrareembolso
5434,2778.0,2024-01-16,delivered,web,contrareembolso
5435,510.0,2023-04-12,shipped,web,contrareembolso
5436,246.0,2023-02-04,delivered,app,transferencia
5437,816.0,2024-03-10,delivered,app,tarjeta
5438,3006.0,2024-10-19,delivered,marketplace,tarjeta
5439,2314.0,2023-07-18,delivered,marketplace,transferencia
5440,2953.0,2024-06-01,cancelled,app,tarjeta
5441,2141.0,2025-08-22,delivered,app,contrareembolso
5442,2728.0,2025-01-19,shipped,marketplace,tarjeta
5443,1262.0,2024-12-31,paid,web,paypal
5444,2047.0,2024-09-23,delivered,marketplace,paypal
5445,362.0,2023-05-21,refunded,web,contrareembolso
5446,1493.0,2023-07-28,delivered,web,tarjeta
5447,1209.0,2023-09-04,delivered,web,contrareembolso
5448,2740.0,2024-10-16,cancelled,web,contrareembolso
5449,2364.0,2024-09-26,delivered,app,contrareembolso
5450,2473.0,2024-11-17,refunded,web,transferencia
5451,1779.0,2023-11-15,cancelled,web,contrareembolso
5452,924.0,2025-12-06,shipped,app,transferencia
5453,991.0,2025-10-11,shipped,web,transferencia
5454,1364.0,2024-10-09,delivered,web,contrareembolso
5455,2784.0,2023-02-26,delivered,app,tarjeta
5456,739.0,2023-11-21,delivered,web,tarjeta
5457,535.0,2025-11-07,refunded,web,tarjeta
5458,220.0,2024-10-06,cancelled,web,transferencia
5459,837.0,2023-07-22,delivered,app,contrareembolso
5460,719.0,2024-06-24,delivered,marketplace,paypal
5461,340.0,2023-08-14,delivered,marketplace,paypal
5462,2532.0,2025-03-19,delivered,app,transferencia
5463,2361.0,2024-03-14,delivered,web,transferencia
5464,373.0,2025-12-14,cancelled,web,transferencia
5465,571.0,2025-08-27,delivered,app,contrareembolso
5466,2218.0,2023-11-18,paid,app,tarjeta
5467,2068.0,2023-10-31,delivered,marketplace,tarjeta
5468,725.0,2023-10-21,delivered,app,transferencia
5469,1324.0,2025-06-27,delivered,web,contrareembolso
5470,2947.0,2024-03-30,delivered,web,tarjeta
5471,2968.0,2024-01-16,delivered,marketplace,transferencia
5472,2591.0,2023-04-23,shipped,web,contrareembolso
5473,2303.0,2023-08-01,delivered,marketplace,contrareembolso
5474,2978.0,2024-12-26,refunded,app,transferencia
5475,2088.0,2025-03-03,delivered,marketplace,paypal
5476,1102.0,2024-05-21,refunded,app,tarjeta
5477,1984.0,2025-09-13,delivered,app,tarjeta
5478,881.0,2024-07-13,delivered,web,transferencia
5479,2129.0,2025-11-16,shipped,app,transferencia
5480,978.0,2023-07-06,delivered,web,transferencia
5481,745.0,2024-01-23,paid,web,paypal
5482,100.0,2024-09-25,delivered,web,contrareembolso
5483,2415.0,2025-09-20,delivered,app,tarjeta
5484,2582.0,2024-12-29,delivered,web,paypal
5485,2989.0,2023-02-17,delivered,web,tarjeta
5486,2797.0,2023-03-22,delivered,web,tarjeta
5487,2182.0,2024-06-18,delivered,marketplace,tarjeta
5488,1109.0,2023-08-18,cancelled,marketplace,paypal
5489,203.0,2023-11-04,delivered,web,tarjeta
5490,1082.0,2025-03-05,paid,marketplace,contrareembolso
5491,2301.0,2025-12-04,delivered,app,contrareembolso
5492,1229.0,2025-07-18,shipped,app,transferencia
5493,2896.0,2025-09-07,delivered,app,transferencia
5494,731.0,2025-07-02,delivered,marketplace,paypal
5495,1276.0,2025-06-17,delivered,marketplace,paypal
5496,598.0,2023-06-01,delivered,marketplace,contrareembolso
5497,683.0,2023-03-12,delivered,app,paypal
5498,2605.0,2024-07-22,shipped,app,transferencia
5499,1346.0,2024-07-14,paid,marketplace,transferencia
5500,1193.0,2025-09-23,cancelled,marketplace,paypal
5501,1476.0,2025-12-30,cancelled,web,contrareembolso
5502,1931.0,2023-07-16,delivered,web,contrareembolso
5503,2411.0,2023-11-08,refunded,marketplace,tarjeta
5504,2872.0,2024-01-14,delivered,marketplace,tarjeta
5505,2574.0,2024-12-09,delivered,app,paypal
5506,2369.0,2025-07-18,paid,marketplace,tarjeta
5507,2684.0,2025-04-19,delivered,marketplace,contrareembolso
5508,1195.0,2025-12-03,delivered,app,transferencia
5509,2174.0,2024-05-21,delivered,marketplace,tarjeta
5510,82.0,2025-04-09,shipped,app,contrareembolso
5511,2247.0,2024-10-14,paid,web,transferencia
5512,1056.0,2023-06-19,delivered,marketplace,contrareembolso
5513,2799.0,2024-12-01,shipped,web,tarjeta
5514,1264.0,2024-05-11,cancelled,marketplace,paypal
5515,467.0,2025-06-15,paid,app,contrareembolso
5516,203.0,2025-07-18,delivered,marketplace,contrareembolso
5517,1391.0,2025-12-07,delivered,marketplace,contrareembolso
5518,963.0,2025-11-09,refunded,app,contrareembolso
5519,301.0,2024-02-14,delivered,app,paypal
5520,586.0,2024-11-13,delivered,marketplace,contrareembolso
5521,1662.0,2023-12-17,delivered,marketplace,transferencia
5522,993.0,2023-01-22,paid,web,tarjeta
5523,349.0,2024-07-09,delivered,marketplace,transferencia
5524,1095.0,2025-02-16,delivered,web,transferencia
5525,2139.0,2024-09-16,shipped,app,tarjeta
5526,1483.0,2024-09-08,cancelled,marketplace,transferencia
5527,1258.0,2025-10-21,shipped,marketplace,tarjeta
5528,492.0,2025-10-17,delivered,app,tarjeta
5529,2153.0,2025-06-14,paid,marketplace,paypal
5530,765.0,2025-03-24,created,app,transferencia
5531,1615.0,2025-05-04,delivered,marketplace,tarjeta
5532,2783.0,2023-08-23,delivered,app,paypal
5533,2432.0,2023-09-19,shipped,web,paypal
5534,822.0,2025-02-13,delivered,marketplace,transferencia
5535,177.0,2024-09-09,delivered,web,transferencia
5536,1322.0,2024-04-01,delivered,app,tarjeta
5537,2661.0,2025-02-17,shipped,marketplace,tarjeta
5538,2466.0,2025-06-28,delivered,app,contrareembolso
5539,2741.0,2025-09-05,delivered,marketplace,contrareembolso
5540,1068.0,2023-10-22,delivered,marketplace,contrareembolso
5541,736.0,2025-10-03,delivered,app,contrareembolso
5542,1521.0,2025-04-24,refunded,app,tarjeta
5543,2535.0,2025-01-19,cancelled,marketplace,contrareembolso
5544,2327.0,2023-05-01,cancelled,web,transferencia
5545,2432.0,2025-09-13,delivered,marketplace,paypal
5546,2707.0,2023-06-17,delivered,web,paypal
5547,1351.0,2023-07-28,paid,web,transferencia
5548,2286.0,2023-09-13,delivered,web,transferencia
5549,1665.0,2023-02-16,delivered,web,tarjeta
5550,1406.0,2024-12-01,cancelled,web,paypal
5551,259.0,2023-01-25,shipped,app,paypal
5552,711.0,2025-01-25,delivered,web,tarjeta
5553,2840.0,2023-02-15,delivered,app,contrareembolso
5554,813.0,2025-08-22,shipped,app,transferencia
5555,956.0,2023-09-13,delivered,app,transferencia
5556,581.0,2023-07-13,delivered,web,tarjeta
5557,2834.0,,delivered,app,contrareembolso
5558,1693.0,2025-02-10,delivered,marketplace,transferencia
5559,1612.0,2025-02-06,refunded,app,contrareembolso
5560,881.0,2023-07-09,delivered,marketplace,transferencia
5561,1320.0,2024-11-12,delivered,app,tarjeta
5562,2819.0,2025-02-19,paid,web,paypal
5563,1900.0,2024-10-17,cancelled,marketplace,contrareembolso
5564,2849.0,2024-03-01,shipped,marketplace,tarjeta
5565,966.0,2024-02-21,delivered,app,transferencia
5566,2417.0,2025-08-17,delivered,app,paypal
5567,545.0,2023-04-02,delivered,web,transferencia
5568,575.0,2024-08-11,delivered,marketplace,paypal
5569,2235.0,2025-11-25,delivered,web,paypal
5570,2048.0,2025-04-10,shipped,app,tarjeta
5571,2176.0,2023-03-30,delivered,web,paypal
5572,2039.0,2023-11-12,delivered,app,transferencia
5573,2752.0,2023-05-11,paid,app,paypal
5574,1638.0,2025-07-29,delivered,web,transferencia
5575,155.0,2025-07-24,refunded,web,tarjeta
5576,1696.0,2023-09-30,delivered,web,paypal
5577,1561.0,2024-07-30,delivered,web,paypal
5578,1915.0,2025-11-16,shipped,marketplace,transferencia
5579,1865.0,2023-10-19,delivered,web,tarjeta
5580,1202.0,2025-06-14,delivered,web,paypal
5581,540.0,2025-11-29,delivered,app,transferencia
5582,2999.0,2023-05-04,delivered,app,tarjeta
5583,1096.0,2024-12-04,cancelled,web,contrareembolso
5584,1479.0,2023-10-09,delivered,marketplace,transferencia
5585,849.0,2023-12-06,delivered,marketplace,transferencia
5586,668.0,2025-10-17,delivered,web,transferencia
5587,1541.0,2024-05-30,delivered,app,contrareembolso
5588,2367.0,2023-07-20,delivered,app,tarjeta
5589,2643.0,2023-10-07,delivered,web,tarjeta
5590,1097.0,2023-05-27,shipped,app,contrareembolso
5591,2746.0,2023-12-12,cancelled,web,tarjeta
5592,2540.0,2025-09-06,delivered,web,tarjeta
5593,400.0,2024-07-05,shipped,web,transferencia
5594,1460.0,2023-09-06,delivered,app,transferencia
5595,38.0,2025-04-21,shipped,marketplace,transferencia
5596,1782.0,2025-06-03,delivered,web,tarjeta
5597,1994.0,2024-06-13,cancelled,app,contrareembolso
5598,2828.0,2024-09-08,delivered,app,transferencia
5599,529.0,2023-11-02,delivered,web,paypal
5600,1457.0,2025-07-20,delivered,marketplace,transferencia
5601,2577.0,2024-08-27,shipped,web,paypal
5602,2563.0,2024-05-20,refunded,web,paypal
5603,1849.0,2025-09-08,delivered,web,tarjeta
5604,108.0,2023-08-07,delivered,marketplace,tarjeta
5605,1543.0,2025-07-16,delivered,web,contrareembolso
5606,1812.0,2023-06-22,delivered,app,contrareembolso
5607,1851.0,2023-12-19,delivered,marketplace,tarjeta
5608,1538.0,2023-06-23,delivered,app,contrareembolso
5609,2630.0,2024-07-21,paid,marketplace,transferencia
5610,2611.0,2023-07-27,delivered,web,paypal
5611,2278.0,2024-06-30,delivered,web,transferencia
5612,1199.0,2024-01-11,delivered,app,paypal
5613,1274.0,2023-04-30,delivered,app,tarjeta
5614,2802.0,2024-07-20,delivered,web,contrareembolso
5615,505.0,2024-08-27,shipped,app,transferencia
5616,198.0,2023-05-08,delivered,web,tarjeta
5617,819.0,2024-01-21,delivered,app,tarjeta
5618,2647.0,2025-12-01,delivered,marketplace,contrareembolso
5619,108.0,2023-10-08,delivered,marketplace,tarjeta
5620,1342.0,2024-06-27,delivered,marketplace,paypal
5621,1544.0,2024-09-07,delivered,marketplace,tarjeta
5622,3019.0,2024-01-16,delivered,marketplace,transferencia
5623,717.0,2025-02-11,delivered,web,transferencia
5624,694.0,2025-12-07,delivered,marketplace,contrareembolso
5625,677.0,2025-03-04,delivered,marketplace,tarjeta
5626,1483.0,2023-01-02,delivered,marketplace,contrareembolso
5627,2057.0,2024-11-14,refunded,marketplace,paypal
5628,1350.0,2023-09-30,delivered,app,transferencia
5629,2194.0,2023-01-25,created,web,tarjeta
5630,366.0,2024-01-16,delivered,web,contrareembolso
5631,1206.0,2023-01-14,delivered,app,transferencia
5632,1279.0,2025-11-24,cancelled,web,paypal
5633,2623.0,2025-04-12,delivered,web,paypal
5634,880.0,2024-05-15,delivered,web,transferencia
5635,77.0,2023-01-04,delivered,marketplace,tarjeta
5636,986.0,2023-09-03,delivered,web,transferencia
5637,1823.0,2023-11-14,cancelled,app,contrareembolso
5638,2381.0,2023-12-19,delivered,web,paypal
5639,2229.0,2024-12-28,created,web,transferencia
5640,2144.0,2023-06-27,delivered,app,transferencia
5641,1599.0,2024-11-28,delivered,web,contrareembolso
5642,2672.0,2024-10-18,delivered,app,paypal
5643,2999.0,2023-01-17,delivered,marketplace,tarjeta
5644,451.0,2024-09-17,delivered,web,transferencia
5645,1307.0,2023-02-20,paid,web,contrareembolso
5646,363.0,2023-11-27,paid,app,tarjeta
5647,2745.0,2023-10-16,refunded,app,contrareembolso
5648,2694.0,2025-02-24,delivered,marketplace,tarjeta
5649,1798.0,2025-08-27,delivered,marketplace,paypal
5650,2305.0,2023-05-31,delivered,marketplace,contrareembolso
5651,2083.0,,shipped,app,transferencia
5652,2303.0,2023-09-06,delivered,marketplace,transferencia
5653,1151.0,2023-12-06,delivered,web,tarjeta
5654,627.0,2023-08-21,delivered,marketplace,contrareembolso
5655,2846.0,2024-12-22,delivered,web,contrareembolso
5656,1434.0,2024-11-14,shipped,app,contrareembolso
5657,2819.0,2023-02-24,delivered,marketplace,contrareembolso
5658,2207.0,2024-10-22,delivered,web,paypal
5659,2609.0,2023-03-01,refunded,web,contrareembolso
5660,2777.0,2023-01-06,delivered,marketplace,transferencia
5661,2255.0,2024-12-22,delivered,marketplace,tarjeta
5662,491.0,2024-04-13,delivered,marketplace,transferencia
5663,1961.0,2025-11-26,shipped,app,paypal
5664,1369.0,2025-12-12,delivered,marketplace,transferencia
5665,1348.0,2023-12-16,cancelled,web,transferencia
5666,787.0,2025-09-29,delivered,app,tarjeta
5667,323.0,2024-10-30,delivered,marketplace,contrareembolso
5668,1978.0,2023-04-17,delivered,web,contrareembolso
5669,1464.0,2024-10-28,delivered,marketplace,tarjeta
5670,1787.0,2023-03-19,delivered,app,transferencia
5671,950.0,2025-12-09,paid,web,paypal
5672,2586.0,2024-01-06,delivered,marketplace,paypal
5673,1459.0,2024-03-30,delivered,marketplace,paypal
5674,2636.0,2025-10-18,delivered,web,paypal
5675,2314.0,2023-11-13,paid,marketplace,paypal
5676,1079.0,2025-09-15,cancelled,app,tarjeta
5677,106.0,2025-06-02,delivered,web,contrareembolso
5678,257.0,2023-05-29,shipped,app,paypal
5679,2989.0,2025-05-23,delivered,app,paypal
5680,2851.0,2024-10-09,delivered,marketplace,tarjeta
5681,1008.0,2023-05-05,delivered,app,tarjeta
5682,1370.0,2025-06-03,shipped,app,paypal
5683,2924.0,2025-09-03,delivered,marketplace,paypal
5684,2685.0,2024-06-25,delivered,web,contrareembolso
5685,1539.0,2024-06-29,delivered,app,contrareembolso
5686,2302.0,2023-12-20,shipped,web,contrareembolso
5687,1866.0,2023-02-28,delivered,marketplace,paypal
5688,2833.0,2024-07-18,shipped,marketplace,contrareembolso
5689,1195.0,2023-12-05,delivered,app,tarjeta
5690,218.0,2024-03-14,cancelled,marketplace,contrareembolso
5691,1095.0,2025-12-15,delivered,app,transferencia
5692,1577.0,2023-11-08,delivered,app,tarjeta
5693,1802.0,2025-12-11,delivered,app,tarjeta
5694,1438.0,2024-08-23,shipped,marketplace,tarjeta
5695,2155.0,2024-05-17,delivered,web,transferencia
5696,2977.0,2024-08-27,delivered,web,tarjeta
5697,227.0,2025-10-01,delivered,web,tarjeta
5698,491.0,2025-08-16,delivered,web,tarjeta
5699,2948.0,2023-06-14,delivered,web,contrareembolso
5700,891.0,2024-05-19,delivered,marketplace,paypal
5701,669.0,2023-03-23,shipped,app,tarjeta
5702,309.0,2025-11-03,cancelled,app,paypal
5703,2461.0,2025-09-08,delivered,marketplace,paypal
5704,1671.0,2024-04-29,delivered,web,transferencia
5705,300.0,2023-12-04,delivered,web,transferencia
5706,2461.0,2023-11-19,delivered,marketplace,transferencia
5707,1626.0,2024-05-19,delivered,marketplace,paypal
5708,695.0,2024-05-26,delivered,web,tarjeta
5709,357.0,2025-06-04,delivered,web,paypal
5710,1337.0,2025-01-07,refunded,app,tarjeta
5711,1718.0,2023-01-03,delivered,web,contrareembolso
5712,1719.0,2024-02-06,paid,web,tarjeta
5713,1847.0,2025-11-15,delivered,app,paypal
5714,2979.0,2025-07-06,shipped,app,transferencia
5715,781.0,2024-06-17,cancelled,marketplace,transferencia
5716,674.0,2023-08-25,delivered,marketplace,tarjeta
5717,1960.0,2024-01-23,delivered,marketplace,transferencia
5718,1106.0,2025-10-17,shipped,app,tarjeta
5719,2704.0,2023-11-03,delivered,web,tarjeta
5720,1873.0,2024-12-29,delivered,web,contrareembolso
5721,1735.0,2025-02-08,delivered,web,paypal
5722,1928.0,2025-03-03,delivered,web,paypal
5723,1769.0,2023-06-19,delivered,app,tarjeta
5724,1778.0,2024-02-15,paid,marketplace,transferencia
5725,808.0,2025-05-14,delivered,web,contrareembolso
5726,1332.0,2024-04-12,delivered,marketplace,transferencia
5727,2415.0,2023-06-08,delivered,web,paypal
5728,2586.0,2023-04-02,shipped,web,paypal
5729,2655.0,2025-07-03,delivered,marketplace,tarjeta
5730,520.0,2025-08-02,refunded,app,tarjeta
5731,620.0,2024-04-23,delivered,marketplace,tarjeta
5732,1381.0,2024-07-01,delivered,web,transferencia
5733,995.0,2025-02-18,delivered,app,contrareembolso
5734,2661.0,2025-10-18,delivered,app,paypal
5735,1961.0,2024-05-27,delivered,app,transferencia
5736,481.0,2023-09-22,cancelled,web,paypal
5737,988.0,2024-07-17,delivered,app,paypal
5738,2249.0,2023-06-21,delivered,app,contrareembolso
5739,2310.0,2025-08-28,delivered,marketplace,tarjeta
5740,1179.0,2024-10-17,delivered,web,paypal
5741,831.0,2024-12-04,delivered,marketplace,paypal
5742,1250.0,2025-01-13,paid,web,paypal
5743,2857.0,2025-07-05,shipped,marketplace,transferencia
5744,1831.0,2024-09-16,paid,web,paypal
5745,2534.0,2024-06-14,delivered,app,contrareembolso
5746,2747.0,2023-04-09,delivered,app,tarjeta
5747,755.0,2025-10-20,delivered,app,tarjeta
5748,2152.0,2025-04-23,delivered,marketplace,contrareembolso
5749,968.0,2025-01-16,created,web,transferencia
5750,483.0,2023-06-27,delivered,app,transferencia
5751,350.0,2023-08-22,delivered,marketplace,transferencia
5752,1012.0,2023-07-13,refunded,web,paypal
5753,2387.0,2024-09-14,shipped,web,tarjeta
5754,1296.0,2025-02-06,shipped,web,contrareembolso
5755,1558.0,2025-02-24,delivered,marketplace,contrareembolso
5756,1685.0,2023-09-23,refunded,web,paypal
5757,2104.0,2024-12-05,delivered,app,paypal
5758,273.0,2024-01-24,delivered,web,tarjeta
5759,613.0,2024-09-22,cancelled,app,paypal
5760,2937.0,2023-02-05,delivered,marketplace,paypal
5761,1634.0,2024-02-22,created,marketplace,paypal
5762,814.0,2023-08-25,shipped,marketplace,transferencia
5763,518.0,2025-08-04,delivered,marketplace,contrareembolso
5764,389.0,2025-01-30,delivered,marketplace,transferencia
5765,2797.0,2023-06-16,refunded,web,contrareembolso
5766,1838.0,2025-11-22,delivered,app,tarjeta
5767,2576.0,2023-08-20,shipped,marketplace,tarjeta
5768,625.0,2024-12-23,shipped,marketplace,transferencia
5769,1159.0,2025-06-06,paid,web,transferencia
5770,88.0,2023-06-29,delivered,marketplace,paypal
5771,1476.0,2025-08-11,delivered,web,tarjeta
5772,1489.0,2025-04-27,refunded,web,contrareembolso
5773,2023.0,2024-10-12,shipped,app,contrareembolso
5774,9.0,2024-03-22,delivered,marketplace,transferencia
5775,817.0,2023-03-31,delivered,app,transferencia
5776,566.0,2023-04-25,delivered,app,paypal
5777,750.0,2024-07-23,delivered,web,contrareembolso
5778,2053.0,2024-07-24,delivered,web,transferencia
5779,2385.0,2025-06-15,paid,marketplace,paypal
5780,1800.0,2024-12-07,refunded,web,contrareembolso
5781,2306.0,2023-12-26,delivered,web,transferencia
5782,1995.0,2023-08-14,paid,web,tarjeta
5783,913.0,2023-04-27,delivered,web,tarjeta
5784,2487.0,2024-02-17,delivered,web,paypal
5785,1808.0,2025-12-24,delivered,app,tarjeta
5786,2265.0,2025-03-27,delivered,marketplace,transferencia
5787,931.0,2024-10-09,delivered,web,transferencia
5788,2697.0,2023-12-12,delivered,web,contrareembolso
5789,2393.0,2025-07-29,shipped,web,contrareembolso
5790,686.0,2024-07-16,delivered,web,tarjeta
5791,295.0,2025-12-26,delivered,marketplace,tarjeta
5792,2742.0,2023-06-04,delivered,web,paypal
5793,222.0,2025-11-04,delivered,app,contrareembolso
5794,2589.0,2024-03-23,refunded,web,contrareembolso
5795,1351.0,2023-08-05,delivered,app,tarjeta
5796,657.0,2023-01-14,delivered,app,transferencia
5797,2829.0,2024-03-06,delivered,marketplace,contrareembolso
5798,2142.0,2025-09-30,delivered,web,tarjeta
5799,596.0,2025-05-01,delivered,web,contrareembolso
5800,2756.0,2024-02-07,delivered,app,transferencia
5801,868.0,2023-03-09,delivered,app,tarjeta
5802,225.0,2025-07-12,delivered,web,transferencia
5803,418.0,2025-02-03,paid,web,contrareembolso
5804,2767.0,2024-07-28,delivered,marketplace,tarjeta
5805,2575.0,2023-06-29,cancelled,marketplace,tarjeta
5806,2955.0,2023-10-07,delivered,web,transferencia
5807,2068.0,,delivered,app,paypal
5808,1239.0,2025-10-14,delivered,web,transferencia
5809,1396.0,2023-01-31,delivered,web,transferencia
5810,609.0,2025-07-22,delivered,app,paypal
5811,1663.0,2025-02-21,paid,marketplace,paypal
5812,2122.0,2024-06-03,delivered,marketplace,tarjeta
5813,1254.0,2025-08-19,paid,app,tarjeta
5814,1046.0,2025-04-05,delivered,web,tarjeta
5815,2935.0,2024-11-19,cancelled,app,paypal
5816,146.0,2024-09-18,cancelled,web,tarjeta
5817,2524.0,2025-10-12,paid,marketplace,transferencia
5818,1878.0,2023-05-23,delivered,web,contrareembolso
5819,2377.0,2025-12-30,refunded,marketplace,paypal
5820,612.0,2023-10-26,delivered,marketplace,tarjeta
5821,504.0,2024-12-29,delivered,web,contrareembolso
5822,2072.0,2023-04-13,shipped,web,transferencia
5823,2461.0,2024-05-07,delivered,marketplace,contrareembolso
5824,1699.0,2024-07-21,refunded,marketplace,transferencia
5825,2624.0,2025-06-07,delivered,marketplace,paypal
5826,2543.0,2024-10-09,delivered,app,tarjeta
5827,598.0,2023-05-03,delivered,marketplace,paypal
5828,2553.0,2025-11-10,delivered,marketplace,transferencia
5829,1655.0,2024-02-28,delivered,web,tarjeta
5830,2393.0,2023-11-15,shipped,web,tarjeta
5831,2166.0,2025-04-01,delivered,web,transferencia
5832,1496.0,2023-11-18,cancelled,marketplace,transferencia
5833,2319.0,2024-12-10,delivered,app,paypal
5834,788.0,2024-03-01,delivered,app,tarjeta
5835,1002.0,2025-06-10,delivered,web,transferencia
5836,895.0,2023-02-05,delivered,marketplace,transferencia
5837,234.0,2024-05-15,delivered,app,contrareembolso
5838,2074.0,2024-06-19,paid,app,transferencia
5839,1023.0,2023-12-09,delivered,web,tarjeta
5840,641.0,2025-05-07,delivered,marketplace,paypal
5841,649.0,2023-05-21,delivered,marketplace,tarjeta
5842,2980.0,2024-12-23,paid,app,paypal
5843,717.0,2024-06-12,cancelled,web,contrareembolso
5844,2865.0,2024-06-28,delivered,marketplace,contrareembolso
5845,1577.0,2025-05-21,cancelled,web,paypal
5846,1948.0,2024-11-16,delivered,marketplace,transferencia
5847,454.0,2025-10-19,delivered,app,tarjeta
5848,1823.0,2023-01-08,shipped,web,tarjeta
5849,286.0,2024-01-07,delivered,web,tarjeta
5850,2824.0,2023-03-02,shipped,app,transferencia
5851,919.0,2024-07-05,delivered,web,transferencia
5852,2254.0,2023-09-10,delivered,marketplace,paypal
5853,518.0,2024-06-07,paid,web,paypal
5854,2346.0,2025-07-04,delivered,web,transferencia
5855,1704.0,2023-01-21,delivered,web,paypal
5856,141.0,2025-05-20,refunded,app,tarjeta
5857,965.0,2023-10-15,shipped,web,transferencia
5858,2986.0,2025-04-27,created,marketplace,tarjeta
5859,583.0,2023-06-17,delivered,app,tarjeta
5860,115.0,2023-05-21,delivered,marketplace,paypal
5861,3001.0,2023-08-01,delivered,marketplace,transferencia
5862,669.0,2023-08-12,delivered,marketplace,tarjeta
5863,199.0,2023-07-19,delivered,marketplace,paypal
5864,2525.0,2024-08-10,delivered,app,paypal
5865,667.0,2023-07-28,shipped,marketplace,tarjeta
5866,2665.0,2024-11-09,delivered,app,transferencia
5867,2176.0,2023-02-02,delivered,marketplace,paypal
5868,1133.0,2025-10-21,delivered,marketplace,paypal
5869,529.0,2025-09-23,delivered,marketplace,paypal
5870,478.0,2023-03-18,shipped,web,contrareembolso
5871,1574.0,2023-03-07,paid,web,contrareembolso
5872,2979.0,2023-02-11,delivered,app,paypal
5873,2663.0,2023-05-11,delivered,app,tarjeta
5874,1761.0,2023-12-04,delivered,app,transferencia
5875,2900.0,2024-11-10,delivered,app,transferencia
5876,2780.0,2023-09-06,paid,app,contrareembolso
5877,513.0,2023-11-18,paid,marketplace,transferencia
5878,236.0,2023-01-28,delivered,app,paypal
5879,760.0,2023-06-09,paid,web,transferencia
5880,1388.0,2024-10-23,delivered,marketplace,tarjeta
5881,1660.0,2023-05-04,refunded,app,tarjeta
5882,1451.0,2023-07-29,shipped,app,tarjeta
5883,2497.0,2023-10-17,delivered,web,contrareembolso
5884,2761.0,2025-02-13,delivered,marketplace,tarjeta
5885,2041.0,2025-07-04,shipped,marketplace,transferencia
5886,2482.0,2023-02-18,delivered,web,tarjeta
5887,2576.0,2025-05-29,delivered,marketplace,contrareembolso
5888,951.0,2023-08-09,delivered,marketplace,transferencia
5889,564.0,2023-03-24,delivered,web,contrareembolso
5890,2165.0,2023-10-11,delivered,web,transferencia
5891,1119.0,2025-03-18,shipped,marketplace,tarjeta
5892,2590.0,2024-08-09,delivered,marketplace,transferencia
5893,1824.0,2024-06-26,delivered,app,tarjeta
5894,584.0,2023-04-23,delivered,web,contrareembolso
5895,218.0,2025-03-07,delivered,marketplace,paypal
5896,1506.0,2025-01-06,delivered,app,contrareembolso
5897,2886.0,2025-12-19,delivered,marketplace,contrareembolso
5898,2207.0,2024-10-26,delivered,app,paypal
5899,2336.0,2025-10-08,delivered,marketplace,tarjeta
5900,273.0,2023-08-02,delivered,app,paypal
5901,2218.0,2023-10-31,cancelled,app,contrareembolso
5902,1854.0,2023-08-28,delivered,app,tarjeta
5903,863.0,2025-12-10,delivered,app,contrareembolso
5904,1159.0,2024-07-25,delivered,app,transferencia
5905,618.0,2024-10-19,delivered,app,tarjeta
5906,2804.0,2025-07-26,delivered,web,transferencia
5907,1993.0,2023-10-26,delivered,web,paypal
5908,2836.0,2025-06-05,delivered,web,paypal
5909,922.0,2025-06-18,paid,marketplace,contrareembolso
5910,156.0,2023-10-21,delivered,web,tarjeta
5911,1372.0,2025-05-28,refunded,web,transferencia
5912,959.0,2025-05-12,delivered,app,paypal
5913,787.0,2025-11-18,shipped,web,paypal
5914,1603.0,2023-01-07,delivered,web,contrareembolso
5915,1502.0,2024-01-12,shipped,marketplace,contrareembolso
5916,1532.0,2024-07-27,delivered,marketplace,paypal
5917,2634.0,2023-04-29,delivered,app,contrareembolso
5918,1965.0,2024-07-13,delivered,app,contrareembolso
5919,2526.0,2023-10-01,refunded,marketplace,tarjeta
5920,2937.0,2023-03-10,created,marketplace,paypal
5921,2209.0,2024-10-14,delivered,web,contrareembolso
5922,2376.0,2025-07-03,delivered,app,paypal
5923,626.0,2024-04-16,delivered,marketplace,paypal
5924,2532.0,2024-05-10,shipped,app,transferencia
5925,2065.0,2024-05-19,refunded,marketplace,paypal
5926,1384.0,2023-02-09,shipped,marketplace,paypal
5927,2418.0,2024-12-12,paid,marketplace,contrareembolso
5928,1294.0,2025-05-19,delivered,web,tarjeta
5929,1135.0,2025-01-26,delivered,web,contrareembolso
5930,856.0,2025-09-19,delivered,marketplace,contrareembolso
5931,2880.0,2023-05-05,delivered,app,contrareembolso
5932,325.0,2023-10-26,delivered,marketplace,contrareembolso
5933,2704.0,2025-03-23,delivered,app,transferencia
5934,2297.0,2024-12-23,delivered,web,paypal
5935,1707.0,2025-12-15,delivered,web,tarjeta
5936,1973.0,2024-09-23,cancelled,marketplace,transferencia
5937,730.0,2025-05-29,shipped,marketplace,tarjeta
5938,1443.0,2024-07-26,delivered,marketplace,tarjeta
5939,62.0,2023-05-28,delivered,marketplace,transferencia
5940,1758.0,2023-01-08,delivered,marketplace,tarjeta
5941,1151.0,2023-05-10,delivered,app,contrareembolso
5942,2097.0,2025-06-05,delivered,app,contrareembolso
5943,613.0,2024-05-04,shipped,app,paypal
5944,778.0,2025-08-20,created,app,paypal
5945,1483.0,2023-10-03,cancelled,marketplace,tarjeta
5946,2894.0,2024-09-24,delivered,marketplace,transferencia
5947,2266.0,2025-04-19,paid,web,transferencia
5948,2350.0,2025-03-26,delivered,app,tarjeta
5949,1648.0,2025-05-09,shipped,web,tarjeta
5950,666.0,2024-03-02,delivered,web,transferencia
5951,2435.0,2025-09-25,delivered,web,transferencia
5952,613.0,2024-10-19,shipped,marketplace,paypal
5953,1933.0,2023-04-01,shipped,marketplace,paypal
5954,979.0,2023-03-28,created,app,transferencia
5955,1362.0,2024-12-10,delivered,marketplace,contrareembolso
5956,1694.0,2023-07-23,delivered,app,paypal
5957,2974.0,2025-04-06,delivered,marketplace,tarjeta
5958,38.0,2025-02-24,delivered,marketplace,contrareembolso
5959,1865.0,2024-12-04,delivered,web,paypal
5960,794.0,2023-07-09,delivered,marketplace,transferencia
5961,364.0,2024-12-27,delivered,marketplace,tarjeta
5962,2433.0,2024-10-09,created,marketplace,tarjeta
5963,2559.0,2023-11-19,delivered,web,paypal
5964,127.0,2024-04-09,delivered,app,contrareembolso
5965,931.0,2024-03-10,delivered,marketplace,contrareembolso
5966,563.0,2025-08-28,delivered,app,tarjeta
5967,1820.0,2024-10-06,delivered,web,tarjeta
5968,1284.0,2025-09-13,paid,app,paypal
5969,2048.0,2023-10-06,delivered,web,contrareembolso
5970,1877.0,2025-07-01,delivered,web,paypal
5971,1866.0,2024-08-17,delivered,web,tarjeta
5972,1758.0,2023-08-30,paid,marketplace,contrareembolso
5973,1493.0,2023-02-19,delivered,web,paypal
5974,2714.0,2024-10-04,created,web,transferencia
5975,2224.0,2024-11-03,delivered,web,tarjeta
5976,218.0,2023-09-25,shipped,web,paypal
5977,1321.0,2024-01-12,delivered,marketplace,contrareembolso
5978,503.0,2024-07-30,delivered,web,tarjeta
5979,1465.0,2024-11-22,delivered,web,transferencia
5980,1071.0,2023-11-21,paid,web,paypal
5981,2330.0,2025-06-23,cancelled,marketplace,contrareembolso
5982,2567.0,2025-08-23,delivered,marketplace,tarjeta
5983,1704.0,2024-10-08,created,web,transferencia
5984,552.0,2025-05-09,refunded,web,contrareembolso
5985,565.0,2024-01-20,delivered,web,paypal
5986,1530.0,2025-09-11,delivered,marketplace,tarjeta
5987,1300.0,2023-07-15,cancelled,marketplace,tarjeta
5988,2587.0,2025-08-15,delivered,app,contrareembolso
5989,2401.0,2025-04-24,delivered,app,contrareembolso
5990,2245.0,2024-09-19,delivered,marketplace,transferencia
5991,2642.0,2024-03-10,delivered,marketplace,paypal
5992,594.0,2025-08-25,delivered,marketplace,paypal
5993,1627.0,2023-08-07,delivered,marketplace,transferencia
5994,513.0,2023-11-17,delivered,marketplace,contrareembolso
5995,285.0,2023-04-21,delivered,web,transferencia
5996,337.0,2023-05-28,shipped,marketplace,contrareembolso
5997,973.0,2025-11-16,delivered,app,transferencia
5998,1366.0,2024-05-24,cancelled,app,tarjeta
5999,2069.0,,delivered,web,transferencia
6000,466.0,2024-02-16,delivered,web,paypal
6001,2033.0,2024-07-02,delivered,web,transferencia
6002,1589.0,2024-10-27,delivered,web,tarjeta
6003,560.0,2025-11-09,paid,app,transferencia
6004,2186.0,2023-09-19,cancelled,web,tarjeta
6005,816.0,2025-09-11,delivered,marketplace,transferencia
6006,2099.0,2024-12-14,created,marketplace,contrareembolso
6007,2005.0,2024-09-22,delivered,web,paypal
6008,2472.0,2024-07-16,refunded,marketplace,transferencia
6009,1164.0,2024-02-11,cancelled,app,transferencia
6010,2612.0,2023-03-31,delivered,app,paypal
6011,554.0,2025-08-02,delivered,app,transferencia
6012,796.0,2025-09-28,delivered,app,contrareembolso
6013,2955.0,2024-12-25,cancelled,app,transferencia
6014,2803.0,2025-10-29,delivered,marketplace,paypal
6015,2387.0,2024-04-06,delivered,web,contrareembolso
6016,1395.0,2023-02-12,shipped,app,tarjeta
6017,2526.0,2025-06-26,delivered,web,tarjeta
6018,1151.0,2024-06-10,delivered,app,paypal
6019,1402.0,2023-02-13,delivered,web,tarjeta
6020,61.0,2024-09-18,delivered,marketplace,transferencia
6021,1095.0,2023-12-11,shipped,app,contrareembolso
6022,122.0,2025-09-17,refunded,marketplace,tarjeta
6023,1383.0,2025-11-20,delivered,app,tarjeta
6024,3006.0,2025-10-02,delivered,marketplace,tarjeta
6025,2142.0,2024-11-30,delivered,web,contrareembolso
6026,444.0,2025-05-23,paid,app,tarjeta
6027,152.0,2024-06-26,delivered,web,contrareembolso
6028,798.0,2023-04-11,delivered,app,contrareembolso
6029,514.0,2023-09-10,delivered,app,tarjeta
6030,1897.0,2024-09-05,delivered,web,contrareembolso
6031,1100.0,2023-08-27,paid,app,paypal
6032,2558.0,2025-12-09,delivered,app,tarjeta
6033,3017.0,2023-06-08,refunded,app,tarjeta
6034,2717.0,2023-01-05,created,marketplace,paypal
6035,1009.0,2023-01-17,delivered,marketplace,tarjeta
6036,2111.0,2024-05-23,delivered,web,transferencia
6037,2806.0,2024-12-26,delivered,marketplace,contrareembolso
6038,510.0,2024-08-15,delivered,marketplace,tarjeta
6039,2856.0,2025-05-18,delivered,app,paypal
6040,2333.0,2024-08-04,cancelled,web,transferencia
6041,1100.0,2025-10-22,delivered,marketplace,transferencia
6042,2789.0,2024-02-09,shipped,app,contrareembolso
6043,783.0,2024-12-11,delivered,web,paypal
6044,207.0,2023-07-25,delivered,app,transferencia
6045,17.0,2025-02-16,delivered,web,paypal
6046,371.0,2023-08-25,shipped,web,contrareembolso
6047,2419.0,2023-12-01,delivered,marketplace,transferencia
6048,2721.0,2024-11-03,delivered,marketplace,contrareembolso
6049,2437.0,2024-09-01,delivered,app,transferencia
6050,173.0,2023-02-23,cancelled,web,contrareembolso
6051,1213.0,2023-08-22,delivered,app,tarjeta
6052,909.0,2023-07-11,shipped,app,contrareembolso
6053,2930.0,2025-05-05,delivered,web,tarjeta
6054,1384.0,2024-04-28,delivered,web,contrareembolso
6055,2441.0,2023-10-17,cancelled,web,tarjeta
6056,2016.0,2024-02-28,delivered,web,tarjeta
6057,133.0,2023-08-14,delivered,app,tarjeta
6058,1459.0,2025-11-04,cancelled,app,paypal
6059,1905.0,2025-03-16,delivered,app,transferencia
6060,829.0,2024-12-10,paid,web,tarjeta
6061,2108.0,2024-05-17,shipped,marketplace,paypal
6062,2138.0,2023-04-13,refunded,web,paypal
6063,928.0,2023-02-07,shipped,app,transferencia
6064,421.0,2025-11-19,delivered,app,paypal
6065,2302.0,2025-07-04,refunded,marketplace,transferencia
6066,930.0,2024-10-30,delivered,web,paypal
6067,2070.0,2023-03-04,paid,web,tarjeta
6068,2354.0,2024-10-15,delivered,web,transferencia
6069,1120.0,2025-09-05,delivered,app,transferencia
6070,1075.0,2024-05-31,cancelled,app,transferencia
6071,1007.0,2023-03-08,delivered,app,paypal
6072,922.0,2024-03-19,delivered,app,paypal
6073,108.0,2024-11-20,delivered,app,transferencia
6074,1194.0,2023-05-13,delivered,app,contrareembolso
6075,2496.0,2024-03-16,paid,app,contrareembolso
6076,330.0,2025-11-21,cancelled,web,contrareembolso
6077,445.0,2023-12-10,delivered,web,paypal
6078,2744.0,2024-02-02,cancelled,marketplace,transferencia
6079,422.0,2024-08-24,delivered,web,paypal
6080,2039.0,2025-04-08,paid,web,transferencia
6081,837.0,2023-01-05,delivered,marketplace,paypal
6082,1170.0,2025-08-30,shipped,web,tarjeta
6083,406.0,2025-06-11,cancelled,marketplace,paypal
6084,2594.0,2023-08-15,cancelled,marketplace,contrareembolso
6085,1372.0,2024-08-04,delivered,web,transferencia
6086,1724.0,2025-05-09,delivered,marketplace,transferencia
6087,1485.0,2024-09-20,paid,web,contrareembolso
6088,1877.0,2024-02-04,delivered,web,contrareembolso
6089,1591.0,2024-11-08,delivered,app,paypal
6090,1145.0,2023-08-25,delivered,marketplace,tarjeta
6091,1285.0,2023-06-11,delivered,app,paypal
6092,2181.0,2024-12-26,delivered,web,contrareembolso
6093,2099.0,2024-11-30,delivered,web,contrareembolso
6094,32.0,2023-04-04,delivered,web,transferencia
6095,1487.0,2025-08-08,delivered,app,paypal
6096,530.0,2025-06-13,cancelled,marketplace,contrareembolso
6097,1206.0,2023-08-09,paid,web,paypal
6098,2468.0,2025-04-02,delivered,marketplace,tarjeta
6099,173.0,2023-02-13,paid,web,paypal
6100,2668.0,2025-08-20,cancelled,marketplace,tarjeta
6101,2767.0,2025-08-28,delivered,marketplace,paypal
6102,2660.0,2024-06-01,refunded,marketplace,tarjeta
6103,1901.0,2025-09-10,delivered,web,paypal
6104,469.0,2024-01-16,paid,web,transferencia
6105,2523.0,2024-04-16,delivered,marketplace,tarjeta
6106,2088.0,2023-01-26,delivered,marketplace,transferencia
6107,1088.0,2023-04-04,delivered,marketplace,transferencia
6108,2928.0,2023-09-17,delivered,marketplace,paypal
6109,1974.0,2025-08-12,paid,app,contrareembolso
6110,2066.0,2024-06-22,shipped,web,paypal
6111,2569.0,2024-04-28,delivered,marketplace,contrareembolso
6112,377.0,2024-06-25,delivered,app,paypal
6113,720.0,2024-06-12,delivered,web,transferencia
6114,487.0,2023-06-06,refunded,app,transferencia
6115,1570.0,2025-02-28,delivered,app,paypal
6116,924.0,2024-05-04,cancelled,app,paypal
6117,211.0,2023-11-17,delivered,app,transferencia
6118,1311.0,2024-07-28,cancelled,web,tarjeta
6119,155.0,2023-01-05,delivered,marketplace,transferencia
6120,2240.0,2025-04-16,delivered,marketplace,tarjeta
6121,2228.0,2024-05-06,shipped,marketplace,contrareembolso
6122,1720.0,2024-01-02,delivered,web,contrareembolso
6123,2808.0,2023-08-23,delivered,web,transferencia
6124,2787.0,2025-09-16,delivered,web,paypal
6125,4.0,2024-08-17,paid,app,contrareembolso
6126,1465.0,2024-10-24,delivered,web,paypal
6127,96.0,2025-11-06,delivered,web,paypal
6128,2827.0,2023-06-13,delivered,app,tarjeta
6129,1682.0,2025-01-10,delivered,marketplace,paypal
6130,2357.0,2023-09-09,delivered,web,paypal
6131,763.0,2025-10-10,delivered,app,contrareembolso
6132,28.0,2025-11-26,cancelled,app,tarjeta
6133,1871.0,2023-10-15,paid,web,paypal
6134,964.0,2023-01-14,delivered,app,transferencia
6135,1134.0,2025-06-16,delivered,app,paypal
6136,1673.0,2023-09-26,paid,app,tarjeta
6137,1991.0,2023-11-01,delivered,app,contrareembolso
6138,308.0,2023-04-22,delivered,marketplace,transferencia
6139,85.0,2025-04-13,shipped,web,transferencia
6140,1671.0,2024-01-17,shipped,marketplace,tarjeta
6141,1840.0,2023-05-23,delivered,web,transferencia
6142,373.0,2024-03-05,delivered,marketplace,transferencia
6143,495.0,2023-12-02,delivered,app,transferencia
6144,1291.0,2023-08-10,delivered,web,contrareembolso
6145,978.0,2023-03-19,cancelled,app,transferencia
6146,86.0,2024-03-17,shipped,marketplace,paypal
6147,2638.0,2024-10-07,delivered,web,paypal
6148,2267.0,2024-10-16,shipped,app,transferencia
6149,2587.0,2023-01-30,created,app,tarjeta
6150,1380.0,2023-04-13,delivered,app,paypal
6151,2729.0,2023-04-11,shipped,app,paypal
6152,2973.0,2023-02-28,delivered,marketplace,contrareembolso
6153,272.0,2023-06-26,cancelled,app,contrareembolso
6154,1906.0,2025-10-09,cancelled,web,contrareembolso
6155,1314.0,2023-07-26,delivered,app,tarjeta
6156,1871.0,2025-12-16,delivered,app,contrareembolso
6157,1552.0,2025-01-04,shipped,web,tarjeta
6158,1454.0,2025-11-23,shipped,marketplace,contrareembolso
6159,630.0,2025-10-01,delivered,marketplace,transferencia
6160,1649.0,2023-01-24,refunded,web,contrareembolso
6161,985.0,2025-05-26,delivered,app,paypal
6162,2595.0,2024-10-05,paid,app,paypal
6163,2192.0,2023-07-30,shipped,marketplace,transferencia
6164,10.0,2023-08-07,delivered,app,paypal
6165,1477.0,2025-05-06,delivered,web,tarjeta
6166,1505.0,2025-02-16,delivered,marketplace,paypal
6167,206.0,2024-02-07,created,web,paypal
6168,1446.0,2025-12-18,delivered,marketplace,tarjeta
6169,2966.0,2023-10-04,paid,marketplace,transferencia
6170,1262.0,2023-05-30,refunded,app,tarjeta
6171,1514.0,2023-04-17,paid,app,contrareembolso
6172,1963.0,2023-08-31,delivered,marketplace,paypal
6173,2996.0,2025-05-17,paid,marketplace,transferencia
6174,727.0,2023-08-24,delivered,app,transferencia
6175,2321.0,2023-03-15,refunded,marketplace,transferencia
6176,944.0,2025-10-14,delivered,marketplace,transferencia
6177,346.0,2025-03-09,delivered,app,tarjeta
6178,1782.0,2024-05-26,delivered,app,paypal
6179,2089.0,2023-03-11,delivered,app,paypal
6180,1332.0,2024-02-12,cancelled,app,transferencia
6181,1240.0,2024-08-13,paid,app,transferencia
6182,1247.0,2025-08-25,delivered,web,contrareembolso
6183,290.0,2023-12-02,shipped,app,tarjeta
6184,2569.0,2024-09-01,paid,web,paypal
6185,2108.0,2024-07-24,paid,web,contrareembolso
6186,773.0,2024-06-24,delivered,web,contrareembolso
6187,2959.0,2024-06-26,delivered,web,tarjeta
6188,282.0,2025-04-20,delivered,app,paypal
6189,2391.0,2024-02-08,paid,web,tarjeta
6190,1758.0,2025-08-06,delivered,app,transferencia
6191,631.0,2024-09-26,delivered,app,tarjeta
6192,394.0,2025-05-29,delivered,marketplace,paypal
6193,1111.0,2024-12-25,cancelled,app,transferencia
6194,953.0,2023-03-24,created,marketplace,tarjeta
6195,444.0,2024-01-31,delivered,app,tarjeta
6196,1438.0,2023-05-15,shipped,app,paypal
6197,2562.0,2025-03-22,refunded,app,contrareembolso
6198,2683.0,2023-05-18,paid,app,contrareembolso
6199,449.0,2023-01-02,cancelled,web,tarjeta
6200,2866.0,2024-12-07,delivered,marketplace,transferencia
6201,696.0,2025-11-06,delivered,web,contrareembolso
6202,1764.0,2023-07-21,delivered,web,contrareembolso
6203,1788.0,2024-04-30,created,marketplace,contrareembolso
6204,1085.0,2024-06-21,delivered,marketplace,contrareembolso
6205,2311.0,2025-01-16,delivered,marketplace,paypal
6206,72.0,2024-02-22,delivered,web,contrareembolso
6207,2099.0,2024-10-22,delivered,web,contrareembolso
6208,273.0,2023-11-30,refunded,marketplace,paypal
6209,230.0,2023-12-21,delivered,web,tarjeta
6210,2535.0,2023-07-05,delivered,app,transferencia
6211,2194.0,2024-02-09,delivered,web,transferencia
6212,1677.0,2024-10-15,delivered,marketplace,tarjeta
6213,1844.0,2023-10-06,delivered,web,paypal
6214,2335.0,2025-01-29,delivered,web,paypal
6215,2253.0,2025-11-23,delivered,marketplace,contrareembolso
6216,1315.0,2025-11-27,delivered,app,transferencia
6217,766.0,2023-01-09,shipped,app,contrareembolso
6218,1212.0,2023-07-21,delivered,app,paypal
6219,1132.0,2024-01-17,delivered,web,contrareembolso
6220,1369.0,2024-04-25,cancelled,web,paypal
6221,797.0,2025-05-20,delivered,web,transferencia
6222,301.0,2025-09-05,shipped,app,transferencia
6223,880.0,2025-11-22,cancelled,app,contrareembolso
6224,1309.0,2024-08-23,delivered,app,contrareembolso
6225,47.0,2025-09-11,shipped,app,transferencia
6226,1077.0,2025-09-13,delivered,web,transferencia
6227,1528.0,2025-05-01,paid,app,contrareembolso
6228,2869.0,2024-11-24,delivered,web,paypal
6229,998.0,2024-06-27,shipped,web,tarjeta
6230,1677.0,2025-01-08,delivered,marketplace,paypal
6231,2549.0,2025-09-11,delivered,web,paypal
6232,1752.0,2025-05-05,created,web,paypal
6233,2294.0,2024-11-10,shipped,app,paypal
6234,2339.0,2023-05-07,refunded,marketplace,contrareembolso
6235,1326.0,2025-09-09,shipped,app,paypal
6236,384.0,2023-09-11,delivered,web,tarjeta
6237,540.0,2025-06-26,delivered,app,transferencia
6238,628.0,2023-08-22,delivered,web,tarjeta
6239,1604.0,2023-09-06,shipped,web,transferencia
6240,853.0,2023-11-30,created,app,transferencia
6241,340.0,2024-08-01,delivered,marketplace,transferencia
6242,1971.0,2025-07-17,delivered,marketplace,transferencia
6243,707.0,2023-01-22,delivered,web,contrareembolso
6244,2600.0,2023-01-07,shipped,marketplace,paypal
6245,303.0,2025-08-16,delivered,marketplace,tarjeta
6246,456.0,2024-04-11,refunded,web,tarjeta
6247,96.0,2025-05-13,cancelled,app,contrareembolso
6248,1670.0,2025-12-05,delivered,marketplace,tarjeta
6249,1320.0,2024-11-14,delivered,app,paypal
6250,1108.0,2024-06-11,cancelled,web,tarjeta
6251,1019.0,2025-03-20,delivered,app,tarjeta
6252,1815.0,2023-03-21,delivered,web,tarjeta
6253,2533.0,2023-09-08,delivered,web,paypal
6254,1420.0,2025-10-16,delivered,app,transferencia
6255,1499.0,2024-01-24,refunded,app,tarjeta
6256,250.0,2023-02-26,delivered,app,contrareembolso
6257,55.0,2025-06-09,delivered,marketplace,contrareembolso
6258,1589.0,2024-11-07,delivered,marketplace,tarjeta
6259,787.0,2025-04-08,delivered,web,transferencia
6260,2036.0,2023-11-08,delivered,web,transferencia
6261,1498.0,2023-08-08,delivered,app,transferencia
6262,374.0,2024-04-25,delivered,marketplace,contrareembolso
6263,1248.0,2025-03-23,delivered,web,paypal
6264,1636.0,2025-11-26,created,app,transferencia
6265,556.0,2025-05-12,delivered,marketplace,transferencia
6266,247.0,2023-05-08,paid,web,contrareembolso
6267,1923.0,2025-10-09,delivered,marketplace,tarjeta
6268,1689.0,2025-06-06,delivered,web,paypal
6269,1149.0,2025-07-20,shipped,app,tarjeta
6270,2704.0,2025-02-25,delivered,web,contrareembolso
6271,1453.0,2025-03-04,delivered,web,paypal
6272,485.0,2025-09-13,delivered,web,transferencia
6273,2006.0,2024-04-09,delivered,marketplace,tarjeta
6274,684.0,2024-07-06,delivered,marketplace,transferencia
6275,101.0,2024-06-27,delivered,marketplace,contrareembolso
6276,1723.0,2024-05-08,refunded,web,tarjeta
6277,2755.0,2024-07-05,delivered,web,paypal
6278,46.0,2025-06-05,delivered,app,transferencia
6279,1900.0,2023-12-27,delivered,marketplace,transferencia
6280,2556.0,2023-10-22,delivered,marketplace,tarjeta
6281,2168.0,2025-01-21,delivered,app,tarjeta
6282,2678.0,2025-07-08,shipped,web,contrareembolso
6283,1385.0,2025-01-30,cancelled,marketplace,paypal
6284,357.0,2023-07-07,delivered,web,transferencia
6285,1557.0,2024-12-04,created,app,transferencia
6286,932.0,2026-03-18,shipped,marketplace,tarjeta
6287,673.0,2024-09-24,delivered,marketplace,paypal
6288,898.0,2025-10-15,delivered,marketplace,transferencia
6289,2208.0,2024-03-17,delivered,web,paypal
6290,926.0,2023-09-03,refunded,app,paypal
6291,2193.0,2025-01-03,delivered,app,tarjeta
6292,1973.0,2024-08-01,delivered,app,transferencia
6293,487.0,2024-04-12,created,marketplace,contrareembolso
6294,930.0,2025-03-24,cancelled,marketplace,transferencia
6295,2446.0,2025-01-22,delivered,web,tarjeta
6296,1826.0,2025-03-18,shipped,app,tarjeta
6297,2193.0,2023-12-30,shipped,app,transferencia
6298,2114.0,2023-11-11,delivered,marketplace,transferencia
6299,1681.0,2024-08-16,delivered,web,transferencia
6300,2619.0,2024-05-10,created,marketplace,contrareembolso
6301,2149.0,2024-03-21,delivered,marketplace,contrareembolso
6302,2613.0,2025-11-01,delivered,app,contrareembolso
6303,2001.0,2025-06-23,shipped,web,paypal
6304,2473.0,2025-05-20,delivered,web,contrareembolso
6305,228.0,2025-11-15,delivered,web,transferencia
6306,889.0,2024-06-30,delivered,web,paypal
6307,2199.0,2024-10-05,refunded,app,contrareembolso
6308,1135.0,2024-12-08,delivered,web,paypal
6309,2848.0,2025-06-15,delivered,web,tarjeta
6310,1238.0,2023-01-27,delivered,app,contrareembolso
6311,1829.0,2024-10-31,delivered,marketplace,tarjeta
6312,642.0,2023-06-10,delivered,marketplace,contrareembolso
6313,2490.0,2025-06-29,delivered,app,paypal
6314,2025.0,2023-01-09,delivered,app,paypal
6315,1027.0,2024-05-16,delivered,app,paypal
6316,89.0,2025-12-08,refunded,marketplace,tarjeta
6317,2812.0,2023-04-18,delivered,web,transferencia
6318,1240.0,2023-05-21,delivered,web,transferencia
6319,1568.0,2023-11-01,delivered,web,paypal
6320,866.0,2023-07-27,delivered,marketplace,contrareembolso
6321,1934.0,2024-05-24,delivered,web,paypal
6322,2092.0,2024-02-08,delivered,marketplace,transferencia
6323,,2024-02-24,delivered,web,paypal
6324,1583.0,2024-04-03,delivered,app,paypal
6325,1486.0,2025-08-31,delivered,marketplace,tarjeta
6326,2395.0,2025-01-31,delivered,web,tarjeta
6327,787.0,2025-04-03,delivered,marketplace,tarjeta
6328,2718.0,2023-01-13,delivered,app,contrareembolso
6329,789.0,2023-02-14,cancelled,app,tarjeta
6330,956.0,2025-04-26,shipped,app,paypal
6331,1149.0,2024-05-04,delivered,web,contrareembolso
6332,2064.0,2025-10-05,shipped,marketplace,tarjeta
6333,1445.0,2023-09-10,refunded,marketplace,contrareembolso
6334,1630.0,2025-10-01,delivered,web,paypal
6335,2556.0,2025-04-29,delivered,web,transferencia
6336,2639.0,2025-09-23,delivered,app,contrareembolso
6337,869.0,2023-08-14,delivered,web,contrareembolso
6338,888.0,2025-10-07,delivered,marketplace,tarjeta
6339,757.0,2025-06-21,delivered,app,transferencia
6340,724.0,2024-07-30,delivered,web,transferencia
6341,2304.0,2024-06-28,delivered,web,transferencia
6342,1303.0,2024-11-29,delivered,web,contrareembolso
6343,1200.0,2023-11-19,delivered,web,tarjeta
6344,2238.0,2025-01-27,delivered,app,tarjeta
6345,2103.0,2024-04-05,delivered,app,contrareembolso
6346,2948.0,2024-06-10,delivered,app,contrareembolso
6347,712.0,2024-10-09,delivered,app,contrareembolso
6348,682.0,2024-09-30,delivered,web,tarjeta
6349,2055.0,2023-11-13,delivered,app,paypal
6350,2178.0,2024-11-15,delivered,app,contrareembolso
6351,1129.0,2025-09-11,delivered,marketplace,transferencia
6352,1249.0,2023-09-03,delivered,app,contrareembolso
6353,1723.0,2023-12-09,delivered,marketplace,transferencia
6354,2600.0,2025-12-14,delivered,marketplace,paypal
6355,2255.0,2024-10-07,cancelled,app,transferencia
6356,2573.0,2025-03-08,shipped,marketplace,transferencia
6357,1310.0,2025-06-14,delivered,app,contrareembolso
6358,512.0,2023-05-28,delivered,web,paypal
6359,1260.0,2024-08-08,delivered,app,transferencia
6360,2289.0,2025-06-30,delivered,marketplace,paypal
6361,846.0,2023-03-19,cancelled,marketplace,transferencia
6362,863.0,2025-02-27,delivered,marketplace,contrareembolso
6363,2669.0,2024-05-16,delivered,web,contrareembolso
6364,1685.0,2023-05-09,delivered,marketplace,transferencia
6365,515.0,2023-06-16,refunded,app,transferencia
6366,577.0,2025-08-08,delivered,web,tarjeta
6367,2400.0,2023-01-02,created,web,paypal
6368,1999.0,2024-06-24,paid,web,contrareembolso
6369,491.0,2023-07-01,shipped,web,transferencia
6370,2394.0,2024-02-03,delivered,app,tarjeta
6371,1584.0,2025-09-01,delivered,marketplace,contrareembolso
6372,2160.0,2024-05-01,refunded,web,transferencia
6373,2828.0,2024-01-23,paid,web,tarjeta
6374,1938.0,2023-02-08,shipped,marketplace,tarjeta
6375,1627.0,2025-04-03,refunded,web,transferencia
6376,901.0,2025-02-16,shipped,web,tarjeta
6377,2035.0,2025-04-04,delivered,marketplace,contrareembolso
6378,264.0,2023-05-25,cancelled,app,paypal
6379,1097.0,2023-08-05,delivered,app,contrareembolso
6380,1637.0,2023-07-19,delivered,app,contrareembolso
6381,1061.0,2023-05-11,cancelled,app,transferencia
6382,2787.0,2023-09-28,delivered,marketplace,transferencia
6383,2855.0,2023-05-19,delivered,web,tarjeta
6384,2928.0,2023-05-31,delivered,web,tarjeta
6385,2496.0,2025-08-10,delivered,web,tarjeta
6386,2778.0,2023-11-16,delivered,web,paypal
6387,459.0,2024-01-08,delivered,web,tarjeta
6388,924.0,2025-09-18,delivered,web,contrareembolso
6389,1091.0,2023-12-10,delivered,web,contrareembolso
6390,1876.0,2025-12-10,paid,web,paypal
6391,1560.0,2025-05-13,delivered,app,tarjeta
6392,1328.0,2024-09-26,delivered,web,transferencia
6393,1047.0,2023-09-18,delivered,app,contrareembolso
6394,1438.0,2023-12-08,shipped,web,contrareembolso
6395,1471.0,2023-10-31,delivered,app,tarjeta
6396,396.0,2024-01-10,delivered,app,transferencia
6397,1303.0,2024-11-15,cancelled,app,paypal
6398,82.0,2025-07-08,paid,app,paypal
6399,749.0,2024-05-26,delivered,web,contrareembolso
6400,2129.0,2024-02-27,delivered,web,contrareembolso
6401,2847.0,2023-02-14,created,web,transferencia
6402,2018.0,2024-06-22,delivered,web,tarjeta
6403,2037.0,2025-01-25,delivered,app,contrareembolso
6404,1320.0,2023-02-23,shipped,web,contrareembolso
6405,1536.0,2023-10-20,delivered,marketplace,paypal
6406,267.0,2025-02-18,delivered,web,tarjeta
6407,2698.0,2024-03-23,cancelled,marketplace,transferencia
6408,2619.0,2023-01-31,shipped,app,paypal
6409,2353.0,2025-12-27,delivered,app,tarjeta
6410,2432.0,2023-08-20,cancelled,marketplace,tarjeta
6411,1074.0,2023-11-02,delivered,app,paypal
6412,940.0,2025-05-16,delivered,web,contrareembolso
6413,373.0,2025-06-20,delivered,web,paypal
6414,1774.0,2023-07-26,delivered,web,contrareembolso
6415,404.0,2023-05-17,delivered,app,transferencia
6416,20.0,2023-11-07,delivered,app,transferencia
6417,582.0,2025-10-22,delivered,web,tarjeta
6418,1967.0,2023-11-05,paid,app,contrareembolso
6419,28.0,2024-08-16,delivered,web,transferencia
6420,2139.0,2023-11-27,delivered,app,transferencia
6421,714.0,2023-09-15,delivered,app,paypal
6422,660.0,2025-08-02,delivered,marketplace,transferencia
6423,2796.0,2024-07-21,shipped,app,transferencia
6424,1102.0,2025-02-28,delivered,web,transferencia
6425,1913.0,2024-10-12,delivered,app,paypal
6426,2581.0,2025-11-24,delivered,app,paypal
6427,1258.0,2023-12-16,created,marketplace,transferencia
6428,940.0,2025-05-08,shipped,app,contrareembolso
6429,161.0,2024-10-22,delivered,web,paypal
6430,2802.0,2025-01-09,delivered,marketplace,tarjeta
6431,1572.0,2023-09-17,delivered,app,tarjeta
6432,1979.0,2025-02-03,delivered,web,transferencia
6433,1445.0,2023-07-06,shipped,marketplace,paypal
6434,1278.0,2023-06-03,delivered,marketplace,tarjeta
6435,2786.0,2025-08-16,delivered,app,tarjeta
6436,1507.0,2024-02-18,delivered,app,transferencia
6437,2871.0,2025-06-16,delivered,marketplace,contrareembolso
6438,1560.0,2024-09-14,shipped,web,transferencia
6439,2475.0,2024-05-20,delivered,marketplace,paypal
6440,2760.0,2023-10-04,delivered,app,contrareembolso
6441,2864.0,2024-08-03,paid,marketplace,contrareembolso
6442,1062.0,2023-05-28,delivered,app,tarjeta
6443,2913.0,2023-08-29,refunded,web,contrareembolso
6444,188.0,2023-11-30,delivered,marketplace,contrareembolso
6445,1454.0,2023-01-09,delivered,web,transferencia
6446,1280.0,2024-09-24,delivered,app,transferencia
6447,1656.0,2023-05-02,delivered,web,transferencia
6448,147.0,2025-03-14,delivered,marketplace,contrareembolso
6449,2703.0,2025-10-29,delivered,marketplace,contrareembolso
6450,1205.0,2024-05-17,cancelled,marketplace,paypal
6451,1458.0,2025-01-12,delivered,marketplace,transferencia
6452,2332.0,2024-10-05,delivered,marketplace,tarjeta
6453,1599.0,2024-03-27,refunded,marketplace,tarjeta
6454,1557.0,2023-01-18,delivered,marketplace,paypal
6455,2678.0,2023-01-23,delivered,web,transferencia
6456,1373.0,2024-04-04,created,app,transferencia
6457,2560.0,2024-04-16,delivered,marketplace,tarjeta
6458,1891.0,2023-10-03,shipped,web,paypal
6459,2821.0,2024-10-31,delivered,web,tarjeta
6460,1661.0,2024-02-23,delivered,app,contrareembolso
6461,1901.0,2025-03-13,delivered,marketplace,transferencia
6462,1697.0,2025-08-10,delivered,web,contrareembolso
6463,2335.0,2025-01-11,created,web,tarjeta
6464,910.0,2023-06-25,delivered,app,tarjeta
6465,815.0,2023-06-22,refunded,app,transferencia
6466,1487.0,2025-02-05,delivered,web,tarjeta
6467,935.0,2023-06-25,refunded,marketplace,transferencia
6468,149.0,2025-07-27,delivered,web,transferencia
6469,2007.0,2024-10-26,delivered,app,contrareembolso
6470,722.0,2024-07-18,delivered,web,tarjeta
6471,1745.0,2024-02-19,shipped,marketplace,transferencia
6472,2237.0,2023-03-16,delivered,marketplace,tarjeta
6473,495.0,2023-02-09,delivered,app,contrareembolso
6474,863.0,2023-01-06,delivered,marketplace,paypal
6475,2696.0,2023-12-02,cancelled,marketplace,contrareembolso
6476,1223.0,2023-02-26,delivered,marketplace,paypal
6477,2094.0,2025-10-13,shipped,web,paypal
6478,2383.0,2025-07-29,cancelled,app,transferencia
6479,1190.0,2023-08-07,created,app,contrareembolso
6480,2347.0,2025-03-17,delivered,web,contrareembolso
6481,1295.0,2025-02-05,cancelled,app,paypal
6482,2057.0,2023-03-04,cancelled,web,tarjeta
6483,454.0,2024-03-20,paid,web,transferencia
6484,578.0,2023-12-26,delivered,app,contrareembolso
6485,2181.0,2025-10-09,paid,app,tarjeta
6486,2811.0,2023-11-04,delivered,app,contrareembolso
6487,330.0,2024-03-28,refunded,marketplace,paypal
6488,1654.0,2025-01-01,paid,marketplace,transferencia
6489,275.0,2025-10-11,delivered,app,transferencia
6490,1783.0,2025-06-06,refunded,web,tarjeta
6491,1742.0,2024-12-30,delivered,app,contrareembolso
6492,1549.0,2025-12-08,delivered,marketplace,tarjeta
6493,831.0,2023-10-01,paid,app,contrareembolso
6494,1608.0,2025-05-22,delivered,web,transferencia
6495,829.0,2024-03-26,delivered,marketplace,transferencia
6496,1135.0,2025-12-26,delivered,app,contrareembolso
6497,1725.0,2024-02-14,delivered,web,tarjeta
6498,1163.0,2025-10-12,delivered,web,tarjeta
6499,1086.0,2025-07-26,delivered,web,tarjeta
6500,193.0,2023-06-28,cancelled,web,paypal
6501,1512.0,2023-04-15,delivered,marketplace,tarjeta
6502,1023.0,2023-05-22,delivered,marketplace,tarjeta
6503,1430.0,2024-04-12,delivered,marketplace,transferencia
6504,1768.0,2025-06-22,delivered,web,contrareembolso
6505,2434.0,2025-06-01,cancelled,app,transferencia
6506,1246.0,2025-07-23,delivered,marketplace,paypal
6507,2127.0,2024-04-16,cancelled,web,tarjeta
6508,224.0,2024-05-14,delivered,web,tarjeta
6509,1043.0,2023-10-10,delivered,app,tarjeta
6510,1358.0,2025-03-03,shipped,app,contrareembolso
6511,1391.0,2023-01-17,delivered,app,transferencia
6512,2210.0,2025-06-18,refunded,app,tarjeta
6513,464.0,2023-11-18,shipped,marketplace,contrareembolso
6514,174.0,2023-01-19,delivered,app,tarjeta
6515,1764.0,2023-01-02,paid,marketplace,contrareembolso
6516,1363.0,2023-08-27,delivered,web,paypal
6517,408.0,2025-08-15,paid,marketplace,paypal
6518,842.0,2025-01-11,shipped,web,tarjeta
6519,950.0,2023-02-28,delivered,web,paypal
6520,1310.0,2023-06-27,delivered,web,contrareembolso
6521,123.0,2025-05-07,delivered,web,paypal
6522,229.0,2023-07-06,delivered,app,paypal
6523,2293.0,2025-02-15,delivered,app,contrareembolso
6524,1983.0,2024-08-26,delivered,web,transferencia
6525,1115.0,2024-03-24,refunded,web,tarjeta
6526,2203.0,2023-10-01,delivered,web,tarjeta
6527,180.0,2023-05-10,delivered,web,tarjeta
6528,2228.0,2025-12-31,delivered,web,paypal
6529,2537.0,2023-01-16,delivered,marketplace,transferencia
6530,1087.0,2025-06-13,shipped,app,paypal
6531,1799.0,2025-12-09,paid,app,transferencia
6532,1148.0,2024-08-07,cancelled,marketplace,transferencia
6533,311.0,2023-01-23,delivered,marketplace,tarjeta
6534,492.0,2024-04-30,delivered,web,contrareembolso
6535,1464.0,2024-09-28,delivered,marketplace,transferencia
6536,2526.0,2025-01-05,delivered,marketplace,paypal
6537,510.0,2024-05-05,delivered,web,contrareembolso
6538,2561.0,2024-07-31,delivered,app,tarjeta
6539,1123.0,2023-11-10,delivered,web,tarjeta
6540,52.0,2023-06-01,refunded,marketplace,transferencia
6541,1731.0,2023-12-22,delivered,marketplace,tarjeta
6542,1083.0,2025-11-20,delivered,web,contrareembolso
6543,557.0,2023-03-05,delivered,app,tarjeta
6544,522.0,2024-08-14,shipped,app,transferencia
6545,1353.0,2025-06-27,created,app,contrareembolso
6546,162.0,2023-10-13,delivered,web,contrareembolso
6547,284.0,2023-07-27,created,marketplace,contrareembolso
6548,742.0,2024-10-02,delivered,app,tarjeta
6549,54.0,2023-04-21,paid,web,tarjeta
6550,2316.0,2025-11-15,shipped,web,contrareembolso
6551,1547.0,2024-03-02,shipped,web,contrareembolso
6552,2227.0,2024-10-18,shipped,app,contrareembolso
6553,2455.0,2023-10-24,delivered,app,paypal
6554,902.0,2024-03-12,delivered,web,contrareembolso
6555,2184.0,2024-09-19,delivered,web,paypal
6556,2904.0,2023-09-14,delivered,app,contrareembolso
6557,2767.0,2023-05-05,delivered,marketplace,contrareembolso
6558,518.0,2023-09-04,delivered,web,tarjeta
6559,1413.0,2024-01-14,refunded,app,paypal
6560,69.0,2025-01-18,paid,app,contrareembolso
6561,2891.0,2024-11-21,delivered,app,contrareembolso
6562,2998.0,2024-01-09,delivered,marketplace,contrareembolso
6563,2129.0,2024-07-27,delivered,marketplace,tarjeta
6564,2327.0,2023-03-20,delivered,marketplace,paypal
6565,167.0,2023-09-25,delivered,web,tarjeta
6566,649.0,2023-06-14,delivered,web,paypal
6567,1064.0,2023-04-06,delivered,marketplace,contrareembolso
6568,2149.0,2023-07-14,delivered,app,transferencia
6569,1901.0,2023-03-12,paid,marketplace,tarjeta
6570,537.0,2025-10-05,delivered,marketplace,tarjeta
6571,1039.0,2024-01-20,delivered,web,contrareembolso
6572,2177.0,2023-07-18,delivered,web,tarjeta
6573,2674.0,2023-07-13,delivered,web,tarjeta
6574,148.0,2024-11-15,delivered,marketplace,contrareembolso
6575,415.0,2024-04-24,delivered,web,tarjeta
6576,1014.0,2024-11-09,delivered,app,tarjeta
6577,1066.0,2023-02-06,shipped,marketplace,tarjeta
6578,1987.0,2023-03-31,delivered,app,transferencia
6579,256.0,2023-01-11,cancelled,marketplace,tarjeta
6580,2151.0,2025-11-01,delivered,app,paypal
6581,1441.0,2023-06-03,shipped,web,tarjeta
6582,2006.0,2025-07-22,delivered,app,paypal
6583,2031.0,2025-12-04,delivered,app,tarjeta
6584,1924.0,2025-08-04,shipped,app,transferencia
6585,306.0,2023-10-31,refunded,app,tarjeta
6586,480.0,2024-08-14,delivered,app,tarjeta
6587,1475.0,2023-03-21,delivered,app,contrareembolso
6588,2954.0,2024-05-13,paid,app,tarjeta
6589,383.0,2023-01-08,delivered,marketplace,contrareembolso
6590,1314.0,2025-05-08,paid,web,transferencia
6591,2551.0,2025-02-17,delivered,marketplace,paypal
6592,1319.0,2023-10-26,shipped,app,tarjeta
6593,2832.0,2024-10-11,paid,marketplace,paypal
6594,2954.0,2025-12-18,paid,marketplace,paypal
6595,552.0,2025-04-26,delivered,marketplace,tarjeta
6596,2539.0,2024-04-13,delivered,web,tarjeta
6597,1953.0,2024-03-07,delivered,web,contrareembolso
6598,1964.0,2025-10-23,delivered,marketplace,contrareembolso
6599,1733.0,2024-05-06,paid,marketplace,contrareembolso
6600,190.0,2023-03-26,delivered,marketplace,paypal
6601,1114.0,2024-02-20,delivered,app,paypal
6602,2454.0,2023-07-15,delivered,web,contrareembolso
6603,2047.0,2024-05-21,delivered,web,transferencia
6604,2199.0,2024-07-29,cancelled,web,transferencia
6605,724.0,2023-08-06,shipped,app,paypal
6606,2965.0,2023-09-11,delivered,marketplace,transferencia
6607,1696.0,2025-03-06,paid,app,transferencia
6608,2967.0,2023-05-20,delivered,marketplace,contrareembolso
6609,1858.0,2024-02-26,delivered,marketplace,paypal
6610,545.0,2023-11-30,delivered,web,transferencia
6611,945.0,2025-10-04,delivered,web,tarjeta
6612,1741.0,2025-04-19,delivered,app,tarjeta
6613,796.0,2024-10-08,shipped,marketplace,tarjeta
6614,2580.0,2024-06-06,delivered,web,tarjeta
6615,2353.0,2025-04-15,delivered,web,tarjeta
6616,948.0,2024-08-08,cancelled,web,paypal
6617,2208.0,2025-09-25,shipped,app,tarjeta
6618,1779.0,2023-08-28,shipped,marketplace,tarjeta
6619,1884.0,2023-01-22,delivered,web,contrareembolso
6620,1783.0,2024-12-24,delivered,marketplace,contrareembolso
6621,1285.0,2024-01-18,delivered,app,contrareembolso
6622,2325.0,2024-11-16,delivered,app,transferencia
6623,159.0,2024-10-17,delivered,marketplace,paypal
6624,790.0,2024-01-02,cancelled,marketplace,contrareembolso
6625,2855.0,2023-07-15,delivered,web,transferencia
6626,1049.0,2024-04-05,paid,marketplace,tarjeta
6627,2639.0,2025-03-24,delivered,marketplace,tarjeta
6628,1394.0,2025-12-10,delivered,app,paypal
6629,981.0,2023-11-19,created,web,transferencia
6630,717.0,2024-03-02,cancelled,web,tarjeta
6631,1114.0,2025-01-07,refunded,marketplace,tarjeta
6632,1298.0,2024-04-09,refunded,app,contrareembolso
6633,1801.0,2024-09-01,delivered,app,tarjeta
6634,738.0,2023-04-16,delivered,app,contrareembolso
6635,2124.0,2024-04-23,refunded,app,tarjeta
6636,127.0,2023-09-09,delivered,web,tarjeta
6637,83.0,2025-04-25,delivered,marketplace,paypal
6638,309.0,2025-06-12,delivered,app,transferencia
6639,2915.0,2024-11-29,refunded,web,paypal
6640,1060.0,2025-08-15,delivered,web,tarjeta
6641,704.0,2023-02-28,paid,web,transferencia
6642,966.0,2025-09-15,delivered,web,tarjeta
6643,2046.0,2023-06-27,delivered,app,contrareembolso
6644,1939.0,2025-01-05,delivered,marketplace,transferencia
6645,1568.0,2023-11-08,cancelled,web,tarjeta
6646,999.0,2025-02-01,delivered,web,tarjeta
6647,930.0,2023-11-15,shipped,web,paypal
6648,849.0,2023-08-03,delivered,marketplace,contrareembolso
6649,1800.0,2023-07-29,cancelled,app,tarjeta
6650,725.0,2023-10-05,delivered,marketplace,tarjeta
6651,2232.0,2025-04-09,delivered,marketplace,transferencia
6652,1580.0,2025-08-22,delivered,app,tarjeta
6653,626.0,2023-04-02,delivered,app,tarjeta
6654,2975.0,2025-04-01,delivered,marketplace,contrareembolso
6655,1081.0,2024-03-21,delivered,web,contrareembolso
6656,2133.0,2024-03-15,delivered,web,tarjeta
6657,353.0,2024-08-01,delivered,web,paypal
6658,279.0,2025-11-09,cancelled,marketplace,contrareembolso
6659,780.0,2024-03-21,refunded,app,paypal
6660,2102.0,2025-03-25,delivered,app,tarjeta
6661,1174.0,2025-03-01,delivered,marketplace,contrareembolso
6662,1350.0,2023-09-01,delivered,marketplace,paypal
6663,986.0,2024-03-05,delivered,app,tarjeta
6664,1181.0,2025-09-05,delivered,app,paypal
6665,1910.0,2025-08-31,delivered,marketplace,contrareembolso
6666,2750.0,2024-01-06,refunded,marketplace,transferencia
6667,721.0,2025-01-13,delivered,marketplace,contrareembolso
6668,381.0,2024-01-08,paid,marketplace,transferencia
6669,2090.0,2023-06-03,delivered,marketplace,tarjeta
6670,524.0,2024-04-24,delivered,web,paypal
6671,144.0,2024-05-07,delivered,app,tarjeta
6672,1275.0,2025-03-29,paid,app,tarjeta
6673,2894.0,2024-03-31,paid,app,paypal
6674,2259.0,2024-10-14,cancelled,marketplace,tarjeta
6675,2629.0,2024-10-11,shipped,marketplace,paypal
6676,1513.0,2025-10-18,delivered,marketplace,contrareembolso
6677,1607.0,2023-08-17,shipped,web,transferencia
6678,130.0,2024-12-20,created,web,tarjeta
6679,515.0,2023-06-16,delivered,marketplace,contrareembolso
6680,842.0,2024-11-22,delivered,marketplace,contrareembolso
6681,2569.0,2024-12-07,cancelled,web,contrareembolso
6682,780.0,2024-02-28,delivered,web,contrareembolso
6683,1531.0,2023-09-01,delivered,web,contrareembolso
6684,2785.0,2024-05-03,delivered,web,transferencia
6685,2725.0,2024-05-28,delivered,web,contrareembolso
6686,599.0,2025-07-13,delivered,marketplace,paypal
6687,2077.0,2024-11-21,paid,app,paypal
6688,3016.0,2025-08-17,paid,web,tarjeta
6689,2875.0,2023-09-20,paid,app,paypal
6690,1842.0,2025-04-27,delivered,app,transferencia
6691,269.0,2023-05-20,delivered,web,contrareembolso
6692,1198.0,2023-03-10,created,marketplace,contrareembolso
6693,2567.0,2024-10-15,delivered,web,tarjeta
6694,1344.0,2025-03-24,delivered,app,contrareembolso
6695,680.0,2023-05-28,delivered,app,transferencia
6696,2912.0,2025-06-28,delivered,web,contrareembolso
6697,1195.0,2025-04-17,cancelled,web,transferencia
6698,604.0,2024-01-30,delivered,web,paypal
6699,946.0,2025-06-13,delivered,web,transferencia
6700,2919.0,2024-05-15,cancelled,marketplace,contrareembolso
6701,165.0,2023-02-03,cancelled,web,tarjeta
6702,2469.0,2024-12-12,created,app,paypal
6703,2257.0,2025-05-20,delivered,app,contrareembolso
6704,2896.0,2023-04-10,delivered,web,tarjeta
6705,1383.0,2024-05-08,cancelled,web,paypal
6706,2271.0,2024-06-02,delivered,marketplace,contrareembolso
6707,1166.0,2024-07-06,created,app,transferencia
6708,1535.0,2024-01-31,delivered,app,tarjeta
6709,2922.0,2024-01-02,shipped,marketplace,tarjeta
6710,1998.0,2024-08-04,paid,marketplace,tarjeta
6711,2238.0,2024-02-24,paid,app,transferencia
6712,1128.0,2025-07-28,delivered,web,paypal
6713,1212.0,2023-03-03,delivered,marketplace,transferencia
6714,371.0,2024-01-19,delivered,app,paypal
6715,2188.0,2025-12-22,delivered,web,contrareembolso
6716,1591.0,2025-09-12,cancelled,web,paypal
6717,489.0,2024-12-21,refunded,marketplace,tarjeta
6718,1484.0,2023-09-11,delivered,app,contrareembolso
6719,2650.0,2024-05-12,delivered,app,paypal
6720,2613.0,2024-12-03,delivered,app,tarjeta
6721,129.0,2024-11-08,delivered,marketplace,paypal
6722,2897.0,2023-08-12,refunded,marketplace,paypal
6723,2368.0,2024-03-04,delivered,web,paypal
6724,2117.0,2025-02-13,delivered,web,transferencia
6725,2890.0,2024-07-14,delivered,web,tarjeta
6726,2868.0,2024-05-07,delivered,marketplace,paypal
6727,137.0,2025-12-09,created,web,transferencia
6728,2588.0,2023-10-15,shipped,marketplace,contrareembolso
6729,574.0,2025-06-20,shipped,web,contrareembolso
6730,2886.0,2024-04-12,delivered,web,contrareembolso
6731,1182.0,2025-12-21,delivered,app,paypal
6732,1500.0,2024-05-22,delivered,web,transferencia
6733,854.0,2023-02-01,delivered,marketplace,transferencia
6734,2824.0,2025-06-20,delivered,app,tarjeta
6735,943.0,2025-04-23,delivered,marketplace,contrareembolso
6736,2836.0,2025-03-26,cancelled,marketplace,contrareembolso
6737,2816.0,2023-02-02,delivered,marketplace,tarjeta
6738,911.0,2023-05-13,delivered,app,paypal
6739,230.0,2023-01-19,delivered,marketplace,contrareembolso
6740,2973.0,2024-02-29,delivered,app,contrareembolso
6741,1393.0,2023-02-27,created,marketplace,paypal
6742,1232.0,2025-08-23,delivered,marketplace,contrareembolso
6743,1351.0,2025-06-12,delivered,web,paypal
6744,2122.0,2024-03-06,delivered,marketplace,tarjeta
6745,1316.0,2023-01-30,delivered,marketplace,transferencia
6746,1563.0,2026-08-19,cancelled,marketplace,paypal
6747,1906.0,2023-12-22,delivered,web,contrareembolso
6748,2794.0,2024-02-28,delivered,app,transferencia
6749,2543.0,2024-09-01,delivered,marketplace,contrareembolso
6750,1236.0,2024-11-20,delivered,app,transferencia
6751,1969.0,2023-02-19,delivered,marketplace,paypal
6752,21.0,2025-12-16,delivered,web,paypal
6753,421.0,2023-10-26,delivered,marketplace,paypal
6754,2218.0,2025-03-18,delivered,marketplace,transferencia
6755,1071.0,2025-08-14,paid,app,tarjeta
6756,1417.0,2024-07-11,paid,web,transferencia
6757,1628.0,2024-06-02,delivered,app,contrareembolso
6758,2522.0,2025-02-15,delivered,app,paypal
6759,2497.0,2025-08-26,delivered,app,contrareembolso
6760,1370.0,2025-08-18,delivered,marketplace,transferencia
6761,1289.0,2023-04-12,delivered,marketplace,paypal
6762,626.0,2025-10-07,delivered,web,transferencia
6763,1980.0,2025-10-17,delivered,marketplace,transferencia
6764,472.0,2024-08-16,delivered,marketplace,transferencia
6765,703.0,2023-06-01,delivered,app,paypal
6766,516.0,2023-12-04,delivered,web,tarjeta
6767,1855.0,2025-11-07,delivered,web,tarjeta
6768,2369.0,2025-02-05,delivered,web,tarjeta
6769,726.0,2023-10-14,delivered,marketplace,contrareembolso
6770,2761.0,2024-02-23,delivered,marketplace,paypal
6771,342.0,2024-04-10,shipped,app,paypal
6772,1534.0,2024-06-10,delivered,web,tarjeta
6773,687.0,2023-01-31,cancelled,app,transferencia
6774,1208.0,2023-04-19,delivered,app,transferencia
6775,2064.0,2024-02-06,delivered,web,contrareembolso
6776,2263.0,2024-04-29,paid,web,paypal
6777,2641.0,2023-04-15,paid,app,paypal
6778,2107.0,2024-01-24,delivered,web,tarjeta
6779,733.0,2025-12-17,delivered,marketplace,transferencia
6780,1728.0,2023-05-13,delivered,marketplace,contrareembolso
6781,733.0,2023-08-22,delivered,app,contrareembolso
6782,381.0,2023-10-28,delivered,marketplace,transferencia
6783,1167.0,2025-03-16,delivered,app,transferencia
6784,2319.0,2024-03-11,delivered,app,tarjeta
6785,2355.0,2025-03-03,shipped,web,transferencia
6786,1543.0,2024-09-18,shipped,app,tarjeta
6787,2335.0,2025-10-11,delivered,app,paypal
6788,275.0,2023-04-17,delivered,app,transferencia
6789,635.0,2023-07-28,paid,marketplace,tarjeta
6790,2171.0,2025-12-07,cancelled,marketplace,paypal
6791,1750.0,2025-07-26,delivered,app,tarjeta
6792,1728.0,2024-05-05,delivered,marketplace,transferencia
6793,2763.0,2024-11-09,delivered,marketplace,paypal
6794,1159.0,2025-12-16,paid,web,tarjeta
6795,1663.0,2023-07-23,delivered,web,paypal
6796,2262.0,2024-12-03,cancelled,app,contrareembolso
6797,1115.0,2023-04-30,cancelled,marketplace,paypal
6798,2696.0,2025-08-13,delivered,marketplace,tarjeta
6799,897.0,2023-05-07,delivered,marketplace,tarjeta
6800,1330.0,2024-01-28,delivered,app,contrareembolso
6801,1141.0,2025-07-05,delivered,app,transferencia
6802,2568.0,2024-07-17,shipped,marketplace,paypal
6803,2760.0,2025-04-11,shipped,app,contrareembolso
6804,915.0,2025-05-09,shipped,marketplace,contrareembolso
6805,2393.0,2024-04-21,delivered,web,tarjeta
6806,2850.0,2023-12-27,delivered,app,transferencia
6807,,2023-12-26,delivered,app,transferencia
6808,2421.0,2023-10-25,delivered,web,tarjeta
6809,1345.0,2024-01-17,delivered,app,paypal
6810,7.0,2023-08-29,delivered,web,tarjeta
6811,2867.0,2024-03-06,delivered,app,paypal
6812,2187.0,2023-10-17,delivered,web,transferencia
6813,290.0,2025-05-09,paid,app,contrareembolso
6814,960.0,2023-10-10,delivered,app,transferencia
6815,2063.0,2023-02-21,delivered,marketplace,paypal
6816,2295.0,2025-08-12,created,web,paypal
6817,400.0,2024-11-30,delivered,app,paypal
6818,358.0,2025-09-30,delivered,app,paypal
6819,2175.0,2023-08-26,delivered,web,tarjeta
6820,465.0,2023-05-12,delivered,app,paypal
6821,1654.0,2023-09-15,delivered,app,tarjeta
6822,523.0,2023-01-25,delivered,app,contrareembolso
6823,736.0,2026-10-23,delivered,marketplace,contrareembolso
6824,2184.0,2023-03-03,delivered,web,tarjeta
6825,1022.0,2024-01-13,delivered,marketplace,contrareembolso
6826,2445.0,2023-03-04,paid,app,tarjeta
6827,2949.0,2024-05-15,delivered,web,contrareembolso
6828,2479.0,2024-06-23,paid,app,paypal
6829,114.0,2025-12-05,delivered,marketplace,contrareembolso
6830,1124.0,2024-07-30,delivered,app,transferencia
6831,359.0,2023-05-05,delivered,marketplace,tarjeta
6832,454.0,2023-05-17,delivered,app,paypal
6833,2348.0,2023-04-28,delivered,web,tarjeta
6834,1126.0,2024-03-06,refunded,marketplace,transferencia
6835,440.0,2023-02-17,created,app,tarjeta
6836,2983.0,2024-07-24,delivered,web,paypal
6837,621.0,2024-01-29,delivered,app,paypal
6838,1211.0,2024-09-02,delivered,app,contrareembolso
6839,1184.0,2023-04-07,delivered,web,paypal
6840,2227.0,2023-07-09,delivered,web,contrareembolso
6841,1116.0,2023-04-15,shipped,app,tarjeta
6842,1276.0,2023-12-06,delivered,marketplace,contrareembolso
6843,346.0,2025-06-29,delivered,app,contrareembolso
6844,2059.0,2023-04-10,delivered,web,tarjeta
6845,2471.0,2025-10-10,delivered,web,tarjeta
6846,29.0,2025-12-25,paid,app,tarjeta
6847,955.0,2024-12-10,delivered,web,transferencia
6848,123.0,2024-10-29,paid,web,tarjeta
6849,2254.0,2025-08-06,delivered,web,contrareembolso
6850,2141.0,2025-09-25,delivered,marketplace,contrareembolso
6851,619.0,2024-04-28,delivered,web,tarjeta
6852,468.0,2025-06-05,delivered,app,transferencia
6853,139.0,2023-10-01,delivered,app,transferencia
6854,706.0,2023-04-09,delivered,marketplace,tarjeta
6855,1832.0,2025-12-17,refunded,marketplace,paypal
6856,1545.0,2024-04-03,delivered,app,contrareembolso
6857,1236.0,2023-04-22,delivered,marketplace,contrareembolso
6858,507.0,2025-09-18,paid,marketplace,contrareembolso
6859,1684.0,2025-08-28,delivered,marketplace,transferencia
6860,794.0,2025-04-19,created,app,transferencia
6861,2088.0,2024-11-24,delivered,web,tarjeta
6862,2592.0,2025-04-06,delivered,web,transferencia
6863,2383.0,2024-06-06,delivered,app,transferencia
6864,2107.0,2025-03-19,delivered,web,paypal
6865,2707.0,2025-12-03,cancelled,marketplace,tarjeta
6866,77.0,2023-05-22,paid,marketplace,contrareembolso
6867,67.0,2023-06-04,delivered,web,contrareembolso
6868,1318.0,2024-01-11,delivered,marketplace,paypal
6869,2394.0,2023-06-23,delivered,web,transferencia
6870,1737.0,2024-02-29,delivered,marketplace,tarjeta
6871,728.0,2023-08-03,cancelled,web,paypal
6872,1430.0,2024-02-01,delivered,marketplace,contrareembolso
6873,1104.0,2023-08-21,delivered,app,paypal
6874,2581.0,2024-05-29,delivered,app,contrareembolso
6875,1817.0,2024-09-01,delivered,app,transferencia
6876,597.0,2024-04-27,delivered,app,contrareembolso
6877,515.0,2024-07-04,delivered,web,transferencia
6878,1418.0,2023-12-14,delivered,app,transferencia
6879,2585.0,2024-03-24,delivered,marketplace,tarjeta
6880,2446.0,2025-10-17,created,app,tarjeta
6881,303.0,2025-02-07,delivered,marketplace,transferencia
6882,1921.0,2024-11-10,refunded,web,transferencia
6883,1996.0,2023-12-17,delivered,app,transferencia
6884,1414.0,2024-12-07,paid,app,contrareembolso
6885,2783.0,2025-02-17,delivered,web,contrareembolso
6886,2683.0,2024-02-10,cancelled,web,tarjeta
6887,2240.0,2024-10-13,delivered,marketplace,transferencia
6888,2213.0,2025-03-20,delivered,web,tarjeta
6889,308.0,2023-06-09,delivered,web,tarjeta
6890,2326.0,2024-04-17,delivered,marketplace,transferencia
6891,2073.0,2024-05-01,delivered,app,tarjeta
6892,798.0,2024-01-13,delivered,web,tarjeta
6893,2844.0,2024-12-16,refunded,web,tarjeta
6894,1594.0,2024-07-18,paid,web,tarjeta
6895,1926.0,2025-11-23,delivered,web,paypal
6896,1896.0,2025-04-24,delivered,web,transferencia
6897,1410.0,2023-10-13,delivered,web,paypal
6898,17.0,2024-07-19,delivered,app,contrareembolso
6899,1904.0,2023-07-19,delivered,app,transferencia
6900,2898.0,2024-05-10,created,web,transferencia
6901,340.0,2025-07-10,delivered,web,transferencia
6902,2750.0,2023-03-01,delivered,marketplace,transferencia
6903,368.0,2025-03-25,delivered,app,contrareembolso
6904,90.0,2023-12-04,shipped,marketplace,contrareembolso
6905,1597.0,2024-05-10,delivered,marketplace,contrareembolso
6906,2957.0,2025-01-04,delivered,marketplace,transferencia
6907,2139.0,2024-05-24,delivered,web,tarjeta
6908,37.0,2024-05-26,delivered,app,contrareembolso
6909,861.0,2025-04-04,cancelled,web,transferencia
6910,2842.0,2025-05-18,created,marketplace,paypal
6911,2455.0,2023-02-16,delivered,web,contrareembolso
6912,1749.0,2023-08-07,delivered,marketplace,transferencia
6913,1773.0,2025-05-04,refunded,marketplace,paypal
6914,242.0,2025-06-17,paid,marketplace,tarjeta
6915,1855.0,2023-08-12,delivered,web,paypal
6916,821.0,2023-08-14,delivered,app,paypal
6917,1756.0,2023-11-05,delivered,marketplace,contrareembolso
6918,844.0,2025-01-18,cancelled,web,paypal
6919,2820.0,2023-12-16,delivered,web,transferencia
6920,2493.0,2023-09-27,cancelled,web,paypal
6921,1751.0,2023-01-12,delivered,web,contrareembolso
6922,1577.0,2024-05-17,delivered,app,contrareembolso
6923,2121.0,2023-10-04,refunded,web,tarjeta
6924,1342.0,2024-01-18,cancelled,app,paypal
6925,2303.0,2023-12-13,delivered,app,contrareembolso
6926,190.0,2025-02-05,delivered,app,transferencia
6927,2457.0,2024-12-03,delivered,web,contrareembolso
6928,1343.0,2023-11-28,delivered,app,contrareembolso
6929,614.0,2023-02-19,cancelled,web,transferencia
6930,2670.0,2024-05-27,refunded,app,contrareembolso
6931,358.0,2025-01-01,delivered,marketplace,contrareembolso
6932,1435.0,2025-08-04,delivered,app,paypal
6933,219.0,2025-02-24,delivered,app,transferencia
6934,402.0,2024-03-08,delivered,web,paypal
6935,1688.0,2023-08-28,delivered,app,paypal
6936,1838.0,2023-09-06,shipped,app,contrareembolso
6937,566.0,2025-09-19,delivered,app,tarjeta
6938,2426.0,2025-06-29,paid,app,paypal
6939,645.0,2024-11-08,shipped,marketplace,transferencia
6940,60.0,2023-01-13,delivered,app,transferencia
6941,2571.0,2023-02-23,delivered,web,tarjeta
6942,78.0,2025-02-22,delivered,marketplace,contrareembolso
6943,43.0,2023-05-29,delivered,app,tarjeta
6944,489.0,2025-07-13,delivered,web,contrareembolso
6945,65.0,2024-01-19,delivered,marketplace,contrareembolso
6946,1523.0,2025-12-31,delivered,marketplace,contrareembolso
6947,23.0,2024-05-15,delivered,marketplace,transferencia
6948,1906.0,2025-01-05,delivered,marketplace,tarjeta
6949,1522.0,2025-08-27,shipped,app,paypal
6950,2507.0,2023-04-11,shipped,web,contrareembolso
6951,2641.0,2023-11-05,delivered,app,transferencia
6952,2505.0,2024-02-25,delivered,web,transferencia
6953,2664.0,2025-05-04,delivered,marketplace,paypal
6954,758.0,2023-03-21,delivered,web,contrareembolso
6955,1781.0,2023-05-19,delivered,app,transferencia
6956,2835.0,2025-06-17,refunded,app,paypal
6957,1173.0,2025-05-24,delivered,web,contrareembolso
6958,2537.0,2023-12-24,refunded,app,transferencia
6959,2926.0,2023-09-19,delivered,web,paypal
6960,707.0,2025-02-23,delivered,web,contrareembolso
6961,678.0,2024-12-14,delivered,web,transferencia
6962,742.0,2025-08-01,delivered,app,transferencia
6963,642.0,2024-05-06,refunded,app,transferencia
6964,941.0,2025-09-28,delivered,web,paypal
6965,2647.0,2025-06-16,delivered,app,transferencia
6966,1164.0,2024-12-16,delivered,web,tarjeta
6967,2740.0,2025-09-09,refunded,app,tarjeta
6968,780.0,2024-04-10,shipped,web,transferencia
6969,2524.0,2025-06-11,delivered,marketplace,paypal
6970,1594.0,2024-09-18,delivered,web,contrareembolso
6971,686.0,2024-10-19,delivered,web,contrareembolso
6972,601.0,2025-10-18,delivered,web,transferencia
6973,52.0,2024-05-17,delivered,marketplace,tarjeta
6974,2868.0,2023-05-10,delivered,web,transferencia
6975,2593.0,2023-09-12,paid,web,tarjeta
6976,1584.0,2025-02-05,delivered,marketplace,transferencia
6977,2059.0,2025-09-28,cancelled,marketplace,contrareembolso
6978,2547.0,2023-07-21,delivered,marketplace,contrareembolso
6979,3017.0,2024-05-12,paid,app,contrareembolso
6980,2851.0,2024-08-23,delivered,marketplace,paypal
6981,1208.0,2025-09-12,delivered,web,tarjeta
6982,970.0,2024-08-20,refunded,web,contrareembolso
6983,2768.0,2024-08-17,paid,app,tarjeta
6984,407.0,2023-09-08,delivered,app,tarjeta
6985,1420.0,2025-11-26,delivered,web,contrareembolso
6986,745.0,2023-12-13,refunded,marketplace,transferencia
6987,2568.0,2023-01-11,delivered,marketplace,tarjeta
6988,2577.0,2025-09-01,delivered,app,paypal
6989,70.0,2025-04-11,delivered,marketplace,paypal
6990,1353.0,2025-10-04,delivered,marketplace,paypal
6991,849.0,2023-09-08,refunded,app,tarjeta
6992,2047.0,2023-04-13,delivered,marketplace,transferencia
6993,2092.0,2025-01-03,delivered,web,tarjeta
6994,1845.0,2024-10-31,paid,marketplace,tarjeta
6995,698.0,2025-08-29,delivered,web,contrareembolso
6996,337.0,2024-04-15,delivered,marketplace,tarjeta
6997,637.0,2025-01-28,delivered,web,contrareembolso
6998,1380.0,2023-03-26,created,app,paypal
6999,1346.0,2024-02-06,shipped,web,contrareembolso
7000,282.0,2025-05-24,delivered,marketplace,tarjeta
7001,2566.0,2023-12-11,delivered,marketplace,paypal
7002,21.0,2024-11-01,shipped,marketplace,transferencia
7003,1897.0,2025-04-17,created,web,transferencia
7004,2807.0,2023-08-07,delivered,app,contrareembolso
7005,2821.0,2024-04-20,shipped,web,transferencia
7006,2458.0,2023-01-23,delivered,app,transferencia
7007,1350.0,2023-07-15,delivered,web,tarjeta
7008,232.0,2023-09-08,delivered,app,contrareembolso
7009,1650.0,2025-05-26,delivered,web,paypal
7010,1497.0,2025-02-17,cancelled,web,tarjeta
7011,271.0,2025-05-26,delivered,app,paypal
7012,2955.0,2023-09-16,delivered,app,paypal
7013,1569.0,2024-09-29,delivered,marketplace,paypal
7014,27.0,2023-11-13,delivered,marketplace,contrareembolso
7015,2209.0,2023-04-09,delivered,web,contrareembolso
7016,2492.0,2023-01-28,delivered,app,contrareembolso
7017,781.0,2025-10-21,delivered,app,transferencia
7018,2365.0,2025-12-25,delivered,app,paypal
7019,2257.0,2026-10-06,cancelled,app,paypal
7020,2983.0,2025-07-30,delivered,app,tarjeta
7021,1780.0,2024-02-29,refunded,web,paypal
7022,308.0,2024-12-10,paid,marketplace,contrareembolso
7023,3005.0,2025-10-21,paid,web,transferencia
7024,1551.0,2024-09-04,delivered,app,transferencia
7025,2978.0,2023-09-27,delivered,app,contrareembolso
7026,699.0,2023-08-03,delivered,marketplace,transferencia
7027,2658.0,2023-01-12,delivered,marketplace,contrareembolso
7028,2150.0,2023-04-08,paid,marketplace,contrareembolso
7029,2598.0,2025-12-06,refunded,web,transferencia
7030,93.0,2024-07-25,delivered,marketplace,transferencia
7031,504.0,2023-01-30,created,app,transferencia
7032,2709.0,2024-05-03,refunded,marketplace,contrareembolso
7033,1378.0,2023-01-15,delivered,web,transferencia
7034,1810.0,2023-04-15,created,app,contrareembolso
7035,1775.0,2023-09-02,delivered,app,contrareembolso
7036,1858.0,2024-03-20,delivered,app,contrareembolso
7037,2513.0,2024-11-09,paid,web,contrareembolso
7038,115.0,2024-09-30,delivered,marketplace,contrareembolso
7039,629.0,2024-12-11,delivered,marketplace,transferencia
7040,1415.0,2025-12-06,refunded,marketplace,contrareembolso
7041,372.0,2025-07-28,paid,marketplace,paypal
7042,350.0,,delivered,app,transferencia
7043,1899.0,2025-02-17,delivered,marketplace,transferencia
7044,1207.0,2023-12-22,delivered,app,transferencia
7045,874.0,2025-05-24,paid,marketplace,contrareembolso
7046,1116.0,2025-09-15,delivered,web,tarjeta
7047,576.0,2023-09-17,delivered,marketplace,contrareembolso
7048,649.0,2024-01-04,delivered,web,tarjeta
7049,1369.0,2023-10-27,delivered,web,tarjeta
7050,2035.0,2025-02-09,delivered,web,tarjeta
7051,2139.0,2024-09-27,delivered,web,transferencia
7052,2831.0,2025-02-28,delivered,web,transferencia
7053,1796.0,2023-03-06,shipped,app,tarjeta
7054,983.0,2025-11-10,delivered,marketplace,tarjeta
7055,795.0,2025-02-04,delivered,marketplace,paypal
7056,2891.0,2024-05-05,delivered,marketplace,transferencia
7057,2116.0,2024-08-28,delivered,web,transferencia
7058,2222.0,2025-05-01,cancelled,web,tarjeta
7059,2322.0,2024-07-03,shipped,marketplace,transferencia
7060,2252.0,2025-10-21,delivered,web,transferencia
7061,2829.0,2025-02-07,delivered,marketplace,transferencia
7062,1642.0,2023-09-01,delivered,web,transferencia
7063,770.0,2023-01-15,delivered,app,transferencia
7064,2874.0,2025-04-12,delivered,web,contrareembolso
7065,2738.0,2024-09-14,delivered,app,paypal
7066,1128.0,2024-02-02,shipped,web,paypal
7067,697.0,2023-07-15,delivered,web,paypal
7068,2489.0,2025-11-14,delivered,web,transferencia
7069,261.0,2024-06-02,shipped,marketplace,paypal
7070,2027.0,2024-11-01,delivered,web,transferencia
7071,2517.0,2024-12-24,shipped,web,tarjeta
7072,206.0,2023-03-18,delivered,marketplace,transferencia
7073,142.0,2023-04-05,delivered,marketplace,paypal
7074,2417.0,2024-02-04,shipped,marketplace,tarjeta
7075,2365.0,2025-04-03,shipped,web,contrareembolso
7076,1661.0,2025-04-05,created,app,tarjeta
7077,2351.0,2024-12-31,paid,marketplace,transferencia
7078,2135.0,2023-06-28,refunded,marketplace,transferencia
7079,1901.0,2025-11-12,delivered,web,tarjeta
7080,2886.0,2023-03-16,shipped,app,contrareembolso
7081,2512.0,2025-04-12,cancelled,app,paypal
7082,2311.0,2023-01-31,refunded,app,contrareembolso
7083,2719.0,2024-04-09,delivered,app,tarjeta
7084,2143.0,2024-09-28,shipped,app,transferencia
7085,2181.0,2025-04-20,delivered,marketplace,contrareembolso
7086,1377.0,2025-06-05,delivered,app,contrareembolso
7087,2902.0,2024-12-12,shipped,web,transferencia
7088,14.0,2023-05-22,paid,web,paypal
7089,1977.0,2025-01-27,cancelled,marketplace,tarjeta
7090,450.0,2025-08-22,delivered,marketplace,tarjeta
7091,1058.0,2025-09-18,delivered,app,paypal
7092,2274.0,2023-07-03,delivered,app,contrareembolso
7093,1534.0,2025-05-30,delivered,web,contrareembolso
7094,1798.0,2025-08-14,delivered,marketplace,tarjeta
7095,1925.0,2025-05-03,paid,marketplace,transferencia
7096,2726.0,2025-06-03,delivered,web,paypal
7097,131.0,2025-02-05,delivered,web,transferencia
7098,1717.0,2024-03-20,refunded,marketplace,transferencia
7099,362.0,2023-12-19,delivered,web,tarjeta
7100,718.0,2023-07-03,delivered,web,paypal
7101,871.0,2024-01-01,delivered,web,paypal
7102,709.0,2025-12-29,delivered,web,transferencia
7103,1733.0,2025-11-03,delivered,web,tarjeta
7104,2632.0,2025-07-13,shipped,marketplace,transferencia
7105,527.0,2025-12-06,delivered,app,contrareembolso
7106,1396.0,2024-10-31,delivered,app,tarjeta
7107,1979.0,2023-12-23,shipped,app,tarjeta
7108,745.0,2025-10-26,cancelled,marketplace,transferencia
7109,339.0,2024-10-28,delivered,web,tarjeta
7110,2505.0,2025-08-22,delivered,app,paypal
7111,2600.0,2024-10-25,delivered,web,paypal
7112,2682.0,2025-03-28,created,marketplace,paypal
7113,1698.0,2023-01-03,delivered,app,transferencia
7114,2546.0,2025-05-28,cancelled,web,paypal
7115,2562.0,2024-02-15,cancelled,app,contrareembolso
7116,1321.0,2023-01-12,delivered,web,tarjeta
7117,76.0,2024-07-18,shipped,web,tarjeta
7118,1514.0,2024-07-28,delivered,web,transferencia
7119,261.0,2023-08-06,shipped,web,transferencia
7120,1776.0,2025-07-29,paid,web,contrareembolso
7121,1427.0,2024-12-13,delivered,marketplace,paypal
7122,813.0,2024-02-22,delivered,app,transferencia
7123,1493.0,2025-04-20,delivered,app,paypal
7124,1907.0,2024-08-22,cancelled,app,paypal
7125,2948.0,2024-03-10,delivered,app,transferencia
7126,1112.0,2024-10-13,delivered,app,tarjeta
7127,2421.0,2023-05-07,delivered,marketplace,paypal
7128,2277.0,2023-11-04,delivered,app,transferencia
7129,793.0,2025-05-07,paid,web,paypal
7130,912.0,2024-04-27,delivered,app,paypal
7131,634.0,2023-05-08,paid,app,paypal
7132,2557.0,2023-06-05,cancelled,marketplace,transferencia
7133,381.0,2023-12-29,delivered,marketplace,paypal
7134,4.0,2025-12-25,delivered,marketplace,contrareembolso
7135,2854.0,2025-03-18,delivered,app,tarjeta
7136,1091.0,2023-01-27,shipped,marketplace,paypal
7137,1696.0,2024-02-03,delivered,web,contrareembolso
7138,2383.0,2024-12-19,paid,marketplace,contrareembolso
7139,2213.0,2023-04-09,delivered,marketplace,tarjeta
7140,712.0,2024-10-19,delivered,marketplace,transferencia
7141,2733.0,2024-04-21,created,web,contrareembolso
7142,651.0,2024-06-18,paid,app,paypal
7143,2724.0,2023-01-06,delivered,marketplace,contrareembolso
7144,1156.0,2024-07-19,delivered,app,transferencia
7145,1676.0,2025-07-16,shipped,marketplace,contrareembolso
7146,1387.0,2025-12-18,paid,web,tarjeta
7147,1389.0,2023-05-27,delivered,app,transferencia
7148,133.0,2025-08-11,delivered,app,paypal
7149,438.0,2023-01-25,created,app,contrareembolso
7150,2563.0,2025-12-01,delivered,app,transferencia
7151,2662.0,2024-03-12,shipped,marketplace,tarjeta
7152,2723.0,2025-07-27,cancelled,app,transferencia
7153,1477.0,2023-03-14,cancelled,app,contrareembolso
7154,2883.0,2024-10-04,delivered,app,paypal
7155,1610.0,2024-06-04,shipped,marketplace,paypal
7156,1631.0,2024-11-30,paid,marketplace,contrareembolso
7157,2144.0,2025-10-16,shipped,app,contrareembolso
7158,73.0,2023-08-31,delivered,app,tarjeta
7159,1652.0,2025-01-24,delivered,app,contrareembolso
7160,2432.0,2024-07-13,delivered,web,contrareembolso
7161,2675.0,2025-05-08,delivered,app,tarjeta
7162,851.0,2024-05-08,delivered,marketplace,tarjeta
7163,1633.0,2025-03-15,delivered,web,transferencia
7164,964.0,2024-08-16,delivered,app,transferencia
7165,1996.0,2025-06-13,delivered,marketplace,contrareembolso
7166,667.0,2023-06-08,shipped,web,transferencia
7167,2929.0,2023-09-07,refunded,app,transferencia
7168,810.0,2023-08-12,delivered,web,tarjeta
7169,377.0,2024-04-11,delivered,app,transferencia
7170,2685.0,2024-03-20,shipped,marketplace,paypal
7171,1548.0,2025-04-07,delivered,app,paypal
7172,602.0,2025-12-15,delivered,marketplace,contrareembolso
7173,1656.0,2023-07-28,delivered,web,contrareembolso
7174,2660.0,2025-10-15,paid,marketplace,contrareembolso
7175,2485.0,2025-12-07,delivered,web,contrareembolso
7176,799.0,2025-10-19,delivered,marketplace,transferencia
7177,1237.0,2024-06-03,paid,web,tarjeta
7178,49.0,2023-03-19,delivered,app,paypal
7179,2020.0,2023-01-18,delivered,web,tarjeta
7180,1160.0,2025-11-19,delivered,app,contrareembolso
7181,2881.0,2025-01-21,delivered,marketplace,contrareembolso
7182,2293.0,2025-02-04,delivered,marketplace,contrareembolso
7183,390.0,2023-08-16,delivered,marketplace,tarjeta
7184,339.0,2025-02-11,delivered,app,paypal
7185,30.0,2024-09-05,delivered,web,transferencia
7186,877.0,2023-06-16,delivered,app,contrareembolso
7187,2700.0,2024-01-08,delivered,marketplace,contrareembolso
7188,303.0,2024-11-01,delivered,app,paypal
7189,2189.0,2023-09-19,cancelled,marketplace,tarjeta
7190,1868.0,2023-02-15,created,app,tarjeta
7191,2926.0,2024-01-19,shipped,web,paypal
7192,2673.0,2025-12-28,paid,web,transferencia
7193,1691.0,2024-01-25,delivered,app,paypal
7194,866.0,2025-01-24,delivered,web,transferencia
7195,2972.0,2024-10-11,delivered,marketplace,contrareembolso
7196,1735.0,2025-09-05,shipped,web,transferencia
7197,1211.0,2025-10-12,delivered,app,transferencia
7198,2752.0,2024-11-30,delivered,web,paypal
7199,2085.0,2025-03-14,created,web,tarjeta
7200,443.0,2023-01-23,delivered,web,tarjeta
7201,3015.0,2025-10-30,delivered,app,transferencia
7202,2425.0,2024-03-08,shipped,marketplace,tarjeta
7203,2893.0,2024-07-29,shipped,web,tarjeta
7204,819.0,2025-07-16,shipped,app,transferencia
7205,1815.0,2025-05-15,delivered,web,contrareembolso
7206,1176.0,2025-07-21,cancelled,web,transferencia
7207,65.0,2025-12-02,delivered,app,contrareembolso
7208,2229.0,2025-11-21,delivered,app,tarjeta
7209,2553.0,2024-08-03,shipped,marketplace,paypal
7210,781.0,2023-01-27,shipped,marketplace,tarjeta
7211,2056.0,2023-12-15,paid,marketplace,contrareembolso
7212,22.0,2025-08-29,delivered,marketplace,transferencia
7213,95.0,2024-01-19,shipped,marketplace,tarjeta
7214,2691.0,2024-03-26,delivered,app,transferencia
7215,224.0,2024-08-24,delivered,app,transferencia
7216,2740.0,2024-02-04,delivered,marketplace,tarjeta
7217,1106.0,2023-10-02,created,web,tarjeta
7218,538.0,2025-11-03,paid,marketplace,transferencia
7219,751.0,2025-11-05,delivered,marketplace,transferencia
7220,1832.0,2024-06-06,delivered,web,paypal
7221,408.0,2025-05-19,delivered,marketplace,transferencia
7222,67.0,2025-08-03,delivered,app,tarjeta
7223,1214.0,2024-08-25,delivered,web,tarjeta
7224,319.0,2023-12-14,delivered,app,paypal
7225,2968.0,2025-11-06,delivered,web,paypal
7226,2901.0,2023-08-13,delivered,app,contrareembolso
7227,651.0,2024-02-11,shipped,marketplace,paypal
7228,88.0,2023-12-25,delivered,marketplace,paypal
7229,418.0,2024-06-14,paid,marketplace,contrareembolso
7230,2714.0,2023-04-09,delivered,web,tarjeta
7231,896.0,2024-05-02,delivered,app,contrareembolso
7232,2156.0,2024-04-30,delivered,marketplace,paypal
7233,2125.0,2024-08-02,delivered,web,paypal
7234,1596.0,2023-04-24,created,marketplace,paypal
7235,1030.0,2024-03-20,paid,app,contrareembolso
7236,1016.0,2023-03-30,shipped,app,tarjeta
7237,2536.0,2024-01-03,shipped,web,contrareembolso
7238,683.0,2023-09-27,delivered,marketplace,contrareembolso
7239,1590.0,2025-06-16,cancelled,app,paypal
7240,289.0,2025-04-21,delivered,app,contrareembolso
7241,506.0,2023-09-07,cancelled,app,paypal
7242,2237.0,2025-04-28,delivered,app,paypal
7243,320.0,2024-12-06,paid,marketplace,paypal
7244,767.0,2023-07-16,delivered,marketplace,contrareembolso
7245,2723.0,2023-08-26,shipped,marketplace,transferencia
7246,2588.0,2025-08-15,delivered,app,tarjeta
7247,1689.0,2024-11-25,paid,marketplace,paypal
7248,1800.0,2024-07-07,shipped,marketplace,contrareembolso
7249,795.0,2025-11-06,delivered,marketplace,transferencia
7250,1175.0,2025-04-01,delivered,web,transferencia
7251,1522.0,2023-05-26,cancelled,marketplace,transferencia
7252,2731.0,2023-02-04,delivered,app,contrareembolso
7253,2516.0,2023-08-26,paid,marketplace,paypal
7254,467.0,2024-02-28,delivered,web,transferencia
7255,982.0,2025-03-20,shipped,app,paypal
7256,2252.0,2023-01-02,delivered,web,tarjeta
7257,297.0,2023-11-28,delivered,web,paypal
7258,2481.0,2023-04-25,delivered,marketplace,transferencia
7259,1507.0,2024-01-11,delivered,web,paypal
7260,2877.0,2023-01-21,delivered,marketplace,tarjeta
7261,992.0,2025-04-24,delivered,app,transferencia
7262,1165.0,2025-06-16,delivered,app,transferencia
7263,799.0,2025-12-01,cancelled,marketplace,paypal
7264,1926.0,2023-10-17,cancelled,web,paypal
7265,682.0,2023-04-15,created,web,tarjeta
7266,2964.0,2024-04-08,delivered,web,transferencia
7267,1959.0,2023-03-04,delivered,web,paypal
7268,2526.0,2025-10-21,shipped,app,tarjeta
7269,571.0,2024-07-23,cancelled,marketplace,contrareembolso
7270,1511.0,2023-06-01,delivered,web,contrareembolso
7271,1881.0,2024-04-06,delivered,web,transferencia
7272,2560.0,2025-06-23,delivered,app,paypal
7273,1060.0,2025-10-21,delivered,marketplace,paypal
7274,2703.0,2024-03-29,delivered,marketplace,paypal
7275,932.0,2025-12-18,delivered,web,tarjeta
7276,1497.0,2025-04-22,delivered,web,paypal
7277,2471.0,2025-07-05,delivered,app,tarjeta
7278,1863.0,2024-10-28,shipped,marketplace,tarjeta
7279,2976.0,2025-06-17,delivered,app,contrareembolso
7280,1131.0,2025-05-22,delivered,app,tarjeta
7281,1307.0,2025-07-15,delivered,app,paypal
7282,389.0,2024-01-04,delivered,marketplace,tarjeta
7283,1715.0,2025-09-09,shipped,marketplace,transferencia
7284,2292.0,2023-09-29,delivered,app,tarjeta
7285,2277.0,2025-10-14,delivered,app,transferencia
7286,1439.0,2025-01-18,delivered,app,tarjeta
7287,2438.0,2024-10-29,delivered,marketplace,tarjeta
7288,1073.0,2024-03-20,delivered,app,tarjeta
7289,1087.0,2024-04-13,delivered,marketplace,contrareembolso
7290,2024.0,2024-12-20,delivered,web,tarjeta
7291,518.0,2024-01-27,delivered,app,contrareembolso
7292,2435.0,2023-06-19,delivered,web,transferencia
7293,1839.0,2024-12-18,shipped,marketplace,transferencia
7294,2798.0,2025-05-23,paid,web,contrareembolso
7295,1422.0,2023-12-01,paid,web,tarjeta
7296,1204.0,2024-06-20,cancelled,app,transferencia
7297,1041.0,2025-09-25,delivered,app,contrareembolso
7298,207.0,2024-09-12,delivered,app,tarjeta
7299,2923.0,2023-03-25,delivered,web,transferencia
7300,1545.0,2025-12-22,delivered,marketplace,transferencia
7301,1589.0,2025-04-16,delivered,marketplace,tarjeta
7302,197.0,2024-05-02,created,app,paypal
7303,2278.0,2023-10-20,delivered,marketplace,transferencia
7304,2659.0,2024-08-03,delivered,web,tarjeta
7305,2934.0,2025-07-17,delivered,app,contrareembolso
7306,596.0,2023-07-29,delivered,web,tarjeta
7307,2815.0,2025-04-06,delivered,marketplace,transferencia
7308,2772.0,2024-12-09,delivered,app,contrareembolso
7309,163.0,2024-11-11,delivered,marketplace,transferencia
7310,2009.0,2025-09-24,delivered,web,paypal
7311,70.0,2024-11-16,shipped,app,paypal
7312,1725.0,2024-03-16,shipped,app,tarjeta
7313,915.0,2024-03-08,delivered,web,tarjeta
7314,2781.0,2024-06-22,delivered,app,tarjeta
7315,2505.0,2025-09-10,delivered,marketplace,contrareembolso
7316,1975.0,2023-11-04,delivered,web,transferencia
7317,1656.0,2023-04-25,delivered,marketplace,tarjeta
7318,1253.0,2023-05-13,delivered,app,transferencia
7319,62.0,2023-03-18,delivered,app,transferencia
7320,878.0,2025-10-27,delivered,marketplace,paypal
7321,1102.0,2024-06-24,delivered,app,tarjeta
7322,2993.0,2025-09-12,refunded,web,contrareembolso
7323,23.0,2024-12-27,delivered,marketplace,paypal
7324,1745.0,2025-03-09,paid,web,paypal
7325,211.0,2025-08-20,delivered,app,tarjeta
7326,75.0,2024-03-18,created,marketplace,transferencia
7327,881.0,2023-12-08,created,marketplace,transferencia
7328,590.0,2023-07-22,delivered,marketplace,tarjeta
7329,775.0,2023-10-27,delivered,web,transferencia
7330,2814.0,2024-05-22,shipped,web,contrareembolso
7331,728.0,2024-10-31,refunded,app,contrareembolso
7332,2843.0,2024-04-25,delivered,marketplace,contrareembolso
7333,54.0,2024-08-31,delivered,app,tarjeta
7334,2275.0,2025-08-02,paid,web,contrareembolso
7335,1543.0,2024-09-07,shipped,web,contrareembolso
7336,163.0,2025-12-25,delivered,app,contrareembolso
7337,2023.0,2023-08-26,delivered,app,contrareembolso
7338,2080.0,2023-02-22,delivered,marketplace,transferencia
7339,2764.0,2025-12-21,cancelled,web,tarjeta
7340,2124.0,2025-02-03,delivered,marketplace,contrareembolso
7341,80.0,2025-07-27,delivered,web,tarjeta
7342,1811.0,2023-12-06,delivered,marketplace,transferencia
7343,613.0,2025-02-09,delivered,web,transferencia
7344,245.0,2023-10-21,delivered,marketplace,transferencia
7345,2132.0,2023-06-18,delivered,app,tarjeta
7346,354.0,2023-10-22,delivered,web,transferencia
7347,3003.0,2023-04-08,delivered,app,contrareembolso
7348,1597.0,2025-01-29,delivered,marketplace,tarjeta
7349,1771.0,2024-10-20,delivered,web,contrareembolso
7350,623.0,2023-09-02,paid,web,transferencia
7351,2343.0,2023-01-25,cancelled,marketplace,contrareembolso
7352,711.0,2023-01-07,delivered,marketplace,contrareembolso
7353,2976.0,2025-04-21,delivered,web,tarjeta
7354,1150.0,2025-12-16,delivered,marketplace,paypal
7355,857.0,2023-02-09,refunded,marketplace,transferencia
7356,2481.0,2023-03-17,created,marketplace,transferencia
7357,1036.0,2023-10-09,shipped,marketplace,transferencia
7358,2394.0,2023-03-01,refunded,app,paypal
7359,974.0,2023-11-08,cancelled,web,paypal
7360,2836.0,2024-02-03,refunded,web,tarjeta
7361,474.0,2025-11-24,cancelled,app,tarjeta
7362,1461.0,2023-10-03,cancelled,web,transferencia
7363,2637.0,2023-01-14,paid,app,transferencia
7364,1356.0,2024-01-06,shipped,app,tarjeta
7365,1347.0,2024-07-26,delivered,web,tarjeta
7366,397.0,2024-06-13,delivered,app,contrareembolso
7367,2126.0,2024-04-01,delivered,web,contrareembolso
7368,1378.0,2025-07-09,delivered,app,paypal
7369,2845.0,2024-11-24,created,marketplace,tarjeta
7370,2795.0,2024-08-23,delivered,app,transferencia
7371,1510.0,2025-07-23,delivered,marketplace,contrareembolso
7372,853.0,2025-08-06,delivered,app,contrareembolso
7373,617.0,2023-02-28,created,web,contrareembolso
7374,3015.0,2023-04-25,delivered,app,contrareembolso
7375,2052.0,2023-04-09,delivered,marketplace,tarjeta
7376,1007.0,2025-09-12,delivered,web,contrareembolso
7377,2064.0,2025-12-29,created,app,tarjeta
7378,2110.0,2023-12-04,shipped,app,transferencia
7379,2047.0,2025-04-28,delivered,app,tarjeta
7380,2805.0,2025-05-01,refunded,marketplace,tarjeta
7381,1353.0,2023-11-16,shipped,app,transferencia
7382,743.0,2024-04-10,delivered,web,tarjeta
7383,1386.0,2025-08-11,delivered,app,contrareembolso
7384,1509.0,2025-01-23,delivered,marketplace,transferencia
7385,902.0,2024-11-10,delivered,marketplace,tarjeta
7386,391.0,2025-03-23,delivered,app,tarjeta
7387,295.0,2023-12-03,delivered,app,paypal
7388,1463.0,2024-11-09,shipped,marketplace,transferencia
7389,410.0,2024-03-02,delivered,marketplace,tarjeta
7390,627.0,2025-07-28,delivered,web,contrareembolso
7391,536.0,2025-04-10,delivered,web,paypal
7392,512.0,2025-08-19,delivered,web,transferencia
7393,198.0,2025-09-03,delivered,app,transferencia
7394,398.0,2024-01-02,delivered,app,contrareembolso
7395,1317.0,2024-07-30,delivered,app,transferencia
7396,699.0,2023-09-27,cancelled,marketplace,contrareembolso
7397,1649.0,2024-03-17,paid,web,transferencia
7398,1513.0,2024-05-04,delivered,app,contrareembolso
7399,927.0,2023-08-30,delivered,marketplace,contrareembolso
7400,2325.0,2023-07-03,paid,web,transferencia
7401,2471.0,2025-11-02,delivered,marketplace,contrareembolso
7402,255.0,2024-06-26,delivered,web,tarjeta
7403,2020.0,2024-08-14,delivered,app,contrareembolso
7404,794.0,2025-04-23,delivered,marketplace,contrareembolso
7405,135.0,2024-04-28,delivered,app,paypal
7406,2263.0,2024-11-18,delivered,web,tarjeta
7407,445.0,2025-09-20,delivered,app,contrareembolso
7408,2775.0,2024-03-19,delivered,web,contrareembolso
7409,55.0,2024-11-24,shipped,web,tarjeta
7410,1872.0,2024-07-31,delivered,web,tarjeta
7411,2662.0,2024-03-06,delivered,marketplace,transferencia
7412,586.0,2025-09-24,delivered,app,transferencia
7413,1387.0,2024-04-29,delivered,web,tarjeta
7414,690.0,2023-06-11,created,app,tarjeta
7415,395.0,2023-01-04,delivered,app,tarjeta
7416,2064.0,2025-11-10,delivered,marketplace,paypal
7417,1734.0,2024-08-31,cancelled,web,transferencia
7418,957.0,2025-08-16,delivered,app,transferencia
7419,1212.0,2024-02-10,created,app,transferencia
7420,73.0,2024-10-22,cancelled,app,contrareembolso
7421,2978.0,2024-12-27,created,marketplace,paypal
7422,928.0,2023-12-24,delivered,app,transferencia
7423,449.0,2025-03-08,delivered,app,contrareembolso
7424,304.0,2023-01-01,shipped,web,paypal
7425,1589.0,2025-06-21,paid,web,contrareembolso
7426,1082.0,2024-11-16,shipped,marketplace,contrareembolso
7427,31.0,2025-08-03,delivered,web,transferencia
7428,1752.0,2024-11-15,delivered,app,transferencia
7429,976.0,2024-03-19,delivered,app,transferencia
7430,1959.0,2024-01-30,delivered,app,contrareembolso
7431,2760.0,2024-01-29,paid,web,tarjeta
7432,2402.0,2025-04-09,delivered,app,transferencia
7433,1673.0,2024-01-12,delivered,app,contrareembolso
7434,630.0,2023-07-28,delivered,web,tarjeta
7435,1808.0,2024-12-06,shipped,app,transferencia
7436,1991.0,2024-12-01,delivered,marketplace,transferencia
7437,1529.0,2024-08-13,delivered,web,transferencia
7438,152.0,2024-08-23,delivered,app,tarjeta
7439,1286.0,2025-06-03,delivered,app,transferencia
7440,164.0,2025-06-12,delivered,marketplace,transferencia
7441,933.0,2025-06-04,delivered,app,paypal
7442,2446.0,2023-01-04,delivered,app,tarjeta
7443,2568.0,2023-02-12,paid,web,tarjeta
7444,2780.0,2025-05-09,refunded,app,transferencia
7445,2023.0,2024-07-14,delivered,marketplace,contrareembolso
7446,2376.0,2024-02-18,delivered,marketplace,paypal
7447,1244.0,2024-03-26,delivered,marketplace,paypal
7448,1944.0,2024-07-10,shipped,web,contrareembolso
7449,1291.0,2023-06-13,delivered,marketplace,transferencia
7450,1396.0,2023-03-28,paid,app,contrareembolso
7451,1587.0,2023-03-30,cancelled,web,transferencia
7452,2930.0,2023-08-06,delivered,marketplace,transferencia
7453,903.0,2024-10-15,shipped,app,paypal
7454,1674.0,2024-11-06,delivered,app,transferencia
7455,379.0,2024-10-02,delivered,app,transferencia
7456,2199.0,2024-03-22,delivered,web,paypal
7457,722.0,2025-07-18,delivered,app,paypal
7458,1780.0,2023-08-05,created,marketplace,tarjeta
7459,965.0,2024-10-05,delivered,marketplace,transferencia
7460,555.0,2023-09-06,delivered,app,paypal
7461,2213.0,2024-03-10,delivered,marketplace,transferencia
7462,1280.0,2023-09-25,delivered,web,tarjeta
7463,432.0,2025-01-27,delivered,app,contrareembolso
7464,1146.0,2024-06-09,delivered,web,contrareembolso
7465,591.0,2023-10-12,delivered,web,paypal
7466,1883.0,2023-11-08,delivered,web,contrareembolso
7467,2464.0,2025-08-27,delivered,web,tarjeta
7468,387.0,2023-09-11,paid,web,paypal
7469,2216.0,2024-02-11,refunded,marketplace,paypal
7470,1278.0,2023-09-07,delivered,app,transferencia
7471,2013.0,2023-11-17,delivered,app,paypal
7472,2614.0,2023-01-18,delivered,marketplace,paypal
7473,661.0,2023-02-02,delivered,marketplace,tarjeta
7474,269.0,2023-01-17,shipped,web,transferencia
7475,571.0,2024-12-09,created,app,paypal
7476,1190.0,2024-09-11,cancelled,app,transferencia
7477,1033.0,2025-08-10,delivered,app,contrareembolso
7478,211.0,2023-04-12,delivered,marketplace,paypal
7479,165.0,2023-06-03,delivered,app,paypal
7480,1665.0,2023-12-04,delivered,web,tarjeta
7481,2299.0,2023-02-02,shipped,web,transferencia
7482,2969.0,2025-07-06,delivered,app,contrareembolso
7483,1664.0,2024-09-16,delivered,app,transferencia
7484,451.0,2023-11-12,delivered,marketplace,contrareembolso
7485,1860.0,2025-12-21,delivered,web,transferencia
7486,2840.0,2024-05-12,delivered,web,paypal
7487,143.0,2025-02-02,delivered,app,transferencia
7488,2347.0,2023-12-25,paid,web,contrareembolso
7489,792.0,2024-08-18,delivered,marketplace,paypal
7490,991.0,2023-03-02,cancelled,marketplace,tarjeta
7491,2987.0,2024-02-15,shipped,web,contrareembolso
7492,2196.0,2025-07-20,delivered,app,paypal
7493,2896.0,2025-01-12,delivered,web,tarjeta
7494,2183.0,2025-01-21,delivered,marketplace,tarjeta
7495,80.0,2025-12-26,delivered,marketplace,tarjeta
7496,1085.0,2025-01-05,refunded,web,tarjeta
7497,2914.0,2025-12-14,created,web,transferencia
7498,219.0,2024-08-05,delivered,web,tarjeta
7499,1911.0,2024-02-03,delivered,web,contrareembolso
7500,2561.0,2023-08-01,delivered,web,paypal
7501,1679.0,2024-05-16,shipped,marketplace,paypal
7502,1684.0,2025-12-24,cancelled,web,contrareembolso
7503,648.0,2023-01-30,paid,web,paypal
7504,480.0,2023-03-04,shipped,marketplace,paypal
7505,1181.0,2023-02-21,refunded,marketplace,contrareembolso
7506,141.0,2024-12-26,delivered,marketplace,contrareembolso
7507,2583.0,2025-08-29,created,app,paypal
7508,1884.0,2025-10-29,delivered,app,contrareembolso
7509,1721.0,2024-07-28,delivered,app,contrareembolso
7510,492.0,2024-12-15,delivered,web,transferencia
7511,326.0,2024-08-15,delivered,marketplace,tarjeta
7512,629.0,2025-05-23,delivered,web,tarjeta
7513,1341.0,2023-10-18,shipped,app,tarjeta
7514,1404.0,2023-10-29,shipped,app,contrareembolso
7515,2445.0,2023-11-23,paid,marketplace,paypal
7516,1085.0,2024-07-31,delivered,app,paypal
7517,756.0,2024-09-02,refunded,web,contrareembolso
7518,2784.0,2023-10-15,delivered,marketplace,transferencia
7519,683.0,2025-04-08,delivered,app,transferencia
7520,399.0,2025-08-11,delivered,app,paypal
7521,2563.0,2025-11-18,delivered,web,paypal
7522,2017.0,2023-11-17,delivered,web,contrareembolso
7523,575.0,2024-11-07,delivered,marketplace,contrareembolso
7524,2965.0,2024-07-30,delivered,web,paypal
7525,660.0,2024-02-21,delivered,app,tarjeta
7526,1593.0,2023-01-20,delivered,app,tarjeta
7527,2841.0,2024-05-05,cancelled,web,tarjeta
7528,2295.0,2023-08-11,created,web,tarjeta
7529,875.0,2025-12-15,delivered,marketplace,paypal
7530,2550.0,2023-07-03,delivered,app,paypal
7531,2574.0,2023-03-30,shipped,app,paypal
7532,2827.0,2023-06-04,shipped,marketplace,contrareembolso
7533,1884.0,2024-04-24,delivered,app,transferencia
7534,1672.0,2024-02-01,paid,marketplace,contrareembolso
7535,684.0,2024-05-04,delivered,web,transferencia
7536,2339.0,2025-09-03,delivered,marketplace,transferencia
7537,2443.0,2023-09-25,shipped,app,transferencia
7538,446.0,2024-07-10,shipped,app,contrareembolso
7539,640.0,2023-11-12,paid,web,tarjeta
7540,2711.0,2023-01-26,delivered,app,transferencia
7541,1296.0,2024-01-05,paid,web,transferencia
7542,910.0,2024-03-01,delivered,app,transferencia
7543,664.0,2025-06-12,delivered,web,transferencia
7544,341.0,2023-01-25,delivered,web,tarjeta
7545,620.0,2025-09-21,delivered,web,paypal
7546,223.0,2023-01-10,delivered,web,contrareembolso
7547,1206.0,2023-10-12,shipped,marketplace,tarjeta
7548,1580.0,2023-06-24,delivered,marketplace,contrareembolso
7549,2736.0,2023-10-18,delivered,web,paypal
7550,2727.0,2025-08-15,delivered,marketplace,transferencia
7551,1869.0,2023-01-24,delivered,web,paypal
7552,1748.0,2025-12-05,delivered,marketplace,transferencia
7553,2349.0,2024-05-17,shipped,marketplace,tarjeta
7554,1768.0,2025-08-29,delivered,marketplace,transferencia
7555,751.0,2024-03-29,delivered,marketplace,contrareembolso
7556,2310.0,2025-07-07,delivered,app,paypal
7557,338.0,2023-03-27,delivered,app,transferencia
7558,2460.0,2025-09-01,delivered,marketplace,transferencia
7559,2467.0,2025-04-22,created,marketplace,paypal
7560,2369.0,2024-09-28,delivered,app,transferencia
7561,2208.0,2025-11-23,delivered,web,contrareembolso
7562,2323.0,2025-09-03,delivered,web,contrareembolso
7563,490.0,2025-11-27,refunded,app,tarjeta
7564,1335.0,2025-04-10,delivered,marketplace,paypal
7565,517.0,2024-08-21,delivered,marketplace,paypal
7566,2853.0,2024-08-15,paid,app,tarjeta
7567,2008.0,2025-03-12,delivered,app,paypal
7568,2814.0,2024-01-16,created,app,tarjeta
7569,2773.0,2024-02-27,delivered,web,contrareembolso
7570,1818.0,2023-08-18,created,web,tarjeta
7571,1564.0,2024-05-31,cancelled,marketplace,transferencia
7572,1040.0,2025-12-21,delivered,app,contrareembolso
7573,2209.0,2024-06-09,delivered,marketplace,transferencia
7574,1448.0,2023-02-07,refunded,web,paypal
7575,75.0,2023-01-22,delivered,marketplace,transferencia
7576,1792.0,2025-04-05,delivered,web,contrareembolso
7577,2751.0,2025-10-06,delivered,web,tarjeta
7578,2212.0,2023-11-03,delivered,app,contrareembolso
7579,558.0,2025-10-28,delivered,app,tarjeta
7580,2744.0,2024-12-14,cancelled,web,paypal
7581,142.0,2025-08-04,created,marketplace,transferencia
7582,1707.0,2023-11-01,delivered,marketplace,transferencia
7583,229.0,2025-02-13,refunded,app,transferencia
7584,1630.0,2025-10-06,delivered,marketplace,contrareembolso
7585,106.0,2024-04-07,delivered,app,paypal
7586,2784.0,2024-09-10,delivered,marketplace,contrareembolso
7587,90.0,2025-09-27,delivered,app,paypal
7588,756.0,2023-07-21,delivered,marketplace,transferencia
7589,2858.0,2023-11-18,delivered,marketplace,paypal
7590,2489.0,2023-04-12,shipped,web,tarjeta
7591,1301.0,2025-07-08,delivered,marketplace,transferencia
7592,2752.0,2023-08-19,shipped,app,contrareembolso
7593,2350.0,2024-01-03,delivered,marketplace,tarjeta
7594,1162.0,2024-12-10,delivered,marketplace,contrareembolso
7595,1372.0,2024-04-30,delivered,app,transferencia
7596,633.0,2024-05-15,delivered,app,paypal
7597,457.0,2025-12-30,delivered,app,contrareembolso
7598,2969.0,2024-02-13,delivered,app,contrareembolso
7599,2637.0,2023-08-01,delivered,web,tarjeta
7600,2101.0,2024-02-28,delivered,web,contrareembolso
7601,2334.0,2025-12-17,delivered,app,contrareembolso
7602,2496.0,2025-06-30,delivered,web,paypal
7603,1881.0,2023-09-10,refunded,web,contrareembolso
7604,2207.0,2024-10-06,delivered,app,contrareembolso
7605,1141.0,2023-06-17,delivered,web,paypal
7606,1454.0,2024-05-26,delivered,web,tarjeta
7607,2720.0,2025-02-02,delivered,marketplace,contrareembolso
7608,2113.0,2023-03-25,refunded,marketplace,transferencia
7609,1315.0,2023-07-04,delivered,marketplace,tarjeta
7610,1207.0,2025-10-31,delivered,marketplace,contrareembolso
7611,1336.0,2024-10-20,cancelled,marketplace,contrareembolso
7612,1136.0,2025-12-11,delivered,app,tarjeta
7613,1286.0,2024-07-07,paid,marketplace,tarjeta
7614,1930.0,2024-10-14,delivered,app,paypal
7615,257.0,2023-05-31,delivered,marketplace,paypal
7616,147.0,2025-07-28,delivered,marketplace,paypal
7617,2512.0,2024-11-26,delivered,web,transferencia
7618,833.0,2024-04-22,delivered,web,transferencia
7619,619.0,2023-08-30,delivered,app,transferencia
7620,194.0,2025-08-14,paid,web,contrareembolso
7621,1196.0,2025-04-08,delivered,marketplace,paypal
7622,2819.0,2023-12-08,delivered,web,transferencia
7623,961.0,2023-09-07,delivered,marketplace,contrareembolso
7624,2753.0,2024-07-25,delivered,app,contrareembolso
7625,2435.0,2023-02-28,delivered,web,tarjeta
7626,624.0,2025-02-04,delivered,marketplace,contrareembolso
7627,43.0,2025-08-13,shipped,marketplace,contrareembolso
7628,310.0,2024-12-13,delivered,app,contrareembolso
7629,1364.0,2025-01-04,delivered,marketplace,contrareembolso
7630,2192.0,2023-06-11,delivered,marketplace,contrareembolso
7631,2594.0,2023-07-25,shipped,marketplace,contrareembolso
7632,315.0,2023-04-17,paid,marketplace,tarjeta
7633,412.0,2024-10-30,shipped,app,transferencia
7634,728.0,2024-08-28,delivered,marketplace,tarjeta
7635,1462.0,2025-02-20,cancelled,marketplace,paypal
7636,1177.0,2024-06-26,created,marketplace,transferencia
7637,2545.0,2025-10-10,delivered,app,tarjeta
7638,1846.0,2024-12-07,delivered,app,contrareembolso
7639,,2024-04-26,delivered,marketplace,tarjeta
7640,2067.0,2023-11-15,refunded,marketplace,contrareembolso
7641,2496.0,2023-11-15,delivered,app,transferencia
7642,1735.0,2025-11-27,delivered,app,contrareembolso
7643,1280.0,2023-04-14,paid,marketplace,contrareembolso
7644,2708.0,2023-05-07,delivered,marketplace,paypal
7645,2999.0,2025-12-22,delivered,app,contrareembolso
7646,802.0,2025-03-05,shipped,app,tarjeta
7647,459.0,2024-04-13,delivered,marketplace,transferencia
7648,2913.0,2023-06-22,delivered,marketplace,paypal
7649,1841.0,2024-01-20,cancelled,marketplace,paypal
7650,2509.0,2025-05-15,delivered,web,contrareembolso
7651,2111.0,2025-04-25,delivered,web,paypal
7652,2137.0,2025-06-26,delivered,marketplace,tarjeta
7653,373.0,2024-06-09,paid,app,tarjeta
7654,1663.0,2023-10-19,delivered,web,tarjeta
7655,360.0,2025-11-14,delivered,app,transferencia
7656,1937.0,2024-05-19,paid,marketplace,contrareembolso
7657,2205.0,2023-09-17,delivered,app,contrareembolso
7658,2763.0,2024-10-29,delivered,app,tarjeta
7659,2.0,2024-01-02,delivered,app,paypal
7660,2133.0,2023-04-23,delivered,web,transferencia
7661,740.0,2023-02-09,delivered,app,paypal
7662,1781.0,2025-03-08,delivered,app,tarjeta
7663,1737.0,2025-12-21,delivered,marketplace,tarjeta
7664,1991.0,2023-04-06,delivered,marketplace,transferencia
7665,348.0,2024-04-09,delivered,app,transferencia
7666,327.0,2024-03-19,cancelled,web,paypal
7667,71.0,2024-05-11,delivered,app,tarjeta
7668,2321.0,2023-09-07,delivered,web,paypal
7669,195.0,2024-12-03,shipped,web,transferencia
7670,2690.0,2023-08-04,delivered,app,tarjeta
7671,2803.0,2024-08-13,delivered,web,tarjeta
7672,1117.0,2023-10-07,delivered,app,paypal
7673,2599.0,2024-10-22,refunded,app,contrareembolso
7674,1551.0,2023-12-29,delivered,marketplace,paypal
7675,15.0,2024-07-05,delivered,marketplace,tarjeta
7676,699.0,2023-06-27,delivered,app,paypal
7677,1671.0,2024-09-24,delivered,marketplace,tarjeta
7678,1342.0,,shipped,app,transferencia
7679,1104.0,2025-02-12,delivered,marketplace,paypal
7680,516.0,2023-06-27,delivered,app,tarjeta
7681,2249.0,2025-07-05,delivered,marketplace,transferencia
7682,1929.0,2025-07-10,delivered,web,paypal
7683,1402.0,2025-05-01,delivered,app,transferencia
7684,129.0,2023-09-24,cancelled,web,tarjeta
7685,1.0,2024-12-17,delivered,web,contrareembolso
7686,477.0,2025-02-02,delivered,app,paypal
7687,1014.0,2023-07-07,refunded,web,tarjeta
7688,2545.0,2024-06-04,delivered,app,transferencia
7689,1956.0,2024-06-05,paid,web,tarjeta
7690,1184.0,2024-06-24,delivered,app,contrareembolso
7691,2640.0,2024-12-04,paid,app,paypal
7692,2311.0,2025-09-18,delivered,web,contrareembolso
7693,1409.0,2024-02-01,shipped,app,paypal
7694,2141.0,2023-05-21,delivered,marketplace,tarjeta
7695,945.0,2024-05-06,delivered,web,transferencia
7696,2047.0,2023-11-18,delivered,app,transferencia
7697,510.0,2023-08-11,cancelled,app,contrareembolso
7698,2805.0,2024-03-29,delivered,marketplace,transferencia
7699,2755.0,2024-10-24,shipped,marketplace,transferencia
7700,1450.0,2024-08-02,delivered,web,contrareembolso
7701,1518.0,2025-03-20,delivered,marketplace,paypal
7702,1734.0,2025-09-26,delivered,marketplace,contrareembolso
7703,119.0,2024-09-17,delivered,app,contrareembolso
7704,1466.0,2023-09-10,shipped,web,tarjeta
7705,2828.0,2025-10-05,delivered,app,paypal
7706,1432.0,2025-01-31,delivered,marketplace,paypal
7707,1303.0,2025-11-12,refunded,web,contrareembolso
7708,566.0,2024-03-22,delivered,web,transferencia
7709,331.0,2024-07-14,delivered,marketplace,paypal
7710,2799.0,2024-11-02,shipped,marketplace,transferencia
7711,762.0,2023-01-10,shipped,app,tarjeta
7712,708.0,2023-01-11,delivered,app,tarjeta
7713,1279.0,2025-12-22,created,web,paypal
7714,690.0,2024-03-02,delivered,marketplace,contrareembolso
7715,2414.0,2023-03-22,delivered,web,paypal
7716,2899.0,2024-03-19,paid,web,tarjeta
7717,796.0,2024-09-19,delivered,web,contrareembolso
7718,2260.0,2024-04-27,shipped,marketplace,tarjeta
7719,870.0,2023-09-06,created,app,tarjeta
7720,2197.0,2023-02-10,delivered,web,tarjeta
7721,325.0,2023-01-26,delivered,app,tarjeta
7722,2373.0,2023-10-11,delivered,marketplace,transferencia
7723,548.0,2023-05-27,refunded,web,transferencia
7724,1162.0,2023-11-23,delivered,web,tarjeta
7725,1633.0,2024-10-09,delivered,marketplace,contrareembolso
7726,207.0,2023-02-07,delivered,web,transferencia
7727,1550.0,2025-03-31,delivered,web,contrareembolso
7728,332.0,2025-02-25,delivered,app,paypal
7729,953.0,2023-05-06,created,web,paypal
7730,2052.0,2025-10-03,delivered,web,paypal
7731,1044.0,2024-10-29,shipped,marketplace,tarjeta
7732,1541.0,2024-09-22,delivered,app,contrareembolso
7733,301.0,2023-10-25,paid,app,paypal
7734,2466.0,2025-11-14,shipped,marketplace,paypal
7735,1755.0,2023-03-07,delivered,marketplace,contrareembolso
7736,1001.0,2023-01-19,delivered,app,contrareembolso
7737,3003.0,2025-12-15,delivered,marketplace,paypal
7738,1142.0,2024-02-05,created,web,tarjeta
7739,233.0,2025-02-24,shipped,web,transferencia
7740,904.0,2025-06-06,paid,web,transferencia
7741,1144.0,2023-09-10,delivered,web,transferencia
7742,751.0,2023-10-14,delivered,app,contrareembolso
7743,2910.0,2025-11-29,delivered,app,paypal
7744,103.0,2025-09-09,cancelled,web,transferencia
7745,2516.0,2025-07-01,delivered,app,tarjeta
7746,2889.0,2023-06-07,shipped,web,paypal
7747,2454.0,2024-07-17,shipped,app,transferencia
7748,2613.0,2025-09-13,delivered,web,contrareembolso
7749,2166.0,2024-07-11,delivered,marketplace,contrareembolso
7750,2443.0,2023-07-19,shipped,app,transferencia
7751,1602.0,2025-08-23,delivered,web,paypal
7752,297.0,2023-11-15,delivered,web,tarjeta
7753,2207.0,2023-10-26,delivered,marketplace,tarjeta
7754,775.0,2024-10-12,delivered,web,tarjeta
7755,2834.0,2025-12-11,delivered,web,transferencia
7756,2659.0,2025-10-12,delivered,web,tarjeta
7757,2787.0,2023-10-08,delivered,marketplace,paypal
7758,603.0,2025-10-27,delivered,app,contrareembolso
7759,1027.0,2025-06-07,delivered,web,transferencia
7760,2337.0,2024-01-16,delivered,web,contrareembolso
7761,2384.0,2025-09-02,delivered,web,transferencia
7762,1985.0,2024-07-05,paid,app,contrareembolso
7763,987.0,2023-08-27,delivered,app,transferencia
7764,2575.0,2024-03-31,delivered,app,tarjeta
7765,2160.0,2025-09-19,delivered,marketplace,transferencia
7766,1150.0,2023-05-07,delivered,marketplace,tarjeta
7767,1420.0,2025-03-05,delivered,app,tarjeta
7768,1708.0,2024-09-30,delivered,web,tarjeta
7769,1882.0,2024-12-28,delivered,marketplace,tarjeta
7770,2771.0,2025-05-26,shipped,marketplace,transferencia
7771,2797.0,2024-07-12,delivered,marketplace,contrareembolso
7772,353.0,2024-07-23,delivered,web,tarjeta
7773,763.0,2023-12-17,delivered,marketplace,paypal
7774,1520.0,2024-03-07,delivered,marketplace,contrareembolso
7775,1525.0,2025-08-15,delivered,web,transferencia
7776,240.0,2025-12-06,paid,marketplace,contrareembolso
7777,1167.0,2025-04-14,delivered,app,transferencia
7778,1413.0,2025-10-07,shipped,app,contrareembolso
7779,583.0,2025-10-03,delivered,marketplace,contrareembolso
7780,2516.0,2024-11-14,delivered,marketplace,transferencia
7781,2770.0,2025-09-18,refunded,app,transferencia
7782,579.0,2025-10-08,delivered,marketplace,tarjeta
7783,2926.0,2023-06-28,delivered,web,tarjeta
7784,1598.0,2024-12-03,delivered,app,contrareembolso
7785,1706.0,2023-07-12,delivered,marketplace,contrareembolso
7786,2581.0,2023-03-13,delivered,web,tarjeta
7787,718.0,2025-07-02,delivered,marketplace,transferencia
7788,940.0,2023-07-21,delivered,app,contrareembolso
7789,1176.0,2024-11-17,shipped,web,paypal
7790,2402.0,2023-06-19,cancelled,marketplace,tarjeta
7791,879.0,2024-08-15,paid,app,tarjeta
7792,27.0,2025-05-16,delivered,marketplace,contrareembolso
7793,1040.0,2023-02-22,delivered,marketplace,tarjeta
7794,2604.0,2024-06-21,delivered,marketplace,tarjeta
7795,661.0,2024-05-26,cancelled,app,transferencia
7796,3003.0,2023-09-19,delivered,app,tarjeta
7797,2418.0,2023-10-01,delivered,app,contrareembolso
7798,111.0,2023-04-30,delivered,web,transferencia
7799,532.0,2025-03-21,delivered,web,contrareembolso
7800,2.0,2025-10-31,refunded,web,contrareembolso
7801,2949.0,2025-02-11,shipped,app,transferencia
7802,1417.0,2023-08-03,delivered,marketplace,tarjeta
7803,1653.0,2024-08-08,delivered,app,transferencia
7804,2267.0,2023-08-06,delivered,web,contrareembolso
7805,552.0,2025-12-25,refunded,app,contrareembolso
7806,2533.0,2024-10-21,shipped,app,paypal
7807,1422.0,2025-04-01,delivered,app,paypal
7808,129.0,2025-04-26,shipped,app,transferencia
7809,1171.0,2025-01-01,delivered,app,tarjeta
7810,59.0,2025-01-02,delivered,marketplace,paypal
7811,184.0,2025-08-08,delivered,marketplace,tarjeta
7812,607.0,2024-01-05,delivered,app,contrareembolso
7813,2851.0,2024-02-27,shipped,web,contrareembolso
7814,618.0,2023-09-17,delivered,web,transferencia
7815,518.0,2024-11-04,delivered,app,contrareembolso
7816,1089.0,2025-10-16,delivered,marketplace,paypal
7817,600.0,2024-05-12,delivered,web,paypal
7818,2234.0,2024-04-14,delivered,web,transferencia
7819,51.0,2025-10-30,delivered,app,tarjeta
7820,2271.0,2023-12-06,refunded,marketplace,transferencia
7821,565.0,2023-11-15,shipped,marketplace,paypal
7822,1415.0,2024-12-20,delivered,marketplace,paypal
7823,1739.0,2025-04-23,shipped,marketplace,contrareembolso
7824,2620.0,2023-04-01,shipped,marketplace,paypal
7825,1350.0,2025-02-20,paid,web,tarjeta
7826,815.0,2024-03-27,shipped,web,paypal
7827,1768.0,2024-07-04,refunded,app,paypal
7828,1396.0,2025-12-19,delivered,web,paypal
7829,1912.0,2025-10-06,delivered,marketplace,paypal
7830,2767.0,2024-06-08,delivered,app,transferencia
7831,2954.0,2024-08-02,delivered,marketplace,contrareembolso
7832,6.0,2023-01-25,refunded,app,transferencia
7833,1807.0,2024-09-29,delivered,app,contrareembolso
7834,1003.0,2025-08-18,paid,web,tarjeta
7835,1337.0,2023-08-18,delivered,web,transferencia
7836,2754.0,2024-09-10,delivered,app,paypal
7837,470.0,2024-09-02,refunded,web,contrareembolso
7838,416.0,2023-05-25,delivered,marketplace,transferencia
7839,2638.0,2024-01-14,created,marketplace,contrareembolso
7840,160.0,2025-07-23,delivered,web,paypal
7841,2721.0,2023-12-06,delivered,marketplace,contrareembolso
7842,1854.0,2025-12-28,shipped,app,paypal
7843,1695.0,2025-11-07,delivered,app,contrareembolso
7844,998.0,2024-01-02,paid,marketplace,paypal
7845,2114.0,2023-07-11,delivered,marketplace,paypal
7846,2793.0,2024-02-26,delivered,web,contrareembolso
7847,2145.0,2025-09-27,created,web,contrareembolso
7848,397.0,2024-10-19,delivered,web,contrareembolso
7849,90.0,2023-06-05,delivered,app,transferencia
7850,2863.0,2025-11-19,refunded,marketplace,tarjeta
7851,123.0,2023-11-16,delivered,app,contrareembolso
7852,2836.0,2025-01-21,delivered,marketplace,paypal
7853,2284.0,2024-11-15,delivered,web,tarjeta
7854,2852.0,2023-05-20,delivered,app,tarjeta
7855,1937.0,2024-04-30,created,app,tarjeta
7856,1337.0,2024-11-18,created,app,paypal
7857,2235.0,2023-06-09,cancelled,marketplace,transferencia
7858,1578.0,2025-10-26,delivered,web,transferencia
7859,168.0,2023-07-12,delivered,app,paypal
7860,1109.0,2025-06-28,delivered,app,contrareembolso
7861,148.0,2025-11-01,delivered,marketplace,transferencia
7862,1534.0,2024-01-13,delivered,web,paypal
7863,1716.0,2025-02-10,delivered,marketplace,transferencia
7864,1704.0,2023-08-24,paid,marketplace,transferencia
7865,1511.0,2024-06-13,cancelled,app,tarjeta
7866,2703.0,2025-09-29,delivered,app,contrareembolso
7867,2093.0,2023-03-08,delivered,app,contrareembolso
7868,94.0,2025-10-06,delivered,app,transferencia
7869,1788.0,2025-12-20,cancelled,app,transferencia
7870,1503.0,2023-02-15,paid,app,tarjeta
7871,1087.0,2024-09-01,delivered,web,tarjeta
7872,677.0,2023-03-31,delivered,web,transferencia
7873,2162.0,2025-02-18,delivered,marketplace,paypal
7874,2542.0,2025-04-05,delivered,web,contrareembolso
7875,2936.0,2024-03-17,shipped,web,tarjeta
7876,650.0,2024-12-21,delivered,web,contrareembolso
7877,,2025-10-08,delivered,app,paypal
7878,966.0,2023-04-25,delivered,marketplace,transferencia
7879,705.0,2023-05-11,delivered,web,tarjeta
7880,1851.0,2025-04-27,created,app,contrareembolso
7881,1940.0,2023-10-15,delivered,web,tarjeta
7882,1480.0,2024-12-13,delivered,marketplace,tarjeta
7883,1773.0,2025-06-08,shipped,app,transferencia
7884,130.0,2023-09-25,cancelled,marketplace,tarjeta
7885,98.0,2025-12-14,delivered,app,contrareembolso
7886,1322.0,2023-06-27,delivered,app,paypal
7887,2194.0,2025-05-14,delivered,app,transferencia
7888,2346.0,2025-12-27,delivered,marketplace,transferencia
7889,2318.0,2024-04-27,delivered,app,transferencia
7890,563.0,2024-05-05,delivered,web,paypal
7891,1812.0,2024-06-13,delivered,web,tarjeta
7892,1504.0,2024-12-20,delivered,web,contrareembolso
7893,192.0,2025-09-06,shipped,web,contrareembolso
7894,764.0,2023-04-25,delivered,web,tarjeta
7895,693.0,2024-02-19,shipped,web,transferencia
7896,1780.0,2025-06-04,delivered,app,transferencia
7897,176.0,2023-11-10,delivered,web,transferencia
7898,1237.0,2025-12-18,delivered,web,contrareembolso
7899,1602.0,2023-01-21,delivered,web,tarjeta
7900,2681.0,2025-01-14,refunded,app,transferencia
7901,1221.0,2023-06-22,cancelled,app,contrareembolso
7902,2166.0,2023-07-11,delivered,marketplace,contrareembolso
7903,2698.0,2024-03-29,delivered,marketplace,contrareembolso
7904,1374.0,2023-09-19,delivered,marketplace,tarjeta
7905,1738.0,2024-06-09,delivered,web,transferencia
7906,685.0,2023-05-03,delivered,marketplace,paypal
7907,2283.0,2024-10-28,delivered,app,contrareembolso
7908,1617.0,2023-04-17,shipped,app,tarjeta
7909,1859.0,2023-10-09,delivered,app,transferencia
7910,2274.0,2024-11-08,delivered,web,paypal
7911,2952.0,2024-07-02,delivered,web,transferencia
7912,1431.0,2025-08-29,delivered,app,paypal
7913,2534.0,2024-10-03,created,web,paypal
7914,136.0,2023-01-11,shipped,marketplace,contrareembolso
7915,2786.0,2025-07-11,delivered,marketplace,transferencia
7916,321.0,2023-03-04,delivered,web,paypal
7917,970.0,2024-08-31,cancelled,app,tarjeta
7918,911.0,2023-10-26,delivered,marketplace,transferencia
7919,1944.0,2025-04-25,delivered,web,paypal
7920,2098.0,2024-08-18,delivered,web,contrareembolso
7921,2800.0,2023-07-19,paid,web,tarjeta
7922,2912.0,2023-05-25,delivered,web,tarjeta
7923,127.0,2023-04-05,delivered,app,tarjeta
7924,1676.0,2024-08-31,paid,marketplace,paypal
7925,1615.0,2024-01-13,cancelled,app,transferencia
7926,122.0,2023-07-26,delivered,app,tarjeta
7927,1778.0,2024-01-17,paid,web,paypal
7928,2870.0,2024-03-10,delivered,web,tarjeta
7929,2575.0,2023-02-22,delivered,marketplace,paypal
7930,2448.0,2024-05-03,refunded,marketplace,tarjeta
7931,786.0,2023-12-06,delivered,web,tarjeta
7932,1532.0,2024-07-18,delivered,web,transferencia
7933,2039.0,2025-10-11,delivered,marketplace,contrareembolso
7934,1643.0,2023-02-08,delivered,web,paypal
7935,689.0,2025-10-25,delivered,marketplace,transferencia
7936,2595.0,2023-10-30,delivered,app,tarjeta
7937,944.0,2024-05-19,cancelled,app,paypal
7938,831.0,2023-08-21,delivered,web,paypal
7939,1807.0,2024-06-26,delivered,marketplace,contrareembolso
7940,1876.0,2024-02-07,paid,web,transferencia
7941,2940.0,2023-11-23,delivered,web,tarjeta
7942,359.0,2024-07-14,delivered,app,tarjeta
7943,1987.0,2023-07-09,delivered,web,transferencia
7944,799.0,2025-05-15,delivered,web,paypal
7945,2117.0,2023-05-01,delivered,marketplace,contrareembolso
7946,344.0,2025-11-01,shipped,web,contrareembolso
7947,1625.0,2023-06-13,delivered,app,paypal
7948,890.0,2023-06-29,delivered,marketplace,paypal
7949,2502.0,2024-06-07,delivered,web,tarjeta
7950,2538.0,2025-09-18,shipped,web,paypal
7951,313.0,2025-10-17,delivered,web,paypal
7952,1032.0,2025-10-20,delivered,app,transferencia
7953,1799.0,2023-02-22,delivered,marketplace,contrareembolso
7954,2305.0,2024-06-17,delivered,marketplace,paypal
7955,348.0,2023-04-11,delivered,web,contrareembolso
7956,667.0,2025-08-13,shipped,app,tarjeta
7957,720.0,2024-09-26,delivered,marketplace,paypal
7958,889.0,2024-10-11,shipped,marketplace,tarjeta
7959,1623.0,2025-11-12,delivered,app,contrareembolso
7960,2678.0,2024-09-06,delivered,web,paypal
7961,1342.0,2023-11-10,delivered,marketplace,paypal
7962,1892.0,2024-11-03,delivered,marketplace,transferencia
7963,1863.0,2024-06-14,delivered,marketplace,transferencia
7964,769.0,2024-08-02,delivered,web,paypal
7965,2694.0,2023-08-22,delivered,marketplace,paypal
7966,1424.0,2024-05-07,delivered,web,transferencia
7967,1072.0,2025-02-15,delivered,app,paypal
7968,2127.0,2024-05-16,delivered,web,tarjeta
7969,1482.0,2025-01-14,cancelled,web,paypal
7970,2163.0,2025-03-20,paid,app,paypal
7971,724.0,2025-07-30,cancelled,web,paypal
7972,1674.0,2023-10-02,delivered,app,transferencia
7973,2509.0,2024-02-18,delivered,marketplace,tarjeta
7974,2911.0,2024-08-17,cancelled,web,transferencia
7975,2825.0,2025-07-12,delivered,app,transferencia
7976,2189.0,2023-03-29,delivered,web,transferencia
7977,461.0,2023-05-30,delivered,app,contrareembolso
7978,2886.0,2023-03-02,delivered,marketplace,contrareembolso
7979,2903.0,2025-07-21,delivered,marketplace,contrareembolso
7980,1122.0,2023-12-09,delivered,web,contrareembolso
7981,2278.0,2024-07-11,delivered,web,contrareembolso
7982,160.0,2025-12-21,refunded,web,tarjeta
7983,1239.0,2025-11-27,delivered,web,paypal
7984,1223.0,2024-06-09,shipped,app,paypal
7985,1409.0,2025-10-14,delivered,app,tarjeta
7986,278.0,2024-09-13,delivered,web,tarjeta
7987,1005.0,2023-07-03,delivered,web,tarjeta
7988,1588.0,2023-09-14,delivered,marketplace,transferencia
7989,2037.0,2024-03-23,delivered,marketplace,paypal
7990,1085.0,2024-01-09,paid,marketplace,contrareembolso
7991,1890.0,2025-08-13,delivered,marketplace,contrareembolso
7992,1417.0,2024-07-23,delivered,web,paypal
7993,616.0,2023-03-04,delivered,app,contrareembolso
7994,1597.0,2024-06-24,delivered,web,contrareembolso
7995,531.0,2024-04-02,delivered,marketplace,contrareembolso
7996,1125.0,2023-01-07,delivered,app,transferencia
7997,2320.0,2023-09-11,delivered,web,contrareembolso
7998,2282.0,2023-08-07,created,app,transferencia
7999,1714.0,2023-07-02,delivered,app,contrareembolso
8000,299.0,2024-11-25,delivered,marketplace,transferencia
8001,982.0,2025-06-19,shipped,web,tarjeta
8002,2337.0,2023-04-25,delivered,marketplace,paypal
8003,814.0,2024-01-18,delivered,web,contrareembolso
8004,2183.0,2025-04-29,shipped,app,paypal
8005,1748.0,2023-08-14,cancelled,marketplace,paypal
8006,171.0,2024-11-01,shipped,marketplace,paypal
8007,1661.0,2025-04-02,delivered,app,paypal
8008,2299.0,2024-01-25,delivered,app,transferencia
8009,1934.0,2024-12-04,delivered,app,contrareembolso
8010,850.0,2023-11-01,delivered,app,transferencia
8011,568.0,2024-01-09,delivered,app,paypal
8012,1741.0,2023-02-23,cancelled,marketplace,transferencia
8013,955.0,2023-10-07,delivered,marketplace,transferencia
8014,2309.0,2025-02-12,shipped,app,contrareembolso
8015,3014.0,2025-05-13,delivered,app,transferencia
8016,1926.0,2025-02-03,delivered,web,contrareembolso
8017,2250.0,2024-10-18,delivered,web,tarjeta
8018,2993.0,2025-03-28,delivered,app,transferencia
8019,1506.0,2023-02-24,delivered,marketplace,transferencia
8020,877.0,2023-05-02,delivered,app,transferencia
8021,1895.0,2024-04-16,delivered,marketplace,transferencia
8022,743.0,2025-07-10,paid,marketplace,tarjeta
8023,322.0,2024-02-25,delivered,app,contrareembolso
8024,2090.0,2024-12-27,delivered,app,transferencia
8025,1959.0,2025-10-08,delivered,app,contrareembolso
8026,870.0,2025-06-18,delivered,web,paypal
8027,2468.0,2024-03-15,delivered,marketplace,paypal
8028,1438.0,2023-03-09,delivered,web,contrareembolso
8029,1580.0,2025-02-07,delivered,app,contrareembolso
8030,2594.0,2023-12-15,delivered,marketplace,paypal
8031,1652.0,2025-06-24,delivered,app,contrareembolso
8032,1716.0,2025-07-22,delivered,app,contrareembolso
8033,2238.0,2023-06-10,delivered,web,paypal
8034,1158.0,2024-02-27,delivered,marketplace,contrareembolso
8035,737.0,2025-06-20,delivered,marketplace,tarjeta
8036,2317.0,2024-11-03,delivered,app,contrareembolso
8037,470.0,2024-07-05,delivered,marketplace,tarjeta
8038,38.0,2025-03-23,delivered,app,paypal
8039,842.0,2023-02-23,delivered,app,tarjeta
8040,1444.0,2024-06-11,delivered,marketplace,paypal
8041,146.0,2025-10-09,shipped,app,contrareembolso
8042,1492.0,2025-12-01,cancelled,marketplace,transferencia
8043,1296.0,2025-06-22,delivered,web,tarjeta
8044,2969.0,2024-12-24,delivered,app,tarjeta
8045,1117.0,2023-01-14,delivered,app,tarjeta
8046,,2025-10-21,delivered,web,transferencia
8047,1724.0,2024-07-30,delivered,web,transferencia
8048,2178.0,2023-03-08,delivered,marketplace,contrareembolso
8049,2518.0,2024-01-28,delivered,marketplace,transferencia
8050,863.0,2023-04-04,delivered,app,contrareembolso
8051,2312.0,2024-02-01,delivered,marketplace,tarjeta
8052,2055.0,2024-10-29,delivered,app,contrareembolso
8053,997.0,2023-03-05,delivered,marketplace,tarjeta
8054,2645.0,2024-06-25,paid,marketplace,contrareembolso
8055,1616.0,2024-06-11,shipped,marketplace,tarjeta
8056,50.0,2023-01-06,delivered,app,transferencia
8057,2311.0,2025-11-12,delivered,web,paypal
8058,2511.0,2023-06-07,delivered,marketplace,tarjeta
8059,2307.0,2024-01-31,refunded,web,transferencia
8060,1766.0,2025-09-17,cancelled,app,tarjeta
8061,969.0,2024-10-01,delivered,web,tarjeta
8062,1044.0,2025-05-24,shipped,marketplace,transferencia
8063,266.0,2023-08-02,delivered,web,contrareembolso
8064,145.0,2023-10-03,cancelled,app,tarjeta
8065,102.0,2025-03-19,shipped,app,transferencia
8066,2736.0,2025-02-14,delivered,marketplace,tarjeta
8067,92.0,2023-11-05,delivered,web,transferencia
8068,1089.0,2025-11-01,delivered,app,tarjeta
8069,1473.0,2025-07-02,delivered,web,contrareembolso
8070,2733.0,2024-04-01,refunded,app,tarjeta
8071,2363.0,2025-03-28,delivered,app,paypal
8072,306.0,2023-10-19,paid,marketplace,tarjeta
8073,1846.0,2025-05-29,shipped,web,tarjeta
8074,1518.0,2025-09-02,delivered,marketplace,contrareembolso
8075,2131.0,2024-02-24,shipped,marketplace,tarjeta
8076,502.0,2025-08-04,cancelled,web,transferencia
8077,2161.0,2024-08-04,delivered,app,contrareembolso
8078,1984.0,2025-03-01,delivered,marketplace,tarjeta
8079,1903.0,2024-10-03,delivered,web,contrareembolso
8080,1061.0,2025-07-03,delivered,app,contrareembolso
8081,1996.0,2023-10-07,delivered,web,contrareembolso
8082,1925.0,2025-04-22,created,web,tarjeta
8083,1423.0,2024-03-30,delivered,web,tarjeta
8084,860.0,2024-09-19,delivered,marketplace,tarjeta
8085,1940.0,2025-07-11,delivered,web,transferencia
8086,2495.0,2025-07-06,refunded,web,tarjeta
8087,2536.0,2024-03-29,delivered,web,tarjeta
8088,1180.0,2025-05-05,shipped,app,contrareembolso
8089,1585.0,2025-12-19,delivered,app,contrareembolso
8090,706.0,2024-05-13,delivered,web,tarjeta
8091,1879.0,2023-12-09,delivered,app,transferencia
8092,383.0,2023-01-24,delivered,marketplace,tarjeta
8093,2920.0,2024-12-06,created,web,tarjeta
8094,1690.0,2023-04-02,delivered,app,paypal
8095,179.0,2024-04-27,delivered,web,tarjeta
8096,2715.0,2024-08-13,delivered,app,tarjeta
8097,1404.0,2025-01-26,shipped,app,paypal
8098,967.0,2023-10-19,delivered,web,transferencia
8099,1425.0,2023-11-19,refunded,marketplace,paypal
8100,609.0,2024-04-03,delivered,app,contrareembolso
8101,1046.0,2023-07-07,shipped,marketplace,paypal
8102,2741.0,2023-10-09,delivered,marketplace,paypal
8103,460.0,2023-02-20,delivered,marketplace,transferencia
8104,440.0,2023-10-20,cancelled,marketplace,transferencia
8105,456.0,2024-06-11,delivered,web,transferencia
8106,190.0,2023-08-28,shipped,marketplace,tarjeta
8107,2574.0,2023-01-07,delivered,app,transferencia
8108,405.0,2025-10-03,shipped,marketplace,transferencia
8109,1797.0,2023-06-18,delivered,marketplace,paypal
8110,1875.0,2024-06-13,created,web,tarjeta
8111,348.0,2024-11-24,delivered,app,transferencia
8112,1928.0,2025-09-22,delivered,app,contrareembolso
8113,712.0,2025-02-22,shipped,marketplace,tarjeta
8114,1865.0,2025-04-20,cancelled,app,tarjeta
8115,300.0,2025-03-17,delivered,web,paypal
8116,704.0,2025-04-22,delivered,web,contrareembolso
8117,2568.0,2024-08-18,delivered,web,contrareembolso
8118,3001.0,2025-07-14,delivered,marketplace,tarjeta
8119,2492.0,2024-08-05,paid,web,tarjeta
8120,2433.0,2024-05-19,delivered,web,contrareembolso
8121,2014.0,2024-02-09,delivered,web,paypal
8122,1364.0,2024-10-24,delivered,marketplace,transferencia
8123,682.0,2025-10-11,delivered,web,transferencia
8124,1351.0,2024-02-15,delivered,web,paypal
8125,2200.0,2025-05-21,delivered,web,tarjeta
8126,158.0,2025-01-30,delivered,marketplace,paypal
8127,2703.0,2023-06-24,delivered,web,transferencia
8128,2023.0,2025-06-19,delivered,marketplace,tarjeta
8129,2077.0,2024-02-15,delivered,web,paypal
8130,1704.0,2024-12-10,delivered,marketplace,contrareembolso
8131,2852.0,2024-06-15,delivered,marketplace,transferencia
8132,2899.0,2025-09-22,delivered,app,contrareembolso
8133,1878.0,2023-12-04,delivered,marketplace,tarjeta
8134,1063.0,2025-10-29,delivered,app,paypal
8135,1428.0,2024-07-12,delivered,marketplace,tarjeta
8136,451.0,2024-11-05,delivered,app,transferencia
8137,328.0,2025-04-13,delivered,web,paypal
8138,1729.0,2025-12-19,delivered,web,tarjeta
8139,314.0,2023-12-26,delivered,web,paypal
8140,670.0,2023-12-05,delivered,marketplace,tarjeta
8141,2021.0,2024-06-27,delivered,app,contrareembolso
8142,1314.0,2024-04-23,refunded,web,paypal
8143,1073.0,2024-07-02,paid,marketplace,transferencia
8144,155.0,2023-02-17,delivered,marketplace,contrareembolso
8145,1092.0,2025-03-27,cancelled,marketplace,transferencia
8146,1304.0,2024-10-28,delivered,web,tarjeta
8147,2788.0,2025-05-02,refunded,marketplace,transferencia
8148,2536.0,2024-11-23,delivered,web,tarjeta
8149,2076.0,2023-06-03,delivered,web,contrareembolso
8150,1173.0,2023-09-14,delivered,app,transferencia
8151,2944.0,2024-01-17,delivered,app,paypal
8152,310.0,2024-12-08,delivered,web,tarjeta
8153,280.0,2023-02-07,delivered,marketplace,transferencia
8154,2859.0,2023-03-23,delivered,web,transferencia
8155,378.0,2023-01-26,delivered,web,contrareembolso
8156,1154.0,2023-06-19,delivered,web,transferencia
8157,1372.0,2024-10-26,delivered,marketplace,paypal
8158,1005.0,2024-09-13,delivered,app,contrareembolso
8159,1904.0,2023-04-05,created,marketplace,paypal
8160,2553.0,2023-07-13,delivered,web,tarjeta
8161,1408.0,2024-11-27,delivered,marketplace,transferencia
8162,2904.0,2025-02-13,delivered,marketplace,transferencia
8163,2405.0,2023-05-05,delivered,app,transferencia
8164,1724.0,2023-06-10,shipped,web,transferencia
8165,1518.0,2024-05-13,delivered,app,tarjeta
8166,2783.0,2025-11-29,delivered,web,contrareembolso
8167,1298.0,2024-08-09,delivered,web,transferencia
8168,958.0,2023-07-09,delivered,web,contrareembolso
8169,470.0,2023-10-08,delivered,app,transferencia
8170,2992.0,2023-02-05,refunded,app,contrareembolso
8171,2932.0,2024-09-14,delivered,marketplace,contrareembolso
8172,716.0,2024-08-21,delivered,app,transferencia
8173,1375.0,2023-10-26,delivered,app,transferencia
8174,1027.0,2025-12-25,delivered,app,contrareembolso
8175,2233.0,2024-01-25,delivered,app,tarjeta
8176,942.0,2023-08-21,delivered,web,paypal
8177,1267.0,2024-04-21,delivered,app,paypal
8178,1197.0,2024-10-03,delivered,app,tarjeta
8179,827.0,2025-08-28,created,marketplace,contrareembolso
8180,741.0,2024-02-02,cancelled,web,paypal
8181,2888.0,2025-07-14,cancelled,app,contrareembolso
8182,2535.0,2025-08-18,cancelled,web,paypal
8183,1390.0,2024-01-14,refunded,web,paypal
8184,1099.0,2025-03-27,paid,web,paypal
8185,1313.0,2024-12-09,cancelled,app,transferencia
8186,2115.0,2024-07-04,shipped,marketplace,tarjeta
8187,434.0,2023-03-08,delivered,web,paypal
8188,1629.0,2024-04-21,paid,app,paypal
8189,1246.0,2023-03-26,refunded,marketplace,paypal
8190,2113.0,2023-07-23,delivered,marketplace,transferencia
8191,451.0,2023-10-21,delivered,app,transferencia
8192,1413.0,2025-09-27,paid,marketplace,tarjeta
8193,962.0,2024-03-28,delivered,marketplace,tarjeta
8194,1150.0,2025-02-16,paid,web,paypal
8195,429.0,2024-11-19,delivered,marketplace,paypal
8196,1031.0,2023-08-16,delivered,app,paypal
8197,1320.0,2025-06-15,delivered,web,tarjeta
8198,2428.0,2023-06-06,delivered,web,transferencia
8199,1835.0,2023-08-02,delivered,marketplace,tarjeta
8200,681.0,2025-05-12,shipped,app,paypal
8201,1897.0,2024-12-14,shipped,web,contrareembolso
8202,2712.0,2023-07-29,cancelled,web,transferencia
8203,2608.0,2023-08-01,cancelled,app,transferencia
8204,463.0,2023-08-31,delivered,app,contrareembolso
8205,72.0,2025-01-23,paid,web,tarjeta
8206,250.0,2025-09-03,delivered,web,paypal
8207,93.0,2024-03-18,delivered,marketplace,contrareembolso
8208,1666.0,2024-04-28,delivered,marketplace,paypal
8209,2441.0,2024-10-02,delivered,web,paypal
8210,1694.0,2024-04-01,delivered,marketplace,paypal
8211,1708.0,2024-04-13,cancelled,app,contrareembolso
8212,424.0,2024-04-23,delivered,web,paypal
8213,1427.0,2023-06-26,paid,marketplace,contrareembolso
8214,2695.0,2025-07-16,delivered,web,contrareembolso
8215,753.0,2024-02-23,delivered,web,contrareembolso
8216,1320.0,2025-07-16,delivered,web,transferencia
8217,1964.0,2023-05-04,delivered,app,contrareembolso
8218,1009.0,2024-12-01,delivered,app,transferencia
8219,1619.0,2024-02-12,delivered,app,paypal
8220,1404.0,2025-04-19,delivered,web,paypal
8221,1795.0,2024-10-11,created,app,paypal
8222,1125.0,2023-06-05,cancelled,web,tarjeta
8223,1069.0,2025-01-25,delivered,marketplace,contrareembolso
8224,1958.0,2025-05-07,delivered,web,paypal
8225,1330.0,2023-03-29,delivered,web,paypal
8226,774.0,2023-06-01,shipped,app,paypal
8227,2771.0,2023-02-28,delivered,marketplace,tarjeta
8228,2068.0,2024-08-26,delivered,marketplace,transferencia
8229,137.0,2024-05-30,shipped,web,tarjeta
8230,1206.0,2025-06-07,delivered,app,paypal
8231,2279.0,2024-12-19,delivered,web,contrareembolso
8232,2901.0,2025-04-14,delivered,web,paypal
8233,1674.0,2025-12-26,delivered,marketplace,contrareembolso
8234,621.0,2025-08-02,delivered,web,transferencia
8235,2420.0,2025-11-06,delivered,web,tarjeta
8236,352.0,2025-04-15,shipped,app,tarjeta
8237,529.0,2025-03-14,cancelled,app,tarjeta
8238,231.0,2025-08-25,delivered,marketplace,transferencia
8239,312.0,2023-09-28,delivered,marketplace,paypal
8240,1760.0,2023-09-11,delivered,marketplace,tarjeta
8241,530.0,2025-10-03,created,app,tarjeta
8242,31.0,2024-07-05,delivered,marketplace,paypal
8243,400.0,2025-07-08,delivered,app,contrareembolso
8244,520.0,2023-08-31,delivered,app,contrareembolso
8245,2948.0,2025-01-15,delivered,app,tarjeta
8246,2196.0,2025-05-04,paid,marketplace,tarjeta
8247,1269.0,2023-04-06,delivered,web,tarjeta
8248,2934.0,2025-07-25,delivered,app,transferencia
8249,285.0,2024-01-01,cancelled,app,paypal
8250,1415.0,,delivered,web,contrareembolso
8251,1239.0,2024-02-03,delivered,app,tarjeta
8252,2491.0,2024-05-02,delivered,marketplace,tarjeta
8253,2331.0,2025-12-10,delivered,web,tarjeta
8254,359.0,2025-09-03,cancelled,marketplace,contrareembolso
8255,1185.0,2023-01-24,delivered,marketplace,transferencia
8256,547.0,2025-01-30,delivered,marketplace,paypal
8257,2698.0,2024-06-22,paid,web,transferencia
8258,2718.0,2023-08-07,delivered,web,contrareembolso
8259,851.0,2023-08-03,delivered,web,contrareembolso
8260,2466.0,2023-05-03,delivered,app,transferencia
8261,1191.0,2023-06-28,delivered,web,transferencia
8262,551.0,2023-02-12,delivered,app,transferencia
8263,1410.0,2024-04-03,delivered,app,transferencia
8264,1078.0,2023-04-12,shipped,marketplace,transferencia
8265,7.0,2023-08-15,delivered,marketplace,tarjeta
8266,136.0,2023-11-12,delivered,marketplace,tarjeta
8267,1567.0,2024-07-02,paid,app,paypal
8268,977.0,2023-12-28,shipped,marketplace,contrareembolso
8269,2541.0,2025-03-29,delivered,app,contrareembolso
8270,1331.0,2023-06-24,delivered,marketplace,contrareembolso
8271,2136.0,2023-12-03,delivered,marketplace,paypal
8272,174.0,2025-10-17,delivered,marketplace,paypal
8273,1052.0,2024-03-16,created,marketplace,paypal
8274,1539.0,2025-08-28,delivered,web,paypal
8275,1439.0,2024-05-26,refunded,web,paypal
8276,2398.0,2023-09-11,shipped,web,paypal
8277,1669.0,2023-07-09,delivered,marketplace,tarjeta
8278,1188.0,2025-12-08,delivered,marketplace,transferencia
8279,821.0,2025-09-07,delivered,marketplace,paypal
8280,318.0,2024-10-14,delivered,web,paypal
8281,1198.0,2023-04-12,delivered,web,transferencia
8282,904.0,2023-02-22,delivered,web,contrareembolso
8283,2369.0,2023-04-15,shipped,app,tarjeta
8284,2737.0,2025-05-27,delivered,web,tarjeta
8285,1996.0,2023-05-13,delivered,marketplace,paypal
8286,1583.0,2025-02-23,delivered,app,tarjeta
8287,2655.0,2024-03-24,delivered,app,contrareembolso
8288,1647.0,2025-07-05,delivered,app,contrareembolso
8289,2297.0,2023-01-19,delivered,marketplace,tarjeta
8290,2829.0,2024-04-13,delivered,web,tarjeta
8291,1377.0,2024-04-04,paid,web,paypal
8292,1562.0,2023-03-07,shipped,marketplace,paypal
8293,1576.0,2024-05-14,delivered,marketplace,paypal
8294,383.0,2023-11-11,delivered,app,tarjeta
8295,2187.0,2025-08-21,delivered,marketplace,paypal
8296,2992.0,2023-07-21,shipped,app,transferencia
8297,1492.0,2025-08-28,delivered,app,tarjeta
8298,2345.0,2025-11-04,delivered,app,paypal
8299,1403.0,2023-07-13,delivered,app,paypal
8300,2251.0,2024-12-25,delivered,marketplace,tarjeta
8301,2548.0,2023-02-27,delivered,app,contrareembolso
8302,385.0,2025-02-26,shipped,app,tarjeta
8303,2213.0,2025-09-27,shipped,app,transferencia
8304,1708.0,2025-09-28,delivered,app,paypal
8305,337.0,2023-12-10,delivered,marketplace,paypal
8306,1916.0,2023-09-23,shipped,app,tarjeta
8307,1141.0,2024-04-29,refunded,app,transferencia
8308,1756.0,2023-10-01,shipped,app,tarjeta
8309,,2023-04-23,delivered,marketplace,transferencia
8310,2611.0,2024-01-24,delivered,marketplace,paypal
8311,2278.0,2024-03-31,delivered,web,tarjeta
8312,397.0,2023-12-10,shipped,marketplace,transferencia
8313,53.0,2025-03-31,cancelled,marketplace,contrareembolso
8314,1826.0,2025-05-11,delivered,web,contrareembolso
8315,2156.0,2025-01-22,delivered,web,tarjeta
8316,2054.0,2025-02-04,delivered,app,tarjeta
8317,1816.0,2024-01-19,delivered,web,transferencia
8318,868.0,2025-12-22,delivered,app,tarjeta
8319,2915.0,2023-05-16,refunded,web,contrareembolso
8320,2484.0,2023-07-11,shipped,web,contrareembolso
8321,2251.0,2025-01-17,delivered,app,transferencia
8322,2917.0,2024-11-07,delivered,marketplace,transferencia
8323,2212.0,2025-01-31,paid,web,tarjeta
8324,1309.0,2025-10-02,delivered,app,transferencia
8325,1936.0,2024-08-10,delivered,marketplace,transferencia
8326,2274.0,2023-01-31,shipped,web,tarjeta
8327,1280.0,2025-04-01,delivered,app,paypal
8328,1106.0,2024-05-16,delivered,web,contrareembolso
8329,1565.0,2024-06-28,delivered,app,tarjeta
8330,289.0,2025-05-12,shipped,marketplace,transferencia
8331,2572.0,2024-07-26,delivered,app,contrareembolso
8332,803.0,2024-01-08,delivered,marketplace,contrareembolso
8333,1965.0,2024-12-27,delivered,app,paypal
8334,477.0,2024-05-08,paid,web,paypal
8335,2147.0,2025-02-26,cancelled,app,tarjeta
8336,1880.0,2024-02-08,delivered,app,contrareembolso
8337,2982.0,2025-09-01,delivered,app,contrareembolso
8338,2191.0,2023-02-26,delivered,marketplace,paypal
8339,234.0,2023-02-16,delivered,web,transferencia
8340,139.0,2025-02-25,delivered,app,paypal
8341,625.0,2025-08-30,delivered,web,tarjeta
8342,2940.0,2023-04-24,delivered,marketplace,tarjeta
8343,1127.0,2023-04-13,cancelled,web,transferencia
8344,1604.0,2024-12-26,shipped,app,paypal
8345,2303.0,2025-05-21,delivered,web,transferencia
8346,856.0,2025-02-10,delivered,marketplace,transferencia
8347,1839.0,2024-01-14,delivered,web,transferencia
8348,2011.0,2025-04-05,delivered,marketplace,tarjeta
8349,1959.0,2023-09-23,delivered,web,transferencia
8350,1523.0,2025-05-09,shipped,marketplace,tarjeta
8351,1921.0,2025-11-21,paid,app,tarjeta
8352,999.0,2025-12-05,delivered,web,contrareembolso
8353,770.0,2025-02-24,delivered,marketplace,contrareembolso
8354,110.0,2024-01-10,delivered,web,tarjeta
8355,513.0,2026-11-11,delivered,web,transferencia
8356,1169.0,2025-01-28,delivered,app,paypal
8357,2272.0,2023-08-30,delivered,app,transferencia
8358,1417.0,2024-04-27,shipped,web,paypal
8359,1748.0,2025-12-19,refunded,marketplace,tarjeta
8360,3013.0,2024-03-20,paid,web,contrareembolso
8361,2410.0,2023-03-30,delivered,marketplace,paypal
8362,486.0,2023-12-16,delivered,app,paypal
8363,2463.0,2025-05-28,shipped,marketplace,tarjeta
8364,590.0,2025-12-11,delivered,app,contrareembolso
8365,1950.0,2025-02-08,delivered,app,paypal
8366,1161.0,2023-09-09,delivered,app,tarjeta
8367,2300.0,2025-01-03,delivered,app,tarjeta
8368,2899.0,2025-09-25,delivered,marketplace,paypal
8369,68.0,2025-10-27,shipped,app,paypal
8370,868.0,2024-01-12,shipped,marketplace,contrareembolso
8371,2117.0,2025-09-23,delivered,web,transferencia
8372,1580.0,2023-05-31,shipped,web,tarjeta
8373,2417.0,2023-06-06,delivered,web,paypal
8374,2422.0,2023-04-07,refunded,web,tarjeta
8375,982.0,2023-06-29,delivered,marketplace,contrareembolso
8376,2152.0,2023-03-26,delivered,marketplace,tarjeta
8377,49.0,2023-02-27,shipped,marketplace,paypal
8378,181.0,2023-11-15,delivered,web,transferencia
8379,274.0,2024-03-13,delivered,web,tarjeta
8380,2606.0,2024-10-04,delivered,marketplace,transferencia
8381,1779.0,2023-08-02,delivered,app,paypal
8382,1333.0,2023-08-31,delivered,marketplace,contrareembolso
8383,483.0,2023-08-19,delivered,app,transferencia
8384,194.0,2023-08-09,delivered,web,transferencia
8385,1832.0,2025-04-25,refunded,web,contrareembolso
8386,1012.0,2025-02-09,delivered,marketplace,contrareembolso
8387,2851.0,2023-06-21,delivered,web,tarjeta
8388,1310.0,2024-09-06,shipped,marketplace,tarjeta
8389,424.0,2024-11-28,shipped,web,contrareembolso
8390,967.0,2023-04-11,delivered,app,transferencia
8391,2103.0,2025-05-07,delivered,marketplace,contrareembolso
8392,1567.0,2024-10-05,delivered,marketplace,contrareembolso
8393,15.0,2025-08-12,delivered,marketplace,paypal
8394,685.0,2026-08-02,delivered,app,contrareembolso
8395,2239.0,2025-11-09,shipped,marketplace,transferencia
8396,822.0,2023-10-13,created,app,tarjeta
8397,1221.0,2023-11-20,paid,web,transferencia
8398,1527.0,2024-07-21,delivered,app,paypal
8399,813.0,2024-11-26,delivered,web,transferencia
8400,2988.0,2025-11-18,delivered,web,paypal
8401,2092.0,2025-11-01,delivered,app,tarjeta
8402,2415.0,2023-12-23,delivered,marketplace,paypal
8403,22.0,2024-06-01,delivered,app,paypal
8404,1551.0,2023-11-08,delivered,marketplace,contrareembolso
8405,2405.0,2025-02-05,delivered,web,tarjeta
8406,1405.0,2023-08-07,delivered,app,paypal
8407,52.0,2025-06-14,delivered,marketplace,transferencia
8408,344.0,2023-11-14,delivered,marketplace,tarjeta
8409,2425.0,2023-07-15,cancelled,app,transferencia
8410,395.0,2023-06-20,paid,app,contrareembolso
8411,680.0,2023-01-07,delivered,marketplace,contrareembolso
8412,1303.0,2025-05-14,delivered,web,contrareembolso
8413,384.0,2025-09-20,delivered,app,contrareembolso
8414,447.0,2025-01-04,delivered,marketplace,transferencia
8415,2617.0,2025-03-24,delivered,app,tarjeta
8416,1416.0,2025-09-13,delivered,web,transferencia
8417,2779.0,2024-05-22,delivered,marketplace,transferencia
8418,2130.0,2024-05-01,delivered,marketplace,tarjeta
8419,602.0,2025-12-08,delivered,web,transferencia
8420,298.0,2023-11-15,shipped,marketplace,transferencia
8421,2164.0,2025-09-27,delivered,web,paypal
8422,2483.0,2024-07-06,delivered,marketplace,transferencia
8423,2228.0,2025-06-08,delivered,app,contrareembolso
8424,1320.0,2025-07-22,refunded,app,tarjeta
8425,596.0,2023-05-21,paid,web,transferencia
8426,1632.0,2023-02-16,cancelled,app,contrareembolso
8427,2393.0,2023-02-09,delivered,web,transferencia
8428,1343.0,2025-10-28,delivered,app,tarjeta
8429,975.0,2025-03-13,delivered,marketplace,transferencia
8430,424.0,2024-02-15,delivered,app,tarjeta
8431,2208.0,2023-05-18,cancelled,web,paypal
8432,1644.0,2024-05-07,shipped,web,paypal
8433,433.0,2024-02-14,delivered,web,contrareembolso
8434,1514.0,2024-09-21,delivered,marketplace,tarjeta
8435,1770.0,2024-06-03,paid,web,transferencia
8436,1661.0,2023-01-13,refunded,marketplace,transferencia
8437,1005.0,2025-01-02,delivered,marketplace,tarjeta
8438,2867.0,2023-04-20,delivered,app,transferencia
8439,652.0,2023-11-10,delivered,marketplace,paypal
8440,1433.0,2024-06-29,delivered,web,contrareembolso
8441,1992.0,2025-02-18,shipped,app,paypal
8442,2829.0,2023-05-20,shipped,app,paypal
8443,3020.0,2025-05-16,delivered,web,contrareembolso
8444,301.0,2024-02-02,created,app,transferencia
8445,2165.0,2023-08-25,delivered,marketplace,paypal
8446,631.0,2025-04-27,delivered,app,contrareembolso
8447,1460.0,2023-05-16,shipped,marketplace,paypal
8448,596.0,2025-07-26,delivered,marketplace,paypal
8449,251.0,2024-02-01,delivered,marketplace,transferencia
8450,1641.0,2024-04-16,delivered,web,contrareembolso
8451,1341.0,2023-06-08,shipped,app,paypal
8452,1634.0,2025-08-26,delivered,web,transferencia
8453,2570.0,2023-02-23,delivered,marketplace,tarjeta
8454,2427.0,2023-04-10,delivered,marketplace,tarjeta
8455,541.0,2025-10-14,cancelled,marketplace,contrareembolso
8456,2721.0,2023-02-10,delivered,app,tarjeta
8457,2384.0,2024-08-20,shipped,marketplace,paypal
8458,1343.0,2024-10-31,cancelled,web,contrareembolso
8459,646.0,2023-03-06,delivered,app,contrareembolso
8460,1602.0,2024-10-17,delivered,marketplace,tarjeta
8461,1019.0,2023-03-15,paid,web,transferencia
8462,1812.0,,paid,web,paypal
8463,2558.0,2023-10-01,shipped,web,tarjeta
8464,797.0,2024-07-06,paid,marketplace,transferencia
8465,376.0,2023-03-08,delivered,marketplace,transferencia
8466,2082.0,2025-06-25,paid,marketplace,tarjeta
8467,2997.0,2023-02-07,cancelled,web,paypal
8468,1228.0,2024-03-19,delivered,app,paypal
8469,899.0,2023-08-22,delivered,web,transferencia
8470,2612.0,2024-07-21,delivered,app,paypal
8471,234.0,2025-03-19,paid,app,transferencia
8472,2235.0,2025-05-10,delivered,app,transferencia
8473,2269.0,2024-12-25,delivered,marketplace,paypal
8474,242.0,2025-02-09,paid,app,tarjeta
8475,1208.0,2025-09-28,delivered,web,paypal
8476,388.0,2025-03-23,refunded,marketplace,contrareembolso
8477,1897.0,2023-06-14,shipped,marketplace,contrareembolso
8478,216.0,2023-10-02,delivered,marketplace,tarjeta
8479,2605.0,2024-01-09,delivered,app,paypal
8480,1896.0,2025-03-17,delivered,web,contrareembolso
8481,620.0,2023-03-13,delivered,web,tarjeta
8482,1290.0,2023-12-24,delivered,marketplace,tarjeta
8483,2617.0,2025-07-05,delivered,marketplace,paypal
8484,1400.0,2025-04-30,delivered,app,tarjeta
8485,1353.0,2025-08-19,delivered,marketplace,paypal
8486,478.0,2025-10-08,shipped,web,transferencia
8487,1812.0,2025-04-28,delivered,app,tarjeta
8488,208.0,2024-06-21,delivered,marketplace,contrareembolso
8489,368.0,2023-04-27,delivered,web,paypal
8490,2295.0,2023-05-26,delivered,marketplace,contrareembolso
8491,2411.0,2023-11-17,shipped,marketplace,transferencia
8492,1118.0,2023-08-07,delivered,web,tarjeta
8493,1288.0,2023-02-23,delivered,marketplace,paypal
8494,1951.0,2024-02-03,delivered,app,paypal
8495,532.0,2025-03-01,delivered,web,tarjeta
8496,2329.0,2024-01-18,delivered,web,transferencia
8497,1364.0,2025-11-05,cancelled,web,paypal
8498,392.0,2024-11-03,delivered,web,paypal
8499,865.0,2023-09-04,delivered,web,transferencia
8500,987.0,2025-03-05,delivered,web,transferencia
8501,1354.0,,paid,marketplace,tarjeta
8502,320.0,,delivered,app,paypal
8503,2120.0,2023-02-06,delivered,marketplace,paypal
8504,2599.0,2024-08-28,delivered,app,tarjeta
8505,2095.0,2023-07-05,delivered,web,contrareembolso
8506,2487.0,2023-05-31,delivered,marketplace,transferencia
8507,1219.0,2023-01-28,paid,marketplace,contrareembolso
8508,2478.0,2024-07-05,delivered,web,paypal
8509,2756.0,2025-12-23,delivered,marketplace,transferencia
8510,2360.0,2024-05-14,delivered,marketplace,contrareembolso
8511,1771.0,2025-10-01,delivered,app,tarjeta
8512,193.0,2023-05-04,delivered,app,paypal
8513,1527.0,2023-03-10,refunded,web,transferencia
8514,583.0,2023-06-24,delivered,web,tarjeta
8515,989.0,2024-05-04,cancelled,marketplace,tarjeta
8516,570.0,2024-11-15,delivered,marketplace,contrareembolso
8517,2252.0,2023-04-30,delivered,app,transferencia
8518,1821.0,2023-12-03,delivered,app,paypal
8519,197.0,2025-08-25,delivered,web,paypal
8520,2286.0,2024-07-26,delivered,web,paypal
8521,2486.0,2023-11-29,shipped,marketplace,contrareembolso
8522,2864.0,2023-06-21,delivered,marketplace,paypal
8523,1548.0,2025-08-07,delivered,web,transferencia
8524,1665.0,2024-01-04,created,marketplace,paypal
8525,1124.0,2024-01-18,delivered,web,contrareembolso
8526,973.0,2024-03-28,shipped,app,paypal
8527,2029.0,2025-10-19,paid,marketplace,transferencia
8528,1140.0,2025-04-16,created,app,contrareembolso
8529,2743.0,2023-09-03,cancelled,web,transferencia
8530,601.0,2024-11-03,delivered,web,tarjeta
8531,1489.0,2025-02-06,delivered,marketplace,contrareembolso
8532,1679.0,2025-12-14,shipped,marketplace,paypal
8533,2837.0,2025-05-27,refunded,web,contrareembolso
8534,1077.0,2024-06-07,cancelled,app,paypal
8535,1889.0,2023-09-02,shipped,web,tarjeta
8536,871.0,2024-10-06,paid,app,paypal
8537,1874.0,2023-12-16,delivered,app,contrareembolso
8538,505.0,2023-10-18,delivered,marketplace,tarjeta
8539,149.0,2025-05-07,shipped,marketplace,contrareembolso
8540,2587.0,2024-11-14,delivered,web,paypal
8541,1695.0,2025-12-22,delivered,marketplace,transferencia
8542,2826.0,2023-01-15,cancelled,web,contrareembolso
8543,542.0,2024-01-18,delivered,web,transferencia
8544,2961.0,2023-11-22,delivered,app,paypal
8545,2000.0,2025-06-08,delivered,marketplace,transferencia
8546,802.0,2023-07-04,created,web,tarjeta
8547,1984.0,2023-08-16,delivered,web,transferencia
8548,1083.0,2024-08-30,delivered,web,tarjeta
8549,,2023-10-15,delivered,marketplace,tarjeta
8550,2534.0,2024-04-03,shipped,app,transferencia
8551,2615.0,2025-06-15,delivered,web,paypal
8552,1456.0,2023-11-02,delivered,app,transferencia
8553,2539.0,2023-09-22,shipped,app,contrareembolso
8554,2996.0,2023-08-12,delivered,web,transferencia
8555,1662.0,2023-09-14,delivered,web,paypal
8556,312.0,2023-07-05,delivered,app,tarjeta
8557,2043.0,2023-06-29,delivered,app,contrareembolso
8558,2057.0,2023-12-08,delivered,web,contrareembolso
8559,2166.0,2025-08-25,delivered,web,paypal
8560,5.0,2025-06-12,delivered,web,tarjeta
8561,1769.0,2023-11-01,delivered,app,paypal
8562,2463.0,2024-07-08,delivered,web,contrareembolso
8563,2259.0,2024-02-14,paid,app,transferencia
8564,606.0,2024-11-24,delivered,marketplace,contrareembolso
8565,2358.0,2025-05-09,delivered,web,tarjeta
8566,38.0,2023-03-13,delivered,app,contrareembolso
8567,2183.0,2025-02-03,delivered,app,paypal
8568,2619.0,2024-07-03,delivered,app,paypal
8569,2113.0,2025-10-02,shipped,web,transferencia
8570,1226.0,2025-10-02,delivered,marketplace,tarjeta
8571,966.0,2023-09-12,delivered,marketplace,transferencia
8572,2874.0,2023-10-04,delivered,app,tarjeta
8573,182.0,2025-07-09,delivered,web,transferencia
8574,2841.0,2023-10-22,delivered,app,contrareembolso
8575,795.0,2023-11-03,paid,marketplace,contrareembolso
8576,2591.0,2025-03-15,delivered,app,tarjeta
8577,2728.0,2024-12-23,delivered,web,paypal
8578,1915.0,2024-05-08,delivered,app,transferencia
8579,394.0,2023-12-15,delivered,marketplace,paypal
8580,1001.0,2024-10-30,delivered,app,contrareembolso
8581,354.0,2025-07-11,delivered,app,paypal
8582,970.0,2024-09-02,refunded,app,paypal
8583,1286.0,2023-04-10,delivered,marketplace,paypal
8584,1672.0,2023-05-13,delivered,app,paypal
8585,2994.0,2024-04-21,shipped,marketplace,tarjeta
8586,43.0,2024-04-28,cancelled,app,transferencia
8587,980.0,2023-11-07,delivered,app,tarjeta
8588,2152.0,2023-02-07,delivered,web,paypal
8589,932.0,2025-11-02,delivered,app,contrareembolso
8590,1095.0,2025-06-11,cancelled,web,paypal
8591,1976.0,2025-01-10,delivered,marketplace,tarjeta
8592,2262.0,2024-05-11,delivered,web,transferencia
8593,2411.0,2025-09-03,delivered,web,contrareembolso
8594,375.0,2023-04-08,shipped,web,tarjeta
8595,2634.0,2023-12-04,delivered,marketplace,contrareembolso
8596,1890.0,2025-04-22,refunded,app,paypal
8597,2993.0,2025-05-25,delivered,web,tarjeta
8598,1125.0,2023-11-03,cancelled,marketplace,tarjeta
8599,2695.0,2025-05-18,delivered,app,transferencia
8600,1134.0,2023-01-09,delivered,web,paypal
8601,153.0,2023-12-13,created,app,paypal
8602,142.0,2023-10-27,delivered,app,tarjeta
8603,2710.0,2024-02-24,delivered,marketplace,transferencia
8604,1948.0,2023-04-26,delivered,web,transferencia
8605,1858.0,2024-10-25,delivered,marketplace,paypal
8606,1021.0,2024-04-01,delivered,marketplace,paypal
8607,2803.0,2023-03-12,paid,app,contrareembolso
8608,799.0,2025-10-25,paid,marketplace,paypal
8609,2148.0,2024-10-15,shipped,app,transferencia
8610,2240.0,2024-12-10,delivered,web,paypal
8611,2552.0,2023-10-01,delivered,web,paypal
8612,171.0,2025-10-09,delivered,marketplace,transferencia
8613,554.0,2024-05-29,refunded,marketplace,transferencia
8614,568.0,2023-06-16,shipped,web,tarjeta
8615,159.0,2023-01-23,paid,web,tarjeta
8616,667.0,2023-03-09,delivered,app,paypal
8617,2979.0,2023-08-22,paid,marketplace,contrareembolso
8618,511.0,2025-02-12,shipped,marketplace,contrareembolso
8619,336.0,2025-11-05,delivered,app,tarjeta
8620,848.0,2024-08-22,delivered,app,contrareembolso
8621,391.0,2023-04-27,paid,app,tarjeta
8622,88.0,2025-10-31,delivered,app,contrareembolso
8623,1347.0,2024-03-21,delivered,marketplace,tarjeta
8624,1422.0,2024-01-31,delivered,web,transferencia
8625,2579.0,2025-12-03,shipped,marketplace,contrareembolso
8626,424.0,2023-03-29,delivered,web,tarjeta
8627,2662.0,2023-12-18,paid,marketplace,contrareembolso
8628,2276.0,2024-03-25,delivered,app,contrareembolso
8629,1938.0,2023-09-21,shipped,app,tarjeta
8630,358.0,2025-12-26,delivered,marketplace,tarjeta
8631,468.0,2024-09-23,paid,marketplace,paypal
8632,2424.0,2025-01-25,shipped,web,contrareembolso
8633,709.0,2024-12-03,delivered,app,transferencia
8634,1827.0,2025-07-11,delivered,marketplace,paypal
8635,2645.0,2023-07-04,shipped,web,tarjeta
8636,1039.0,2023-11-10,delivered,web,contrareembolso
8637,2607.0,2023-11-17,delivered,app,tarjeta
8638,431.0,2023-02-28,delivered,marketplace,paypal
8639,976.0,2023-07-30,delivered,app,paypal
8640,2843.0,2025-02-28,delivered,marketplace,transferencia
8641,585.0,2024-11-21,delivered,web,tarjeta
8642,2028.0,2024-11-17,delivered,app,contrareembolso
8643,2534.0,2023-02-27,delivered,app,tarjeta
8644,178.0,2025-04-13,shipped,web,paypal
8645,2910.0,2025-07-22,delivered,app,paypal
8646,426.0,2025-09-05,delivered,marketplace,tarjeta
8647,1330.0,2023-08-28,delivered,web,paypal
8648,405.0,2023-12-07,shipped,app,transferencia
8649,1094.0,2023-08-14,delivered,marketplace,contrareembolso
8650,2911.0,2025-06-18,created,marketplace,transferencia
8651,1874.0,2024-09-23,delivered,marketplace,paypal
8652,1939.0,2023-08-14,cancelled,app,tarjeta
8653,922.0,2025-12-27,delivered,web,paypal
8654,606.0,2024-08-05,delivered,marketplace,paypal
8655,186.0,2023-06-02,paid,marketplace,contrareembolso
8656,298.0,2024-01-22,delivered,marketplace,contrareembolso
8657,92.0,2024-12-05,delivered,app,paypal
8658,2131.0,2025-01-31,delivered,web,tarjeta
8659,1538.0,2025-09-10,shipped,marketplace,transferencia
8660,2450.0,2025-06-07,shipped,web,tarjeta
8661,2560.0,2023-12-30,delivered,marketplace,contrareembolso
8662,992.0,2025-05-18,shipped,app,tarjeta
8663,2421.0,2025-06-17,shipped,web,tarjeta
8664,1884.0,2025-01-15,shipped,marketplace,tarjeta
8665,1919.0,2024-06-21,delivered,marketplace,contrareembolso
8666,1956.0,2023-11-02,shipped,marketplace,tarjeta
8667,1672.0,2024-06-04,delivered,web,transferencia
8668,350.0,2023-11-20,delivered,marketplace,transferencia
8669,1354.0,2023-01-15,delivered,app,paypal
8670,762.0,2025-05-28,delivered,marketplace,paypal
8671,2290.0,2024-02-21,delivered,marketplace,tarjeta
8672,115.0,2024-03-15,delivered,marketplace,tarjeta
8673,1706.0,2025-12-21,delivered,marketplace,tarjeta
8674,1100.0,2025-04-23,delivered,web,transferencia
8675,2086.0,2023-09-14,delivered,app,contrareembolso
8676,869.0,2025-01-21,delivered,web,paypal
8677,626.0,2023-12-04,delivered,app,paypal
8678,1035.0,2024-11-13,created,app,contrareembolso
8679,1099.0,2023-02-22,delivered,web,tarjeta
8680,243.0,2025-03-24,delivered,app,transferencia
8681,358.0,2023-11-01,refunded,marketplace,paypal
8682,1720.0,2025-12-22,delivered,app,transferencia
8683,2984.0,2025-04-01,paid,marketplace,paypal
8684,1311.0,2023-07-26,delivered,marketplace,tarjeta
8685,2124.0,2025-02-01,shipped,marketplace,transferencia
8686,194.0,2023-02-18,shipped,app,contrareembolso
8687,2508.0,2025-04-08,delivered,web,tarjeta
8688,2827.0,2023-07-30,delivered,app,transferencia
8689,1211.0,2023-03-23,delivered,marketplace,paypal
8690,1110.0,2023-01-02,delivered,web,transferencia
8691,2908.0,2023-03-31,delivered,web,paypal
8692,1910.0,2025-03-25,cancelled,app,tarjeta
8693,2402.0,2023-01-27,delivered,app,transferencia
8694,2254.0,2024-05-29,paid,web,transferencia
8695,1326.0,2023-12-11,delivered,web,contrareembolso
8696,176.0,2023-03-18,cancelled,marketplace,contrareembolso
8697,1320.0,2025-12-20,delivered,web,transferencia
8698,2293.0,2025-01-21,delivered,marketplace,tarjeta
8699,1445.0,2024-12-27,delivered,app,transferencia
8700,932.0,2024-08-28,delivered,marketplace,paypal
8701,1304.0,2023-02-15,shipped,web,contrareembolso
8702,2653.0,2023-05-08,delivered,web,paypal
8703,1326.0,2024-12-08,delivered,marketplace,paypal
8704,2423.0,2025-11-09,delivered,web,contrareembolso
8705,1441.0,2025-03-01,shipped,marketplace,transferencia
8706,855.0,2024-08-31,delivered,app,paypal
8707,1511.0,2025-01-01,delivered,web,contrareembolso
8708,69.0,2023-02-18,delivered,app,tarjeta
8709,260.0,2023-08-01,delivered,app,transferencia
8710,2888.0,2025-01-17,delivered,web,contrareembolso
8711,1579.0,2024-08-18,shipped,marketplace,paypal
8712,62.0,2023-04-16,delivered,app,transferencia
8713,2435.0,2025-03-12,created,web,paypal
8714,1906.0,2024-09-20,delivered,app,tarjeta
8715,2520.0,2024-02-05,delivered,web,transferencia
8716,1937.0,2025-06-14,delivered,marketplace,paypal
8717,1138.0,2025-01-12,delivered,marketplace,tarjeta
8718,2533.0,2023-08-29,delivered,app,transferencia
8719,111.0,2025-09-23,delivered,app,contrareembolso
8720,1699.0,2024-02-18,delivered,web,transferencia
8721,2869.0,2024-11-19,refunded,app,tarjeta
8722,2731.0,2025-11-15,paid,app,contrareembolso
8723,2666.0,2025-08-29,delivered,marketplace,transferencia
8724,1173.0,2025-05-05,delivered,marketplace,transferencia
8725,2463.0,2023-05-08,delivered,marketplace,contrareembolso
8726,1400.0,2024-09-28,shipped,app,paypal
8727,,2024-01-27,delivered,web,paypal
8728,1850.0,2024-08-04,paid,web,transferencia
8729,196.0,2025-04-20,delivered,marketplace,tarjeta
8730,769.0,2025-05-19,delivered,web,transferencia
8731,1314.0,2025-06-22,refunded,app,tarjeta
8732,292.0,2023-01-06,shipped,marketplace,transferencia
8733,662.0,2023-01-23,paid,app,paypal
8734,1278.0,2024-09-10,shipped,marketplace,paypal
8735,899.0,2025-04-22,shipped,app,transferencia
8736,515.0,2023-01-28,delivered,app,paypal
8737,1928.0,2024-06-25,delivered,marketplace,contrareembolso
8738,1713.0,2025-07-04,delivered,app,paypal
8739,1885.0,2023-11-27,delivered,web,contrareembolso
8740,2364.0,2024-04-12,refunded,web,contrareembolso
8741,1668.0,2023-01-13,paid,app,transferencia
8742,173.0,2023-10-22,delivered,app,transferencia
8743,2332.0,2024-08-04,delivered,marketplace,contrareembolso
8744,543.0,2024-12-31,delivered,web,paypal
8745,1833.0,2024-12-19,delivered,app,tarjeta
8746,2992.0,2024-02-06,delivered,app,transferencia
8747,1961.0,2023-07-31,refunded,web,contrareembolso
8748,23.0,2025-12-29,shipped,marketplace,transferencia
8749,1032.0,2024-02-18,delivered,marketplace,paypal
8750,1639.0,2024-10-31,delivered,app,tarjeta
8751,2599.0,2024-12-19,delivered,app,tarjeta
8752,2017.0,2025-07-01,cancelled,web,paypal
8753,2545.0,2024-11-14,refunded,web,paypal
8754,2825.0,2024-03-14,shipped,marketplace,contrareembolso
8755,2934.0,2025-12-04,created,app,tarjeta
8756,2697.0,2023-11-21,delivered,web,contrareembolso
8757,2523.0,2025-10-30,delivered,marketplace,transferencia
8758,2432.0,2023-03-21,delivered,web,contrareembolso
8759,1183.0,2024-03-27,delivered,marketplace,tarjeta
8760,2810.0,2023-02-15,delivered,web,transferencia
8761,1408.0,2025-09-08,delivered,marketplace,tarjeta
8762,731.0,2024-07-14,delivered,web,paypal
8763,1688.0,2023-09-18,delivered,web,tarjeta
8764,2967.0,2024-01-06,refunded,web,paypal
8765,2445.0,2023-11-13,shipped,marketplace,contrareembolso
8766,898.0,2023-08-01,cancelled,app,paypal
8767,1420.0,2023-08-21,delivered,app,contrareembolso
8768,2018.0,2024-10-22,delivered,marketplace,contrareembolso
8769,3011.0,2024-02-29,shipped,app,contrareembolso
8770,1077.0,2025-04-19,shipped,app,transferencia
8771,2743.0,2024-06-19,paid,web,contrareembolso
8772,1754.0,2023-05-26,delivered,marketplace,contrareembolso
8773,2877.0,2025-10-20,paid,web,contrareembolso
8774,881.0,2023-01-23,delivered,marketplace,paypal
8775,925.0,2025-06-15,refunded,web,transferencia
8776,2985.0,2023-09-24,shipped,app,contrareembolso
8777,930.0,2023-08-06,cancelled,marketplace,contrareembolso
8778,2774.0,2023-04-30,paid,app,tarjeta
8779,1715.0,2023-06-27,shipped,app,contrareembolso
8780,2005.0,2023-05-15,delivered,app,transferencia
8781,2855.0,2023-09-22,delivered,web,paypal
8782,2987.0,2025-08-27,refunded,web,contrareembolso
8783,1388.0,2025-08-27,delivered,marketplace,transferencia
8784,2463.0,2024-08-21,cancelled,app,paypal
8785,2838.0,2025-06-11,delivered,app,tarjeta
8786,66.0,2025-11-24,delivered,marketplace,contrareembolso
8787,385.0,2023-12-07,paid,app,transferencia
8788,2654.0,2023-11-17,created,web,contrareembolso
8789,400.0,2024-04-11,refunded,marketplace,tarjeta
8790,64.0,2024-07-13,shipped,web,contrareembolso
8791,287.0,2024-06-22,delivered,marketplace,paypal
8792,2994.0,2023-01-16,delivered,marketplace,tarjeta
8793,2169.0,2023-01-28,delivered,app,tarjeta
8794,316.0,2023-02-05,delivered,marketplace,transferencia
8795,169.0,2025-08-27,paid,web,tarjeta
8796,526.0,2025-01-27,delivered,app,transferencia
8797,253.0,2025-02-11,shipped,app,tarjeta
8798,53.0,,cancelled,app,contrareembolso
8799,2622.0,2024-01-23,cancelled,web,paypal
8800,1217.0,2023-03-31,refunded,app,transferencia
8801,541.0,2025-12-17,delivered,marketplace,paypal
8802,1466.0,2024-04-08,delivered,web,contrareembolso
8803,2824.0,2024-06-17,delivered,web,tarjeta
8804,1284.0,2025-11-12,shipped,app,paypal
8805,801.0,2023-07-23,delivered,web,tarjeta
8806,767.0,2024-01-07,refunded,web,contrareembolso
8807,770.0,2025-05-27,created,marketplace,tarjeta
8808,1862.0,2023-10-14,delivered,marketplace,transferencia
8809,1530.0,2023-03-05,delivered,app,contrareembolso
8810,1794.0,2023-04-12,delivered,app,contrareembolso
8811,2986.0,2024-02-12,delivered,web,tarjeta
8812,1443.0,2025-01-15,delivered,web,transferencia
8813,2103.0,2023-05-03,delivered,web,contrareembolso
8814,1043.0,2025-09-13,delivered,web,paypal
8815,1650.0,2024-05-30,delivered,web,contrareembolso
8816,1251.0,2025-05-12,shipped,web,tarjeta
8817,210.0,2024-08-17,delivered,web,transferencia
8818,647.0,2024-01-10,delivered,app,tarjeta
8819,2258.0,2024-07-08,delivered,app,contrareembolso
8820,1221.0,2023-05-05,delivered,app,paypal
8821,517.0,2024-04-20,delivered,marketplace,paypal
8822,977.0,2025-11-20,delivered,marketplace,paypal
8823,1589.0,2025-01-25,delivered,app,contrareembolso
8824,107.0,2025-05-09,cancelled,marketplace,tarjeta
8825,1099.0,2023-04-13,delivered,app,paypal
8826,2141.0,2023-02-25,delivered,web,tarjeta
8827,482.0,2023-10-12,delivered,web,paypal
8828,1597.0,2024-05-22,delivered,web,tarjeta
8829,2515.0,2023-01-31,delivered,web,transferencia
8830,156.0,2024-07-14,paid,app,paypal
8831,1910.0,2023-07-21,refunded,app,paypal
8832,197.0,2025-04-07,cancelled,app,contrareembolso
8833,1910.0,2024-06-15,shipped,web,tarjeta
8834,2627.0,2025-07-20,delivered,marketplace,transferencia
8835,2883.0,2023-05-15,shipped,web,paypal
8836,1045.0,2024-03-30,delivered,app,transferencia
8837,1796.0,2024-01-26,delivered,marketplace,tarjeta
8838,1800.0,2025-05-10,delivered,web,paypal
8839,2001.0,2025-04-29,shipped,marketplace,contrareembolso
8840,2747.0,2023-12-04,delivered,web,transferencia
8841,1446.0,2024-04-16,cancelled,web,paypal
8842,1635.0,2023-08-09,delivered,web,tarjeta
8843,427.0,2023-02-08,delivered,web,paypal
8844,218.0,2025-12-19,delivered,marketplace,transferencia
8845,1087.0,2025-09-23,delivered,app,paypal
8846,1737.0,2025-11-02,delivered,marketplace,contrareembolso
8847,1393.0,2024-09-30,delivered,marketplace,transferencia
8848,2971.0,2025-07-27,delivered,web,tarjeta
8849,1350.0,2023-08-08,delivered,web,transferencia
8850,1444.0,2024-04-25,delivered,marketplace,transferencia
8851,143.0,2025-04-08,delivered,web,paypal
8852,596.0,2023-03-13,delivered,app,paypal
8853,1292.0,2024-01-23,shipped,app,contrareembolso
8854,2002.0,2023-11-22,paid,marketplace,transferencia
8855,955.0,2024-12-24,delivered,app,contrareembolso
8856,1335.0,2023-05-14,delivered,app,transferencia
8857,1790.0,2023-08-30,cancelled,marketplace,contrareembolso
8858,548.0,2023-05-10,delivered,app,paypal
8859,593.0,2025-12-01,shipped,web,paypal
8860,158.0,2025-08-16,delivered,web,contrareembolso
8861,804.0,2024-03-05,delivered,web,transferencia
8862,1943.0,2024-11-19,cancelled,marketplace,tarjeta
8863,265.0,2025-06-26,delivered,marketplace,paypal
8864,357.0,2024-11-07,delivered,marketplace,tarjeta
8865,137.0,2025-08-17,delivered,marketplace,transferencia
8866,567.0,2023-09-02,delivered,app,transferencia
8867,426.0,2025-03-11,cancelled,app,transferencia
8868,2249.0,2023-05-03,refunded,web,tarjeta
8869,1467.0,2024-09-17,delivered,marketplace,contrareembolso
8870,2869.0,2023-05-23,delivered,web,tarjeta
8871,1219.0,2023-08-17,shipped,marketplace,transferencia
8872,1878.0,2025-11-17,shipped,marketplace,paypal
8873,542.0,2023-03-30,delivered,web,contrareembolso
8874,693.0,2025-04-25,delivered,app,transferencia
8875,1655.0,2023-01-13,delivered,app,transferencia
8876,338.0,2023-01-18,delivered,web,tarjeta
8877,2005.0,2024-01-24,delivered,app,tarjeta
8878,2720.0,2025-08-19,delivered,marketplace,contrareembolso
8879,2421.0,2024-12-01,delivered,app,contrareembolso
8880,187.0,2024-01-15,refunded,marketplace,transferencia
8881,2317.0,2023-11-20,delivered,web,transferencia
8882,2509.0,2025-12-07,paid,app,paypal
8883,389.0,2023-10-03,cancelled,app,transferencia
8884,1235.0,2023-05-12,cancelled,web,paypal
8885,1912.0,2023-12-28,delivered,web,paypal
8886,1206.0,2023-03-26,delivered,web,paypal
8887,2728.0,2025-09-01,cancelled,app,tarjeta
8888,2250.0,2023-03-18,delivered,web,transferencia
8889,2420.0,2023-07-28,paid,app,tarjeta
8890,1084.0,2025-01-02,delivered,app,paypal
8891,2533.0,2023-06-09,delivered,web,transferencia
8892,327.0,2024-01-15,paid,web,contrareembolso
8893,1718.0,2025-01-25,delivered,marketplace,contrareembolso
8894,2258.0,2024-05-11,delivered,web,contrareembolso
8895,1547.0,2024-06-21,delivered,marketplace,transferencia
8896,2171.0,2024-01-26,delivered,app,paypal
8897,2850.0,2023-09-03,delivered,marketplace,contrareembolso
8898,2812.0,2024-01-06,delivered,web,transferencia
8899,2237.0,2025-06-22,delivered,web,tarjeta
8900,2188.0,2024-09-07,delivered,web,tarjeta
8901,1741.0,2024-09-29,delivered,web,tarjeta
8902,590.0,2024-02-28,shipped,web,contrareembolso
8903,1088.0,2024-01-08,delivered,marketplace,contrareembolso
8904,959.0,2024-08-01,delivered,marketplace,tarjeta
8905,2646.0,2024-03-18,delivered,web,transferencia
8906,2128.0,2024-04-04,delivered,marketplace,transferencia
8907,2974.0,2023-11-30,delivered,app,tarjeta
8908,1177.0,2023-04-02,shipped,marketplace,paypal
8909,1608.0,2024-01-20,delivered,web,tarjeta
8910,2974.0,2025-07-29,delivered,marketplace,tarjeta
8911,2046.0,2024-06-06,shipped,app,paypal
8912,2231.0,2023-05-06,shipped,app,transferencia
8913,254.0,2024-11-24,delivered,marketplace,paypal
8914,1310.0,2025-11-15,delivered,app,transferencia
8915,72.0,2023-01-15,shipped,marketplace,transferencia
8916,2183.0,2024-08-23,cancelled,app,contrareembolso
8917,1740.0,2024-06-07,cancelled,app,tarjeta
8918,965.0,2023-03-30,created,marketplace,contrareembolso
8919,1458.0,2024-07-21,delivered,web,paypal
8920,2506.0,2025-04-13,delivered,app,contrareembolso
8921,530.0,2023-07-27,paid,marketplace,tarjeta
8922,157.0,2023-11-11,delivered,app,transferencia
8923,419.0,2025-05-22,delivered,app,tarjeta
8924,1692.0,2025-02-11,delivered,app,paypal
8925,207.0,2023-10-28,delivered,web,contrareembolso
8926,604.0,2024-04-14,delivered,app,paypal
8927,2739.0,2025-09-07,paid,app,contrareembolso
8928,1820.0,2025-05-31,delivered,web,transferencia
8929,2535.0,2025-06-14,delivered,web,paypal
8930,1465.0,2024-07-14,paid,app,contrareembolso
8931,1622.0,2025-11-23,delivered,web,transferencia
8932,2177.0,2024-04-23,delivered,web,paypal
8933,1087.0,2025-12-16,created,web,contrareembolso
8934,1836.0,2024-03-29,delivered,web,transferencia
8935,1602.0,2024-06-08,delivered,web,transferencia
8936,2887.0,2024-05-31,delivered,app,transferencia
8937,1843.0,2023-01-03,paid,web,tarjeta
8938,426.0,2024-05-31,delivered,marketplace,paypal
8939,1243.0,2023-05-09,delivered,marketplace,transferencia
8940,1742.0,2025-04-24,delivered,web,contrareembolso
8941,2117.0,2023-08-30,delivered,marketplace,tarjeta
8942,1279.0,2023-11-12,delivered,web,transferencia
8943,775.0,2024-01-10,delivered,app,contrareembolso
8944,1153.0,2023-07-08,delivered,marketplace,tarjeta
8945,1249.0,2025-04-16,delivered,app,contrareembolso
8946,2843.0,2023-04-19,delivered,app,tarjeta
8947,1561.0,2023-08-14,delivered,app,tarjeta
8948,1502.0,2023-05-25,refunded,web,transferencia
8949,2074.0,2023-12-12,paid,app,contrareembolso
8950,2630.0,2024-05-22,delivered,marketplace,paypal
8951,596.0,2025-12-12,delivered,web,paypal
8952,1356.0,2023-03-27,delivered,marketplace,tarjeta
8953,930.0,2023-10-03,delivered,marketplace,tarjeta
8954,2627.0,2024-08-29,delivered,web,tarjeta
8955,394.0,2024-09-22,delivered,web,contrareembolso
8956,1621.0,2024-06-24,delivered,app,paypal
8957,2849.0,2024-07-26,delivered,app,contrareembolso
8958,1570.0,2024-05-05,shipped,web,tarjeta
8959,2690.0,2024-12-14,cancelled,app,contrareembolso
8960,69.0,2024-04-05,cancelled,web,tarjeta
8961,1485.0,2023-04-26,delivered,web,tarjeta
8962,1711.0,2025-07-22,delivered,web,paypal
8963,434.0,2023-02-27,cancelled,web,contrareembolso
8964,2215.0,2024-01-25,delivered,marketplace,tarjeta
8965,223.0,2025-10-03,delivered,web,transferencia
8966,20.0,2024-12-10,delivered,marketplace,transferencia
8967,2422.0,2024-10-29,delivered,web,contrareembolso
8968,1255.0,2023-12-03,cancelled,app,tarjeta
8969,644.0,2024-12-17,delivered,web,transferencia
8970,1939.0,2023-05-22,delivered,marketplace,transferencia
8971,140.0,2023-05-14,delivered,app,contrareembolso
8972,2308.0,2025-11-13,delivered,app,paypal
8973,2376.0,2023-05-17,delivered,marketplace,tarjeta
8974,2648.0,2024-08-15,delivered,marketplace,tarjeta
8975,942.0,2025-06-22,delivered,app,contrareembolso
8976,2374.0,2025-05-15,delivered,app,tarjeta
8977,1495.0,2023-03-28,paid,marketplace,paypal
8978,796.0,2025-09-27,delivered,app,tarjeta
8979,859.0,2025-10-19,delivered,web,contrareembolso
8980,2288.0,2025-06-27,created,web,contrareembolso
8981,577.0,2025-01-20,delivered,web,tarjeta
8982,1556.0,2023-12-14,delivered,app,transferencia
8983,377.0,2024-05-13,refunded,app,paypal
8984,1350.0,2024-07-12,delivered,web,tarjeta
8985,1694.0,2023-07-16,shipped,web,tarjeta
8986,2560.0,2023-12-30,delivered,marketplace,paypal
8987,1853.0,2023-05-21,delivered,app,paypal
8988,1007.0,2023-01-21,refunded,marketplace,contrareembolso
8989,1119.0,2023-02-11,delivered,app,tarjeta
8990,340.0,2023-11-20,refunded,app,contrareembolso
8991,2980.0,2025-03-08,cancelled,web,transferencia
8992,2085.0,2024-11-13,created,marketplace,contrareembolso
8993,113.0,2024-10-22,delivered,marketplace,tarjeta
8994,2338.0,2025-08-06,shipped,app,paypal
8995,1559.0,2025-12-15,delivered,app,contrareembolso
8996,23.0,2025-01-03,delivered,marketplace,tarjeta
8997,1603.0,2023-11-06,paid,app,tarjeta
8998,406.0,2023-10-05,delivered,app,transferencia
8999,156.0,2025-10-02,delivered,app,paypal
9000,1322.0,2024-02-26,delivered,marketplace,tarjeta
9001,164.0,2024-06-01,created,marketplace,transferencia
9002,410.0,2024-06-21,delivered,marketplace,contrareembolso
9003,173.0,2025-02-23,delivered,app,paypal
9004,1110.0,2023-11-07,delivered,marketplace,paypal
9005,775.0,2023-03-05,delivered,app,tarjeta
9006,2261.0,2025-07-10,delivered,app,paypal
9007,1388.0,2024-08-22,delivered,marketplace,tarjeta
9008,2736.0,2023-06-01,delivered,app,transferencia
9009,2256.0,2023-11-14,shipped,web,paypal
9010,2688.0,2023-02-23,delivered,app,contrareembolso
9011,660.0,2023-10-21,delivered,web,paypal
9012,2048.0,2025-03-22,delivered,marketplace,paypal
9013,2545.0,2024-02-23,shipped,marketplace,tarjeta
9014,1241.0,2025-09-10,paid,app,contrareembolso
9015,2096.0,2023-10-29,delivered,app,transferencia
9016,31.0,2024-01-06,delivered,app,contrareembolso
9017,61.0,2023-05-18,delivered,marketplace,transferencia
9018,30.0,2024-08-02,delivered,marketplace,transferencia
9019,779.0,2025-09-26,delivered,web,transferencia
9020,382.0,2024-06-26,created,web,paypal
9021,197.0,2023-02-01,delivered,app,transferencia
9022,1257.0,2025-06-04,delivered,marketplace,transferencia
9023,1742.0,2025-09-19,delivered,marketplace,tarjeta
9024,2603.0,2024-03-05,delivered,app,contrareembolso
9025,2722.0,2024-06-08,delivered,app,paypal
9026,2147.0,2024-08-16,delivered,app,paypal
9027,1724.0,2024-01-31,paid,web,contrareembolso
9028,99.0,2024-10-29,delivered,app,contrareembolso
9029,964.0,2025-04-08,delivered,marketplace,contrareembolso
9030,2140.0,2024-08-07,delivered,app,contrareembolso
9031,1490.0,2023-08-24,shipped,web,tarjeta
9032,2776.0,2024-01-03,delivered,app,contrareembolso
9033,154.0,2025-05-27,cancelled,app,paypal
9034,1733.0,2025-06-30,delivered,web,paypal
9035,844.0,2023-05-22,created,web,tarjeta
9036,557.0,2024-02-08,cancelled,web,contrareembolso
9037,2552.0,2024-01-30,shipped,app,tarjeta
9038,1558.0,2023-05-07,delivered,marketplace,tarjeta
9039,1794.0,2025-05-08,delivered,app,contrareembolso
9040,76.0,2025-11-21,paid,app,transferencia
9041,267.0,2023-11-11,delivered,app,transferencia
9042,346.0,2024-04-09,cancelled,app,tarjeta
9043,2913.0,2025-11-13,delivered,app,contrareembolso
9044,2954.0,2024-07-02,delivered,marketplace,transferencia
9045,937.0,2023-02-21,delivered,marketplace,contrareembolso
9046,986.0,2024-10-28,shipped,marketplace,paypal
9047,416.0,2024-09-03,delivered,web,tarjeta
9048,2413.0,2025-03-13,shipped,app,tarjeta
9049,1239.0,2023-01-28,delivered,web,transferencia
9050,973.0,2025-10-20,delivered,web,transferencia
9051,1723.0,2023-09-15,delivered,app,tarjeta
9052,2587.0,2024-11-15,delivered,web,contrareembolso
9053,1528.0,2023-03-30,delivered,marketplace,tarjeta
9054,1818.0,2025-12-13,delivered,marketplace,contrareembolso
9055,1986.0,2023-10-03,paid,web,transferencia
9056,577.0,2023-01-13,delivered,marketplace,paypal
9057,2009.0,2023-05-04,refunded,web,paypal
9058,1336.0,2023-06-10,delivered,web,tarjeta
9059,233.0,2024-03-06,delivered,web,transferencia
9060,2472.0,2024-08-25,delivered,app,contrareembolso
9061,52.0,2025-06-04,delivered,app,tarjeta
9062,2248.0,2025-07-22,refunded,web,contrareembolso
9063,1363.0,2024-07-26,refunded,marketplace,contrareembolso
9064,2633.0,2024-05-11,cancelled,web,transferencia
9065,1349.0,2025-03-08,delivered,marketplace,paypal
9066,1583.0,2024-08-28,delivered,marketplace,tarjeta
9067,2144.0,2023-12-25,delivered,marketplace,transferencia
9068,1828.0,2025-10-26,delivered,app,tarjeta
9069,1216.0,2023-03-23,delivered,web,paypal
9070,667.0,2023-09-10,refunded,app,contrareembolso
9071,303.0,2023-11-26,created,web,contrareembolso
9072,1372.0,2025-06-14,delivered,app,contrareembolso
9073,1526.0,2024-09-12,paid,web,paypal
9074,2731.0,2023-04-07,shipped,marketplace,tarjeta
9075,454.0,2024-06-23,delivered,web,transferencia
9076,1676.0,2024-02-24,delivered,app,transferencia
9077,266.0,2024-11-09,delivered,web,paypal
9078,1383.0,2025-11-09,cancelled,marketplace,transferencia
9079,192.0,2025-02-04,delivered,app,transferencia
9080,1537.0,2024-12-04,shipped,app,contrareembolso
9081,2326.0,2023-03-10,delivered,web,transferencia
9082,1908.0,2024-11-15,delivered,marketplace,contrareembolso
9083,2976.0,2025-08-11,shipped,app,transferencia
9084,2674.0,2024-03-03,delivered,web,tarjeta
9085,2762.0,2024-06-26,cancelled,app,transferencia
9086,853.0,2023-08-07,delivered,marketplace,contrareembolso
9087,2605.0,2024-10-28,delivered,web,transferencia
9088,1131.0,2023-06-08,delivered,marketplace,paypal
9089,237.0,2023-02-13,delivered,marketplace,transferencia
9090,815.0,2023-09-07,cancelled,web,transferencia
9091,1896.0,2025-04-29,cancelled,web,contrareembolso
9092,2691.0,2024-02-05,delivered,app,tarjeta
9093,354.0,2023-07-22,delivered,marketplace,paypal
9094,2160.0,2024-12-18,delivered,marketplace,transferencia
9095,2329.0,2024-10-05,shipped,app,transferencia
9096,2258.0,2023-11-28,refunded,app,transferencia
9097,2786.0,2023-04-17,delivered,marketplace,paypal
9098,313.0,2024-06-04,delivered,web,transferencia
9099,1415.0,2023-02-17,shipped,web,transferencia
9100,17.0,2023-03-28,delivered,marketplace,transferencia
9101,975.0,2024-12-16,delivered,marketplace,tarjeta
9102,1370.0,2025-03-28,delivered,web,contrareembolso
9103,2372.0,2024-02-18,delivered,marketplace,paypal
9104,1951.0,2024-09-11,paid,marketplace,paypal
9105,2764.0,2025-07-13,delivered,app,transferencia
9106,711.0,2024-12-31,delivered,web,tarjeta
9107,2712.0,2023-08-04,delivered,marketplace,tarjeta
9108,31.0,2024-06-03,delivered,marketplace,paypal
9109,514.0,2024-12-07,refunded,marketplace,tarjeta
9110,100.0,2025-08-10,delivered,marketplace,transferencia
9111,2384.0,2023-04-17,delivered,app,contrareembolso
9112,853.0,2023-11-03,cancelled,app,contrareembolso
9113,2363.0,2024-08-27,delivered,marketplace,contrareembolso
9114,67.0,2024-12-07,delivered,marketplace,transferencia
9115,424.0,2025-10-09,shipped,app,transferencia
9116,1252.0,2025-09-16,created,app,contrareembolso
9117,765.0,2023-01-28,delivered,marketplace,tarjeta
9118,762.0,2023-02-09,delivered,app,tarjeta
9119,2207.0,2025-08-11,delivered,app,transferencia
9120,728.0,2025-02-17,delivered,app,transferencia
9121,1257.0,2023-02-16,delivered,web,tarjeta
9122,1340.0,2025-05-28,delivered,app,tarjeta
9123,2463.0,2025-10-22,delivered,web,transferencia
9124,2993.0,2023-09-16,delivered,app,paypal
9125,778.0,2023-11-10,delivered,web,tarjeta
9126,509.0,2024-02-09,delivered,app,tarjeta
9127,981.0,2024-01-29,delivered,marketplace,paypal
9128,2314.0,2023-04-10,delivered,app,contrareembolso
9129,2587.0,2024-03-11,created,marketplace,transferencia
9130,1493.0,2024-01-16,delivered,web,transferencia
9131,2874.0,2023-02-04,delivered,marketplace,tarjeta
9132,103.0,2024-06-10,delivered,web,contrareembolso
9133,2219.0,2024-05-01,delivered,app,tarjeta
9134,2890.0,2023-05-12,delivered,web,contrareembolso
9135,1388.0,2025-09-15,shipped,marketplace,contrareembolso
9136,2547.0,2023-03-22,delivered,marketplace,paypal
9137,824.0,2023-11-18,paid,web,contrareembolso
9138,2379.0,2024-12-28,created,marketplace,tarjeta
9139,2781.0,2023-10-25,created,web,contrareembolso
9140,2272.0,2023-10-12,delivered,web,transferencia
9141,548.0,2025-11-07,refunded,app,paypal
9142,1884.0,2024-06-23,delivered,marketplace,tarjeta
9143,481.0,2025-10-13,delivered,marketplace,tarjeta
9144,2354.0,2024-12-11,shipped,marketplace,paypal
9145,1647.0,2025-10-30,delivered,marketplace,transferencia
9146,1459.0,2024-03-12,delivered,app,transferencia
9147,416.0,2025-04-14,refunded,web,contrareembolso
9148,2608.0,2024-11-18,delivered,marketplace,transferencia
9149,2349.0,2023-03-03,delivered,app,tarjeta
9150,2792.0,2023-01-25,delivered,app,paypal
9151,1905.0,2023-10-01,shipped,web,tarjeta
9152,266.0,2025-11-11,paid,web,contrareembolso
9153,2533.0,2024-02-07,delivered,marketplace,paypal
9154,365.0,2023-02-08,refunded,web,transferencia
9155,553.0,2024-11-26,delivered,web,transferencia
9156,711.0,2024-11-05,delivered,marketplace,tarjeta
9157,59.0,2025-06-21,delivered,web,paypal
9158,2472.0,2023-09-17,delivered,marketplace,contrareembolso
9159,2554.0,2024-04-05,delivered,marketplace,contrareembolso
9160,335.0,2024-08-12,delivered,app,contrareembolso
9161,2082.0,2025-11-17,refunded,marketplace,contrareembolso
9162,1400.0,2024-07-22,paid,marketplace,paypal
9163,126.0,2024-11-20,delivered,marketplace,tarjeta
9164,2895.0,2025-09-16,delivered,web,contrareembolso
9165,,2024-06-20,delivered,web,contrareembolso
9166,2062.0,2025-12-12,delivered,app,contrareembolso
9167,1744.0,2025-10-15,shipped,app,transferencia
9168,1160.0,2025-07-23,shipped,app,contrareembolso
9169,2441.0,2023-05-26,delivered,app,contrareembolso
9170,2928.0,2023-09-03,delivered,app,paypal
9171,269.0,2023-09-09,delivered,web,transferencia
9172,2548.0,2023-04-07,delivered,marketplace,paypal
9173,1721.0,2025-06-09,refunded,app,transferencia
9174,1898.0,2025-01-30,delivered,marketplace,paypal
9175,2412.0,2023-06-26,delivered,marketplace,contrareembolso
9176,2121.0,2023-12-29,delivered,web,tarjeta
9177,1077.0,2024-10-03,delivered,app,paypal
9178,2377.0,2023-01-07,delivered,app,contrareembolso
9179,864.0,2025-11-10,delivered,web,paypal
9180,2758.0,2025-05-28,shipped,web,tarjeta
9181,1821.0,2023-11-23,delivered,marketplace,transferencia
9182,3010.0,2023-10-30,cancelled,marketplace,tarjeta
9183,1927.0,2025-08-25,delivered,marketplace,paypal
9184,4.0,2024-09-30,cancelled,web,paypal
9185,1406.0,2024-09-21,delivered,web,paypal
9186,1007.0,2023-08-21,delivered,marketplace,transferencia
9187,51.0,2023-11-07,delivered,app,contrareembolso
9188,2715.0,2023-03-23,delivered,app,paypal
9189,2281.0,2023-12-15,delivered,marketplace,transferencia
9190,265.0,2024-08-03,created,marketplace,paypal
9191,196.0,2023-06-10,delivered,web,contrareembolso
9192,644.0,2023-01-15,delivered,app,paypal
9193,403.0,2023-03-08,refunded,marketplace,tarjeta
9194,644.0,2025-02-16,delivered,app,paypal
9195,1706.0,2023-02-09,paid,web,contrareembolso
9196,1999.0,2025-04-15,delivered,web,contrareembolso
9197,2677.0,2025-05-07,delivered,app,transferencia
9198,2537.0,2025-07-06,delivered,app,paypal
9199,2522.0,2025-06-30,delivered,app,transferencia
9200,2645.0,2024-10-01,delivered,app,tarjeta
9201,1291.0,2024-08-25,created,app,transferencia
9202,627.0,2025-09-27,cancelled,app,paypal
9203,2669.0,2024-12-22,delivered,web,contrareembolso
9204,2371.0,2025-11-29,delivered,app,transferencia
9205,1247.0,2023-11-18,delivered,marketplace,tarjeta
9206,1233.0,2024-04-05,delivered,marketplace,transferencia
9207,1.0,2023-01-23,delivered,web,transferencia
9208,2916.0,2025-12-31,delivered,web,transferencia
9209,1362.0,2024-11-14,delivered,web,contrareembolso
9210,2867.0,2025-08-13,paid,app,transferencia
9211,843.0,2025-08-22,delivered,marketplace,tarjeta
9212,1910.0,2023-11-28,delivered,web,paypal
9213,969.0,2025-09-01,delivered,app,contrareembolso
9214,689.0,2025-07-27,created,marketplace,contrareembolso
9215,2057.0,2025-11-24,delivered,web,contrareembolso
9216,614.0,2023-10-30,cancelled,app,tarjeta
9217,1483.0,2023-11-19,delivered,web,paypal
9218,558.0,2024-11-24,created,marketplace,paypal
9219,919.0,2025-12-05,cancelled,marketplace,contrareembolso
9220,2929.0,2023-08-31,delivered,web,contrareembolso
9221,3018.0,2023-04-15,shipped,web,transferencia
9222,922.0,2024-02-02,delivered,marketplace,paypal
9223,996.0,2023-10-31,delivered,app,tarjeta
9224,196.0,2024-01-20,shipped,marketplace,paypal
9225,497.0,2025-02-01,delivered,web,contrareembolso
9226,1819.0,2024-11-26,paid,app,tarjeta
9227,2940.0,2025-07-04,delivered,marketplace,contrareembolso
9228,2284.0,2025-10-11,delivered,marketplace,paypal
9229,1589.0,2025-03-16,delivered,web,transferencia
9230,2777.0,2024-01-30,delivered,web,transferencia
9231,1553.0,2024-08-23,delivered,web,transferencia
9232,2704.0,2024-09-17,delivered,web,paypal
9233,1417.0,2025-08-22,shipped,web,contrareembolso
9234,992.0,2023-10-16,delivered,web,contrareembolso
9235,2005.0,2024-01-19,delivered,app,transferencia
9236,984.0,2025-06-20,delivered,marketplace,contrareembolso
9237,2312.0,2024-10-06,delivered,app,contrareembolso
9238,2112.0,2023-02-17,delivered,app,contrareembolso
9239,204.0,2023-10-18,cancelled,app,paypal
9240,2737.0,2024-03-23,shipped,app,contrareembolso
9241,2125.0,2024-10-01,delivered,web,tarjeta
9242,1845.0,2024-01-05,paid,marketplace,tarjeta
9243,2794.0,2024-02-07,delivered,marketplace,paypal
9244,1479.0,2025-12-02,delivered,app,contrareembolso
9245,990.0,2025-01-13,delivered,marketplace,contrareembolso
9246,2899.0,2025-03-01,refunded,web,contrareembolso
9247,1481.0,2024-01-13,delivered,marketplace,contrareembolso
9248,2710.0,2025-01-15,delivered,marketplace,paypal
9249,728.0,2024-08-26,delivered,app,contrareembolso
9250,370.0,2025-12-26,delivered,app,transferencia
9251,1390.0,2023-07-12,delivered,web,contrareembolso
9252,1038.0,2023-08-23,delivered,marketplace,paypal
9253,2452.0,2024-07-28,delivered,app,paypal
9254,355.0,2025-11-23,delivered,web,transferencia
9255,2125.0,2024-02-16,cancelled,app,paypal
9256,1766.0,2025-03-21,shipped,web,contrareembolso
9257,1231.0,2025-05-06,delivered,web,contrareembolso
9258,784.0,2023-11-25,cancelled,web,contrareembolso
9259,2712.0,2023-12-15,delivered,app,transferencia
9260,2210.0,2025-12-03,refunded,web,tarjeta
9261,958.0,2025-03-02,delivered,app,tarjeta
9262,509.0,2025-05-24,shipped,marketplace,transferencia
9263,2210.0,2024-11-18,delivered,app,contrareembolso
9264,1078.0,2023-03-29,delivered,marketplace,transferencia
9265,151.0,2025-01-01,refunded,marketplace,paypal
9266,1835.0,2024-11-19,delivered,marketplace,tarjeta
9267,825.0,2025-01-24,delivered,app,transferencia
9268,919.0,2023-11-11,shipped,web,paypal
9269,1779.0,2025-10-24,refunded,app,tarjeta
9270,1511.0,2024-11-28,paid,app,transferencia
9271,626.0,2024-04-13,cancelled,app,contrareembolso
9272,2390.0,2024-11-25,delivered,web,contrareembolso
9273,1232.0,2025-12-29,shipped,web,tarjeta
9274,2702.0,2025-05-28,delivered,app,paypal
9275,2177.0,2024-11-08,shipped,web,tarjeta
9276,669.0,2024-07-24,delivered,marketplace,paypal
9277,2332.0,2025-09-22,delivered,web,transferencia
9278,1688.0,2024-06-02,delivered,marketplace,transferencia
9279,2232.0,2025-07-26,delivered,app,contrareembolso
9280,1438.0,2025-03-19,delivered,web,tarjeta
9281,1816.0,2025-06-14,delivered,app,transferencia
9282,2701.0,2023-12-06,delivered,marketplace,tarjeta
9283,1125.0,2024-06-17,delivered,app,tarjeta
9284,2134.0,2024-01-25,delivered,web,paypal
9285,2851.0,2023-05-05,created,marketplace,transferencia
9286,420.0,2025-04-09,cancelled,app,tarjeta
9287,2264.0,2025-10-12,paid,app,transferencia
9288,2808.0,2024-07-07,cancelled,web,contrareembolso
9289,1334.0,2024-03-20,delivered,marketplace,transferencia
9290,926.0,2025-01-04,paid,marketplace,tarjeta
9291,1076.0,2024-01-10,delivered,web,transferencia
9292,1090.0,2025-10-14,shipped,marketplace,tarjeta
9293,844.0,2025-08-18,refunded,app,contrareembolso
9294,632.0,2025-02-12,delivered,app,contrareembolso
9295,2360.0,2023-11-04,delivered,app,tarjeta
9296,1354.0,2024-12-31,paid,marketplace,tarjeta
9297,1648.0,2025-10-12,delivered,app,paypal
9298,1246.0,2024-03-09,delivered,app,tarjeta
9299,1089.0,2025-11-27,delivered,marketplace,tarjeta
9300,1107.0,2023-08-19,delivered,app,paypal
9301,1663.0,2025-03-13,delivered,web,contrareembolso
9302,1782.0,2023-01-10,created,app,transferencia
9303,1393.0,2023-07-10,delivered,web,transferencia
9304,1191.0,2023-10-07,paid,app,contrareembolso
9305,1995.0,2025-10-09,cancelled,app,transferencia
9306,1666.0,2025-09-01,delivered,app,transferencia
9307,1371.0,2023-08-20,cancelled,web,tarjeta
9308,565.0,2024-11-09,cancelled,marketplace,paypal
9309,1904.0,2023-06-03,delivered,app,tarjeta
9310,2221.0,2024-08-19,shipped,app,contrareembolso
9311,1964.0,2025-11-23,delivered,app,contrareembolso
9312,1708.0,2024-06-14,refunded,app,contrareembolso
9313,2759.0,2024-05-18,cancelled,web,transferencia
9314,293.0,2024-09-25,delivered,web,transferencia
9315,22.0,2025-03-15,delivered,app,contrareembolso
9316,308.0,2024-09-01,delivered,marketplace,paypal
9317,2541.0,2023-12-03,delivered,app,contrareembolso
9318,637.0,2023-01-30,cancelled,app,transferencia
9319,1245.0,2025-01-02,delivered,web,transferencia
9320,2483.0,2023-01-25,paid,web,tarjeta
9321,1080.0,2023-07-04,cancelled,marketplace,tarjeta
9322,2973.0,2025-04-05,delivered,web,paypal
9323,2919.0,2023-11-23,shipped,app,contrareembolso
9324,1928.0,2023-11-16,delivered,web,paypal
9325,2630.0,2023-09-17,delivered,web,transferencia
9326,2017.0,2023-10-26,delivered,web,transferencia
9327,418.0,2025-12-08,delivered,marketplace,tarjeta
9328,970.0,2023-06-02,delivered,marketplace,transferencia
9329,2141.0,2024-07-25,shipped,web,tarjeta
9330,256.0,2023-04-18,delivered,app,contrareembolso
9331,3001.0,2025-01-17,delivered,app,transferencia
9332,1426.0,2025-08-28,delivered,app,contrareembolso
9333,2811.0,2023-04-08,delivered,web,tarjeta
9334,2889.0,2024-02-19,delivered,web,paypal
9335,46.0,2023-05-26,delivered,marketplace,contrareembolso
9336,1351.0,2024-01-13,delivered,web,contrareembolso
9337,577.0,2023-09-25,delivered,web,tarjeta
9338,1726.0,2024-06-15,delivered,marketplace,transferencia
9339,1974.0,2024-05-28,delivered,web,tarjeta
9340,2782.0,2024-03-10,delivered,web,contrareembolso
9341,1354.0,2025-11-20,delivered,app,transferencia
9342,494.0,2023-04-18,refunded,marketplace,contrareembolso
9343,681.0,2023-03-20,delivered,marketplace,transferencia
9344,2747.0,2025-05-16,paid,web,contrareembolso
9345,398.0,2025-04-25,paid,web,contrareembolso
9346,2568.0,2024-08-14,delivered,app,contrareembolso
9347,1764.0,2023-06-22,delivered,app,paypal
9348,2261.0,2025-08-03,delivered,marketplace,paypal
9349,2734.0,2025-08-26,delivered,app,tarjeta
9350,2647.0,2025-11-12,delivered,web,transferencia
9351,279.0,2024-11-03,delivered,app,contrareembolso
9352,2826.0,2024-03-20,delivered,web,paypal
9353,1496.0,2025-12-09,delivered,web,transferencia
9354,622.0,2024-11-19,cancelled,web,contrareembolso
9355,619.0,2025-04-11,refunded,marketplace,contrareembolso
9356,434.0,2025-08-09,delivered,web,transferencia
9357,549.0,2023-01-11,created,app,transferencia
9358,441.0,2023-09-19,delivered,web,paypal
9359,3016.0,2024-12-29,delivered,app,paypal
9360,562.0,2023-10-13,delivered,app,transferencia
9361,2008.0,2024-09-08,delivered,app,tarjeta
9362,1295.0,2024-03-19,delivered,marketplace,tarjeta
9363,2754.0,2025-07-07,delivered,app,tarjeta
9364,633.0,2025-04-01,delivered,web,contrareembolso
9365,2637.0,2025-10-29,delivered,marketplace,transferencia
9366,309.0,2023-06-25,delivered,web,paypal
9367,2664.0,2023-07-13,refunded,marketplace,paypal
9368,99.0,2025-07-13,created,app,paypal
9369,2314.0,2023-08-09,created,marketplace,contrareembolso
9370,1900.0,2025-06-07,delivered,marketplace,transferencia
9371,1330.0,2025-09-03,delivered,marketplace,contrareembolso
9372,2444.0,2024-07-02,delivered,app,contrareembolso
9373,310.0,2025-06-23,cancelled,web,tarjeta
9374,1076.0,2024-08-07,shipped,web,transferencia
9375,1750.0,2023-09-11,delivered,marketplace,paypal
9376,272.0,2024-03-15,delivered,app,tarjeta
9377,330.0,2024-10-12,delivered,marketplace,transferencia
9378,1321.0,2024-02-17,delivered,marketplace,contrareembolso
9379,2054.0,2024-03-23,delivered,app,tarjeta
9380,,2025-11-17,shipped,app,tarjeta
9381,1007.0,2025-04-01,delivered,app,paypal
9382,2556.0,2024-04-11,delivered,marketplace,transferencia
9383,2956.0,2023-12-05,delivered,marketplace,contrareembolso
9384,58.0,2024-01-03,delivered,marketplace,paypal
9385,2219.0,2025-06-06,paid,app,tarjeta
9386,1956.0,2024-07-12,delivered,web,transferencia
9387,2038.0,2023-12-26,delivered,web,tarjeta
9388,2007.0,2023-10-03,refunded,app,tarjeta
9389,1474.0,2024-07-02,delivered,web,paypal
9390,2759.0,2025-08-25,delivered,marketplace,paypal
9391,1029.0,2024-11-06,delivered,marketplace,paypal
9392,834.0,2025-07-22,delivered,web,paypal
9393,2214.0,2024-09-15,delivered,app,transferencia
9394,2091.0,2023-04-22,paid,marketplace,tarjeta
9395,2671.0,2025-02-21,delivered,marketplace,transferencia
9396,329.0,2024-07-21,delivered,app,paypal
9397,2308.0,2023-05-08,delivered,marketplace,tarjeta
9398,1849.0,2023-09-14,paid,marketplace,tarjeta
9399,358.0,2023-10-07,delivered,web,paypal
9400,2983.0,2024-12-28,delivered,marketplace,tarjeta
9401,1942.0,2024-07-03,delivered,marketplace,tarjeta
9402,2260.0,2025-02-14,created,marketplace,transferencia
9403,1293.0,2025-07-22,created,marketplace,paypal
9404,929.0,2025-10-30,paid,marketplace,paypal
9405,406.0,2023-04-30,delivered,marketplace,transferencia
9406,803.0,2025-11-15,cancelled,app,tarjeta
9407,1666.0,2023-11-14,delivered,app,contrareembolso
9408,2265.0,2023-07-18,delivered,app,contrareembolso
9409,1200.0,2024-08-17,delivered,web,paypal
9410,1365.0,2025-03-19,refunded,web,transferencia
9411,1144.0,2024-09-30,delivered,marketplace,contrareembolso
9412,61.0,2023-03-05,delivered,app,tarjeta
9413,1207.0,2023-04-08,shipped,app,paypal
9414,505.0,2025-04-25,paid,web,paypal
9415,753.0,2024-03-17,created,marketplace,contrareembolso
9416,1664.0,2023-11-18,delivered,web,tarjeta
9417,136.0,2025-04-18,shipped,app,paypal
9418,2810.0,2024-06-17,paid,marketplace,paypal
9419,292.0,2023-12-31,refunded,marketplace,transferencia
9420,2004.0,2024-10-19,cancelled,web,transferencia
9421,2261.0,,delivered,app,paypal
9422,1380.0,2023-09-07,delivered,marketplace,transferencia
9423,1610.0,2025-12-25,delivered,marketplace,paypal
9424,1865.0,2023-09-03,created,web,contrareembolso
9425,168.0,2025-11-02,delivered,marketplace,transferencia
9426,433.0,2023-02-28,cancelled,app,contrareembolso
9427,2960.0,2023-04-08,delivered,web,transferencia
9428,316.0,2024-06-26,delivered,web,transferencia
9429,710.0,2024-09-17,created,web,transferencia
9430,533.0,2025-12-25,cancelled,marketplace,transferencia
9431,2184.0,2024-10-07,delivered,marketplace,tarjeta
9432,556.0,2023-01-16,cancelled,web,transferencia
9433,2773.0,2023-02-10,delivered,marketplace,tarjeta
9434,1798.0,2024-07-03,delivered,web,transferencia
9435,1218.0,2024-10-10,delivered,marketplace,tarjeta
9436,685.0,2024-04-29,paid,web,paypal
9437,215.0,2023-08-01,delivered,marketplace,contrareembolso
9438,1452.0,2025-04-24,delivered,web,paypal
9439,517.0,2023-07-07,delivered,app,transferencia
9440,780.0,2024-11-10,refunded,app,paypal
9441,570.0,2023-09-01,delivered,app,contrareembolso
9442,2580.0,2023-11-16,delivered,web,paypal
9443,355.0,2023-10-15,delivered,web,paypal
9444,31.0,2024-05-02,delivered,web,tarjeta
9445,1451.0,2024-12-13,shipped,web,transferencia
9446,1842.0,2024-12-08,delivered,web,paypal
9447,2286.0,2024-09-13,delivered,app,paypal
9448,667.0,2025-12-30,delivered,web,contrareembolso
9449,1730.0,2024-02-13,delivered,web,transferencia
9450,192.0,2025-03-26,delivered,app,contrareembolso
9451,2458.0,2025-09-20,shipped,marketplace,tarjeta
9452,1567.0,2024-12-03,delivered,web,transferencia
9453,1625.0,2023-02-19,delivered,web,tarjeta
9454,557.0,2024-08-02,cancelled,marketplace,tarjeta
9455,447.0,2024-12-22,delivered,web,transferencia
9456,1281.0,2025-12-19,delivered,app,paypal
9457,110.0,2023-04-16,delivered,marketplace,contrareembolso
9458,2050.0,2024-12-14,delivered,marketplace,tarjeta
9459,1921.0,2024-03-10,cancelled,app,transferencia
9460,2744.0,2024-11-05,cancelled,app,tarjeta
9461,1993.0,2025-08-12,paid,app,transferencia
9462,1173.0,2024-04-15,delivered,web,paypal
9463,955.0,2024-07-19,delivered,web,transferencia
9464,2587.0,2024-11-09,delivered,marketplace,paypal
9465,2613.0,2023-04-13,delivered,marketplace,transferencia
9466,609.0,2025-05-31,delivered,app,paypal
9467,2319.0,2025-07-10,delivered,marketplace,paypal
9468,1335.0,2023-12-14,delivered,marketplace,transferencia
9469,2607.0,2025-07-01,delivered,web,contrareembolso
9470,2541.0,2023-02-05,delivered,web,contrareembolso
9471,1098.0,2025-07-06,delivered,web,tarjeta
9472,2982.0,2025-02-28,delivered,marketplace,tarjeta
9473,909.0,2025-02-15,delivered,app,transferencia
9474,489.0,2024-11-20,shipped,web,contrareembolso
9475,1450.0,2023-01-25,paid,app,transferencia
9476,2106.0,2025-06-23,cancelled,app,paypal
9477,42.0,2025-03-01,delivered,web,paypal
9478,1632.0,2023-03-28,paid,marketplace,contrareembolso
9479,2693.0,2025-06-30,cancelled,web,tarjeta
9480,1552.0,2024-06-11,paid,marketplace,tarjeta
9481,2223.0,2024-06-01,refunded,app,paypal
9482,1661.0,2023-07-27,delivered,web,contrareembolso
9483,2379.0,2024-07-09,delivered,app,contrareembolso
9484,186.0,2023-01-17,delivered,app,tarjeta
9485,2938.0,2024-12-04,shipped,app,transferencia
9486,183.0,2023-02-08,refunded,web,contrareembolso
9487,858.0,2025-12-01,delivered,marketplace,contrareembolso
9488,1569.0,2023-12-22,delivered,web,tarjeta
9489,2962.0,2023-01-10,delivered,web,paypal
9490,1404.0,2025-09-22,delivered,marketplace,tarjeta
9491,656.0,2023-01-08,paid,web,paypal
9492,2982.0,2025-10-06,cancelled,marketplace,contrareembolso
9493,2369.0,2023-09-22,delivered,web,paypal
9494,1691.0,2024-10-05,cancelled,web,tarjeta
9495,1984.0,2025-02-25,delivered,web,contrareembolso
9496,908.0,2023-06-19,paid,marketplace,paypal
9497,730.0,2025-01-23,paid,marketplace,tarjeta
9498,2913.0,2024-04-18,delivered,web,tarjeta
9499,2319.0,2024-05-05,shipped,app,tarjeta
9500,602.0,2023-04-24,delivered,marketplace,tarjeta
9501,2277.0,2023-12-02,delivered,app,paypal
9502,1677.0,2024-05-25,delivered,web,tarjeta
9503,1297.0,2023-08-21,delivered,web,contrareembolso
9504,2212.0,2024-07-19,delivered,web,tarjeta
9505,818.0,2023-11-02,shipped,marketplace,paypal
9506,2602.0,2024-06-24,delivered,web,paypal
9507,2487.0,2023-07-01,created,marketplace,tarjeta
9508,1765.0,2023-04-19,delivered,app,transferencia
9509,1463.0,2025-07-03,delivered,app,paypal
9510,772.0,2024-09-23,paid,web,paypal
9511,182.0,2023-05-09,delivered,marketplace,transferencia
9512,966.0,2024-12-27,delivered,web,transferencia
9513,1140.0,2023-03-08,delivered,web,tarjeta
9514,1742.0,2023-09-15,delivered,app,tarjeta
9515,2007.0,2024-06-26,shipped,app,transferencia
9516,980.0,2025-01-06,delivered,web,tarjeta
9517,2367.0,2023-02-25,delivered,app,tarjeta
9518,1585.0,2023-08-28,delivered,marketplace,contrareembolso
9519,2660.0,2025-09-06,shipped,marketplace,paypal
9520,765.0,2024-03-12,paid,web,paypal
9521,2978.0,2024-05-16,shipped,app,paypal
9522,2745.0,2023-10-19,cancelled,app,transferencia
9523,591.0,2024-12-05,delivered,web,contrareembolso
9524,295.0,2024-08-21,delivered,web,transferencia
9525,2967.0,2024-01-08,delivered,app,transferencia
9526,2413.0,2024-06-27,delivered,marketplace,contrareembolso
9527,2470.0,2024-11-01,delivered,app,tarjeta
9528,2091.0,2023-07-30,delivered,web,tarjeta
9529,1170.0,2024-09-05,delivered,web,tarjeta
9530,1986.0,2024-06-28,delivered,web,paypal
9531,778.0,2023-03-21,delivered,marketplace,contrareembolso
9532,475.0,2023-10-20,refunded,marketplace,paypal
9533,2851.0,2023-03-23,cancelled,web,contrareembolso
9534,,2024-05-13,cancelled,web,paypal
9535,1679.0,2024-01-16,cancelled,app,contrareembolso
9536,2367.0,2023-04-21,delivered,app,transferencia
9537,816.0,2024-01-22,cancelled,marketplace,tarjeta
9538,1461.0,2023-01-04,delivered,marketplace,transferencia
9539,2854.0,2023-08-15,shipped,marketplace,paypal
9540,2583.0,2024-09-12,refunded,web,transferencia
9541,1594.0,2024-06-06,delivered,web,transferencia
9542,1581.0,2025-08-24,cancelled,app,contrareembolso
9543,2586.0,2024-09-07,delivered,app,paypal
9544,361.0,2025-12-26,delivered,app,tarjeta
9545,458.0,2024-10-15,delivered,marketplace,contrareembolso
9546,2168.0,2024-11-15,delivered,web,paypal
9547,2249.0,2025-10-30,cancelled,web,transferencia
9548,3009.0,2025-12-16,delivered,app,tarjeta
9549,2061.0,2023-07-04,delivered,web,contrareembolso
9550,2041.0,2025-12-09,delivered,app,tarjeta
9551,419.0,2023-01-21,delivered,web,contrareembolso
9552,989.0,2023-07-16,delivered,marketplace,transferencia
9553,338.0,2023-08-16,delivered,web,contrareembolso
9554,1841.0,2024-12-06,delivered,app,tarjeta
9555,2741.0,2024-02-26,delivered,app,tarjeta
9556,93.0,2024-09-17,delivered,app,contrareembolso
9557,2481.0,2024-07-02,delivered,marketplace,paypal
9558,976.0,2023-12-05,delivered,app,transferencia
9559,2157.0,2023-12-01,delivered,marketplace,transferencia
9560,2539.0,2023-03-26,created,web,tarjeta
9561,2174.0,2025-03-31,refunded,app,paypal
9562,1208.0,2023-02-24,delivered,app,contrareembolso
9563,2727.0,2024-06-14,shipped,web,contrareembolso
9564,925.0,2025-10-07,delivered,app,tarjeta
9565,305.0,2024-08-23,paid,app,paypal
9566,1934.0,2023-08-07,delivered,marketplace,tarjeta
9567,1393.0,2025-10-26,delivered,app,contrareembolso
9568,1063.0,2025-04-13,delivered,web,contrareembolso
9569,1277.0,2024-06-02,paid,marketplace,tarjeta
9570,1869.0,2025-03-22,shipped,app,tarjeta
9571,2207.0,2025-12-11,shipped,app,tarjeta
9572,789.0,2025-11-02,delivered,app,tarjeta
9573,2941.0,2023-08-02,paid,app,tarjeta
9574,616.0,2025-08-15,cancelled,marketplace,paypal
9575,2348.0,2023-10-03,delivered,web,contrareembolso
9576,543.0,2023-02-03,delivered,app,tarjeta
9577,1363.0,2025-05-19,shipped,marketplace,transferencia
9578,2677.0,2023-02-15,delivered,web,paypal
9579,1854.0,2023-09-26,delivered,app,tarjeta
9580,1212.0,2025-03-12,delivered,web,contrareembolso
9581,1816.0,2025-01-14,shipped,app,tarjeta
9582,2022.0,2023-04-30,delivered,app,paypal
9583,604.0,2025-05-15,shipped,marketplace,paypal
9584,1965.0,2023-02-19,delivered,marketplace,tarjeta
9585,1738.0,2024-06-20,delivered,marketplace,contrareembolso
9586,4.0,2025-04-01,delivered,web,transferencia
9587,1158.0,2024-12-15,delivered,marketplace,paypal
9588,464.0,2024-03-22,shipped,app,contrareembolso
9589,390.0,2023-08-12,delivered,marketplace,tarjeta
9590,2483.0,2024-05-04,refunded,web,paypal
9591,326.0,2023-01-02,delivered,app,transferencia
9592,2421.0,2025-09-04,delivered,app,contrareembolso
9593,418.0,2023-01-06,delivered,web,contrareembolso
9594,824.0,2024-04-01,delivered,web,paypal
9595,2433.0,2025-08-27,delivered,marketplace,contrareembolso
9596,2522.0,2025-05-06,shipped,app,tarjeta
9597,1004.0,2023-04-07,delivered,marketplace,contrareembolso
9598,788.0,2023-01-01,delivered,app,tarjeta
9599,2244.0,2025-06-24,delivered,marketplace,transferencia
9600,1840.0,2023-11-03,delivered,app,transferencia
9601,1853.0,2024-05-04,delivered,app,paypal
9602,450.0,2024-07-07,delivered,marketplace,paypal
9603,3001.0,2023-02-25,delivered,marketplace,transferencia
9604,690.0,2025-01-23,delivered,marketplace,paypal
9605,2902.0,2023-03-08,delivered,app,transferencia
9606,1238.0,2025-12-03,delivered,app,paypal
9607,1856.0,2023-06-01,delivered,web,tarjeta
9608,409.0,2024-06-21,delivered,web,paypal
9609,1761.0,2023-01-16,refunded,web,tarjeta
9610,966.0,2024-05-08,delivered,app,tarjeta
9611,2574.0,2023-06-17,delivered,marketplace,contrareembolso
9612,1200.0,2023-03-24,delivered,app,tarjeta
9613,866.0,2023-09-18,cancelled,web,tarjeta
9614,95.0,2024-01-11,delivered,marketplace,transferencia
9615,1344.0,2024-05-17,delivered,web,paypal
9616,1427.0,2025-07-07,delivered,web,tarjeta
9617,1540.0,2024-11-24,shipped,app,contrareembolso
9618,2985.0,2024-12-17,delivered,marketplace,contrareembolso
9619,838.0,2025-04-13,delivered,app,paypal
9620,1440.0,2025-05-24,delivered,app,contrareembolso
9621,2021.0,2023-06-01,delivered,marketplace,paypal
9622,2291.0,2023-02-22,delivered,web,contrareembolso
9623,2658.0,2024-09-09,shipped,web,tarjeta
9624,1223.0,2023-03-30,delivered,web,transferencia
9625,1699.0,2025-08-01,delivered,marketplace,paypal
9626,1313.0,2024-01-13,delivered,web,contrareembolso
9627,2059.0,2025-03-16,delivered,marketplace,contrareembolso
9628,410.0,2023-11-24,delivered,web,contrareembolso
9629,2584.0,2025-12-23,paid,marketplace,tarjeta
9630,331.0,2025-10-18,delivered,web,transferencia
9631,2992.0,2024-03-02,shipped,app,paypal
9632,406.0,2024-04-29,cancelled,marketplace,contrareembolso
9633,1971.0,2024-01-16,delivered,web,paypal
9634,388.0,2023-03-03,delivered,app,tarjeta
9635,2247.0,2024-12-02,refunded,marketplace,tarjeta
9636,2471.0,2023-05-02,delivered,app,tarjeta
9637,2105.0,2023-01-27,delivered,marketplace,contrareembolso
9638,2050.0,2023-03-09,delivered,web,transferencia
9639,880.0,2025-02-20,refunded,app,transferencia
9640,1698.0,2025-02-05,delivered,app,tarjeta
9641,1411.0,2025-10-24,delivered,app,paypal
9642,1059.0,2025-12-17,delivered,app,tarjeta
9643,755.0,2024-03-20,delivered,app,transferencia
9644,892.0,2025-06-21,delivered,web,contrareembolso
9645,2289.0,2025-01-12,delivered,app,contrareembolso
9646,2787.0,2023-01-31,refunded,marketplace,tarjeta
9647,1225.0,2023-02-14,delivered,marketplace,paypal
9648,2978.0,2025-06-08,refunded,marketplace,paypal
9649,2413.0,2024-03-09,delivered,app,transferencia
9650,2829.0,2023-09-27,delivered,web,tarjeta
9651,2105.0,2023-04-25,delivered,marketplace,paypal
9652,558.0,2024-09-07,delivered,app,transferencia
9653,1149.0,2023-01-31,delivered,marketplace,paypal
9654,2767.0,2025-01-23,refunded,web,contrareembolso
9655,2321.0,2025-08-04,delivered,marketplace,contrareembolso
9656,1525.0,2024-09-17,delivered,app,paypal
9657,1229.0,2023-01-07,created,web,contrareembolso
9658,2253.0,2023-04-17,delivered,web,tarjeta
9659,2206.0,2023-06-13,delivered,web,transferencia
9660,333.0,2023-01-21,delivered,marketplace,contrareembolso
9661,2228.0,2023-06-05,paid,app,tarjeta
9662,2627.0,2025-02-21,delivered,marketplace,contrareembolso
9663,1832.0,2025-08-26,delivered,marketplace,contrareembolso
9664,161.0,2024-12-23,delivered,app,contrareembolso
9665,1985.0,2025-04-14,delivered,app,paypal
9666,277.0,2024-06-11,delivered,app,contrareembolso
9667,207.0,2024-03-12,delivered,web,tarjeta
9668,341.0,2025-11-22,created,marketplace,contrareembolso
9669,2531.0,2023-01-30,shipped,app,tarjeta
9670,2169.0,2023-10-23,shipped,app,contrareembolso
9671,2463.0,2025-06-21,delivered,web,contrareembolso
9672,198.0,2023-05-20,delivered,web,transferencia
9673,601.0,2025-07-30,delivered,marketplace,transferencia
9674,1940.0,2025-07-12,delivered,web,tarjeta
9675,2571.0,2025-01-22,shipped,marketplace,tarjeta
9676,1865.0,2023-05-23,paid,app,paypal
9677,2840.0,2025-02-06,delivered,web,tarjeta
9678,579.0,2025-09-11,paid,app,paypal
9679,2157.0,2023-10-27,cancelled,marketplace,tarjeta
9680,786.0,2024-06-15,delivered,app,tarjeta
9681,1670.0,2023-06-20,shipped,app,contrareembolso
9682,2182.0,2023-07-10,delivered,app,transferencia
9683,2714.0,2024-10-11,delivered,marketplace,contrareembolso
9684,2377.0,2024-01-15,created,marketplace,contrareembolso
9685,1007.0,2025-02-04,delivered,web,paypal
9686,2699.0,2025-09-22,cancelled,app,paypal
9687,889.0,2024-04-16,cancelled,marketplace,paypal
9688,2215.0,2024-05-04,delivered,web,transferencia
9689,2193.0,2024-09-07,delivered,web,paypal
9690,1678.0,2025-12-17,refunded,web,contrareembolso
9691,322.0,2023-07-03,delivered,marketplace,paypal
9692,719.0,2025-09-13,delivered,marketplace,contrareembolso
9693,2518.0,2025-09-29,delivered,app,paypal
9694,2158.0,2025-09-25,delivered,web,paypal
9695,2845.0,2023-08-19,delivered,web,tarjeta
9696,841.0,2025-04-28,delivered,marketplace,paypal
9697,2653.0,2025-11-09,cancelled,app,contrareembolso
9698,2434.0,2025-08-27,cancelled,web,contrareembolso
9699,101.0,2025-08-27,delivered,app,tarjeta
9700,806.0,2023-06-09,created,marketplace,tarjeta
9701,1371.0,2023-05-23,delivered,marketplace,paypal
9702,2606.0,2025-06-17,shipped,web,transferencia
9703,910.0,2024-10-28,refunded,marketplace,transferencia
9704,1934.0,2024-12-02,created,marketplace,tarjeta
9705,359.0,2027-02-04,cancelled,marketplace,tarjeta
9706,762.0,2023-10-17,delivered,web,transferencia
9707,1952.0,2025-02-09,created,app,transferencia
9708,80.0,2023-08-26,shipped,app,paypal
9709,66.0,2023-10-20,refunded,web,paypal
9710,505.0,2025-06-07,paid,app,contrareembolso
9711,2959.0,2025-09-17,delivered,marketplace,tarjeta
9712,1490.0,2024-04-26,delivered,marketplace,contrareembolso
9713,266.0,2023-07-02,delivered,marketplace,contrareembolso
9714,695.0,2024-08-04,shipped,app,contrareembolso
9715,270.0,2025-10-05,delivered,web,paypal
9716,34.0,2025-05-27,delivered,marketplace,paypal
9717,1647.0,2023-01-09,delivered,marketplace,contrareembolso
9718,112.0,2025-01-17,delivered,web,transferencia
9719,804.0,2025-10-27,cancelled,app,contrareembolso
9720,2363.0,2025-02-18,delivered,marketplace,tarjeta
9721,2586.0,2025-07-26,delivered,marketplace,contrareembolso
9722,2944.0,2025-06-02,delivered,marketplace,transferencia
9723,2726.0,2023-01-20,delivered,web,transferencia
9724,1990.0,2025-12-21,delivered,web,transferencia
9725,2906.0,2023-04-30,delivered,app,paypal
9726,2505.0,2024-02-23,delivered,marketplace,tarjeta
9727,2586.0,2023-05-10,delivered,marketplace,paypal
9728,457.0,2023-05-14,delivered,app,contrareembolso
9729,3020.0,2025-04-24,delivered,marketplace,contrareembolso
9730,1493.0,2024-10-04,delivered,app,tarjeta
9731,2175.0,2025-09-05,delivered,app,contrareembolso
9732,2476.0,2024-07-16,delivered,web,tarjeta
9733,2003.0,2025-03-02,delivered,web,paypal
9734,1327.0,2025-07-13,paid,web,transferencia
9735,1101.0,2023-12-07,delivered,web,contrareembolso
9736,2478.0,2024-11-09,delivered,web,contrareembolso
9737,2949.0,2025-02-11,delivered,app,paypal
9738,1747.0,2025-03-31,delivered,app,paypal
9739,760.0,2024-08-07,delivered,app,contrareembolso
9740,2022.0,2024-04-26,cancelled,marketplace,paypal
9741,2245.0,2024-03-12,delivered,web,contrareembolso
9742,1574.0,2023-02-20,delivered,web,contrareembolso
9743,2506.0,2024-09-09,cancelled,marketplace,contrareembolso
9744,809.0,2023-10-31,refunded,web,paypal
9745,2206.0,2023-08-26,delivered,app,tarjeta
9746,,2023-11-14,shipped,marketplace,transferencia
9747,1187.0,2023-06-20,delivered,app,paypal
9748,121.0,2025-06-24,cancelled,marketplace,contrareembolso
9749,1345.0,2024-07-22,delivered,marketplace,paypal
9750,1265.0,2023-03-25,delivered,marketplace,contrareembolso
9751,2688.0,2024-04-13,delivered,web,paypal
9752,2349.0,2024-02-11,delivered,marketplace,paypal
9753,2746.0,2024-05-02,delivered,marketplace,paypal
9754,483.0,2025-08-27,delivered,marketplace,contrareembolso
9755,1506.0,2024-12-26,created,marketplace,transferencia
9756,1859.0,2025-07-16,delivered,app,tarjeta
9757,1357.0,2025-08-05,delivered,app,tarjeta
9758,726.0,2025-04-08,delivered,app,transferencia
9759,845.0,2024-12-05,delivered,app,tarjeta
9760,2892.0,2024-01-22,delivered,marketplace,paypal
9761,111.0,2025-10-29,delivered,marketplace,transferencia
9762,1221.0,2023-02-06,paid,marketplace,paypal
9763,2611.0,2024-01-02,delivered,web,contrareembolso
9764,167.0,2025-11-25,delivered,web,tarjeta
9765,973.0,2025-11-23,shipped,app,tarjeta
9766,2451.0,2025-10-04,cancelled,app,contrareembolso
9767,2301.0,2023-05-10,delivered,web,paypal
9768,2346.0,2023-06-01,delivered,marketplace,transferencia
9769,908.0,2025-09-17,delivered,marketplace,transferencia
9770,1371.0,2023-09-12,delivered,marketplace,tarjeta
9771,973.0,2025-01-20,paid,web,tarjeta
9772,1685.0,2024-04-17,delivered,web,contrareembolso
9773,598.0,2023-01-16,delivered,app,contrareembolso
9774,1612.0,2025-09-20,delivered,app,tarjeta
9775,1182.0,2023-03-01,delivered,marketplace,transferencia
9776,2299.0,2023-02-06,delivered,marketplace,paypal
9777,2863.0,2023-03-09,delivered,web,contrareembolso
9778,1955.0,2023-09-13,delivered,web,paypal
9779,72.0,2024-06-25,delivered,marketplace,transferencia
9780,2736.0,2025-10-25,delivered,marketplace,transferencia
9781,2493.0,2025-07-09,delivered,marketplace,paypal
9782,187.0,2024-11-13,delivered,app,contrareembolso
9783,653.0,2023-11-29,paid,marketplace,transferencia
9784,508.0,2025-07-13,paid,web,paypal
9785,1795.0,2025-08-28,refunded,marketplace,contrareembolso
9786,883.0,2023-07-28,delivered,app,paypal
9787,2539.0,2025-11-06,created,app,contrareembolso
9788,1847.0,2023-09-14,delivered,marketplace,contrareembolso
9789,2380.0,2023-09-16,delivered,web,transferencia
9790,1765.0,2023-08-28,delivered,app,transferencia
9791,2243.0,2024-05-01,delivered,web,tarjeta
9792,1439.0,2025-06-16,delivered,app,paypal
9793,74.0,2023-05-03,delivered,app,transferencia
9794,362.0,2023-03-17,delivered,marketplace,paypal
9795,1891.0,2024-03-04,delivered,web,transferencia
9796,1396.0,2025-07-16,delivered,web,transferencia
9797,2191.0,2025-10-16,delivered,app,paypal
9798,792.0,2023-04-14,delivered,web,transferencia
9799,2840.0,2024-11-24,delivered,web,transferencia
9800,2668.0,2024-07-02,delivered,web,paypal
9801,755.0,2025-04-03,delivered,web,paypal
9802,979.0,2024-11-24,shipped,app,transferencia
9803,2204.0,2023-11-04,delivered,web,transferencia
9804,1642.0,2023-11-03,cancelled,web,paypal
9805,2006.0,2024-03-08,delivered,app,transferencia
9806,194.0,2025-09-17,delivered,marketplace,tarjeta
9807,303.0,2025-10-16,delivered,app,transferencia
9808,1713.0,2023-11-12,delivered,marketplace,tarjeta
9809,697.0,2023-08-28,delivered,web,tarjeta
9810,1271.0,2024-07-20,delivered,marketplace,contrareembolso
9811,385.0,2023-02-22,delivered,app,contrareembolso
9812,478.0,2025-07-25,delivered,marketplace,contrareembolso
9813,1683.0,2025-07-30,delivered,web,paypal
9814,2088.0,2023-12-14,delivered,app,paypal
9815,1100.0,2025-01-28,delivered,web,tarjeta
9816,754.0,2024-08-03,delivered,web,contrareembolso
9817,1852.0,2023-12-14,delivered,app,tarjeta
9818,1361.0,2024-08-19,refunded,app,transferencia
9819,98.0,2023-09-16,delivered,web,contrareembolso
9820,79.0,2025-09-27,delivered,marketplace,paypal
9821,1209.0,2023-09-17,delivered,web,contrareembolso
9822,1089.0,2025-07-13,cancelled,marketplace,transferencia
9823,2516.0,2023-11-14,delivered,app,transferencia
9824,1543.0,2024-07-28,delivered,web,contrareembolso
9825,1237.0,2023-06-18,shipped,app,transferencia
9826,1966.0,2025-06-30,delivered,app,contrareembolso
9827,2807.0,2024-08-13,cancelled,app,contrareembolso
9828,945.0,2025-10-08,delivered,marketplace,paypal
9829,2853.0,2025-10-01,cancelled,marketplace,contrareembolso
9830,2873.0,2023-11-30,paid,marketplace,tarjeta
9831,161.0,2025-04-19,delivered,app,tarjeta
9832,1086.0,2024-08-28,cancelled,app,tarjeta
9833,2806.0,2024-12-14,paid,web,contrareembolso
9834,1349.0,2025-05-31,delivered,web,transferencia
9835,1430.0,2024-04-23,delivered,web,contrareembolso
9836,926.0,2023-01-24,delivered,marketplace,paypal
9837,1399.0,2025-05-08,cancelled,marketplace,paypal
9838,2219.0,2024-10-24,delivered,marketplace,tarjeta
9839,1450.0,2024-07-21,delivered,marketplace,contrareembolso
9840,448.0,2025-10-06,delivered,marketplace,transferencia
9841,1642.0,2023-02-28,delivered,marketplace,paypal
9842,1552.0,2023-04-10,shipped,app,paypal
9843,396.0,2025-10-18,shipped,marketplace,contrareembolso
9844,2124.0,2025-04-09,delivered,web,contrareembolso
9845,2782.0,2025-08-11,cancelled,marketplace,contrareembolso
9846,1972.0,2025-06-28,delivered,web,tarjeta
9847,1929.0,2025-04-10,delivered,web,contrareembolso
9848,1911.0,2025-11-08,delivered,app,contrareembolso
9849,2530.0,2023-03-16,shipped,marketplace,tarjeta
9850,2065.0,2024-11-13,paid,app,tarjeta
9851,693.0,2025-06-04,delivered,marketplace,transferencia
9852,2209.0,2024-02-07,delivered,marketplace,transferencia
9853,363.0,2025-10-11,delivered,web,tarjeta
9854,2528.0,2023-12-11,delivered,app,paypal
9855,160.0,2023-03-09,delivered,marketplace,transferencia
9856,780.0,2023-11-27,shipped,marketplace,contrareembolso
9857,2274.0,2024-06-20,delivered,marketplace,paypal
9858,1641.0,2024-04-27,delivered,app,paypal
9859,1365.0,2025-08-26,delivered,marketplace,transferencia
9860,2866.0,2025-02-18,delivered,web,paypal
9861,1580.0,2024-05-03,delivered,marketplace,paypal
9862,2526.0,2024-01-30,cancelled,app,paypal
9863,1699.0,2025-02-25,delivered,app,paypal
9864,1503.0,2025-05-01,delivered,marketplace,transferencia
9865,1842.0,2024-05-27,delivered,web,transferencia
9866,1055.0,2024-10-22,created,web,transferencia
9867,627.0,2025-04-23,delivered,app,paypal
9868,785.0,2025-04-11,delivered,marketplace,tarjeta
9869,2689.0,2024-06-24,delivered,marketplace,transferencia
9870,1665.0,2023-11-18,delivered,marketplace,contrareembolso
9871,1548.0,2023-04-01,cancelled,app,tarjeta
9872,393.0,2023-01-05,cancelled,app,transferencia
9873,313.0,2023-12-14,delivered,marketplace,tarjeta
9874,612.0,2024-02-01,paid,marketplace,paypal
9875,1581.0,2023-09-11,delivered,app,transferencia
9876,2568.0,2025-02-12,shipped,web,contrareembolso
9877,615.0,2025-05-02,delivered,marketplace,tarjeta
9878,44.0,2023-11-27,refunded,app,paypal
9879,2013.0,2024-09-26,delivered,app,paypal
9880,2053.0,2023-07-15,delivered,web,tarjeta
9881,294.0,2025-03-10,delivered,web,paypal
9882,2479.0,2025-10-10,delivered,app,paypal
9883,930.0,2024-06-06,delivered,web,paypal
9884,2709.0,2025-01-11,delivered,app,tarjeta
9885,2595.0,2025-04-28,paid,app,tarjeta
9886,2561.0,2023-05-30,delivered,marketplace,tarjeta
9887,1708.0,2025-01-27,delivered,marketplace,contrareembolso
9888,1201.0,2024-04-25,shipped,web,tarjeta
9889,1962.0,2023-07-20,delivered,app,transferencia
9890,290.0,2025-03-14,delivered,web,paypal
9891,47.0,2025-07-14,delivered,web,contrareembolso
9892,1009.0,2025-10-12,paid,app,tarjeta
9893,1968.0,2025-04-13,shipped,web,tarjeta
9894,1676.0,2024-06-05,delivered,marketplace,contrareembolso
9895,861.0,2024-05-11,refunded,app,transferencia
9896,1714.0,2024-08-13,delivered,web,tarjeta
9897,563.0,2025-03-13,delivered,web,paypal
9898,2738.0,2024-10-19,delivered,marketplace,contrareembolso
9899,1665.0,2024-09-25,refunded,app,contrareembolso
9900,1027.0,2024-07-21,refunded,app,paypal
9901,521.0,2024-09-20,cancelled,app,tarjeta
9902,1558.0,2025-02-06,cancelled,marketplace,contrareembolso
9903,505.0,2023-07-10,delivered,marketplace,tarjeta
9904,2226.0,2024-05-22,delivered,web,contrareembolso
9905,2383.0,2024-02-02,shipped,app,contrareembolso
9906,2306.0,2025-10-19,paid,marketplace,contrareembolso
9907,2795.0,2024-11-03,refunded,marketplace,contrareembolso
9908,965.0,2025-03-31,refunded,marketplace,contrareembolso
9909,1393.0,2023-05-08,delivered,app,paypal
9910,2581.0,2024-09-01,shipped,web,paypal
9911,106.0,2023-04-06,delivered,marketplace,contrareembolso
9912,88.0,2024-11-04,delivered,app,paypal
9913,50.0,2023-12-17,delivered,app,paypal
9914,2478.0,2023-01-03,cancelled,web,contrareembolso
9915,2552.0,2024-02-27,delivered,marketplace,paypal
9916,1275.0,2023-03-29,shipped,marketplace,tarjeta
9917,2490.0,2024-07-01,paid,marketplace,transferencia
9918,1214.0,2024-12-31,delivered,app,tarjeta
9919,1295.0,2025-03-28,cancelled,app,paypal
9920,334.0,2023-05-01,delivered,app,contrareembolso
9921,2160.0,2023-04-21,shipped,marketplace,transferencia
9922,181.0,2024-07-11,delivered,app,transferencia
9923,1474.0,2025-07-21,delivered,marketplace,tarjeta
9924,2055.0,2024-06-06,delivered,app,contrareembolso
9925,834.0,2024-09-25,delivered,web,paypal
9926,452.0,2024-12-26,shipped,web,paypal
9927,1777.0,2023-03-10,cancelled,marketplace,contrareembolso
9928,1841.0,2025-01-09,delivered,web,contrareembolso
9929,2378.0,2025-01-30,delivered,app,transferencia
9930,2718.0,2024-03-10,refunded,app,paypal
9931,2446.0,2025-05-01,delivered,marketplace,tarjeta
9932,2473.0,2025-04-03,delivered,web,tarjeta
9933,1020.0,2023-06-14,delivered,web,paypal
9934,1356.0,2023-09-04,delivered,app,paypal
9935,1118.0,2023-02-18,delivered,marketplace,transferencia
9936,2293.0,2023-08-14,delivered,marketplace,contrareembolso
9937,1321.0,2025-06-30,paid,marketplace,tarjeta
9938,468.0,2025-10-25,delivered,web,contrareembolso
9939,373.0,2025-04-25,delivered,web,transferencia
9940,968.0,2024-10-30,cancelled,marketplace,transferencia
9941,1987.0,2025-12-15,refunded,app,contrareembolso
9942,2296.0,2023-03-13,paid,app,contrareembolso
9943,2606.0,2023-12-19,delivered,marketplace,paypal
9944,143.0,2025-12-08,delivered,web,paypal
9945,1290.0,2024-04-07,delivered,web,paypal
9946,974.0,2024-09-24,delivered,web,paypal
9947,2211.0,2025-05-30,delivered,app,tarjeta
9948,899.0,2024-11-25,delivered,app,tarjeta
9949,2667.0,2025-08-19,paid,marketplace,tarjeta
9950,2502.0,2024-07-01,delivered,app,transferencia
9951,1777.0,2025-09-11,delivered,web,tarjeta
9952,1726.0,2023-12-04,shipped,web,tarjeta
9953,964.0,2024-02-26,delivered,marketplace,tarjeta
9954,2119.0,2024-08-17,delivered,app,transferencia
9955,224.0,2023-08-08,paid,web,tarjeta
9956,2752.0,2025-03-23,refunded,marketplace,paypal
9957,2766.0,2025-11-18,cancelled,web,transferencia
9958,483.0,2023-02-28,paid,app,transferencia
9959,2243.0,2025-08-08,paid,marketplace,paypal
9960,1670.0,2025-01-19,delivered,app,tarjeta
9961,2298.0,2025-03-13,shipped,app,paypal
9962,2056.0,2025-12-14,delivered,web,transferencia
9963,2374.0,2023-07-26,paid,web,contrareembolso
9964,825.0,2025-04-25,shipped,marketplace,tarjeta
9965,577.0,2024-12-26,delivered,marketplace,tarjeta
9966,1565.0,2025-04-11,delivered,web,paypal
9967,2391.0,2025-04-03,delivered,app,contrareembolso
9968,1105.0,2023-05-17,cancelled,web,transferencia
9969,2181.0,2025-01-23,delivered,web,paypal
9970,667.0,2023-06-21,delivered,app,transferencia
9971,1342.0,2023-10-24,delivered,web,contrareembolso
9972,1491.0,2025-11-04,delivered,marketplace,tarjeta
9973,2343.0,2025-07-07,delivered,marketplace,paypal
9974,2025.0,2023-02-18,delivered,web,paypal
9975,2482.0,2023-06-09,delivered,web,paypal
9976,360.0,2024-09-15,delivered,web,paypal
9977,475.0,2025-03-03,delivered,web,paypal
9978,776.0,2025-01-07,delivered,marketplace,transferencia
9979,459.0,2023-10-27,shipped,web,paypal
9980,1783.0,2024-02-07,refunded,app,tarjeta
9981,1768.0,2025-03-28,delivered,app,paypal
9982,593.0,2024-10-27,delivered,app,transferencia
9983,2582.0,2025-03-20,delivered,marketplace,transferencia
9984,1336.0,2023-04-18,delivered,app,tarjeta
9985,1741.0,2025-07-19,delivered,marketplace,tarjeta
9986,765.0,2023-12-25,delivered,web,contrareembolso
9987,2709.0,2025-11-05,cancelled,marketplace,tarjeta
9988,2996.0,2023-02-12,shipped,app,transferencia
9989,857.0,2024-02-01,delivered,marketplace,contrareembolso
9990,1405.0,2024-03-20,delivered,marketplace,transferencia
9991,1751.0,2023-08-14,delivered,app,tarjeta
9992,2781.0,2023-04-11,created,app,transferencia
9993,2996.0,2024-03-31,created,web,paypal
9994,1690.0,2025-11-24,delivered,marketplace,contrareembolso
9995,302.0,2025-04-07,delivered,marketplace,contrareembolso
9996,1075.0,2025-10-24,delivered,marketplace,tarjeta
9997,1272.0,2024-11-25,shipped,marketplace,transferencia
9998,2956.0,2023-09-18,shipped,web,transferencia
9999,422.0,2025-10-26,delivered,app,contrareembolso
10000,1123.0,2024-08-21,delivered,web,transferencia
10001,343.0,2024-04-08,cancelled,marketplace,tarjeta
10002,1832.0,2025-04-26,delivered,marketplace,contrareembolso
10003,1344.0,2023-08-13,cancelled,app,paypal
10004,483.0,2025-02-10,delivered,marketplace,transferencia
10005,1447.0,2023-07-09,refunded,app,tarjeta
10006,243.0,2023-03-16,delivered,app,contrareembolso
10007,1514.0,2023-06-22,delivered,web,transferencia
10008,116.0,2025-05-16,shipped,marketplace,paypal
10009,817.0,2024-11-23,shipped,marketplace,tarjeta
10010,2629.0,2023-08-28,delivered,app,paypal
10011,67.0,2024-01-10,delivered,web,contrareembolso
10012,644.0,2025-12-04,delivered,app,tarjeta
10013,723.0,2023-05-20,paid,web,paypal
10014,1475.0,2024-03-21,delivered,web,contrareembolso
10015,160.0,2025-02-21,cancelled,marketplace,tarjeta
10016,249.0,2025-01-22,delivered,app,contrareembolso
10017,1323.0,2025-12-28,delivered,marketplace,contrareembolso
10018,1661.0,2025-06-30,delivered,marketplace,paypal
10019,2085.0,2023-04-27,shipped,marketplace,paypal
10020,1981.0,2025-11-14,cancelled,web,contrareembolso
10021,502.0,2024-09-21,delivered,app,contrareembolso
10022,906.0,2025-11-08,delivered,app,paypal
10023,1089.0,2025-02-23,cancelled,app,transferencia
10024,2646.0,2024-12-31,delivered,web,transferencia
10025,89.0,2025-02-17,delivered,marketplace,contrareembolso
10026,2841.0,2024-09-27,delivered,web,tarjeta
10027,2578.0,2023-05-06,delivered,web,tarjeta
10028,1013.0,2025-09-24,delivered,app,transferencia
10029,1134.0,2024-11-06,delivered,web,transferencia
10030,932.0,2025-09-12,delivered,app,tarjeta
10031,2428.0,2025-06-30,delivered,marketplace,transferencia
10032,1411.0,2024-07-13,delivered,web,contrareembolso
10033,1414.0,2024-11-25,delivered,marketplace,transferencia
10034,2160.0,2024-08-22,delivered,marketplace,transferencia
10035,135.0,2025-04-08,delivered,app,contrareembolso
10036,2266.0,2025-07-11,delivered,marketplace,contrareembolso
10037,2769.0,2025-04-26,delivered,marketplace,transferencia
10038,1376.0,2024-04-17,shipped,web,paypal
10039,983.0,2024-04-01,delivered,marketplace,tarjeta
10040,2288.0,2025-10-07,cancelled,app,transferencia
10041,182.0,2023-07-22,delivered,web,tarjeta
10042,1835.0,2023-06-28,paid,marketplace,transferencia
10043,2686.0,2024-03-02,delivered,web,paypal
10044,2391.0,2023-09-01,delivered,web,contrareembolso
10045,232.0,2024-04-25,cancelled,app,transferencia
10046,2988.0,2024-01-30,delivered,marketplace,tarjeta
10047,2047.0,2024-05-01,created,app,tarjeta
10048,437.0,2025-12-04,delivered,app,tarjeta
10049,852.0,2024-12-01,delivered,marketplace,contrareembolso
10050,2296.0,2024-12-09,delivered,app,contrareembolso
10051,1443.0,2023-02-05,delivered,app,tarjeta
10052,755.0,2023-04-23,delivered,app,tarjeta
10053,1483.0,2024-04-07,delivered,web,paypal
10054,2423.0,2024-12-13,created,marketplace,paypal
10055,1545.0,2025-07-07,cancelled,web,contrareembolso
10056,668.0,2025-09-24,delivered,app,contrareembolso
10057,2910.0,2025-08-04,cancelled,marketplace,contrareembolso
10058,291.0,2025-05-11,delivered,marketplace,tarjeta
10059,1516.0,2025-09-22,paid,app,contrareembolso
10060,1993.0,2024-04-20,refunded,web,tarjeta
10061,994.0,2024-10-25,delivered,marketplace,contrareembolso
10062,2589.0,2025-05-11,refunded,web,transferencia
10063,408.0,2025-01-05,delivered,web,tarjeta
10064,,2024-04-21,cancelled,app,tarjeta
10065,2765.0,2024-07-19,delivered,app,paypal
10066,912.0,2024-10-24,delivered,marketplace,paypal
10067,2362.0,2024-03-26,shipped,web,paypal
10068,2960.0,2024-10-19,cancelled,marketplace,contrareembolso
10069,1664.0,2024-07-08,delivered,marketplace,tarjeta
10070,1040.0,2023-04-09,delivered,marketplace,transferencia
10071,2565.0,2023-04-08,delivered,app,contrareembolso
10072,243.0,2025-09-16,shipped,marketplace,tarjeta
10073,434.0,2025-07-24,delivered,app,contrareembolso
10074,582.0,2023-09-25,delivered,marketplace,tarjeta
10075,644.0,2025-04-16,delivered,marketplace,tarjeta
10076,1044.0,2023-05-10,cancelled,web,contrareembolso
10077,1691.0,2024-09-12,delivered,marketplace,contrareembolso
10078,493.0,2023-12-13,delivered,app,transferencia
10079,291.0,2023-01-15,paid,web,contrareembolso
10080,1463.0,2024-03-22,delivered,marketplace,contrareembolso
10081,2409.0,2025-02-01,cancelled,app,tarjeta
10082,767.0,2025-06-24,delivered,app,tarjeta
10083,1678.0,2025-08-26,paid,web,tarjeta
10084,1805.0,2025-05-07,delivered,web,paypal
10085,1073.0,2023-08-11,paid,web,tarjeta
10086,1142.0,2024-11-29,delivered,app,paypal
10087,2075.0,2024-01-15,delivered,web,transferencia
10088,835.0,2024-09-17,delivered,app,tarjeta
10089,1949.0,2024-05-15,delivered,marketplace,tarjeta
10090,1108.0,2025-01-02,delivered,marketplace,contrareembolso
10091,1401.0,2025-01-12,shipped,web,transferencia
10092,329.0,2023-07-11,delivered,app,tarjeta
10093,629.0,2023-10-19,delivered,app,transferencia
10094,315.0,2025-05-08,delivered,app,tarjeta
10095,493.0,2025-02-03,refunded,app,tarjeta
10096,1319.0,2024-06-24,created,app,tarjeta
10097,2187.0,2024-12-11,delivered,app,contrareembolso
10098,1764.0,2023-11-30,delivered,web,transferencia
10099,1764.0,2024-06-12,delivered,web,tarjeta
10100,223.0,2023-11-02,delivered,app,contrareembolso
10101,1385.0,2024-05-18,delivered,marketplace,transferencia
10102,2366.0,2023-03-11,delivered,marketplace,transferencia
10103,2030.0,2023-01-18,delivered,marketplace,contrareembolso
10104,1288.0,2023-09-14,paid,marketplace,contrareembolso
10105,1675.0,2025-08-13,created,marketplace,contrareembolso
10106,1358.0,2025-02-12,delivered,app,paypal
10107,632.0,2025-09-23,delivered,app,contrareembolso
10108,2013.0,2025-02-09,delivered,marketplace,tarjeta
10109,2113.0,2023-08-19,delivered,marketplace,contrareembolso
10110,1108.0,2024-01-06,delivered,app,transferencia
10111,369.0,2023-07-26,delivered,marketplace,paypal
10112,2440.0,2024-05-14,delivered,marketplace,transferencia
10113,1760.0,2024-01-12,delivered,marketplace,contrareembolso
10114,1077.0,2025-05-06,delivered,marketplace,paypal
10115,1675.0,2025-10-06,delivered,app,paypal
10116,1584.0,2026-05-07,delivered,web,paypal
10117,734.0,2023-12-26,delivered,web,paypal
10118,947.0,2024-06-18,delivered,web,tarjeta
10119,953.0,2025-10-22,delivered,app,tarjeta
10120,512.0,2023-10-26,delivered,app,contrareembolso
10121,1506.0,2025-02-10,paid,web,contrareembolso
10122,2130.0,2024-03-27,delivered,marketplace,paypal
10123,1591.0,2023-11-24,delivered,marketplace,transferencia
10124,1625.0,2025-05-21,delivered,app,contrareembolso
10125,2575.0,2024-06-22,delivered,app,tarjeta
10126,1277.0,2023-01-24,delivered,app,transferencia
10127,115.0,2024-01-22,shipped,web,transferencia
10128,895.0,2025-12-27,paid,web,transferencia
10129,598.0,2024-12-02,delivered,marketplace,transferencia
10130,2450.0,2025-10-02,delivered,app,transferencia
10131,2187.0,2024-12-20,delivered,marketplace,transferencia
10132,2627.0,2023-04-18,created,marketplace,contrareembolso
10133,1724.0,2024-04-23,delivered,marketplace,tarjeta
10134,3020.0,2024-11-02,delivered,app,transferencia
10135,2001.0,2024-12-13,delivered,app,paypal
10136,958.0,2025-05-09,cancelled,marketplace,paypal
10137,2491.0,2023-09-19,shipped,marketplace,transferencia
10138,2301.0,2025-11-17,delivered,web,contrareembolso
10139,741.0,2025-03-19,paid,web,tarjeta
10140,23.0,2024-06-19,delivered,web,transferencia
10141,2533.0,2024-03-05,delivered,marketplace,contrareembolso
10142,975.0,2025-05-09,delivered,app,contrareembolso
10143,1283.0,2023-09-09,delivered,app,tarjeta
10144,249.0,2024-03-14,cancelled,web,tarjeta
10145,1933.0,2023-09-16,delivered,marketplace,transferencia
10146,1877.0,2025-08-16,cancelled,web,contrareembolso
10147,1134.0,2025-09-25,delivered,web,transferencia
10148,305.0,2025-07-25,delivered,web,contrareembolso
10149,1609.0,2023-03-12,refunded,web,tarjeta
10150,2975.0,2025-08-26,delivered,marketplace,tarjeta
10151,988.0,2025-07-16,delivered,app,contrareembolso
10152,1606.0,2024-08-30,cancelled,web,paypal
10153,2547.0,2023-02-16,cancelled,app,contrareembolso
10154,2159.0,2024-01-20,delivered,web,contrareembolso
10155,1347.0,2023-03-12,shipped,app,contrareembolso
10156,1434.0,2024-04-12,delivered,marketplace,contrareembolso
10157,2757.0,2023-10-05,paid,app,contrareembolso
10158,2010.0,2023-10-04,delivered,app,contrareembolso
10159,1544.0,2023-04-05,delivered,marketplace,contrareembolso
10160,1109.0,2025-07-10,delivered,app,transferencia
10161,213.0,2025-06-05,delivered,app,contrareembolso
10162,207.0,2024-06-06,delivered,web,tarjeta
10163,2630.0,2025-02-26,delivered,marketplace,tarjeta
10164,2472.0,2024-07-17,delivered,app,contrareembolso
10165,2972.0,2024-02-09,paid,web,tarjeta
10166,2949.0,2024-10-16,created,app,paypal
10167,2735.0,2023-12-20,delivered,web,contrareembolso
10168,2755.0,2023-08-22,shipped,marketplace,paypal
10169,2670.0,2023-09-20,refunded,web,paypal
10170,1410.0,2023-06-18,delivered,web,contrareembolso
10171,917.0,2024-04-03,delivered,web,contrareembolso
10172,706.0,2025-05-07,cancelled,web,paypal
10173,2303.0,2024-07-29,delivered,marketplace,transferencia
10174,2397.0,2025-06-23,cancelled,marketplace,tarjeta
10175,165.0,2023-02-06,delivered,app,tarjeta
10176,902.0,2023-06-20,delivered,app,paypal
10177,2873.0,2023-06-28,refunded,app,tarjeta
10178,602.0,2023-01-08,cancelled,web,transferencia
10179,2515.0,2025-10-25,delivered,web,paypal
10180,1591.0,2023-05-05,delivered,app,contrareembolso
10181,147.0,2023-10-13,delivered,web,tarjeta
10182,1906.0,2024-02-15,delivered,marketplace,paypal
10183,2424.0,2024-11-29,delivered,app,paypal
10184,379.0,2023-02-02,shipped,app,transferencia
10185,1974.0,2024-01-25,paid,web,transferencia
10186,1327.0,2024-07-23,paid,app,contrareembolso
10187,1545.0,2025-12-31,refunded,app,transferencia
10188,2721.0,2023-06-13,delivered,app,contrareembolso
10189,791.0,2024-10-07,delivered,app,transferencia
10190,962.0,2024-11-09,delivered,web,paypal
10191,1131.0,2023-06-28,cancelled,marketplace,transferencia
10192,2833.0,2024-01-17,delivered,web,paypal
10193,1396.0,2023-06-15,refunded,app,contrareembolso
10194,1791.0,2023-08-13,delivered,app,tarjeta
10195,79.0,2023-07-05,delivered,web,paypal
10196,2181.0,2023-05-30,refunded,app,transferencia
10197,1568.0,2024-10-05,delivered,app,transferencia
10198,808.0,2023-10-03,paid,marketplace,paypal
10199,482.0,2025-12-26,delivered,app,contrareembolso
10200,2985.0,2024-04-29,shipped,web,tarjeta
10201,29.0,2023-08-19,delivered,app,contrareembolso
10202,466.0,2024-03-27,delivered,app,contrareembolso
10203,117.0,2023-04-17,delivered,marketplace,paypal
10204,1721.0,2024-01-23,shipped,marketplace,contrareembolso
10205,1853.0,2024-08-05,cancelled,marketplace,paypal
10206,1929.0,2025-05-09,delivered,app,tarjeta
10207,2617.0,2025-09-27,delivered,app,contrareembolso
10208,1447.0,2023-09-14,paid,web,contrareembolso
10209,856.0,2023-12-10,delivered,app,contrareembolso
10210,1213.0,2025-12-21,shipped,marketplace,contrareembolso
10211,1903.0,2023-08-17,delivered,marketplace,tarjeta
10212,1284.0,2024-04-28,delivered,marketplace,paypal
10213,1908.0,2023-10-30,delivered,app,paypal
10214,62.0,2025-11-17,refunded,web,contrareembolso
10215,2432.0,2024-07-16,delivered,marketplace,tarjeta
10216,1196.0,2024-10-06,shipped,app,transferencia
10217,306.0,2024-05-20,delivered,web,contrareembolso
10218,1689.0,2025-05-06,refunded,marketplace,contrareembolso
10219,1896.0,2025-09-20,paid,app,transferencia
10220,2959.0,2024-03-29,delivered,marketplace,transferencia
10221,2819.0,2024-07-06,delivered,web,contrareembolso
10222,2975.0,2024-11-27,delivered,marketplace,contrareembolso
10223,2836.0,2024-05-16,delivered,marketplace,tarjeta
10224,1607.0,2025-02-01,delivered,app,paypal
10225,2339.0,2025-03-01,delivered,web,contrareembolso
10226,2683.0,2025-06-07,delivered,web,tarjeta
10227,1434.0,2024-07-25,shipped,marketplace,tarjeta
10228,1330.0,2025-03-31,delivered,web,tarjeta
10229,1477.0,2024-06-28,delivered,marketplace,contrareembolso
10230,1322.0,2025-07-11,cancelled,app,paypal
10231,1610.0,2025-10-30,shipped,app,tarjeta
10232,2838.0,2024-06-03,delivered,web,paypal
10233,873.0,2024-05-16,refunded,app,contrareembolso
10234,2282.0,2025-12-14,delivered,web,paypal
10235,494.0,2023-09-18,refunded,app,tarjeta
10236,2858.0,2024-02-06,paid,web,paypal
10237,522.0,2023-09-06,delivered,app,tarjeta
10238,906.0,2023-09-26,delivered,app,tarjeta
10239,762.0,2025-12-17,delivered,marketplace,paypal
10240,231.0,2025-12-23,delivered,marketplace,transferencia
10241,2075.0,2023-10-19,paid,web,tarjeta
10242,848.0,2025-11-12,delivered,app,paypal
10243,1640.0,2023-12-01,delivered,web,contrareembolso
10244,2566.0,2023-12-06,delivered,marketplace,contrareembolso
10245,2485.0,2025-06-29,delivered,web,transferencia
10246,2453.0,2023-05-14,delivered,web,tarjeta
10247,2280.0,2025-10-07,delivered,marketplace,transferencia
10248,231.0,2025-12-29,delivered,marketplace,contrareembolso
10249,149.0,2024-04-06,delivered,web,paypal
10250,189.0,2024-09-23,delivered,marketplace,transferencia
10251,2135.0,2024-10-02,delivered,app,tarjeta
10252,262.0,2025-08-29,paid,marketplace,contrareembolso
10253,2547.0,2025-05-13,delivered,app,paypal
10254,897.0,2023-12-17,created,web,paypal
10255,1127.0,2025-08-26,refunded,marketplace,paypal
10256,131.0,2024-06-03,delivered,app,paypal
10257,2250.0,2023-10-11,delivered,web,contrareembolso
10258,713.0,2025-02-10,delivered,marketplace,transferencia
10259,2740.0,2025-09-22,created,app,transferencia
10260,986.0,2024-10-05,cancelled,marketplace,transferencia
10261,298.0,2025-09-24,created,app,contrareembolso
10262,2079.0,2023-12-28,shipped,web,paypal
10263,1752.0,2023-04-16,delivered,marketplace,transferencia
10264,883.0,2025-06-04,delivered,app,contrareembolso
10265,1224.0,2025-08-07,delivered,web,contrareembolso
10266,1605.0,2025-11-26,shipped,app,tarjeta
10267,509.0,2024-12-01,delivered,web,paypal
10268,305.0,2025-07-08,delivered,web,transferencia
10269,2740.0,2024-03-13,refunded,marketplace,transferencia
10270,2336.0,2025-11-18,delivered,app,contrareembolso
10271,144.0,2025-04-22,delivered,app,tarjeta
10272,910.0,2024-05-16,delivered,web,tarjeta
10273,1304.0,2024-05-25,delivered,marketplace,tarjeta
10274,1167.0,2023-08-07,delivered,web,paypal
10275,1507.0,2025-09-05,delivered,marketplace,transferencia
10276,2307.0,2025-12-15,delivered,web,paypal
10277,2606.0,2024-11-19,cancelled,marketplace,contrareembolso
10278,141.0,2024-07-21,refunded,app,paypal
10279,361.0,2025-10-21,shipped,app,contrareembolso
10280,431.0,2025-08-05,refunded,web,paypal
10281,1434.0,2023-05-15,delivered,web,paypal
10282,931.0,2024-02-03,paid,marketplace,paypal
10283,967.0,2024-03-08,delivered,app,contrareembolso
10284,1670.0,2024-10-03,shipped,app,transferencia
10285,1107.0,2025-12-07,delivered,marketplace,tarjeta
10286,2132.0,2024-10-05,delivered,marketplace,contrareembolso
10287,1447.0,2024-02-17,delivered,web,transferencia
10288,2143.0,2025-06-02,delivered,app,paypal
10289,830.0,2024-12-27,shipped,app,transferencia
10290,1916.0,2024-06-18,delivered,web,contrareembolso
10291,1764.0,2023-05-09,delivered,app,transferencia
10292,1220.0,2023-03-06,delivered,app,paypal
10293,1830.0,2024-10-24,shipped,app,tarjeta
10294,2174.0,2024-08-08,delivered,web,contrareembolso
10295,2988.0,2025-07-13,refunded,app,contrareembolso
10296,2206.0,2024-03-16,delivered,web,contrareembolso
10297,731.0,2025-11-18,delivered,app,transferencia
10298,1680.0,2024-04-14,shipped,marketplace,transferencia
10299,2403.0,2025-10-27,delivered,web,contrareembolso
10300,1042.0,2024-03-11,paid,web,tarjeta
10301,1869.0,2025-10-10,delivered,web,tarjeta
10302,356.0,2023-11-09,shipped,web,transferencia
10303,2677.0,2024-11-10,delivered,web,paypal
10304,1925.0,2024-11-23,delivered,marketplace,transferencia
10305,2684.0,2025-01-01,delivered,web,contrareembolso
10306,1837.0,2025-11-03,delivered,marketplace,tarjeta
10307,2376.0,2023-03-12,delivered,app,transferencia
10308,2152.0,2024-09-13,delivered,app,contrareembolso
10309,64.0,2025-04-11,delivered,app,contrareembolso
10310,2888.0,2024-12-20,delivered,app,paypal
10311,2738.0,2024-06-16,delivered,marketplace,tarjeta
10312,2480.0,2024-06-01,delivered,web,paypal
10313,2552.0,2023-12-02,delivered,app,transferencia
10314,2207.0,2023-12-19,cancelled,marketplace,tarjeta
10315,1359.0,2023-02-18,cancelled,web,tarjeta
10316,1431.0,2025-07-30,delivered,web,contrareembolso
10317,1501.0,2023-06-02,shipped,app,tarjeta
10318,168.0,2023-12-16,created,web,tarjeta
10319,2954.0,2024-01-18,delivered,marketplace,tarjeta
10320,1524.0,2024-08-05,cancelled,marketplace,paypal
10321,2193.0,2023-05-02,cancelled,marketplace,contrareembolso
10322,777.0,2025-01-10,delivered,app,contrareembolso
10323,1748.0,2023-10-03,delivered,app,contrareembolso
10324,1489.0,2023-01-11,delivered,web,paypal
10325,184.0,2024-12-07,delivered,app,contrareembolso
10326,19.0,2024-05-05,shipped,web,contrareembolso
10327,1847.0,2023-01-12,cancelled,web,paypal
10328,5.0,2025-09-23,cancelled,marketplace,transferencia
10329,1288.0,2024-04-28,delivered,web,transferencia
10330,1465.0,2025-08-06,delivered,marketplace,contrareembolso
10331,391.0,2023-04-14,created,marketplace,contrareembolso
10332,2688.0,2025-10-13,delivered,app,transferencia
10333,686.0,2025-03-16,delivered,marketplace,transferencia
10334,108.0,2023-12-05,delivered,app,transferencia
10335,2694.0,2025-09-06,shipped,web,transferencia
10336,935.0,2025-10-11,shipped,marketplace,transferencia
10337,241.0,2023-04-13,delivered,app,contrareembolso
10338,1078.0,2025-03-24,delivered,web,contrareembolso
10339,2514.0,2024-02-11,delivered,web,transferencia
10340,1343.0,2023-04-03,paid,web,paypal
10341,409.0,2023-10-05,shipped,web,contrareembolso
10342,939.0,2024-05-04,delivered,app,tarjeta
10343,412.0,2023-07-12,paid,web,paypal
10344,2168.0,2024-09-05,refunded,app,paypal
10345,696.0,2023-08-22,delivered,app,tarjeta
10346,3016.0,2025-03-18,delivered,web,paypal
10347,2655.0,2025-11-21,delivered,web,tarjeta
10348,1485.0,2024-10-22,paid,marketplace,contrareembolso
10349,2511.0,2023-12-12,delivered,web,contrareembolso
10350,158.0,2025-12-12,paid,app,tarjeta
10351,292.0,2024-06-10,delivered,app,tarjeta
10352,1711.0,2024-06-21,paid,marketplace,paypal
10353,969.0,2023-03-12,cancelled,web,paypal
10354,1956.0,2024-06-04,delivered,web,paypal
10355,28.0,2023-04-06,shipped,marketplace,transferencia
10356,550.0,2024-03-18,delivered,marketplace,transferencia
10357,1786.0,2025-09-14,delivered,marketplace,contrareembolso
10358,1905.0,2024-08-22,shipped,web,tarjeta
10359,2287.0,2023-08-02,delivered,marketplace,contrareembolso
10360,889.0,2023-11-01,delivered,marketplace,transferencia
10361,2742.0,2024-09-05,delivered,marketplace,tarjeta
10362,813.0,2025-02-26,delivered,marketplace,transferencia
10363,1613.0,2024-09-15,delivered,app,transferencia
10364,1770.0,2025-07-05,delivered,web,tarjeta
10365,2187.0,2024-01-27,delivered,web,transferencia
10366,639.0,2024-02-26,delivered,web,tarjeta
10367,682.0,2024-11-14,delivered,app,transferencia
10368,122.0,2024-11-07,delivered,web,tarjeta
10369,1257.0,2024-12-10,cancelled,marketplace,paypal
10370,2889.0,2025-10-27,delivered,app,transferencia
10371,1275.0,2023-08-14,delivered,marketplace,tarjeta
10372,254.0,2023-12-12,created,app,paypal
10373,2601.0,2025-01-27,delivered,web,paypal
10374,76.0,2024-01-25,refunded,web,transferencia
10375,2266.0,2025-11-17,shipped,app,transferencia
10376,537.0,2024-01-25,delivered,app,tarjeta
10377,1856.0,2025-03-31,delivered,marketplace,paypal
10378,2653.0,2023-09-10,delivered,app,transferencia
10379,2292.0,2023-10-11,delivered,app,tarjeta
10380,2321.0,2024-02-18,delivered,web,paypal
10381,1674.0,2023-04-14,delivered,app,transferencia
10382,2050.0,2023-05-06,delivered,marketplace,paypal
10383,1992.0,2025-03-23,delivered,web,transferencia
10384,543.0,2023-12-11,delivered,web,tarjeta
10385,1431.0,2025-05-14,delivered,marketplace,tarjeta
10386,446.0,2024-03-10,delivered,web,tarjeta
10387,1778.0,2024-12-05,delivered,marketplace,contrareembolso
10388,1095.0,2023-01-12,paid,web,tarjeta
10389,1298.0,2025-02-28,refunded,web,contrareembolso
10390,606.0,2025-01-21,delivered,web,contrareembolso
10391,1674.0,2025-02-05,delivered,marketplace,paypal
10392,2586.0,2023-07-22,delivered,marketplace,contrareembolso
10393,2455.0,2024-07-25,delivered,web,paypal
10394,1773.0,2024-04-18,delivered,web,transferencia
10395,557.0,2023-07-15,created,app,transferencia
10396,2933.0,2023-12-22,delivered,app,transferencia
10397,1551.0,2025-06-08,delivered,app,contrareembolso
10398,1440.0,2025-05-15,delivered,app,transferencia
10399,1746.0,2023-11-08,created,marketplace,contrareembolso
10400,2476.0,2024-02-13,cancelled,web,paypal
10401,2180.0,2024-08-13,delivered,marketplace,tarjeta
10402,54.0,2023-09-25,delivered,web,transferencia
10403,2694.0,2023-06-08,delivered,app,paypal
10404,2385.0,2025-07-21,cancelled,app,paypal
10405,2957.0,2023-10-02,cancelled,web,transferencia
10406,2928.0,2025-10-20,created,marketplace,contrareembolso
10407,781.0,2025-04-21,delivered,marketplace,tarjeta
10408,2343.0,2024-07-02,delivered,marketplace,paypal
10409,2938.0,2024-01-09,delivered,marketplace,transferencia
10410,1939.0,2025-01-25,delivered,marketplace,transferencia
10411,1624.0,2023-03-17,created,app,paypal
10412,1199.0,2023-12-05,delivered,web,contrareembolso
10413,2950.0,2023-10-10,cancelled,marketplace,transferencia
10414,929.0,2023-12-11,delivered,marketplace,contrareembolso
10415,1916.0,2025-08-15,delivered,marketplace,contrareembolso
10416,1924.0,2023-02-21,delivered,app,tarjeta
10417,1713.0,2025-06-06,cancelled,marketplace,contrareembolso
10418,1755.0,2025-11-08,paid,app,contrareembolso
10419,515.0,2024-06-13,delivered,app,contrareembolso
10420,2849.0,2025-10-11,created,app,transferencia
10421,147.0,2024-10-29,delivered,marketplace,tarjeta
10422,1838.0,2025-05-10,cancelled,app,tarjeta
10423,2626.0,2025-11-24,delivered,app,transferencia
10424,2453.0,2025-04-30,delivered,web,tarjeta
10425,919.0,2024-09-02,delivered,marketplace,paypal
10426,1809.0,2025-12-30,created,marketplace,transferencia
10427,540.0,2024-08-28,delivered,marketplace,tarjeta
10428,2695.0,2025-01-29,delivered,app,contrareembolso
10429,99.0,2023-06-29,delivered,marketplace,tarjeta
10430,716.0,2024-01-16,paid,marketplace,transferencia
10431,275.0,2025-09-30,delivered,app,contrareembolso
10432,2164.0,2025-08-10,delivered,app,tarjeta
10433,1113.0,2025-11-11,delivered,app,contrareembolso
10434,1907.0,2024-06-02,shipped,web,contrareembolso
10435,1379.0,2023-07-31,delivered,web,contrareembolso
10436,1984.0,2023-10-04,delivered,marketplace,contrareembolso
10437,2986.0,2023-05-24,created,app,tarjeta
10438,1106.0,2024-07-16,delivered,marketplace,tarjeta
10439,2311.0,2023-09-23,delivered,marketplace,transferencia
10440,2962.0,2023-01-16,delivered,app,transferencia
10441,1244.0,2023-02-10,delivered,app,paypal
10442,1102.0,2024-08-21,delivered,app,transferencia
10443,2763.0,2024-01-19,delivered,marketplace,transferencia
10444,2319.0,2024-08-28,paid,app,transferencia
10445,2170.0,2024-04-24,delivered,marketplace,contrareembolso
10446,1260.0,2023-10-24,delivered,web,transferencia
10447,1617.0,2023-12-22,refunded,web,contrareembolso
10448,2956.0,2024-07-02,delivered,marketplace,transferencia
10449,2323.0,2024-05-07,paid,web,paypal
10450,940.0,2023-05-31,delivered,marketplace,contrareembolso
10451,785.0,2024-11-24,delivered,web,paypal
10452,116.0,2024-05-04,delivered,marketplace,transferencia
10453,805.0,2025-05-09,delivered,web,paypal
10454,2185.0,2023-05-23,shipped,app,transferencia
10455,536.0,2025-10-31,delivered,marketplace,paypal
10456,564.0,2023-05-19,delivered,app,transferencia
10457,1461.0,2025-05-24,cancelled,marketplace,transferencia
10458,333.0,2024-01-29,delivered,web,transferencia
10459,518.0,2024-11-01,delivered,app,contrareembolso
10460,2406.0,2025-06-16,delivered,web,tarjeta
10461,2472.0,2023-01-01,delivered,marketplace,contrareembolso
10462,400.0,2023-02-22,delivered,web,tarjeta
10463,2258.0,2024-03-19,delivered,app,contrareembolso
10464,2029.0,2023-08-29,delivered,marketplace,contrareembolso
10465,2094.0,2024-05-28,delivered,marketplace,contrareembolso
10466,2749.0,2023-11-16,delivered,marketplace,paypal
10467,2346.0,2023-11-11,delivered,marketplace,tarjeta
10468,126.0,2023-07-17,delivered,app,transferencia
10469,686.0,2023-08-24,delivered,marketplace,contrareembolso
10470,2695.0,2024-12-13,delivered,web,transferencia
10471,2370.0,2023-04-17,delivered,marketplace,paypal
10472,15.0,2024-10-19,delivered,app,contrareembolso
10473,1308.0,2024-02-20,delivered,marketplace,tarjeta
10474,2435.0,2024-01-05,delivered,app,tarjeta
10475,1105.0,2024-09-16,refunded,marketplace,contrareembolso
10476,1834.0,2023-09-13,created,web,contrareembolso
10477,316.0,2024-03-02,delivered,web,contrareembolso
10478,184.0,2023-06-18,delivered,marketplace,transferencia
10479,137.0,2024-12-27,delivered,web,transferencia
10480,800.0,2025-06-10,delivered,marketplace,transferencia
10481,2658.0,2024-03-29,delivered,app,contrareembolso
10482,1628.0,2024-09-28,delivered,app,paypal
10483,2400.0,2025-07-24,cancelled,marketplace,tarjeta
10484,1243.0,2025-04-29,shipped,marketplace,transferencia
10485,1134.0,2025-02-05,delivered,app,tarjeta
10486,376.0,2025-01-06,refunded,marketplace,paypal
10487,737.0,,refunded,web,tarjeta
10488,2588.0,2024-02-26,delivered,marketplace,contrareembolso
10489,248.0,2024-08-29,shipped,web,tarjeta
10490,2782.0,2024-02-29,cancelled,web,paypal
10491,2851.0,2024-11-04,delivered,app,paypal
10492,2910.0,2023-04-08,delivered,app,tarjeta
10493,2253.0,2025-04-12,delivered,web,tarjeta
10494,230.0,2023-08-18,delivered,app,paypal
10495,1608.0,2025-05-23,created,web,contrareembolso
10496,792.0,2023-03-10,delivered,web,paypal
10497,1120.0,2023-07-14,delivered,marketplace,paypal
10498,1009.0,2023-07-21,delivered,marketplace,tarjeta
10499,1880.0,2024-11-14,paid,marketplace,paypal
10500,2632.0,2023-02-01,cancelled,app,transferencia
10501,1530.0,2023-05-06,delivered,app,contrareembolso
10502,1333.0,2024-05-21,paid,web,tarjeta
10503,1362.0,2024-06-11,delivered,marketplace,transferencia
10504,959.0,2023-12-17,delivered,web,transferencia
10505,2457.0,2023-09-15,shipped,marketplace,contrareembolso
10506,518.0,2024-10-08,delivered,web,transferencia
10507,2330.0,2025-09-03,shipped,web,transferencia
10508,1517.0,2023-11-04,delivered,app,contrareembolso
10509,1863.0,2025-09-11,paid,web,contrareembolso
10510,259.0,2024-05-25,delivered,web,paypal
10511,70.0,2025-09-24,cancelled,web,tarjeta
10512,1551.0,2023-05-04,delivered,app,paypal
10513,1528.0,2024-06-08,delivered,app,contrareembolso
10514,2494.0,2025-10-02,delivered,web,tarjeta
10515,757.0,2023-08-29,created,web,transferencia
10516,2596.0,2023-02-16,delivered,app,tarjeta
10517,1191.0,2025-11-27,cancelled,web,paypal
10518,2341.0,2024-01-11,shipped,marketplace,transferencia
10519,863.0,2023-08-19,delivered,marketplace,contrareembolso
10520,381.0,2025-03-15,delivered,web,tarjeta
10521,2699.0,2023-10-28,shipped,web,contrareembolso
10522,1955.0,2025-07-16,delivered,marketplace,tarjeta
10523,1846.0,2024-08-17,delivered,web,contrareembolso
10524,1363.0,2025-06-10,delivered,web,contrareembolso
10525,1102.0,2023-11-03,delivered,app,transferencia
10526,112.0,2025-12-18,delivered,web,tarjeta
10527,1369.0,2025-01-12,delivered,web,transferencia
10528,375.0,2023-07-13,delivered,marketplace,transferencia
10529,1483.0,2024-11-02,delivered,app,tarjeta
10530,2245.0,2025-04-13,delivered,web,transferencia
10531,1673.0,2024-06-29,delivered,marketplace,transferencia
10532,2367.0,2023-05-09,delivered,web,paypal
10533,2477.0,2025-11-05,delivered,web,paypal
10534,976.0,2024-03-27,delivered,marketplace,transferencia
10535,633.0,2024-07-07,created,web,tarjeta
10536,2710.0,2024-10-17,delivered,web,paypal
10537,443.0,2025-03-05,delivered,app,paypal
10538,,2025-11-19,paid,web,paypal
10539,1922.0,2024-09-11,delivered,app,transferencia
10540,710.0,2024-06-15,delivered,app,paypal
10541,1415.0,2025-09-11,delivered,marketplace,paypal
10542,1787.0,2023-11-15,paid,web,paypal
10543,850.0,2024-02-08,delivered,app,transferencia
10544,2023.0,2023-06-21,delivered,web,tarjeta
10545,459.0,2024-10-05,delivered,app,transferencia
10546,2894.0,2026-07-19,refunded,app,contrareembolso
10547,593.0,2024-02-16,delivered,web,transferencia
10548,843.0,2023-03-20,delivered,web,tarjeta
10549,96.0,2025-04-02,refunded,web,tarjeta
10550,960.0,2023-09-19,delivered,app,transferencia
10551,1823.0,2025-01-10,delivered,web,contrareembolso
10552,248.0,2025-11-06,delivered,app,transferencia
10553,1757.0,2023-11-09,delivered,app,transferencia
10554,2413.0,2025-10-05,shipped,web,tarjeta
10555,1943.0,2025-09-17,delivered,app,paypal
10556,2105.0,2023-11-27,delivered,web,tarjeta
10557,878.0,2023-11-06,delivered,app,transferencia
10558,34.0,2023-10-28,delivered,app,paypal
10559,2763.0,2023-04-27,created,marketplace,transferencia
10560,1815.0,2025-08-07,delivered,marketplace,contrareembolso
10561,274.0,2024-01-09,delivered,marketplace,paypal
10562,2708.0,2025-06-04,cancelled,marketplace,transferencia
10563,2521.0,2023-04-26,delivered,marketplace,tarjeta
10564,2597.0,2023-05-24,refunded,web,contrareembolso
10565,1429.0,2024-03-22,delivered,web,tarjeta
10566,2597.0,2024-04-24,delivered,marketplace,paypal
10567,2367.0,2025-03-24,delivered,marketplace,contrareembolso
10568,635.0,2025-02-23,paid,web,tarjeta
10569,2625.0,2023-05-13,delivered,app,paypal
10570,515.0,2025-11-03,delivered,app,contrareembolso
10571,2961.0,2023-08-08,delivered,app,tarjeta
10572,2867.0,2023-10-04,delivered,web,tarjeta
10573,2927.0,2024-12-06,delivered,app,paypal
10574,871.0,2024-06-12,delivered,marketplace,transferencia
10575,1929.0,2023-08-07,delivered,marketplace,tarjeta
10576,221.0,2023-06-25,delivered,marketplace,tarjeta
10577,2925.0,2024-07-11,delivered,web,tarjeta
10578,1166.0,2025-07-27,delivered,marketplace,tarjeta
10579,2327.0,2023-08-08,delivered,web,transferencia
10580,1077.0,2025-04-19,delivered,app,tarjeta
10581,2534.0,2023-02-20,delivered,app,tarjeta
10582,935.0,2023-12-06,delivered,app,paypal
10583,442.0,2024-07-17,delivered,app,contrareembolso
10584,238.0,2024-02-26,delivered,app,transferencia
10585,1481.0,2024-04-23,delivered,marketplace,tarjeta
10586,2339.0,2025-02-01,cancelled,app,paypal
10587,1386.0,2023-04-18,paid,marketplace,paypal
10588,2123.0,2024-05-12,shipped,web,contrareembolso
10589,393.0,2025-08-15,cancelled,app,tarjeta
10590,2101.0,2024-02-16,shipped,web,contrareembolso
10591,234.0,2023-05-11,delivered,web,contrareembolso
10592,2769.0,2023-09-09,paid,marketplace,transferencia
10593,2846.0,2025-05-08,delivered,web,transferencia
10594,1329.0,2025-08-11,delivered,app,contrareembolso
10595,2645.0,2023-12-14,shipped,app,contrareembolso
10596,784.0,2023-12-10,delivered,app,transferencia
10597,272.0,2025-05-18,delivered,marketplace,transferencia
10598,2115.0,2023-07-17,delivered,web,transferencia
10599,463.0,2023-09-22,delivered,web,contrareembolso
10600,477.0,2025-08-24,delivered,web,paypal
10601,899.0,2023-09-09,refunded,marketplace,paypal
10602,395.0,2023-07-15,delivered,web,contrareembolso
10603,911.0,2025-04-15,delivered,marketplace,transferencia
10604,2981.0,2024-05-08,cancelled,marketplace,contrareembolso
10605,2942.0,2025-10-21,delivered,web,tarjeta
10606,1049.0,2025-04-19,cancelled,web,paypal
10607,2984.0,2024-01-29,delivered,marketplace,contrareembolso
10608,1755.0,2025-10-22,delivered,app,transferencia
10609,287.0,2023-07-24,delivered,app,tarjeta
10610,1784.0,2024-05-25,delivered,app,contrareembolso
10611,878.0,2024-09-19,shipped,marketplace,paypal
10612,1474.0,2023-01-31,delivered,app,transferencia
10613,2040.0,2024-02-07,delivered,app,paypal
10614,2306.0,2023-01-23,cancelled,app,paypal
10615,1340.0,2025-04-19,delivered,app,transferencia
10616,607.0,2025-02-23,delivered,web,tarjeta
10617,1322.0,2024-05-23,shipped,web,tarjeta
10618,414.0,2023-02-24,delivered,web,paypal
10619,1044.0,2025-03-04,cancelled,web,transferencia
10620,2640.0,2024-03-27,delivered,web,transferencia
10621,2401.0,2025-02-14,delivered,web,contrareembolso
10622,1076.0,2023-05-23,delivered,web,tarjeta
10623,1401.0,2023-05-18,shipped,web,paypal
10624,737.0,2024-03-19,delivered,app,paypal
10625,2312.0,2023-03-31,delivered,marketplace,contrareembolso
10626,2424.0,2025-03-04,delivered,app,paypal
10627,1315.0,2025-06-25,refunded,web,tarjeta
10628,1764.0,2024-05-07,delivered,marketplace,tarjeta
10629,2669.0,2023-02-10,shipped,marketplace,tarjeta
10630,2822.0,2025-01-16,shipped,marketplace,transferencia
10631,2213.0,2024-05-25,delivered,app,transferencia
10632,495.0,2024-07-05,delivered,web,paypal
10633,146.0,2024-09-03,delivered,web,transferencia
10634,703.0,2024-05-08,delivered,web,tarjeta
10635,3019.0,2024-06-28,refunded,web,transferencia
10636,2521.0,2024-07-18,paid,app,contrareembolso
10637,1372.0,2025-10-16,delivered,web,contrareembolso
10638,395.0,2023-08-01,delivered,app,paypal
10639,383.0,2023-11-28,delivered,marketplace,paypal
10640,2332.0,2024-06-04,cancelled,app,transferencia
10641,2084.0,2023-01-23,delivered,web,paypal
10642,101.0,2023-03-23,created,marketplace,paypal
10643,43.0,2025-03-04,delivered,app,tarjeta
10644,2690.0,2025-12-04,refunded,web,transferencia
10645,20.0,2025-10-30,delivered,web,paypal
10646,2314.0,2025-02-14,delivered,marketplace,paypal
10647,435.0,2025-11-27,shipped,web,contrareembolso
10648,1880.0,2025-10-07,delivered,marketplace,transferencia
10649,791.0,2023-10-12,delivered,marketplace,paypal
10650,2970.0,2024-11-01,delivered,web,tarjeta
10651,2824.0,2025-07-01,delivered,app,transferencia
10652,578.0,2025-08-08,delivered,web,transferencia
10653,2024.0,2023-10-22,delivered,app,tarjeta
10654,1759.0,2024-06-20,cancelled,marketplace,tarjeta
10655,232.0,2025-11-23,delivered,marketplace,paypal
10656,2825.0,2023-01-09,delivered,web,transferencia
10657,1406.0,2023-06-22,delivered,web,paypal
10658,2247.0,2023-06-02,delivered,marketplace,transferencia
10659,1436.0,2023-04-26,shipped,web,paypal
10660,2119.0,2023-06-01,paid,web,tarjeta
10661,211.0,2023-12-24,cancelled,app,transferencia
10662,1275.0,2024-12-16,delivered,web,paypal
10663,2577.0,2024-10-05,paid,marketplace,transferencia
10664,1227.0,2025-02-04,delivered,marketplace,transferencia
10665,2368.0,2025-07-16,delivered,marketplace,tarjeta
10666,784.0,2023-11-22,delivered,app,transferencia
10667,1091.0,2023-03-21,delivered,app,contrareembolso
10668,1926.0,2024-06-30,shipped,marketplace,contrareembolso
10669,2946.0,2023-08-06,delivered,marketplace,contrareembolso
10670,2584.0,2023-01-30,delivered,marketplace,tarjeta
10671,1851.0,2023-09-09,delivered,web,transferencia
10672,2138.0,2025-01-25,delivered,web,tarjeta
10673,2418.0,2024-04-12,delivered,web,contrareembolso
10674,2576.0,2025-01-30,delivered,app,tarjeta
10675,2490.0,2023-08-25,delivered,app,paypal
10676,2576.0,2024-10-22,delivered,marketplace,contrareembolso
10677,2875.0,2023-10-06,delivered,marketplace,transferencia
10678,1028.0,2024-07-21,cancelled,app,transferencia
10679,115.0,2023-12-09,cancelled,marketplace,transferencia
10680,1880.0,2024-06-19,delivered,marketplace,transferencia
10681,1929.0,2025-07-07,paid,web,transferencia
10682,1197.0,2023-03-13,created,web,tarjeta
10683,1012.0,2025-06-20,delivered,marketplace,contrareembolso
10684,886.0,2023-03-10,refunded,marketplace,paypal
10685,2029.0,2024-09-14,delivered,marketplace,transferencia
10686,1315.0,2023-08-15,delivered,app,transferencia
10687,2954.0,2025-11-25,delivered,web,transferencia
10688,144.0,2025-06-24,delivered,web,transferencia
10689,662.0,2025-02-20,delivered,marketplace,transferencia
10690,158.0,2023-10-11,delivered,web,tarjeta
10691,1094.0,2024-08-23,delivered,web,contrareembolso
10692,,2023-11-24,shipped,app,tarjeta
10693,2494.0,2025-11-16,refunded,marketplace,paypal
10694,343.0,2023-11-21,delivered,marketplace,tarjeta
10695,2902.0,2024-05-29,paid,app,contrareembolso
10696,1483.0,2024-11-24,delivered,web,tarjeta
10697,1691.0,2023-06-07,paid,marketplace,transferencia
10698,1931.0,2025-03-11,delivered,marketplace,paypal
10699,1288.0,2025-03-22,delivered,web,transferencia
10700,2909.0,2023-09-26,delivered,app,contrareembolso
10701,1194.0,2023-07-02,cancelled,web,contrareembolso
10702,1972.0,2024-06-21,delivered,marketplace,paypal
10703,2994.0,2023-01-21,delivered,marketplace,paypal
10704,1059.0,2024-10-12,delivered,web,tarjeta
10705,639.0,2025-09-24,delivered,app,transferencia
10706,2596.0,2025-12-21,delivered,marketplace,tarjeta
10707,2991.0,2023-08-05,delivered,marketplace,tarjeta
10708,2857.0,2024-12-19,delivered,web,tarjeta
10709,2744.0,2024-07-21,delivered,web,paypal
10710,245.0,2024-08-20,created,marketplace,transferencia
10711,2345.0,2025-12-25,delivered,web,paypal
10712,211.0,2023-01-22,delivered,web,contrareembolso
10713,1589.0,2023-09-17,delivered,web,contrareembolso
10714,2880.0,2024-12-17,delivered,marketplace,contrareembolso
10715,1771.0,2025-10-22,delivered,marketplace,paypal
10716,1198.0,2025-02-02,paid,web,tarjeta
10717,2805.0,2025-10-16,shipped,marketplace,contrareembolso
10718,562.0,2024-04-16,cancelled,web,tarjeta
10719,1631.0,2024-05-12,delivered,app,tarjeta
10720,57.0,2024-04-03,delivered,app,contrareembolso
10721,32.0,2023-12-19,refunded,web,contrareembolso
10722,2025.0,2024-12-04,shipped,web,paypal
10723,539.0,2024-08-26,delivered,marketplace,paypal
10724,74.0,2024-04-13,shipped,marketplace,contrareembolso
10725,39.0,2025-02-07,delivered,app,tarjeta
10726,2597.0,2023-03-25,delivered,web,contrareembolso
10727,1527.0,2023-10-16,delivered,marketplace,tarjeta
10728,1202.0,2023-10-05,cancelled,marketplace,contrareembolso
10729,2421.0,2023-08-10,created,web,tarjeta
10730,358.0,2023-12-25,delivered,marketplace,tarjeta
10731,1456.0,2025-10-15,cancelled,marketplace,tarjeta
10732,550.0,2023-11-27,delivered,marketplace,tarjeta
10733,2571.0,2023-07-29,delivered,app,contrareembolso
10734,2206.0,2025-06-29,delivered,app,paypal
10735,700.0,2025-02-10,delivered,marketplace,tarjeta
10736,206.0,2025-02-06,delivered,app,transferencia
10737,952.0,2023-10-17,delivered,web,tarjeta
10738,1800.0,2025-08-16,created,app,tarjeta
10739,2982.0,2024-07-31,delivered,marketplace,contrareembolso
10740,202.0,2024-08-17,paid,app,transferencia
10741,1169.0,2023-07-01,shipped,web,tarjeta
10742,1935.0,2025-02-01,refunded,web,tarjeta
10743,407.0,2023-09-27,delivered,marketplace,paypal
10744,2985.0,2025-09-21,delivered,marketplace,transferencia
10745,2007.0,2024-07-24,delivered,app,tarjeta
10746,270.0,2023-06-22,paid,marketplace,paypal
10747,1008.0,2024-04-26,delivered,web,transferencia
10748,1291.0,2023-04-24,delivered,marketplace,paypal
10749,374.0,2024-08-07,delivered,marketplace,paypal
10750,1889.0,2025-03-14,delivered,web,tarjeta
10751,1828.0,2024-09-20,delivered,web,tarjeta
10752,742.0,2023-12-07,delivered,marketplace,contrareembolso
10753,2425.0,2025-11-14,delivered,web,transferencia
10754,2924.0,2024-01-05,delivered,marketplace,transferencia
10755,2734.0,2024-02-11,paid,marketplace,paypal
10756,1222.0,2024-03-17,paid,marketplace,paypal
10757,1570.0,2024-07-01,shipped,app,contrareembolso
10758,2118.0,2024-12-07,cancelled,marketplace,contrareembolso
10759,84.0,2025-11-24,cancelled,web,tarjeta
10760,1136.0,2025-11-11,delivered,marketplace,tarjeta
10761,907.0,2023-01-20,delivered,web,paypal
10762,1173.0,2025-05-06,created,app,transferencia
10763,2391.0,2023-05-28,delivered,marketplace,paypal
10764,839.0,2025-01-09,cancelled,web,tarjeta
10765,35.0,2023-02-08,delivered,web,tarjeta
10766,454.0,2023-05-10,delivered,app,paypal
10767,2068.0,2024-12-02,delivered,marketplace,paypal
10768,1358.0,2024-03-10,delivered,web,tarjeta
10769,1071.0,2023-06-02,refunded,marketplace,transferencia
10770,1165.0,2024-06-09,delivered,web,contrareembolso
10771,2623.0,2023-12-15,delivered,marketplace,transferencia
10772,2716.0,2025-09-09,delivered,app,contrareembolso
10773,2470.0,2024-01-30,shipped,web,transferencia
10774,489.0,2024-12-30,refunded,marketplace,transferencia
10775,529.0,2025-12-18,delivered,app,contrareembolso
10776,1743.0,2024-06-16,delivered,web,paypal
10777,1947.0,2023-12-19,shipped,marketplace,contrareembolso
10778,2991.0,2023-07-28,shipped,marketplace,paypal
10779,755.0,2025-12-28,delivered,web,tarjeta
10780,2681.0,2024-07-16,delivered,web,contrareembolso
10781,1020.0,2023-08-29,delivered,app,transferencia
10782,2679.0,2025-06-08,delivered,marketplace,transferencia
10783,1576.0,2025-11-30,delivered,marketplace,tarjeta
10784,2458.0,2024-12-12,paid,app,transferencia
10785,1972.0,2025-03-24,paid,web,transferencia
10786,1428.0,2023-06-14,delivered,web,paypal
10787,1661.0,2024-07-22,delivered,web,paypal
10788,1911.0,2025-09-04,delivered,marketplace,paypal
10789,1987.0,2025-06-02,delivered,marketplace,tarjeta
10790,1818.0,2024-09-10,delivered,web,tarjeta
10791,360.0,2025-02-22,delivered,marketplace,transferencia
10792,2825.0,2023-06-07,refunded,app,transferencia
10793,2105.0,2024-01-02,refunded,app,tarjeta
10794,1266.0,2023-01-15,delivered,web,tarjeta
10795,503.0,2023-07-28,delivered,marketplace,tarjeta
10796,1726.0,2023-03-23,delivered,app,transferencia
10797,1273.0,2025-05-03,delivered,app,tarjeta
10798,416.0,2023-01-31,delivered,app,contrareembolso
10799,644.0,2024-01-17,shipped,marketplace,paypal
10800,1412.0,2025-12-18,delivered,marketplace,contrareembolso
10801,1563.0,2023-05-21,delivered,web,paypal
10802,2548.0,2025-03-05,delivered,web,transferencia
10803,61.0,2023-03-09,shipped,web,paypal
10804,2583.0,2023-05-26,delivered,marketplace,tarjeta
10805,74.0,2023-12-26,delivered,web,transferencia
10806,1042.0,2024-06-27,delivered,web,paypal
10807,2421.0,2024-01-14,delivered,web,contrareembolso
10808,1188.0,2025-02-23,delivered,web,tarjeta
10809,1019.0,2023-10-07,delivered,marketplace,transferencia
10810,2596.0,2023-07-21,refunded,app,contrareembolso
10811,1395.0,2023-07-14,delivered,app,tarjeta
10812,1407.0,2025-04-29,created,web,contrareembolso
10813,2708.0,2024-01-06,paid,web,tarjeta
10814,2576.0,2024-02-06,delivered,marketplace,transferencia
10815,1021.0,2023-06-27,delivered,app,contrareembolso
10816,1680.0,2023-06-03,refunded,web,paypal
10817,602.0,2023-03-26,delivered,web,contrareembolso
10818,2669.0,2024-06-04,cancelled,app,paypal
10819,1792.0,2025-09-13,delivered,marketplace,paypal
10820,2952.0,2025-09-14,delivered,app,contrareembolso
10821,1941.0,2025-11-01,delivered,marketplace,contrareembolso
10822,2654.0,2024-02-04,delivered,app,tarjeta
10823,1056.0,2025-11-02,paid,app,transferencia
10824,448.0,2023-03-05,delivered,web,transferencia
10825,438.0,2024-08-24,shipped,web,tarjeta
10826,2003.0,2023-07-24,delivered,web,paypal
10827,477.0,2024-07-11,delivered,app,transferencia
10828,2674.0,2024-05-31,delivered,app,contrareembolso
10829,1621.0,2023-01-30,shipped,app,transferencia
10830,1087.0,2025-02-16,delivered,web,tarjeta
10831,1808.0,2023-06-23,delivered,app,contrareembolso
10832,2540.0,2023-03-02,delivered,app,contrareembolso
10833,2066.0,2023-05-08,paid,web,tarjeta
10834,2818.0,2025-03-14,delivered,web,contrareembolso
10835,2184.0,2023-12-14,delivered,web,transferencia
10836,45.0,2023-03-30,delivered,web,transferencia
10837,2069.0,2024-03-16,delivered,web,transferencia
10838,1832.0,2024-04-28,cancelled,web,tarjeta
10839,197.0,2024-04-18,delivered,web,transferencia
10840,2148.0,2024-09-28,delivered,marketplace,tarjeta
10841,2551.0,2023-02-05,cancelled,marketplace,tarjeta
10842,2833.0,2023-07-08,delivered,app,contrareembolso
10843,2167.0,2025-02-13,delivered,app,paypal
10844,443.0,2023-12-11,delivered,app,tarjeta
10845,2061.0,2025-09-15,delivered,marketplace,paypal
10846,1313.0,2023-10-21,refunded,marketplace,paypal
10847,1459.0,2024-07-17,delivered,app,paypal
10848,532.0,2025-06-18,delivered,marketplace,tarjeta
10849,1232.0,2024-07-28,refunded,marketplace,contrareembolso
10850,1007.0,2024-08-21,paid,marketplace,transferencia
10851,2723.0,2025-06-04,paid,marketplace,contrareembolso
10852,1475.0,2025-08-11,delivered,marketplace,contrareembolso
10853,515.0,2025-09-02,delivered,web,contrareembolso
10854,2465.0,2024-04-25,created,app,contrareembolso
10855,19.0,2023-10-02,refunded,marketplace,contrareembolso
10856,583.0,2024-06-21,shipped,app,paypal
10857,165.0,2024-10-22,delivered,app,paypal
10858,836.0,2024-07-14,delivered,web,contrareembolso
10859,1119.0,2024-08-11,delivered,web,contrareembolso
10860,158.0,2024-09-18,shipped,marketplace,transferencia
10861,652.0,2025-06-15,paid,app,transferencia
10862,207.0,2024-09-29,paid,app,contrareembolso
10863,1944.0,2024-05-20,cancelled,web,paypal
10864,2572.0,2024-06-15,shipped,web,tarjeta
10865,853.0,2025-07-17,delivered,marketplace,transferencia
10866,2611.0,2024-08-10,delivered,web,transferencia
10867,2498.0,2025-04-03,delivered,web,transferencia
10868,1024.0,2025-06-15,shipped,marketplace,tarjeta
10869,2728.0,2024-02-06,delivered,marketplace,contrareembolso
10870,610.0,2025-07-11,cancelled,web,transferencia
10871,208.0,2024-09-12,delivered,app,contrareembolso
10872,2346.0,2024-08-23,delivered,app,tarjeta
10873,2311.0,2023-01-18,delivered,web,paypal
10874,2649.0,2025-07-14,delivered,app,transferencia
10875,1339.0,2025-05-03,delivered,web,contrareembolso
10876,2927.0,2025-08-09,delivered,web,contrareembolso
10877,653.0,2023-06-26,delivered,app,tarjeta
10878,2710.0,2025-09-19,delivered,app,paypal
10879,1755.0,2024-07-22,delivered,marketplace,transferencia
10880,2225.0,2023-02-11,delivered,web,tarjeta
10881,2986.0,2025-08-19,delivered,web,transferencia
10882,2430.0,2023-07-23,shipped,web,transferencia
10883,2477.0,2025-05-19,delivered,app,contrareembolso
10884,3013.0,2025-07-27,refunded,app,tarjeta
10885,2349.0,2025-09-14,delivered,web,tarjeta
10886,2245.0,2023-08-22,delivered,app,paypal
10887,980.0,2023-11-03,created,app,contrareembolso
10888,1054.0,2024-01-16,paid,marketplace,paypal
10889,349.0,2025-10-26,delivered,marketplace,paypal
10890,2605.0,2024-11-02,shipped,marketplace,transferencia
10891,2671.0,2024-05-03,delivered,marketplace,tarjeta
10892,2252.0,2025-05-11,delivered,web,tarjeta
10893,1676.0,2023-10-05,delivered,marketplace,paypal
10894,1394.0,2025-12-29,delivered,app,paypal
10895,1178.0,2024-10-30,shipped,web,contrareembolso
10896,1193.0,2025-09-20,delivered,web,tarjeta
10897,2500.0,2025-03-25,delivered,marketplace,paypal
10898,2202.0,2024-01-22,delivered,app,tarjeta
10899,437.0,2025-07-10,paid,web,transferencia
10900,2536.0,2023-04-05,delivered,app,tarjeta
10901,903.0,2024-03-31,delivered,web,contrareembolso
10902,2990.0,2024-03-03,delivered,marketplace,tarjeta
10903,417.0,2025-02-01,refunded,marketplace,paypal
10904,2002.0,2025-09-07,shipped,app,tarjeta
10905,2357.0,2025-07-29,delivered,marketplace,contrareembolso
10906,2822.0,2023-11-02,delivered,marketplace,contrareembolso
10907,2028.0,2024-07-02,delivered,marketplace,transferencia
10908,602.0,2024-06-08,paid,app,paypal
10909,1825.0,2023-11-08,delivered,web,contrareembolso
10910,554.0,2023-12-31,cancelled,app,paypal
10911,2131.0,2025-07-20,delivered,marketplace,tarjeta
10912,1830.0,2025-07-14,delivered,web,transferencia
10913,2526.0,2025-02-02,delivered,app,contrareembolso
10914,2144.0,2024-02-23,shipped,marketplace,contrareembolso
10915,132.0,2023-03-18,shipped,app,paypal
10916,1778.0,2024-03-21,delivered,app,paypal
10917,2853.0,2025-01-11,paid,marketplace,paypal
10918,1956.0,2025-05-03,delivered,marketplace,paypal
10919,37.0,2023-12-07,delivered,marketplace,tarjeta
10920,2903.0,2025-01-06,delivered,marketplace,transferencia
10921,2930.0,2025-01-01,delivered,app,tarjeta
10922,63.0,2025-04-29,delivered,app,paypal
10923,1957.0,2025-03-17,refunded,web,tarjeta
10924,247.0,2023-04-17,delivered,marketplace,paypal
10925,545.0,2023-07-17,delivered,web,contrareembolso
10926,233.0,2024-01-11,delivered,web,contrareembolso
10927,239.0,2023-11-05,delivered,marketplace,contrareembolso
10928,645.0,2025-10-12,cancelled,marketplace,paypal
10929,226.0,2023-01-09,refunded,marketplace,paypal
10930,1323.0,2025-04-27,refunded,web,paypal
10931,2767.0,2025-04-08,delivered,web,contrareembolso
10932,2921.0,2025-02-24,delivered,app,tarjeta
10933,1829.0,2023-04-03,shipped,web,transferencia
10934,2354.0,2025-05-16,delivered,app,transferencia
10935,1239.0,2023-10-21,shipped,marketplace,contrareembolso
10936,331.0,2025-09-04,delivered,marketplace,paypal
10937,780.0,2023-11-17,delivered,app,transferencia
10938,2085.0,2023-06-16,delivered,app,tarjeta
10939,850.0,2025-01-14,shipped,web,tarjeta
10940,1617.0,2025-12-23,delivered,web,paypal
10941,1345.0,2023-04-29,shipped,marketplace,transferencia
10942,1496.0,2024-10-06,delivered,app,transferencia
10943,2224.0,2023-11-05,delivered,marketplace,paypal
10944,1553.0,2023-11-27,delivered,web,contrareembolso
10945,220.0,2024-07-18,paid,web,tarjeta
10946,1324.0,2023-12-03,delivered,marketplace,transferencia
10947,2914.0,2024-10-06,delivered,web,paypal
10948,2394.0,2024-02-12,delivered,app,paypal
10949,2890.0,2023-10-08,cancelled,app,contrareembolso
10950,1040.0,2025-05-25,delivered,marketplace,contrareembolso
10951,158.0,2023-05-28,delivered,web,contrareembolso
10952,500.0,2024-07-07,delivered,app,tarjeta
10953,1569.0,2025-02-16,delivered,marketplace,tarjeta
10954,1753.0,2024-12-23,delivered,marketplace,paypal
10955,1390.0,2023-02-25,delivered,web,transferencia
10956,2813.0,2023-11-28,delivered,web,tarjeta
10957,1263.0,2024-06-22,delivered,web,paypal
10958,2212.0,2025-02-19,delivered,marketplace,paypal
10959,106.0,2023-03-08,delivered,app,paypal
10960,934.0,2023-02-22,delivered,app,contrareembolso
10961,1607.0,2024-12-13,paid,web,paypal
10962,1140.0,2025-05-08,delivered,marketplace,tarjeta
10963,738.0,2025-07-01,delivered,web,transferencia
10964,1623.0,2023-01-20,delivered,web,paypal
10965,2231.0,2024-08-25,refunded,web,contrareembolso
10966,183.0,2023-06-09,delivered,web,contrareembolso
10967,2787.0,2023-11-10,delivered,web,tarjeta
10968,2877.0,2025-03-14,delivered,marketplace,tarjeta
10969,1565.0,2023-04-21,delivered,app,transferencia
10970,2599.0,2024-05-17,paid,marketplace,tarjeta
10971,337.0,2024-10-19,delivered,web,paypal
10972,2418.0,2024-03-10,delivered,web,contrareembolso
10973,,2023-04-13,delivered,marketplace,tarjeta
10974,239.0,2024-09-07,created,marketplace,tarjeta
10975,447.0,2025-04-23,delivered,app,transferencia
10976,2950.0,2024-09-13,refunded,app,paypal
10977,1660.0,2024-09-17,delivered,app,tarjeta
10978,1916.0,2025-12-16,delivered,web,contrareembolso
10979,1650.0,2023-06-10,delivered,app,transferencia
10980,153.0,2023-12-13,delivered,web,paypal
10981,1640.0,2024-08-05,delivered,marketplace,transferencia
10982,418.0,2023-10-11,delivered,marketplace,tarjeta
10983,1320.0,2023-12-31,paid,marketplace,contrareembolso
10984,1306.0,2023-04-27,shipped,app,contrareembolso
10985,1326.0,2025-12-22,delivered,web,transferencia
10986,2038.0,2024-06-08,cancelled,web,transferencia
10987,1025.0,2024-11-06,delivered,marketplace,paypal
10988,2199.0,2024-05-10,delivered,app,tarjeta
10989,1753.0,2023-11-07,paid,marketplace,tarjeta
10990,2809.0,2025-01-18,delivered,marketplace,tarjeta
10991,653.0,2025-01-02,delivered,app,transferencia
10992,672.0,2024-12-18,delivered,app,paypal
10993,1498.0,2023-08-16,delivered,web,contrareembolso
10994,741.0,2023-09-13,delivered,marketplace,paypal
10995,1634.0,2025-03-07,delivered,app,transferencia
10996,1729.0,2024-03-17,delivered,marketplace,tarjeta
10997,17.0,2024-09-23,delivered,app,transferencia
10998,1508.0,2025-04-24,shipped,web,contrareembolso
10999,2640.0,2025-09-06,delivered,marketplace,paypal
11000,768.0,2025-11-19,delivered,marketplace,transferencia
11001,1235.0,2024-11-22,delivered,marketplace,transferencia
11002,1757.0,2024-01-28,delivered,marketplace,paypal
11003,2153.0,2025-11-11,refunded,web,paypal
11004,1145.0,2024-06-08,shipped,app,paypal
11005,2792.0,2025-03-03,refunded,marketplace,tarjeta
11006,2050.0,2025-01-06,delivered,app,contrareembolso
11007,1727.0,2026-11-17,created,web,paypal
11008,1698.0,2024-02-27,delivered,web,contrareembolso
11009,2761.0,2025-08-30,delivered,web,paypal
11010,1952.0,2025-03-12,delivered,marketplace,paypal
11011,1704.0,2024-03-15,delivered,web,contrareembolso
11012,863.0,2025-01-29,delivered,web,paypal
11013,497.0,2023-08-27,delivered,app,paypal
11014,667.0,2023-04-10,delivered,app,transferencia
11015,1238.0,2024-11-11,cancelled,app,paypal
11016,2748.0,2023-12-06,delivered,app,contrareembolso
11017,602.0,2023-02-05,refunded,web,transferencia
11018,2984.0,2024-01-17,delivered,app,tarjeta
11019,151.0,2025-12-25,delivered,web,transferencia
11020,485.0,2025-12-15,shipped,web,contrareembolso
11021,1511.0,2023-04-05,delivered,app,transferencia
11022,514.0,2023-10-14,paid,web,tarjeta
11023,224.0,2023-10-16,cancelled,app,transferencia
11024,252.0,2024-10-25,delivered,web,transferencia
11025,1770.0,2025-02-11,created,app,transferencia
11026,2263.0,2025-02-27,delivered,marketplace,contrareembolso
11027,1026.0,2023-10-09,shipped,web,paypal
11028,327.0,2025-01-11,delivered,app,paypal
11029,1057.0,2024-07-12,delivered,web,contrareembolso
11030,2489.0,2024-06-26,delivered,marketplace,tarjeta
11031,182.0,2025-12-01,delivered,app,paypal
11032,2637.0,2023-01-02,delivered,web,paypal
11033,2733.0,2025-05-22,delivered,app,paypal
11034,671.0,2024-02-09,delivered,app,tarjeta
11035,885.0,2024-04-06,delivered,app,contrareembolso
11036,2327.0,2025-03-02,delivered,app,contrareembolso
11037,518.0,2024-09-23,shipped,marketplace,contrareembolso
11038,326.0,2025-11-30,paid,marketplace,paypal
11039,2946.0,2023-07-27,delivered,web,tarjeta
11040,2497.0,2023-02-27,cancelled,web,paypal
11041,2579.0,2025-01-01,delivered,marketplace,contrareembolso
11042,2735.0,2024-03-13,delivered,web,tarjeta
11043,2785.0,2023-08-18,shipped,app,paypal
11044,1884.0,2025-10-09,cancelled,app,paypal
11045,1849.0,2023-08-02,delivered,web,paypal
11046,2054.0,2025-10-13,shipped,marketplace,transferencia
11047,1992.0,2025-04-05,cancelled,web,tarjeta
11048,1237.0,2023-01-22,delivered,web,contrareembolso
11049,2314.0,2025-08-03,delivered,marketplace,paypal
11050,1314.0,2025-04-04,delivered,marketplace,contrareembolso
11051,1776.0,2025-06-02,delivered,web,paypal
11052,611.0,2023-09-09,cancelled,app,contrareembolso
11053,191.0,2025-01-01,delivered,web,contrareembolso
11054,2186.0,2023-09-14,delivered,marketplace,transferencia
11055,1233.0,2025-08-08,shipped,app,paypal
11056,2026.0,2024-08-24,delivered,web,paypal
11057,2434.0,2025-11-09,created,app,contrareembolso
11058,2872.0,2024-12-13,shipped,web,paypal
11059,1829.0,2024-01-24,delivered,marketplace,tarjeta
11060,1295.0,2025-01-25,delivered,marketplace,paypal
11061,668.0,2023-10-19,delivered,app,transferencia
11062,172.0,2023-08-29,delivered,app,paypal
11063,1221.0,2024-12-15,delivered,marketplace,paypal
11064,693.0,2024-05-23,delivered,web,paypal
11065,2541.0,2025-11-18,delivered,web,tarjeta
11066,1956.0,2023-06-22,delivered,marketplace,contrareembolso
11067,1192.0,2024-08-30,delivered,marketplace,tarjeta
11068,1781.0,2024-03-17,created,app,contrareembolso
11069,1241.0,2023-03-09,delivered,app,tarjeta
11070,2693.0,2024-11-23,delivered,marketplace,contrareembolso
11071,493.0,2023-12-10,delivered,web,tarjeta
11072,2420.0,2024-04-17,delivered,marketplace,contrareembolso
11073,1791.0,2024-06-19,delivered,marketplace,transferencia
11074,2068.0,2023-06-11,shipped,app,paypal
11075,2603.0,2023-08-06,refunded,web,paypal
11076,2550.0,2025-02-16,cancelled,web,tarjeta
11077,2254.0,2025-03-03,delivered,app,paypal
11078,586.0,2025-04-22,paid,app,contrareembolso
11079,1113.0,2024-07-19,cancelled,marketplace,paypal
11080,1804.0,2023-08-29,delivered,web,paypal
11081,332.0,2025-06-06,delivered,web,contrareembolso
11082,893.0,2024-11-27,delivered,app,contrareembolso
11083,1050.0,2023-08-21,delivered,web,contrareembolso
11084,2260.0,2025-04-09,shipped,marketplace,paypal
11085,869.0,2023-01-10,delivered,app,contrareembolso
11086,1004.0,2024-08-28,delivered,app,contrareembolso
11087,2059.0,2025-07-14,paid,marketplace,tarjeta
11088,2598.0,2025-08-05,shipped,marketplace,contrareembolso
11089,2653.0,2023-01-24,delivered,marketplace,tarjeta
11090,1973.0,2025-07-01,delivered,marketplace,tarjeta
11091,1749.0,2023-10-18,cancelled,marketplace,contrareembolso
11092,559.0,2023-10-11,shipped,marketplace,contrareembolso
11093,2751.0,2025-10-19,delivered,web,paypal
11094,1173.0,2025-03-15,created,app,transferencia
11095,1182.0,2024-02-27,delivered,app,transferencia
11096,3013.0,2023-05-17,created,web,transferencia
11097,2602.0,2025-08-14,delivered,marketplace,contrareembolso
11098,306.0,2025-05-05,delivered,marketplace,contrareembolso
11099,2920.0,2025-10-15,delivered,app,tarjeta
11100,701.0,2023-11-21,delivered,web,paypal
11101,152.0,,delivered,app,transferencia
11102,13.0,2024-08-15,cancelled,marketplace,transferencia
11103,2847.0,2023-12-23,delivered,app,contrareembolso
11104,830.0,2024-12-08,paid,app,contrareembolso
11105,1496.0,2024-06-08,delivered,marketplace,contrareembolso
11106,760.0,2023-04-15,delivered,marketplace,tarjeta
11107,70.0,2024-05-18,delivered,web,tarjeta
11108,2492.0,2023-03-14,delivered,web,transferencia
11109,1643.0,2023-12-25,delivered,marketplace,tarjeta
11110,2184.0,2023-05-08,delivered,marketplace,contrareembolso
11111,2620.0,2024-04-15,delivered,app,transferencia
11112,2497.0,2025-03-15,delivered,marketplace,transferencia
11113,867.0,2023-05-24,cancelled,web,paypal
11114,1125.0,2025-07-06,delivered,marketplace,transferencia
11115,1656.0,2023-06-26,delivered,marketplace,tarjeta
11116,1132.0,2025-11-06,delivered,marketplace,paypal
11117,2682.0,2023-10-08,delivered,app,transferencia
11118,2739.0,2025-04-17,delivered,app,transferencia
11119,1027.0,2025-08-09,delivered,web,tarjeta
11120,483.0,2023-12-31,delivered,marketplace,paypal
11121,1887.0,2023-05-08,delivered,web,transferencia
11122,1319.0,2024-12-13,delivered,app,transferencia
11123,392.0,2025-04-01,delivered,web,transferencia
11124,729.0,2023-11-28,delivered,marketplace,tarjeta
11125,622.0,2025-11-06,delivered,app,transferencia
11126,1412.0,2023-04-18,delivered,web,contrareembolso
11127,141.0,2023-04-29,delivered,web,tarjeta
11128,383.0,2023-01-11,delivered,app,tarjeta
11129,272.0,2024-11-15,delivered,web,contrareembolso
11130,2231.0,2024-06-21,shipped,web,paypal
11131,417.0,2025-03-24,delivered,marketplace,contrareembolso
11132,641.0,2025-07-19,delivered,app,tarjeta
11133,1426.0,2025-05-11,refunded,marketplace,tarjeta
11134,1835.0,2025-12-03,created,web,transferencia
11135,2512.0,2023-11-16,paid,marketplace,contrareembolso
11136,1475.0,2024-03-29,delivered,web,contrareembolso
11137,1477.0,2024-09-07,shipped,marketplace,paypal
11138,1299.0,2023-02-18,delivered,marketplace,tarjeta
11139,1911.0,2023-12-17,delivered,web,tarjeta
11140,2333.0,2024-05-22,delivered,app,transferencia
11141,1328.0,2023-02-26,delivered,app,tarjeta
11142,757.0,2025-06-11,delivered,web,transferencia
11143,108.0,2023-11-26,delivered,app,tarjeta
11144,1503.0,2024-08-09,delivered,app,contrareembolso
11145,2642.0,2025-05-17,shipped,app,paypal
11146,2992.0,2025-01-19,shipped,marketplace,tarjeta
11147,383.0,2023-02-26,cancelled,app,contrareembolso
11148,1813.0,2024-01-25,delivered,marketplace,transferencia
11149,1732.0,2023-10-13,delivered,web,paypal
11150,1477.0,2023-08-09,delivered,marketplace,paypal
11151,30.0,2024-12-22,delivered,marketplace,transferencia
11152,2992.0,2024-06-30,delivered,app,transferencia
11153,1944.0,2024-04-20,delivered,app,transferencia
11154,2416.0,2025-09-04,delivered,web,tarjeta
11155,2004.0,2023-10-24,delivered,web,paypal
11156,2674.0,2024-08-12,shipped,web,contrareembolso
11157,1975.0,2023-04-24,delivered,marketplace,transferencia
11158,1454.0,2024-05-26,refunded,app,tarjeta
11159,1841.0,2023-12-28,delivered,marketplace,tarjeta
11160,2704.0,2025-01-05,delivered,app,paypal
11161,2076.0,2023-04-01,refunded,app,transferencia
11162,2509.0,2025-08-16,delivered,app,paypal
11163,453.0,2024-09-12,delivered,web,transferencia
11164,205.0,2025-10-24,delivered,marketplace,tarjeta
11165,1398.0,2025-08-07,delivered,app,tarjeta
11166,726.0,2024-06-06,delivered,marketplace,contrareembolso
11167,1325.0,2025-02-08,delivered,marketplace,transferencia
11168,2573.0,2025-05-31,delivered,app,paypal
11169,688.0,2023-04-28,delivered,marketplace,paypal
11170,129.0,2024-08-27,refunded,marketplace,tarjeta
11171,1381.0,2023-11-29,shipped,app,contrareembolso
11172,393.0,2023-07-02,delivered,web,transferencia
11173,1520.0,2025-01-17,paid,web,tarjeta
11174,2465.0,2024-06-13,delivered,web,tarjeta
11175,1415.0,2024-01-20,delivered,app,paypal
11176,1453.0,2024-01-11,refunded,web,contrareembolso
11177,683.0,2023-06-01,delivered,web,contrareembolso
11178,1036.0,2023-12-11,delivered,web,contrareembolso
11179,939.0,2024-10-30,delivered,marketplace,contrareembolso
11180,1139.0,2024-05-24,delivered,web,transferencia
11181,2265.0,2025-02-23,shipped,marketplace,transferencia
11182,966.0,2024-01-02,delivered,marketplace,paypal
11183,1485.0,2024-09-10,created,app,contrareembolso
11184,2335.0,2025-09-26,delivered,app,contrareembolso
11185,1365.0,2023-12-12,delivered,marketplace,contrareembolso
11186,67.0,2023-04-25,paid,marketplace,tarjeta
11187,1444.0,2025-10-15,delivered,web,contrareembolso
11188,1640.0,2024-03-18,paid,web,contrareembolso
11189,130.0,2023-06-14,delivered,marketplace,tarjeta
11190,720.0,2023-09-10,delivered,app,contrareembolso
11191,2956.0,2025-07-13,delivered,web,contrareembolso
11192,1797.0,2024-06-26,delivered,marketplace,contrareembolso
11193,1713.0,2024-04-26,delivered,marketplace,contrareembolso
11194,2791.0,2024-05-13,delivered,web,tarjeta
11195,170.0,2025-02-28,delivered,app,paypal
11196,1797.0,2025-06-11,delivered,app,tarjeta
11197,1417.0,2023-09-06,delivered,app,contrareembolso
11198,2387.0,2025-08-14,delivered,marketplace,paypal
11199,1138.0,2024-12-25,delivered,web,transferencia
11200,1128.0,2025-12-25,delivered,marketplace,tarjeta
11201,326.0,2025-12-05,delivered,marketplace,contrareembolso
11202,2454.0,2023-06-14,delivered,marketplace,contrareembolso
11203,1523.0,2023-07-15,delivered,web,contrareembolso
11204,2727.0,2024-08-27,cancelled,marketplace,contrareembolso
11205,2997.0,2024-09-17,delivered,app,tarjeta
11206,2808.0,2024-09-01,delivered,web,tarjeta
11207,2261.0,2024-05-19,shipped,app,paypal
11208,406.0,2024-07-29,delivered,app,transferencia
11209,1862.0,2025-12-01,delivered,web,contrareembolso
11210,440.0,2024-09-24,delivered,app,paypal
11211,1904.0,2025-03-30,cancelled,web,paypal
11212,1814.0,2024-05-18,delivered,web,transferencia
11213,1732.0,2023-12-16,delivered,app,transferencia
11214,1076.0,2025-10-23,delivered,app,paypal
11215,2506.0,2025-03-18,delivered,app,transferencia
11216,2378.0,2024-07-15,delivered,app,transferencia
11217,1355.0,2025-02-10,delivered,app,paypal
11218,2188.0,2023-10-12,delivered,app,transferencia
11219,1893.0,2025-07-31,cancelled,web,tarjeta
11220,181.0,2025-10-31,delivered,marketplace,paypal
11221,106.0,2023-05-03,delivered,web,transferencia
11222,2246.0,2025-07-11,delivered,web,tarjeta
11223,3004.0,2024-07-02,refunded,app,paypal
11224,94.0,2024-01-22,cancelled,app,tarjeta
11225,706.0,2023-02-13,cancelled,web,tarjeta
11226,2479.0,2023-10-10,delivered,app,tarjeta
11227,248.0,2023-10-07,shipped,web,paypal
11228,2204.0,2025-09-13,delivered,app,transferencia
11229,337.0,2024-11-10,delivered,web,transferencia
11230,1176.0,2023-07-15,delivered,app,contrareembolso
11231,908.0,2024-05-30,paid,web,paypal
11232,1412.0,2024-06-09,delivered,marketplace,transferencia
11233,194.0,2023-12-28,paid,web,transferencia
11234,2681.0,2024-08-22,delivered,web,paypal
11235,998.0,2024-04-28,delivered,app,transferencia
11236,1541.0,2023-08-09,delivered,web,contrareembolso
11237,1918.0,2023-08-31,delivered,web,contrareembolso
11238,1956.0,2023-11-27,delivered,marketplace,contrareembolso
11239,666.0,2024-01-21,delivered,app,paypal
11240,2516.0,2024-06-29,delivered,marketplace,paypal
11241,1419.0,2023-07-24,refunded,web,tarjeta
11242,509.0,2024-11-05,cancelled,web,paypal
11243,2182.0,2023-08-24,delivered,web,tarjeta
11244,740.0,2023-03-04,created,app,paypal
11245,1254.0,2025-02-19,delivered,marketplace,tarjeta
11246,415.0,2023-02-13,delivered,app,contrareembolso
11247,569.0,2023-11-30,delivered,marketplace,tarjeta
11248,9.0,2024-04-26,delivered,marketplace,tarjeta
11249,2029.0,2023-04-19,delivered,web,contrareembolso
11250,2364.0,2023-04-19,shipped,app,tarjeta
11251,1402.0,2026-06-20,delivered,marketplace,contrareembolso
11252,227.0,2024-12-21,delivered,app,contrareembolso
11253,2141.0,2025-11-07,delivered,marketplace,transferencia
11254,1239.0,2023-10-26,delivered,web,transferencia
11255,2773.0,2025-10-20,cancelled,web,transferencia
11256,496.0,2024-03-02,delivered,web,contrareembolso
11257,1249.0,2025-04-18,cancelled,app,transferencia
11258,2668.0,2023-03-08,delivered,web,paypal
11259,1125.0,2023-06-14,delivered,marketplace,tarjeta
11260,1492.0,2025-02-19,delivered,marketplace,contrareembolso
11261,2238.0,2025-12-28,delivered,marketplace,contrareembolso
11262,2372.0,2025-05-18,delivered,web,paypal
11263,1119.0,2023-05-06,delivered,marketplace,transferencia
11264,529.0,2024-12-12,delivered,app,tarjeta
11265,2285.0,2024-01-18,delivered,marketplace,paypal
11266,2935.0,2024-12-03,delivered,app,tarjeta
11267,1512.0,2025-01-24,cancelled,web,paypal
11268,2345.0,2023-02-10,delivered,web,transferencia
11269,540.0,2025-01-13,delivered,marketplace,contrareembolso
11270,982.0,2024-05-28,delivered,web,contrareembolso
11271,1684.0,2023-06-26,cancelled,app,tarjeta
11272,1073.0,2024-03-25,refunded,web,contrareembolso
11273,671.0,2025-03-08,delivered,app,paypal
11274,1643.0,2023-01-26,delivered,app,contrareembolso
11275,721.0,2024-12-31,paid,web,transferencia
11276,1029.0,2025-06-05,delivered,marketplace,tarjeta
11277,2817.0,2023-05-23,delivered,app,paypal
11278,1238.0,2023-07-24,delivered,marketplace,transferencia
11279,1650.0,2025-12-11,cancelled,web,paypal
11280,967.0,2025-06-02,delivered,marketplace,transferencia
11281,1499.0,2024-03-03,delivered,web,transferencia
11282,588.0,2024-10-12,delivered,web,tarjeta
11283,1564.0,2025-03-14,delivered,web,paypal
11284,907.0,2025-09-04,delivered,marketplace,paypal
11285,1051.0,2024-08-21,delivered,app,tarjeta
11286,1520.0,2024-01-21,delivered,app,contrareembolso
11287,1661.0,2023-12-07,delivered,marketplace,tarjeta
11288,368.0,2025-05-08,delivered,marketplace,transferencia
11289,1762.0,2025-12-04,delivered,web,transferencia
11290,2219.0,2023-11-18,delivered,web,tarjeta
11291,1590.0,2025-05-25,delivered,app,contrareembolso
11292,366.0,2023-04-25,delivered,web,tarjeta
11293,82.0,2023-12-13,delivered,web,tarjeta
11294,1535.0,2025-02-25,refunded,marketplace,transferencia
11295,541.0,2024-04-11,delivered,web,contrareembolso
11296,2243.0,2023-11-27,paid,web,tarjeta
11297,129.0,2024-08-31,delivered,marketplace,transferencia
11298,1605.0,2024-04-24,delivered,web,transferencia
11299,1593.0,2024-11-04,delivered,marketplace,contrareembolso
11300,963.0,2023-03-19,delivered,app,paypal
11301,1757.0,2023-12-31,delivered,marketplace,tarjeta
11302,2514.0,2023-12-02,delivered,web,transferencia
11303,2290.0,2024-01-01,delivered,marketplace,transferencia
11304,862.0,2024-09-03,delivered,marketplace,paypal
11305,2447.0,2023-09-27,delivered,marketplace,paypal
11306,412.0,2025-12-19,paid,app,transferencia
11307,299.0,2025-03-14,delivered,marketplace,contrareembolso
11308,2540.0,2025-11-27,shipped,marketplace,paypal
11309,1702.0,2024-03-16,delivered,app,transferencia
11310,406.0,2025-03-28,delivered,app,transferencia
11311,2292.0,2024-12-15,delivered,app,paypal
11312,282.0,2025-04-15,delivered,marketplace,transferencia
11313,902.0,2025-08-01,cancelled,web,paypal
11314,466.0,2025-07-14,shipped,app,tarjeta
11315,2457.0,2023-03-14,delivered,marketplace,contrareembolso
11316,1516.0,2025-12-13,cancelled,web,contrareembolso
11317,1682.0,2023-08-29,delivered,web,tarjeta
11318,1934.0,2025-06-02,delivered,marketplace,paypal
11319,2404.0,2025-09-26,shipped,web,contrareembolso
11320,1494.0,2024-01-05,delivered,marketplace,tarjeta
11321,2116.0,2024-09-11,delivered,app,transferencia
11322,1661.0,2023-12-17,cancelled,web,tarjeta
11323,1904.0,2024-11-18,refunded,app,contrareembolso
11324,8.0,2024-08-17,delivered,marketplace,contrareembolso
11325,1527.0,2023-08-01,delivered,web,tarjeta
11326,1292.0,2023-02-17,cancelled,app,transferencia
11327,354.0,2024-03-11,delivered,marketplace,paypal
11328,1136.0,2025-10-06,delivered,app,tarjeta
11329,1910.0,2024-06-02,delivered,marketplace,contrareembolso
11330,2264.0,2025-05-29,delivered,marketplace,contrareembolso
11331,985.0,2025-05-13,delivered,web,transferencia
11332,2569.0,2025-01-30,delivered,marketplace,contrareembolso
11333,474.0,2024-07-23,refunded,web,tarjeta
11334,2743.0,2024-06-08,delivered,web,paypal
11335,1217.0,2024-07-23,delivered,web,tarjeta
11336,364.0,2025-02-25,shipped,marketplace,paypal
11337,2854.0,2025-10-23,cancelled,marketplace,transferencia
11338,1092.0,2024-04-16,refunded,marketplace,contrareembolso
11339,1306.0,2023-09-20,delivered,app,paypal
11340,561.0,2025-06-21,delivered,app,transferencia
11341,731.0,2024-08-09,delivered,web,transferencia
11342,2214.0,2024-10-11,delivered,web,contrareembolso
11343,1575.0,2025-02-21,delivered,marketplace,paypal
11344,1001.0,2025-01-30,delivered,app,contrareembolso
11345,1517.0,2024-05-05,delivered,app,transferencia
11346,2044.0,2024-05-23,cancelled,marketplace,paypal
11347,1104.0,2024-07-05,cancelled,marketplace,tarjeta
11348,306.0,2024-10-04,delivered,app,tarjeta
11349,728.0,2024-12-15,delivered,web,contrareembolso
11350,559.0,2023-05-06,shipped,app,tarjeta
11351,2649.0,2023-07-06,delivered,web,contrareembolso
11352,2503.0,2024-08-18,shipped,marketplace,tarjeta
11353,1305.0,2023-04-23,cancelled,marketplace,transferencia
11354,896.0,2023-05-08,delivered,app,transferencia
11355,2320.0,2024-12-01,paid,marketplace,tarjeta
11356,2576.0,2024-05-15,delivered,web,contrareembolso
11357,2647.0,2025-11-23,shipped,web,transferencia
11358,1675.0,2024-06-19,paid,app,transferencia
11359,2944.0,2024-08-26,refunded,app,paypal
11360,327.0,2025-07-27,paid,app,contrareembolso
11361,514.0,2024-09-25,delivered,marketplace,contrareembolso
11362,1844.0,2023-12-20,delivered,app,paypal
11363,2932.0,2025-09-09,cancelled,marketplace,tarjeta
11364,2421.0,2025-06-08,created,marketplace,paypal
11365,560.0,2025-11-20,created,marketplace,paypal
11366,682.0,2023-12-19,shipped,marketplace,transferencia
11367,1608.0,2024-11-12,created,web,paypal
11368,617.0,2023-01-19,delivered,app,paypal
11369,1344.0,2024-08-01,paid,app,paypal
11370,664.0,2024-11-25,refunded,web,tarjeta
11371,2869.0,2023-12-27,delivered,app,tarjeta
11372,567.0,2024-09-16,refunded,web,paypal
11373,2113.0,2024-06-25,cancelled,web,tarjeta
11374,1114.0,2024-12-08,delivered,marketplace,paypal
11375,658.0,2023-04-07,delivered,marketplace,transferencia
11376,764.0,2024-06-05,delivered,web,paypal
11377,557.0,2023-04-16,created,marketplace,transferencia
11378,2678.0,2024-08-19,delivered,web,transferencia
11379,1053.0,2025-04-11,paid,marketplace,transferencia
11380,2999.0,2025-12-30,created,web,contrareembolso
11381,1951.0,2025-09-06,delivered,marketplace,transferencia
11382,851.0,2025-05-05,delivered,app,paypal
11383,2500.0,2024-09-14,delivered,web,tarjeta
11384,2451.0,2023-09-18,cancelled,marketplace,tarjeta
11385,1030.0,2024-10-31,delivered,app,tarjeta
11386,1530.0,2024-05-13,delivered,app,contrareembolso
11387,2835.0,2023-01-06,delivered,web,tarjeta
11388,1641.0,2024-01-15,created,web,contrareembolso
11389,323.0,2023-05-12,shipped,web,transferencia
11390,2216.0,2024-10-14,paid,app,transferencia
11391,1343.0,2025-02-27,delivered,marketplace,paypal
11392,1566.0,2025-01-16,delivered,app,tarjeta
11393,1272.0,2024-12-20,paid,marketplace,contrareembolso
11394,2364.0,2023-06-10,refunded,marketplace,paypal
11395,1743.0,2024-02-04,delivered,web,paypal
11396,2354.0,2025-09-06,cancelled,web,contrareembolso
11397,2989.0,2024-11-17,cancelled,marketplace,contrareembolso
11398,1572.0,2025-12-29,delivered,app,contrareembolso
11399,157.0,2025-11-25,delivered,marketplace,transferencia
11400,554.0,2023-02-21,delivered,web,transferencia
11401,2658.0,2025-10-05,refunded,marketplace,transferencia
11402,1189.0,2025-04-17,delivered,marketplace,contrareembolso
11403,850.0,2023-02-25,delivered,marketplace,contrareembolso
11404,1268.0,2024-04-29,delivered,web,contrareembolso
11405,1166.0,2025-02-24,shipped,app,contrareembolso
11406,840.0,2024-08-31,delivered,web,paypal
11407,2201.0,2023-04-24,cancelled,web,contrareembolso
11408,367.0,2023-07-25,cancelled,web,tarjeta
11409,854.0,2025-03-21,delivered,app,paypal
11410,80.0,2025-07-04,delivered,web,transferencia
11411,2522.0,2023-10-30,delivered,web,tarjeta
11412,2216.0,2024-02-27,paid,marketplace,paypal
11413,246.0,2024-04-02,delivered,app,transferencia
11414,1063.0,2025-11-07,delivered,marketplace,contrareembolso
11415,353.0,2024-09-07,shipped,web,tarjeta
11416,1075.0,2025-08-08,delivered,web,contrareembolso
11417,2675.0,2024-10-18,delivered,app,tarjeta
11418,1286.0,2023-09-22,delivered,web,transferencia
11419,1592.0,2025-10-22,delivered,marketplace,contrareembolso
11420,936.0,2024-03-20,delivered,web,transferencia
11421,2193.0,2024-08-13,shipped,web,tarjeta
11422,2338.0,2025-03-15,paid,web,paypal
11423,1202.0,2025-10-31,delivered,marketplace,contrareembolso
11424,195.0,2025-03-15,delivered,app,tarjeta
11425,1059.0,2024-01-10,delivered,marketplace,transferencia
11426,292.0,2025-06-04,delivered,app,paypal
11427,2983.0,2024-02-03,paid,marketplace,transferencia
11428,1205.0,2023-04-08,delivered,app,contrareembolso
11429,954.0,2025-10-19,delivered,web,transferencia
11430,2478.0,2023-10-17,shipped,marketplace,paypal
11431,2239.0,2025-11-04,paid,marketplace,contrareembolso
11432,140.0,2023-06-22,delivered,marketplace,contrareembolso
11433,1862.0,2025-10-09,delivered,web,paypal
11434,2575.0,2024-03-06,delivered,marketplace,contrareembolso
11435,1045.0,2023-08-07,delivered,marketplace,paypal
11436,240.0,2023-02-08,delivered,app,paypal
11437,2696.0,2025-02-23,delivered,web,contrareembolso
11438,276.0,2023-08-15,cancelled,marketplace,tarjeta
11439,2083.0,2025-05-24,delivered,web,tarjeta
11440,2706.0,2023-05-22,delivered,marketplace,transferencia
11441,106.0,2025-02-11,delivered,web,transferencia
11442,2784.0,2023-05-03,delivered,marketplace,paypal
11443,2978.0,2023-05-20,delivered,marketplace,tarjeta
11444,2724.0,2024-07-16,delivered,web,transferencia
11445,1682.0,2024-09-05,delivered,marketplace,paypal
11446,1994.0,2024-12-08,delivered,web,transferencia
11447,539.0,,delivered,web,paypal
11448,1935.0,2023-05-30,delivered,marketplace,contrareembolso
11449,2554.0,2025-05-20,delivered,marketplace,contrareembolso
11450,1033.0,2024-08-15,cancelled,web,paypal
11451,1368.0,2025-06-22,paid,app,transferencia
11452,531.0,2023-02-27,paid,marketplace,transferencia
11453,2594.0,2024-06-24,delivered,web,paypal
11454,1878.0,2024-09-07,delivered,web,transferencia
11455,1713.0,2025-05-25,delivered,app,contrareembolso
11456,2530.0,2024-12-02,delivered,app,contrareembolso
11457,1259.0,2023-02-13,shipped,marketplace,tarjeta
11458,1428.0,2023-07-31,shipped,marketplace,contrareembolso
11459,276.0,2025-02-26,delivered,app,transferencia
11460,1408.0,2025-08-09,delivered,web,transferencia
11461,77.0,2024-02-11,shipped,marketplace,paypal
11462,1630.0,2023-08-25,delivered,marketplace,paypal
11463,2220.0,2023-09-18,delivered,web,contrareembolso
11464,1708.0,2026-03-21,delivered,web,transferencia
11465,1942.0,2024-06-06,refunded,app,tarjeta
11466,945.0,2024-12-15,delivered,app,paypal
11467,2669.0,2023-06-10,delivered,marketplace,paypal
11468,1680.0,2023-05-17,delivered,marketplace,paypal
11469,2922.0,2023-09-17,delivered,app,transferencia
11470,551.0,2023-11-02,cancelled,marketplace,transferencia
11471,1633.0,2025-03-20,delivered,web,paypal
11472,1989.0,2025-03-25,delivered,web,tarjeta
11473,1158.0,2026-06-07,delivered,web,paypal
11474,344.0,2024-05-07,delivered,web,transferencia
11475,1303.0,2024-03-14,delivered,marketplace,paypal
11476,2258.0,2024-11-20,delivered,web,contrareembolso
11477,2542.0,2025-05-08,paid,marketplace,transferencia
11478,1717.0,2024-11-15,delivered,app,contrareembolso
11479,1424.0,2025-01-31,delivered,web,contrareembolso
11480,1898.0,2025-05-01,delivered,app,tarjeta
11481,884.0,2025-03-05,cancelled,app,tarjeta
11482,133.0,2025-10-01,shipped,marketplace,tarjeta
11483,2577.0,2023-03-07,delivered,web,contrareembolso
11484,2937.0,2024-02-27,delivered,app,paypal
11485,1228.0,2025-07-25,refunded,marketplace,paypal
11486,2311.0,2025-05-29,delivered,marketplace,contrareembolso
11487,1462.0,2024-12-06,delivered,marketplace,paypal
11488,2091.0,2023-11-25,delivered,app,paypal
11489,2356.0,2023-03-08,cancelled,app,transferencia
11490,2466.0,2024-10-04,delivered,marketplace,paypal
11491,185.0,2025-10-05,shipped,marketplace,tarjeta
11492,,2023-07-11,delivered,marketplace,tarjeta
11493,1893.0,2024-05-31,delivered,marketplace,paypal
11494,2800.0,2024-03-20,cancelled,web,tarjeta
11495,1246.0,2025-11-06,delivered,marketplace,transferencia
11496,95.0,2023-04-01,paid,marketplace,transferencia
11497,2535.0,2024-12-01,refunded,web,contrareembolso
11498,1028.0,2024-01-04,delivered,marketplace,tarjeta
11499,145.0,2025-10-29,delivered,marketplace,tarjeta
11500,1689.0,2024-08-23,delivered,web,contrareembolso
11501,275.0,2025-03-01,delivered,app,tarjeta
11502,2077.0,2023-01-14,shipped,app,tarjeta
11503,859.0,2025-02-07,shipped,web,transferencia
11504,2196.0,2025-01-14,delivered,marketplace,tarjeta
11505,1081.0,2023-03-12,delivered,marketplace,paypal
11506,1291.0,2023-03-14,delivered,app,paypal
11507,1889.0,2025-02-25,delivered,app,contrareembolso
11508,2598.0,2023-08-29,shipped,app,contrareembolso
11509,2354.0,2025-07-22,paid,web,tarjeta
11510,746.0,2025-09-05,delivered,marketplace,tarjeta
11511,1804.0,2024-06-26,delivered,app,contrareembolso
11512,356.0,2023-01-03,created,app,tarjeta
11513,821.0,2025-05-26,delivered,marketplace,paypal
11514,1405.0,2023-12-17,delivered,marketplace,transferencia
11515,230.0,2024-12-22,delivered,web,paypal
11516,1314.0,2024-05-08,cancelled,app,tarjeta
11517,267.0,2024-08-19,refunded,app,contrareembolso
11518,1523.0,2023-11-01,refunded,app,contrareembolso
11519,792.0,2025-07-09,delivered,marketplace,contrareembolso
11520,1995.0,2024-11-05,delivered,app,contrareembolso
11521,1721.0,2025-10-30,delivered,marketplace,transferencia
11522,1739.0,2023-04-29,delivered,app,contrareembolso
11523,661.0,2025-04-18,shipped,web,transferencia
11524,431.0,2023-04-29,paid,marketplace,contrareembolso
11525,1870.0,2023-12-20,paid,marketplace,paypal
11526,2490.0,2025-05-26,delivered,marketplace,transferencia
11527,2563.0,2024-10-14,delivered,marketplace,transferencia
11528,998.0,2024-07-02,delivered,web,transferencia
11529,1498.0,2023-01-09,delivered,web,transferencia
11530,1920.0,2023-08-02,created,web,paypal
11531,311.0,2024-08-18,created,web,contrareembolso
11532,1087.0,2025-09-12,refunded,app,tarjeta
11533,2509.0,2023-10-20,delivered,marketplace,paypal
11534,1199.0,2025-03-15,delivered,app,transferencia
11535,2455.0,2025-05-25,shipped,app,tarjeta
11536,1452.0,2023-08-25,delivered,web,paypal
11537,2462.0,2023-06-08,delivered,web,transferencia
11538,1181.0,2024-06-30,delivered,app,transferencia
11539,1964.0,2024-01-20,delivered,web,contrareembolso
11540,340.0,2025-08-23,delivered,web,paypal
11541,526.0,2023-09-28,delivered,marketplace,paypal
11542,2595.0,2024-02-15,delivered,app,paypal
11543,2817.0,2023-08-10,delivered,marketplace,paypal
11544,141.0,2025-07-05,shipped,marketplace,paypal
11545,1257.0,2025-02-27,delivered,app,tarjeta
11546,230.0,2025-06-01,delivered,app,contrareembolso
11547,2269.0,2025-06-30,shipped,app,tarjeta
11548,2959.0,2024-09-08,delivered,web,transferencia
11549,3012.0,2025-05-28,delivered,web,paypal
11550,1493.0,2023-04-22,paid,web,paypal
11551,536.0,2024-12-13,delivered,app,contrareembolso
11552,2016.0,2024-04-05,delivered,web,paypal
11553,988.0,2024-07-03,delivered,marketplace,tarjeta
11554,2167.0,2025-08-29,delivered,app,contrareembolso
11555,2124.0,2025-01-20,delivered,web,paypal
11556,2527.0,2023-07-27,delivered,web,tarjeta
11557,741.0,2024-03-20,delivered,web,paypal
11558,2660.0,2023-08-11,delivered,app,transferencia
11559,1553.0,2024-03-24,delivered,web,contrareembolso
11560,1732.0,2025-08-27,delivered,web,tarjeta
11561,2385.0,2025-12-13,delivered,web,contrareembolso
11562,2032.0,2025-04-12,delivered,marketplace,tarjeta
11563,2646.0,2024-07-16,delivered,app,transferencia
11564,2028.0,2023-10-20,delivered,web,paypal
11565,2299.0,2024-10-24,paid,marketplace,paypal
11566,2236.0,2025-03-14,delivered,app,paypal
11567,2257.0,2023-08-29,delivered,web,transferencia
11568,539.0,2025-12-05,delivered,app,tarjeta
11569,685.0,2025-04-27,delivered,marketplace,transferencia
11570,2847.0,2025-03-28,paid,app,paypal
11571,570.0,2025-09-26,paid,marketplace,paypal
11572,1298.0,2024-08-02,cancelled,app,contrareembolso
11573,1659.0,2025-01-02,delivered,app,tarjeta
11574,1941.0,2025-06-04,delivered,web,tarjeta
11575,2758.0,2025-08-07,delivered,app,contrareembolso
11576,18.0,2024-02-17,delivered,web,tarjeta
11577,1649.0,2023-08-22,delivered,app,contrareembolso
11578,1592.0,2023-06-06,delivered,web,contrareembolso
11579,2811.0,2023-08-29,refunded,app,paypal
11580,1778.0,2024-04-08,shipped,web,contrareembolso
11581,1386.0,2024-04-26,delivered,web,tarjeta
11582,1032.0,2023-03-24,delivered,app,transferencia
11583,596.0,2023-10-17,delivered,web,paypal
11584,273.0,2025-09-25,delivered,marketplace,transferencia
11585,1090.0,2024-11-16,delivered,web,contrareembolso
11586,668.0,2023-12-19,paid,web,paypal
11587,2236.0,2023-10-09,delivered,app,contrareembolso
11588,1050.0,2024-06-26,delivered,app,tarjeta
11589,986.0,2023-11-21,delivered,marketplace,contrareembolso
11590,150.0,2023-02-28,delivered,app,tarjeta
11591,1777.0,2023-12-14,delivered,marketplace,paypal
11592,2632.0,2024-07-01,delivered,web,tarjeta
11593,2048.0,2023-08-11,delivered,web,contrareembolso
11594,2441.0,2023-10-16,delivered,app,transferencia
11595,1233.0,2023-08-07,refunded,app,tarjeta
11596,118.0,2025-08-30,delivered,web,transferencia
11597,1901.0,2024-08-23,delivered,marketplace,contrareembolso
11598,636.0,2023-08-27,delivered,web,contrareembolso
11599,1343.0,2023-10-06,delivered,marketplace,transferencia
11600,2575.0,2023-09-06,delivered,web,tarjeta
11601,985.0,2023-01-11,delivered,app,contrareembolso
11602,777.0,2025-05-01,delivered,app,contrareembolso
11603,2675.0,2025-12-13,delivered,app,contrareembolso
11604,580.0,2023-12-24,cancelled,app,tarjeta
11605,311.0,2024-09-07,shipped,web,tarjeta
11606,2334.0,2025-06-24,delivered,marketplace,paypal
11607,2737.0,2023-01-22,delivered,app,paypal
11608,834.0,2024-06-15,paid,app,tarjeta
11609,100.0,2023-01-24,delivered,web,paypal
11610,443.0,2023-05-11,delivered,marketplace,contrareembolso
11611,665.0,2023-12-27,delivered,marketplace,tarjeta
11612,1755.0,2024-10-05,delivered,web,transferencia
11613,1611.0,2023-12-07,shipped,app,transferencia
11614,2995.0,2024-04-25,delivered,marketplace,transferencia
11615,1500.0,2024-09-13,delivered,marketplace,contrareembolso
11616,2987.0,2025-07-03,delivered,marketplace,tarjeta
11617,343.0,2024-10-26,paid,marketplace,transferencia
11618,2158.0,2023-08-18,delivered,app,contrareembolso
11619,2279.0,2025-10-23,delivered,marketplace,contrareembolso
11620,2091.0,2025-11-03,delivered,app,contrareembolso
11621,1218.0,2023-02-27,cancelled,web,tarjeta
11622,563.0,2024-11-07,delivered,app,paypal
11623,2294.0,2024-06-13,delivered,marketplace,transferencia
11624,2609.0,2023-01-13,delivered,marketplace,contrareembolso
11625,1976.0,2024-06-02,delivered,web,transferencia
11626,1932.0,2024-11-08,delivered,app,tarjeta
11627,1248.0,2023-02-10,delivered,marketplace,tarjeta
11628,2258.0,2024-03-02,delivered,marketplace,transferencia
11629,1595.0,2025-10-04,shipped,web,contrareembolso
11630,2099.0,2023-04-11,delivered,app,tarjeta
11631,120.0,2023-08-08,delivered,marketplace,contrareembolso
11632,167.0,2024-10-25,delivered,marketplace,paypal
11633,990.0,2023-01-05,paid,marketplace,contrareembolso
11634,115.0,2023-12-09,delivered,marketplace,paypal
11635,2981.0,2023-03-17,cancelled,app,transferencia
11636,1941.0,2025-07-03,delivered,marketplace,transferencia
11637,2760.0,2025-10-03,shipped,marketplace,contrareembolso
11638,1710.0,2023-08-25,delivered,app,paypal
11639,2427.0,2023-10-24,delivered,web,transferencia
11640,177.0,2024-09-01,delivered,marketplace,tarjeta
11641,2769.0,2023-10-04,delivered,marketplace,transferencia
11642,808.0,2023-07-27,delivered,marketplace,transferencia
11643,740.0,2023-05-10,cancelled,marketplace,transferencia
11644,67.0,2024-02-23,delivered,marketplace,transferencia
11645,2635.0,2023-05-04,paid,marketplace,paypal
11646,1930.0,2023-06-28,paid,marketplace,contrareembolso
11647,2739.0,2024-07-15,delivered,app,contrareembolso
11648,1933.0,2024-03-02,delivered,marketplace,transferencia
11649,1516.0,2024-05-30,delivered,web,contrareembolso
11650,883.0,2024-09-29,delivered,web,paypal
11651,1693.0,2024-03-12,delivered,web,transferencia
11652,42.0,2023-03-13,delivered,app,transferencia
11653,1490.0,2024-08-19,delivered,web,tarjeta
11654,2516.0,2023-02-25,cancelled,web,tarjeta
11655,2122.0,2024-10-10,shipped,marketplace,paypal
11656,1356.0,2023-06-12,shipped,marketplace,paypal
11657,2043.0,2024-04-21,delivered,marketplace,contrareembolso
11658,2976.0,2024-05-11,delivered,web,transferencia
11659,739.0,2024-02-11,delivered,marketplace,paypal
11660,2997.0,2024-12-11,cancelled,marketplace,tarjeta
11661,1380.0,2025-10-26,delivered,marketplace,tarjeta
11662,3.0,2024-05-14,delivered,web,paypal
11663,2710.0,2024-07-15,shipped,app,paypal
11664,1057.0,2023-08-23,delivered,app,tarjeta
11665,2945.0,2024-03-13,delivered,app,contrareembolso
11666,1817.0,2024-06-13,delivered,web,paypal
11667,1897.0,2025-10-06,delivered,marketplace,transferencia
11668,395.0,2025-03-14,delivered,marketplace,tarjeta
11669,765.0,2023-05-19,shipped,marketplace,contrareembolso
11670,2170.0,2024-07-07,delivered,app,contrareembolso
11671,2397.0,2024-12-02,delivered,marketplace,tarjeta
11672,2.0,2024-07-15,delivered,marketplace,paypal
11673,433.0,2025-02-18,delivered,web,tarjeta
11674,2014.0,2023-12-03,delivered,app,contrareembolso
11675,886.0,2025-02-19,delivered,app,contrareembolso
11676,2190.0,2024-05-05,delivered,app,paypal
11677,404.0,2024-08-23,delivered,app,tarjeta
11678,2539.0,2023-07-10,delivered,app,transferencia
11679,711.0,2024-07-01,delivered,web,contrareembolso
11680,1358.0,2024-04-11,delivered,web,transferencia
11681,2065.0,2023-05-13,delivered,web,paypal
11682,373.0,2023-10-23,delivered,marketplace,contrareembolso
11683,953.0,2024-09-24,shipped,app,tarjeta
11684,1962.0,2025-10-11,delivered,marketplace,paypal
11685,435.0,2024-12-13,delivered,app,contrareembolso
11686,485.0,2023-07-08,delivered,web,paypal
11687,647.0,2023-01-16,delivered,app,transferencia
11688,2924.0,2024-09-26,delivered,marketplace,transferencia
11689,2042.0,2023-11-29,cancelled,marketplace,paypal
11690,1758.0,2023-10-22,delivered,app,tarjeta
11691,2426.0,2025-06-18,refunded,marketplace,tarjeta
11692,2459.0,2025-09-04,delivered,app,paypal
11693,2366.0,2025-07-17,delivered,marketplace,contrareembolso
11694,182.0,2023-07-23,delivered,marketplace,paypal
11695,2924.0,2025-10-15,delivered,web,contrareembolso
11696,2882.0,2024-11-19,delivered,web,tarjeta
11697,199.0,2023-07-08,delivered,web,transferencia
11698,2165.0,2024-12-31,shipped,web,tarjeta
11699,1962.0,2024-12-07,delivered,web,contrareembolso
11700,818.0,2024-10-22,delivered,app,transferencia
11701,2700.0,2023-01-31,delivered,marketplace,transferencia
11702,1426.0,2024-02-01,paid,marketplace,contrareembolso
11703,326.0,2023-02-24,paid,web,contrareembolso
11704,1474.0,2023-01-23,delivered,app,transferencia
11705,2956.0,2023-12-30,delivered,web,contrareembolso
11706,2283.0,2023-07-04,shipped,web,paypal
11707,1823.0,2023-03-30,cancelled,marketplace,contrareembolso
11708,1851.0,2023-09-13,delivered,marketplace,paypal
11709,2344.0,2023-07-14,delivered,marketplace,transferencia
11710,855.0,2024-07-22,delivered,app,tarjeta
11711,775.0,2024-09-17,delivered,app,transferencia
11712,555.0,2025-04-16,cancelled,app,transferencia
11713,1750.0,2024-04-23,delivered,app,contrareembolso
11714,1179.0,2023-12-29,delivered,app,contrareembolso
11715,,2023-08-01,delivered,app,paypal
11716,2963.0,2024-08-07,delivered,web,contrareembolso
11717,2409.0,2025-06-15,delivered,marketplace,contrareembolso
11718,2567.0,2024-08-04,delivered,app,paypal
11719,229.0,2025-07-12,delivered,marketplace,tarjeta
11720,1015.0,2023-12-02,delivered,marketplace,contrareembolso
11721,1565.0,2024-07-05,delivered,marketplace,tarjeta
11722,1429.0,2024-09-23,delivered,marketplace,tarjeta
11723,163.0,2023-12-06,paid,web,transferencia
11724,845.0,2024-02-11,delivered,app,paypal
11725,2844.0,2025-01-21,delivered,marketplace,transferencia
11726,346.0,2024-08-12,cancelled,marketplace,contrareembolso
11727,710.0,2023-11-04,delivered,marketplace,tarjeta
11728,2039.0,2025-09-04,delivered,web,paypal
11729,885.0,2025-02-06,delivered,web,paypal
11730,2066.0,2025-12-13,delivered,app,paypal
11731,224.0,2025-12-30,delivered,marketplace,transferencia
11732,2809.0,2025-06-18,delivered,marketplace,transferencia
11733,2948.0,2025-04-19,cancelled,marketplace,tarjeta
11734,1441.0,2024-08-13,cancelled,app,contrareembolso
11735,1537.0,2024-08-30,delivered,app,contrareembolso
11736,2705.0,2023-08-17,refunded,app,paypal
11737,1828.0,2025-10-14,paid,app,paypal
11738,517.0,2025-07-12,paid,app,tarjeta
11739,723.0,2023-05-20,paid,web,contrareembolso
11740,2563.0,2025-02-10,delivered,app,transferencia
11741,648.0,2025-09-01,delivered,marketplace,tarjeta
11742,1574.0,2024-01-04,delivered,marketplace,transferencia
11743,1940.0,2024-11-18,paid,marketplace,tarjeta
11744,51.0,2023-09-08,shipped,app,paypal
11745,621.0,2023-12-07,delivered,app,contrareembolso
11746,2164.0,2025-12-21,created,marketplace,contrareembolso
11747,497.0,2025-07-09,delivered,web,contrareembolso
11748,345.0,2023-08-08,delivered,web,transferencia
11749,1979.0,2023-01-21,delivered,app,paypal
11750,569.0,2024-12-23,delivered,app,paypal
11751,2331.0,2024-11-27,cancelled,app,tarjeta
11752,2686.0,2025-03-21,delivered,web,tarjeta
11753,1221.0,2025-08-25,delivered,app,paypal
11754,1517.0,2025-06-03,delivered,app,tarjeta
11755,1703.0,2025-04-14,delivered,marketplace,paypal
11756,1428.0,2025-05-08,delivered,app,paypal
11757,2538.0,2023-11-05,paid,app,tarjeta
11758,2793.0,2023-01-16,created,marketplace,contrareembolso
11759,832.0,2024-07-27,paid,web,transferencia
11760,662.0,2025-05-14,delivered,app,paypal
11761,1363.0,2025-09-05,paid,app,paypal
11762,41.0,2025-03-06,paid,web,contrareembolso
11763,2333.0,2024-09-11,delivered,web,paypal
11764,78.0,2024-05-05,shipped,marketplace,contrareembolso
11765,1158.0,2024-06-16,shipped,marketplace,contrareembolso
11766,1323.0,2024-03-10,delivered,app,contrareembolso
11767,2608.0,2025-11-28,shipped,web,transferencia
11768,2046.0,2023-10-21,delivered,marketplace,transferencia
11769,1331.0,2023-04-12,shipped,app,contrareembolso
11770,2318.0,2023-11-11,paid,web,transferencia
11771,296.0,2023-07-23,delivered,marketplace,transferencia
11772,209.0,2023-04-22,delivered,marketplace,contrareembolso
11773,871.0,2025-09-12,delivered,web,tarjeta
11774,796.0,2023-04-13,paid,marketplace,transferencia
11775,1747.0,2023-01-18,delivered,web,paypal
11776,1970.0,2025-02-12,shipped,marketplace,tarjeta
11777,2971.0,2025-12-25,delivered,app,contrareembolso
11778,2829.0,2024-11-20,refunded,marketplace,tarjeta
11779,2519.0,2023-05-11,delivered,marketplace,paypal
11780,2027.0,2023-09-10,delivered,app,tarjeta
11781,1844.0,2023-09-02,delivered,app,tarjeta
11782,190.0,2024-12-18,delivered,app,paypal
11783,927.0,2023-10-06,delivered,marketplace,tarjeta
11784,2754.0,2023-12-24,delivered,app,contrareembolso
11785,1841.0,2024-07-31,delivered,marketplace,tarjeta
11786,1391.0,2023-08-29,delivered,marketplace,tarjeta
11787,694.0,2024-11-21,delivered,web,paypal
11788,412.0,2025-02-14,delivered,web,contrareembolso
11789,1525.0,2024-03-26,delivered,app,transferencia
11790,1676.0,2023-08-05,refunded,web,contrareembolso
11791,699.0,2024-09-25,delivered,web,tarjeta
11792,286.0,2023-10-27,refunded,marketplace,transferencia
11793,952.0,2025-12-30,shipped,web,paypal
11794,1750.0,2025-10-10,delivered,marketplace,paypal
11795,1698.0,2024-03-05,created,app,contrareembolso
11796,1857.0,2023-03-02,delivered,app,contrareembolso
11797,939.0,2024-04-25,cancelled,app,tarjeta
11798,1208.0,2025-03-09,delivered,web,contrareembolso
11799,1563.0,2023-02-09,delivered,web,contrareembolso
11800,1725.0,2023-08-15,delivered,marketplace,tarjeta
11801,2319.0,2024-12-10,delivered,app,paypal
11802,206.0,2025-10-27,delivered,marketplace,transferencia
11803,1033.0,2024-02-07,delivered,app,tarjeta
11804,165.0,2023-03-19,delivered,app,paypal
11805,1529.0,2024-05-31,delivered,marketplace,contrareembolso
11806,1261.0,2023-09-21,shipped,marketplace,paypal
11807,2216.0,2023-11-10,paid,marketplace,paypal
11808,1643.0,2025-08-14,delivered,marketplace,contrareembolso
11809,2096.0,2024-12-10,cancelled,marketplace,paypal
11810,2790.0,2023-03-22,refunded,marketplace,transferencia
11811,1214.0,2023-10-18,refunded,web,paypal
11812,632.0,2024-03-03,delivered,web,paypal
11813,2128.0,2023-04-19,delivered,web,tarjeta
11814,496.0,2025-09-23,delivered,marketplace,contrareembolso
11815,2967.0,2025-08-31,delivered,app,transferencia
11816,2320.0,2025-03-07,delivered,marketplace,transferencia
11817,583.0,2025-02-20,created,web,contrareembolso
11818,916.0,2024-08-10,delivered,app,transferencia
11819,2871.0,2025-09-27,delivered,web,transferencia
11820,421.0,2025-08-18,delivered,web,paypal
11821,2772.0,2024-04-20,delivered,app,transferencia
11822,2212.0,2023-08-04,delivered,app,tarjeta
11823,918.0,2024-03-20,delivered,app,transferencia
11824,2372.0,2025-04-22,delivered,marketplace,paypal
11825,2136.0,2023-01-10,delivered,web,tarjeta
11826,699.0,2024-06-29,delivered,app,tarjeta
11827,639.0,2024-09-12,paid,web,contrareembolso
11828,2229.0,2025-03-04,cancelled,app,paypal
11829,741.0,2023-01-23,delivered,web,transferencia
11830,479.0,2023-05-08,delivered,app,transferencia
11831,1015.0,2023-02-07,delivered,web,tarjeta
11832,1261.0,2024-05-18,delivered,web,transferencia
11833,2625.0,2023-03-19,paid,marketplace,tarjeta
11834,1646.0,2025-01-18,shipped,app,tarjeta
11835,483.0,2025-05-22,delivered,web,tarjeta
11836,924.0,2024-04-18,delivered,web,paypal
11837,1739.0,2024-04-06,delivered,app,tarjeta
11838,2938.0,2023-07-13,delivered,app,transferencia
11839,1567.0,2024-01-19,delivered,web,paypal
11840,1456.0,2025-04-01,delivered,web,tarjeta
11841,1738.0,2024-08-06,shipped,marketplace,transferencia
11842,1435.0,2025-07-06,delivered,app,contrareembolso
11843,574.0,2023-07-23,shipped,marketplace,transferencia
11844,1762.0,2024-01-06,delivered,marketplace,transferencia
11845,185.0,2024-02-15,delivered,web,tarjeta
11846,2690.0,2025-05-04,shipped,app,tarjeta
11847,2102.0,2024-02-27,delivered,marketplace,transferencia
11848,1008.0,2024-01-08,delivered,app,contrareembolso
11849,2958.0,2025-06-10,delivered,web,tarjeta
11850,1368.0,2024-10-20,delivered,marketplace,paypal
11851,206.0,2025-03-01,delivered,web,contrareembolso
11852,1059.0,2025-04-23,created,app,tarjeta
11853,2091.0,2025-01-26,delivered,web,transferencia
11854,954.0,2024-11-07,delivered,marketplace,contrareembolso
11855,2614.0,2024-12-04,delivered,web,transferencia
11856,1420.0,2023-10-26,paid,web,paypal
11857,736.0,2023-01-12,shipped,marketplace,tarjeta
11858,1946.0,2024-08-27,delivered,app,paypal
11859,1998.0,2024-09-29,paid,marketplace,tarjeta
11860,1277.0,2024-06-05,delivered,marketplace,tarjeta
11861,1184.0,2025-01-16,delivered,app,tarjeta
11862,2826.0,2023-08-03,shipped,marketplace,paypal
11863,942.0,2024-02-02,delivered,web,contrareembolso
11864,1447.0,2024-10-01,paid,web,paypal
11865,2098.0,2025-05-15,delivered,marketplace,transferencia
11866,1109.0,2024-09-22,delivered,app,transferencia
11867,1343.0,2024-08-02,created,app,transferencia
11868,1561.0,2023-07-13,delivered,app,transferencia
11869,1338.0,2024-01-02,delivered,marketplace,paypal
11870,553.0,2024-12-22,delivered,marketplace,contrareembolso
11871,845.0,2024-12-04,delivered,marketplace,contrareembolso
11872,1348.0,2024-05-27,refunded,marketplace,contrareembolso
11873,1608.0,2025-12-25,shipped,app,transferencia
11874,2058.0,2025-06-22,delivered,app,transferencia
11875,1806.0,2023-09-04,delivered,app,contrareembolso
11876,1764.0,2023-09-19,delivered,marketplace,paypal
11877,2606.0,2023-06-27,delivered,marketplace,tarjeta
11878,962.0,2023-12-24,delivered,web,transferencia
11879,1091.0,2025-10-21,delivered,marketplace,transferencia
11880,614.0,2025-03-01,shipped,app,transferencia
11881,466.0,2024-10-12,delivered,web,paypal
11882,1036.0,2024-05-16,delivered,app,contrareembolso
11883,1000.0,2023-09-27,delivered,app,contrareembolso
11884,2801.0,2025-01-28,delivered,marketplace,contrareembolso
11885,1147.0,2025-05-26,shipped,marketplace,tarjeta
11886,2957.0,2023-03-24,delivered,app,contrareembolso
11887,1121.0,2023-10-23,delivered,app,paypal
11888,1517.0,2023-11-12,created,web,paypal
11889,1428.0,2024-01-18,delivered,web,transferencia
11890,2286.0,2025-08-28,delivered,web,transferencia
11891,226.0,2023-07-31,delivered,app,transferencia
11892,2560.0,2024-07-11,shipped,app,tarjeta
11893,255.0,2024-06-27,delivered,app,contrareembolso
11894,630.0,2025-08-03,delivered,app,paypal
11895,184.0,2023-09-18,delivered,app,tarjeta
11896,294.0,2024-09-12,delivered,web,paypal
11897,1646.0,2025-04-04,shipped,marketplace,contrareembolso
11898,167.0,2023-10-26,delivered,app,transferencia
11899,2451.0,2024-06-07,created,app,transferencia
11900,1693.0,2023-09-11,delivered,marketplace,paypal
11901,603.0,2024-10-10,cancelled,marketplace,contrareembolso
11902,420.0,2023-04-23,created,web,contrareembolso
11903,1090.0,2023-03-07,delivered,app,transferencia
11904,105.0,2023-03-14,delivered,app,contrareembolso
11905,2583.0,2025-01-08,delivered,marketplace,contrareembolso
11906,,2025-03-30,paid,marketplace,tarjeta
11907,2786.0,2025-11-30,delivered,marketplace,transferencia
11908,86.0,2023-07-17,shipped,marketplace,tarjeta
11909,2367.0,2025-03-12,delivered,web,tarjeta
11910,1811.0,2023-08-06,delivered,app,transferencia
11911,440.0,2025-04-07,refunded,web,contrareembolso
11912,480.0,2024-10-09,delivered,web,paypal
11913,1821.0,2024-10-28,delivered,web,paypal
11914,550.0,2023-06-10,delivered,marketplace,tarjeta
11915,2766.0,2025-05-10,delivered,app,contrareembolso
11916,2794.0,2023-05-18,delivered,marketplace,tarjeta
11917,430.0,2023-12-26,delivered,web,tarjeta
11918,1705.0,2023-11-06,delivered,marketplace,paypal
11919,462.0,2023-05-12,delivered,marketplace,paypal
11920,1985.0,2025-03-06,delivered,app,transferencia
11921,768.0,2023-04-24,delivered,web,contrareembolso
11922,2078.0,2024-11-29,delivered,marketplace,paypal
11923,1198.0,2024-01-20,delivered,marketplace,contrareembolso
11924,37.0,2025-12-07,delivered,marketplace,transferencia
11925,1359.0,2025-07-07,delivered,app,tarjeta
11926,1897.0,2024-12-19,delivered,app,transferencia
11927,937.0,2024-06-29,shipped,app,contrareembolso
11928,515.0,2023-02-11,delivered,marketplace,paypal
11929,351.0,2024-08-31,delivered,web,paypal
11930,2616.0,2023-09-27,delivered,marketplace,paypal
11931,814.0,2025-10-14,refunded,app,paypal
11932,1452.0,2025-09-12,shipped,app,contrareembolso
11933,1474.0,2024-08-11,delivered,app,contrareembolso
11934,2479.0,2025-05-08,delivered,web,tarjeta
11935,1072.0,2024-05-15,delivered,app,contrareembolso
11936,94.0,2024-04-06,delivered,marketplace,paypal
11937,232.0,2023-01-07,delivered,marketplace,contrareembolso
11938,515.0,2024-11-11,delivered,marketplace,tarjeta
11939,2634.0,2025-11-20,delivered,marketplace,tarjeta
11940,2705.0,2025-04-21,delivered,app,contrareembolso
11941,1727.0,2025-06-05,paid,marketplace,tarjeta
11942,63.0,2023-01-15,delivered,app,transferencia
11943,221.0,2025-03-29,delivered,app,paypal
11944,1239.0,2024-02-20,delivered,web,tarjeta
11945,117.0,2024-10-31,shipped,web,paypal
11946,1350.0,2024-11-26,refunded,app,paypal
11947,1476.0,2023-07-06,delivered,app,transferencia
11948,1159.0,2025-06-25,delivered,web,transferencia
11949,1203.0,2025-01-26,delivered,web,tarjeta
11950,336.0,2024-04-05,cancelled,app,tarjeta
11951,256.0,2023-03-19,shipped,app,paypal
11952,2741.0,2023-01-15,cancelled,app,contrareembolso
11953,1898.0,2024-08-18,delivered,app,contrareembolso
11954,1262.0,2024-10-10,delivered,app,paypal
11955,700.0,2024-10-25,paid,web,contrareembolso
11956,1227.0,2023-12-10,refunded,marketplace,contrareembolso
11957,1148.0,2025-12-14,delivered,marketplace,paypal
11958,1732.0,2025-10-26,refunded,web,contrareembolso
11959,1558.0,2023-11-17,delivered,app,transferencia
11960,17.0,2025-07-11,delivered,app,paypal
11961,1665.0,2023-01-28,delivered,app,paypal
11962,2132.0,2024-10-30,delivered,marketplace,tarjeta
11963,2519.0,2024-04-21,delivered,web,transferencia
11964,1843.0,2023-04-11,paid,app,contrareembolso
11965,2500.0,2024-01-02,created,web,paypal
11966,2266.0,2025-07-20,paid,app,transferencia
11967,412.0,2023-02-10,delivered,web,paypal
11968,1051.0,2024-05-31,delivered,web,contrareembolso
11969,1758.0,2025-03-26,delivered,marketplace,transferencia
11970,581.0,2023-09-10,delivered,web,paypal
11971,2052.0,2025-03-15,delivered,web,tarjeta
11972,1717.0,2025-02-25,delivered,web,tarjeta
11973,1938.0,2024-04-01,delivered,web,paypal
11974,486.0,2023-04-16,cancelled,web,paypal
11975,214.0,2023-06-20,delivered,marketplace,transferencia
11976,1605.0,2025-07-10,cancelled,app,tarjeta
11977,487.0,2023-10-13,delivered,app,transferencia
11978,139.0,2024-06-20,delivered,app,transferencia
11979,537.0,2024-03-08,delivered,marketplace,tarjeta
11980,1627.0,2024-01-16,delivered,marketplace,transferencia
11981,2605.0,2023-05-20,paid,app,tarjeta
11982,2723.0,2025-03-08,delivered,app,transferencia
11983,1168.0,2024-02-19,delivered,marketplace,paypal
11984,769.0,2025-09-15,delivered,marketplace,transferencia
11985,2468.0,2024-01-10,delivered,app,transferencia
11986,280.0,2024-05-06,delivered,app,contrareembolso
11987,2412.0,2023-05-29,delivered,app,tarjeta
11988,2392.0,2023-11-22,cancelled,marketplace,transferencia
11989,1479.0,2025-09-29,delivered,marketplace,contrareembolso
11990,646.0,2025-12-23,delivered,web,transferencia
11991,656.0,2024-06-30,delivered,web,transferencia
11992,1084.0,2025-04-18,delivered,web,paypal
11993,1347.0,2023-06-24,paid,marketplace,contrareembolso
11994,1782.0,2024-03-24,delivered,app,contrareembolso
11995,476.0,2024-09-28,delivered,marketplace,paypal
11996,2115.0,2025-12-29,delivered,web,paypal
11997,2566.0,2025-04-21,delivered,app,transferencia
11998,450.0,2025-03-22,shipped,marketplace,transferencia
11999,710.0,2024-05-29,delivered,app,transferencia
12000,2434.0,2025-01-28,delivered,marketplace,paypal
