order_item_id,order_id,product_id,quantity,discount_pct,unit_price_at_order
1,1,73,4,0.1,60.85
2,1,538,1,0.0,282.28
3,1,153,3,0.2,311.05
4,2,565,1,0.0,93.27
5,2,227,1,0.2,
6,3,461,3,0.0,
7,3,479,2,0.05,104.16
8,4,572,2,0.0,212.57
9,4,371,4,0.2,123.29
10,5,55,2,0.0,52.04
11,5,136,2,0.0,293.09
12,5,508,4,0.15,272.84
13,6,196,1,0.0,276.38
14,7,323,3,0.05,54.25
15,7,498,2,0.1,76.88
16,7,214,2,0.2,182.85
17,7,107,2,0.0,156.11
18,8,289,1,0.0,68.03
19,8,213,2,0.0,23.62
20,8,147,1,0.0,224.55
21,8,427,1,0.05,89.44
22,8,447,3,0.2,233.43
23,9,448,1,0.0,154.94
24,9,168,1,0.05,13.82
25,9,141,1,0.2,236.67
26,10,132,1,0.05,47.23
27,10,210,3,0.0,238.28
28,11,590,2,0.2,254.1
29,11,379,1,0.15,190.28
30,11,411,1,0.05,155.74
31,11,314,4,0.0,164.45
32,12,207,2,0.1,315.6
33,12,405,2,0.0,102.81
34,12,123,1,0.05,14.24
35,13,331,1,0.15,159.33
36,13,336,3,0.2,75.91
37,13,368,1,0.15,152.47
38,14,74,2,0.0,192.56
39,14,425,3,0.0,166.02
40,14,392,2,0.2,69.39
41,15,525,2,0.1,178.28
42,15,239,1,0.0,29.14
43,15,326,2,0.0,33.56
44,16,50,1,0.15,10.22
45,17,68,3,0.2,240.31
46,17,488,4,0.15,13.17
47,18,540,2,0.0,94.97
48,19,511,3,0.0,177.31
49,19,229,1,0.15,9.43
50,19,587,1,4.01,162.54
51,19,258,1,0.05,13.37
52,20,18,4,0.15,364.99
53,20,480,3,0.05,68.21
54,20,196,2,0.0,286.42
55,20,320,1,0.0,79.03
56,20,158,2,0.0,291.28
57,21,533,1,0.0,151.17
58,21,406,2,0.15,
59,22,170,2,0.0,105.65
60,23,89,1,0.15,205.95
61,23,381,4,0.0,44.33
62,24,425,1,0.2,167.15
63,24,562,1,0.0,315.22
64,24,24,4,0.05,102.54
65,25,324,1,0.1,216.56
66,26,266,3,0.0,334.31
67,26,73,3,0.0,57.82
68,26,456,4,0.2,155.73
69,27,572,1,0.05,210.26
70,27,595,1,0.05,110.58
71,28,18,3,0.2,368.3
72,28,491,1,0.2,126.59
73,28,409,4,0.0,166.62
74,29,101,2,0.15,143.04
75,29,524,1,0.15,48.8
76,29,138,1,0.2,155.3
77,29,28,1,0.2,241.12
78,30,466,1,0.15,57.75
79,30,48,1,0.0,241.91
80,31,499,4,0.05,211.86
81,32,451,2,0.0,42.78
82,33,377,4,0.15,175.06
83,34,157,2,0.2,18.1
84,35,39,1,0.05,166.79
85,35,597,1,0.15,122.62
86,36,270,3,0.1,101.11
87,36,422,1,0.0,77.45
88,36,485,1,0.05,179.4
89,37,122,1,0.1,261.18
90,38,39,4,0.2,169.76
91,39,93,2,0.0,93.11
92,40,213,4,0.0,24.23
93,40,308,2,0.05,346.89
94,40,299,2,0.05,157.6
95,40,394,2,0.05,
96,41,526,2,0.0,284.11
97,41,97,1,0.0,294.86
98,41,415,1,0.05,218.33
99,42,461,1,0.05,264.36
100,43,156,1,0.05,95.63
101,43,435,3,0.2,354.1
102,43,357,1,0.0,142.87
103,43,31,1,0.0,106.63
104,44,132,2,0.0,47.34
105,44,137,2,0.0,355.72
106,44,226,2,0.2,250.09
107,44,276,1,0.0,203.18
108,45,301,2,0.15,45.96
109,45,28,4,0.0,233.21
110,45,169,2,0.15,
111,46,69,4,0.1,189.28
112,46,582,2,0.15,125.62
113,46,599,2,0.0,412.79
114,46,366,3,0.15,65.67
115,46,391,2,0.1,224.39
116,47,278,4,0.0,255.28
117,47,296,2,0.0,52.69
118,48,283,1,0.0,116.21
119,49,539,2,0.0,144.28
120,50,446,2,0.2,276.44
121,50,436,1,0.05,95.04
122,50,98,2,0.1,97.63
123,50,527,4,0.2,354.96
124,51,562,1,0.0,334.49
125,52,417,1,4.52,38.04
126,52,562,1,0.05,330.1
127,53,190,1,0.1,205.26
128,53,200,2,0.0,286.39
129,53,56,2,0.0,68.52
130,54,38,3,0.05,245.5
131,55,532,1,0.1,218.95
132,55,145,4,0.1,98.47
133,56,78,1,0.0,238.75
134,56,117,2,0.05,176.02
135,57,261,3,0.05,169.29
136,57,344,1,0.1,147.04
137,57,422,2,0.0,76.69
138,57,291,3,0.0,189.35
139,58,284,2,0.05,122.15
140,59,393,1,0.2,82.64
141,60,524,2,0.1,48.04
142,61,296,1,0.0,53.9
143,62,131,2,0.0,270.7
144,62,591,2,0.1,256.8
145,63,429,1,0.0,17.36
146,63,202,3,0.0,204.19
147,64,552,2,0.0,
148,65,104,4,0.0,39.31
149,65,404,1,0.2,393.04
150,66,281,2,0.2,169.55
151,66,550,3,0.1,204.2
152,66,434,2,0.0,40.51
153,67,189,4,0.0,163.28
154,68,196,4,0.1,296.6
155,69,113,2,0.2,
156,69,186,3,0.2,
157,70,114,4,0.2,283.96
158,70,34,1,0.0,61.2
159,70,108,1,0.15,185.48
160,71,430,1,0.0,120.29
161,71,494,4,0.0,213.32
162,72,222,1,0.15,107.85
163,73,26,1,0.0,
164,73,49,4,0.15,152.85
165,73,320,2,0.1,82.96
166,73,166,1,0.0,137.32
167,74,310,1,0.0,281.89
168,75,498,4,0.0,77.43
169,75,103,1,0.0,125.8
170,76,17,2,0.0,35.27
171,76,139,2,0.1,269.14
172,76,311,4,0.0,48.71
173,76,476,1,0.05,217.12
174,76,5,1,0.1,207.24
175,77,245,2,0.15,362.49
176,77,568,1,0.15,149.43
177,77,82,1,0.0,193.78
178,78,224,4,0.0,354.2
179,78,340,2,0.0,368.69
180,78,53,1,0.15,234.28
181,78,421,3,0.2,10.73
182,79,534,4,0.0,53.69
183,80,444,4,0.2,157.41
184,80,463,2,0.0,85.78
185,81,137,1,0.0,338.99
186,81,371,1,0.0,121.03
187,82,185,3,0.0,44.04
188,82,607,1,0.0,
189,83,139,3,0.0,263.01
190,84,147,1,0.0,229.95
191,84,566,2,0.0,233.56
192,84,152,1,0.15,188.05
193,85,119,2,0.0,60.69
194,85,234,1,0.05,122.66
195,85,382,2,0.0,92.19
196,85,105,2,0.2,5.74
197,86,502,4,0.0,317.53
198,86,570,4,0.15,158.32
199,87,309,2,0.0,
200,87,80,1,0.1,91.86
201,87,341,2,0.2,
202,88,24,4,0.1,104.93
203,88,395,2,0.2,186.04
204,89,257,1,0.0,352.1
205,90,382,2,0.1,92.85
206,91,581,1,0.15,181.33
207,91,51,2,0.05,17.29
208,92,455,2,0.15,75.58
209,93,144,4,0.05,157.86
210,94,276,1,0.05,197.05
211,94,309,3,0.0,
212,95,525,2,0.05,180.77
213,95,5,1,0.0,217.62
214,96,599,4,0.2,404.17
215,96,30,2,0.0,17.41
216,97,368,4,0.2,142.22
217,97,186,4,0.0,24.26
218,97,228,1,0.1,39.44
219,98,135,2,0.05,92.75
220,99,487,4,0.15,173.78
221,99,6,1,0.05,17.14
222,100,190,1,0.2,208.16
223,101,87,4,0.15,131.87
224,101,64,3,0.1,324.57
225,101,3,3,0.05,38.99
226,101,60,1,0.0,272.49
227,101,23,1,0.2,97.03
228,102,140,1,0.0,268.59
229,102,240,2,0.0,297.26
230,103,303,1,0.0,41.38
231,103,362,1,0.1,31.14
232,103,201,2,0.0,45.79
233,103,107,1,0.05,164.5
234,104,76,1,0.0,230.07
235,104,62,1,0.0,69.85
236,105,498,1,0.2,82.9
237,105,127,1,0.1,234.85
238,106,320,1,0.05,77.78
239,107,250,4,0.1,392.72
240,107,75,1,0.15,18.5
241,107,213,2,0.2,23.42
242,107,147,1,0.05,236.22
243,108,537,1,0.0,12.17
244,109,442,2,0.1,8.94
245,110,255,1,0.0,345.5
246,111,437,4,0.1,182.83
247,112,593,1,0.15,48.73
248,112,133,2,0.2,
249,112,582,1,0.0,130.2
250,113,599,2,0.15,416.82
251,114,151,1,0.15,22.64
252,115,141,4,0.1,236.85
253,115,383,3,0.05,17.14
254,116,198,1,0.05,137.87
255,117,13,1,0.0,168.86
256,118,28,4,0.05,239.04
257,119,210,2,0.0,236.8
258,119,218,2,0.1,37.51
259,120,9,2,0.15,95.84
260,121,117,1,0.15,182.52
261,121,193,2,0.1,278.39
262,122,354,3,0.15,130.92
263,122,544,1,0.2,147.94
264,123,248,3,0.0,
265,123,66,1,0.0,104.25
266,124,361,2,0.15,228.94
267,124,518,2,0.0,32.19
268,125,39,2,0.1,163.31
269,125,159,4,0.2,103.33
270,125,474,1,0.2,64.02
271,125,106,1,0.15,187.41
272,125,415,3,0.0,222.02
273,126,329,2,0.0,80.97
274,126,29,2,0.05,26.1
275,126,341,1,0.15,
276,127,290,2,0.0,120.77
277,128,436,2,0.05,102.16
278,129,184,2,0.0,372.95
279,129,491,1,0.15,134.02
280,129,394,2,0.05,
281,129,441,3,0.15,82.68
282,130,129,4,0.0,334.09
283,131,124,2,0.15,177.64
284,131,514,2,0.0,319.75
285,132,286,2,0.0,201.74
286,133,481,2,0.0,32.38
287,134,445,1,0.0,29.1
288,134,359,1,0.0,358.3
289,135,156,1,0.05,91.67
290,135,166,3,0.2,135.51
291,136,265,1,0.2,29.53
292,136,250,3,0.0,417.14
293,136,14,3,0.0,69.2
294,136,470,4,0.15,43.64
295,136,22,2,0.1,21.99
296,137,268,2,0.2,328.24
297,137,480,1,0.0,68.6
298,138,585,2,0.0,6.82
299,138,413,3,0.0,222.09
300,139,213,3,0.0,24.76
301,139,94,4,0.05,270.99
302,139,507,3,0.0,192.85
303,139,143,4,0.1,114.54
304,140,18,1,0.0,360.02
305,141,203,3,0.05,135.21
306,142,60,1,0.0,286.55
307,142,59,1,0.0,196.23
308,143,540,1,0.05,95.59
309,143,237,4,0.15,23.83
310,144,435,3,0.15,339.05
311,145,533,1,0.0,155.98
312,146,226,1,0.1,243.24
313,146,76,2,0.0,237.45
314,147,516,1,0.05,17.96
315,148,30,2,0.1,17.37
316,149,419,2,0.1,240.83
317,149,242,4,0.15,152.63
318,150,528,2,0.05,266.78
319,150,12,4,0.15,87.01
320,150,584,2,0.0,258.2
321,150,200,3,0.0,262.27
322,151,492,1,0.2,26.06
323,151,477,1,0.1,78.0
324,151,156,1,0.0,97.05
325,152,397,1,0.15,
326,152,338,1,0.0,183.18
327,153,316,4,0.0,277.84
328,154,536,1,0.0,79.85
329,154,458,2,0.0,
330,155,66,3,0.0,105.82
331,155,520,4,0.05,22.15
332,155,401,1,0.05,164.85
333,156,394,1,0.1,
334,156,173,4,0.05,130.12
335,157,373,2,0.05,
336,158,313,4,0.0,165.49
337,158,401,4,0.1,166.52
338,159,261,3,0.1,175.04
339,159,339,1,0.2,36.5
340,159,68,1,0.05,
341,159,288,3,0.15,338.18
342,160,222,2,0.15,106.44
343,161,5,4,0.0,208.01
344,161,521,3,0.0,195.72
345,161,298,2,0.15,262.25
346,161,250,3,0.2,421.52
347,161,163,2,0.0,361.71
348,162,411,4,0.1,164.17
349,162,475,1,0.1,302.26
350,162,170,2,0.0,107.61
351,163,5,2,0.1,208.46
352,164,308,2,0.05,354.61
353,164,352,1,0.0,80.64
354,164,24,1,0.05,101.69
355,165,81,2,0.05,129.0
356,165,103,4,0.1,122.11
357,166,188,2,0.0,23.86
358,166,353,2,0.05,33.59
359,167,599,1,0.0,407.77
360,167,238,2,0.05,214.72
361,167,332,2,0.15,147.4
362,168,257,1,0.1,379.65
363,168,395,1,0.0,192.72
364,169,527,1,0.0,363.67
365,170,86,2,0.1,139.01
366,170,442,1,0.0,8.44
367,170,247,1,0.0,71.37
368,171,452,2,0.05,61.88
369,172,515,1,0.0,131.7
370,172,353,3,0.0,34.93
371,173,110,2,0.2,
372,173,253,2,0.0,
373,174,88,2,0.0,150.95
374,175,600,2,0.0,175.29
375,175,496,4,0.0,284.02
376,176,219,1,0.0,33.51
377,176,166,1,0.1,139.27
378,176,522,2,0.1,116.18
379,177,446,4,0.15,270.33
380,177,605,2,0.0,
381,178,11,1,0.2,141.69
382,178,182,1,0.05,141.98
383,178,7,1,0.0,203.76
384,178,135,1,0.1,100.08
385,178,387,2,0.15,41.36
386,179,71,1,0.15,247.41
387,179,550,4,0.05,222.79
388,179,150,1,0.2,140.02
389,179,246,1,0.0,151.06
390,180,371,1,0.0,123.5
391,180,242,1,0.05,
392,181,491,3,0.0,129.27
393,181,252,1,0.0,127.81
394,182,52,3,0.2,98.28
395,182,486,1,0.0,269.42
396,183,113,2,0.0,73.12
397,183,599,1,0.15,412.32
398,183,83,2,0.1,39.76
399,184,514,2,0.0,330.59
400,184,513,1,0.0,299.15
401,184,426,4,0.0,
402,184,145,1,0.2,99.92
403,185,223,1,0.15,339.95
404,186,435,1,4.83,358.4
405,186,210,3,0.05,247.83
406,187,545,2,0.05,235.98
407,188,23,3,0.0,96.1
408,189,81,1,0.0,133.86
409,189,353,3,0.2,35.83
410,190,66,2,0.0,106.09
411,190,45,4,0.0,267.74
412,190,271,2,0.1,
413,190,52,3,0.1,97.49
414,191,539,3,0.15,143.3
415,191,534,4,0.2,53.81
416,191,259,2,0.0,143.66
417,191,591,3,0.15,268.36
418,191,489,1,0.0,127.15
419,192,217,2,0.1,138.75
420,192,321,1,0.0,10.87
421,192,417,2,0.1,37.26
422,192,250,4,0.05,392.43
423,193,539,4,0.2,144.89
424,193,595,1,0.2,115.97
425,193,600,2,0.1,168.08
426,194,124,2,0.1,181.88
427,194,248,1,0.0,
428,195,381,1,0.2,45.34
429,196,494,4,0.05,208.12
430,196,286,4,0.0,189.25
431,196,224,2,0.2,357.08
432,197,432,1,0.0,159.27
433,198,586,1,0.0,272.36
434,198,268,2,0.0,309.78
435,198,367,1,0.0,215.24
436,199,439,1,0.1,243.92
437,200,111,4,0.0,205.79
438,200,472,1,0.0,258.1
439,200,496,1,0.1,286.45
440,201,301,2,0.15,47.88
441,201,12,1,0.0,86.48
442,202,252,2,0.0,126.89
443,202,190,3,0.15,216.86
444,202,241,1,0.0,231.87
445,202,445,2,0.0,28.71
446,203,450,1,0.2,
447,203,422,4,0.15,78.85
448,203,360,1,0.1,48.53
449,204,198,4,0.1,136.62
450,205,395,1,0.15,197.38
451,205,78,1,0.0,240.34
452,206,444,2,0.15,160.83
453,206,598,4,0.1,25.65
454,207,237,3,0.05,25.22
455,208,277,2,0.05,181.22
456,209,447,4,0.05,241.94
457,209,261,2,0.15,176.52
458,210,461,2,0.0,274.79
459,210,276,4,0.05,
460,210,210,2,0.15,257.43
461,211,291,3,0.0,191.3
462,211,335,1,0.2,53.41
463,212,281,1,0.0,178.93
464,213,468,1,0.15,48.85
465,213,17,2,0.05,35.26
466,214,221,3,0.1,44.85
467,214,537,4,0.05,12.76
468,214,267,1,0.1,316.08
469,215,268,4,0.0,
470,216,20,1,0.2,198.4
471,216,285,2,0.0,246.74
472,217,575,1,0.2,341.7
473,217,446,1,0.0,295.31
474,218,503,2,0.0,265.72
475,218,439,1,0.15,258.76
476,218,177,2,0.05,161.87
477,218,386,4,0.0,51.52
478,219,82,4,0.15,194.31
479,219,145,2,0.0,102.0
480,219,450,4,0.0,7.11
481,220,397,2,0.0,
482,220,336,2,0.1,79.01
483,220,425,1,0.0,162.58
484,220,151,1,0.1,22.0
485,220,53,1,0.0,217.61
486,221,226,3,0.1,245.84
487,221,128,3,0.0,60.02
488,222,522,1,0.1,116.44
489,222,568,1,0.0,153.45
490,222,501,1,0.15,
491,222,508,1,0.0,284.79
492,223,399,2,0.05,290.51
493,223,477,1,0.1,76.88
494,224,325,2,0.05,
495,224,483,3,0.0,80.52
496,225,248,4,0.2,
497,226,134,1,0.0,257.93
498,226,422,2,0.15,80.98
499,227,316,3,0.05,280.22
500,228,561,1,0.2,376.76
501,229,436,1,0.05,94.89
502,229,96,2,0.15,45.74
503,229,523,2,0.0,296.83
504,229,419,3,0.15,
505,230,283,1,0.2,119.38
506,231,493,1,0.15,219.14
507,231,248,4,0.0,
508,231,548,1,0.1,55.77
509,231,433,3,0.05,128.87
510,232,3,2,0.0,39.98
511,233,366,1,0.0,67.72
512,234,98,2,0.0,98.73
513,235,326,4,0.15,33.51
514,235,548,4,0.2,57.07
515,236,592,1,0.05,254.52
516,237,472,4,0.1,261.7
517,238,561,2,0.15,348.53
518,239,320,1,0.1,80.97
519,239,161,1,0.1,196.47
520,239,106,1,0.2,193.18
521,240,412,1,0.0,100.2
522,241,61,2,0.05,333.05
523,242,563,1,0.0,215.92
524,243,572,2,0.2,224.35
525,244,24,4,0.15,101.51
526,245,164,1,0.1,186.78
527,245,257,2,0.0,362.73
528,246,150,1,0.0,130.24
529,246,32,4,0.15,230.42
530,247,505,1,0.15,79.27
531,247,133,3,0.15,321.96
532,248,570,1,0.1,161.74
533,248,475,2,0.0,301.4
534,248,126,3,0.0,86.33
535,248,149,1,0.0,191.76
536,249,14,1,0.1,67.63
537,249,429,4,0.15,17.12
538,250,447,4,0.15,231.53
539,251,544,1,0.0,140.95
540,251,521,1,0.2,205.85
541,251,523,1,0.2,306.64
542,252,199,1,0.2,256.6
543,252,570,2,0.15,161.01
544,252,392,2,0.15,70.98
545,252,10,4,0.1,118.5
546,253,584,2,0.05,269.32
547,253,297,3,0.0,52.53
548,253,316,2,0.0,293.58
549,254,227,2,0.0,
550,254,130,1,0.2,130.52
551,255,171,3,0.0,153.46
552,255,377,2,0.0,166.23
553,256,215,1,0.15,76.81
554,256,43,4,0.05,88.77
555,257,332,1,0.0,154.04
556,257,565,1,0.0,98.73
557,258,163,1,0.05,344.46
558,258,516,1,0.05,18.73
559,259,455,2,0.1,79.78
560,259,331,2,0.2,160.81
561,259,124,1,0.2,178.51
562,260,244,3,0.0,16.64
563,261,197,2,0.15,138.95
564,262,313,4,0.0,172.45
565,262,172,2,0.0,57.16
566,262,492,1,0.0,26.18
567,263,74,3,0.0,188.16
568,264,268,4,0.1,326.34
569,264,280,2,0.0,241.62
570,265,508,3,0.15,296.95
571,266,419,1,0.0,245.38
572,266,456,2,0.0,149.35
573,266,158,3,0.2,291.0
574,266,514,1,0.2,345.64
575,266,374,2,0.2,130.85
576,267,408,3,0.1,276.36
577,268,517,2,0.15,54.18
578,269,211,1,0.2,297.02
579,269,103,1,0.1,122.04
580,269,440,1,0.0,11.92
581,269,283,1,0.05,124.75
582,269,555,1,0.05,166.83
583,270,505,3,0.15,81.44
584,270,105,-1,0.0,5.7
585,270,345,2,0.05,178.59
586,270,421,2,0.0,11.33
587,271,259,1,0.15,144.5
588,271,474,1,0.05,58.65
589,271,466,2,0.0,59.82
590,272,351,4,0.05,112.8
591,272,277,2,0.0,182.17
592,273,566,1,0.15,213.95
593,273,19,1,0.05,
594,274,544,1,0.1,146.71
595,275,455,0,0.15,80.46
596,276,252,1,0.05,116.44
597,276,298,1,0.0,275.92
598,276,128,1,0.2,57.0
599,277,357,1,0.0,133.96
600,278,501,3,0.0,
601,278,557,2,0.05,74.3
602,279,456,4,0.0,157.86
603,279,412,1,0.0,102.22
604,280,547,1,0.0,188.66
605,281,195,2,0.2,282.56
606,282,322,1,0.05,59.32
607,283,53,4,0.2,226.8
608,284,351,1,0.05,109.48
609,285,440,4,0.15,11.03
610,285,598,4,0.2,24.47
611,285,107,2,0.0,166.2
612,285,91,1,0.1,75.14
613,286,463,2,0.15,88.38
614,286,271,2,0.05,305.96
615,287,88,1,0.0,157.94
616,288,222,4,0.0,105.25
617,289,170,3,0.0,100.39
618,289,29,1,0.2,25.4
619,289,77,1,0.0,51.9
620,290,495,3,0.15,102.28
621,290,48,3,0.05,239.06
622,291,68,3,0.0,244.9
623,291,427,1,0.15,86.2
624,292,166,1,0.05,139.39
625,292,397,1,0.0,
626,292,305,3,0.0,179.16
627,293,579,3,0.0,68.43
628,293,499,1,0.15,212.66
629,293,16,1,0.0,
630,293,235,1,0.0,97.52
631,293,306,1,0.05,21.4
632,294,408,4,0.15,261.71
633,295,376,1,0.05,55.2
634,295,283,4,0.0,123.05
635,295,527,2,0.0,361.01
636,296,492,3,0.15,26.9
637,296,319,2,0.1,141.04
638,296,347,2,0.0,127.77
639,296,260,3,0.0,217.79
640,297,226,2,0.0,240.63
641,298,421,2,0.0,11.8
642,298,513,1,0.0,287.77
643,298,463,0,0.15,90.09
644,299,414,1,0.05,98.49
645,299,469,2,0.0,15.08
646,300,243,3,0.15,228.65
647,300,46,1,0.2,
648,300,234,4,0.2,112.02
649,301,311,3,0.0,50.56
650,301,450,3,0.05,6.8
651,302,594,3,0.0,138.79
652,302,307,2,0.2,130.21
653,303,154,2,0.1,146.19
654,303,525,1,0.05,166.92
655,303,579,1,0.1,67.97
656,304,12,2,0.0,82.87
657,305,35,1,0.0,37.01
658,305,454,1,0.1,223.96
659,305,452,4,0.2,67.74
660,306,57,3,0.05,363.27
661,307,295,4,0.0,32.24
662,307,207,1,0.0,320.19
663,308,387,3,0.1,41.02
664,309,331,2,0.0,150.37
665,309,144,2,0.0,153.14
666,310,349,4,0.05,95.87
667,311,332,3,0.05,158.21
668,312,558,3,0.05,198.09
669,312,407,1,0.0,55.11
670,313,425,1,0.0,169.66
671,313,214,4,0.15,178.87
672,314,318,1,0.0,36.85
673,315,555,2,0.15,159.05
674,315,571,1,0.0,225.73
675,316,85,2,0.0,19.83
676,317,57,2,0.1,359.08
677,317,276,1,0.0,213.43
678,317,416,3,0.0,68.02
679,317,426,2,0.05,
680,317,135,1,0.1,99.65
681,318,244,1,0.15,16.02
682,318,569,1,0.15,272.5
683,319,513,2,0.05,277.96
684,319,103,1,0.0,125.11
685,319,472,4,0.1,255.38
686,319,8,2,0.0,47.11
687,320,4,1,0.0,
688,321,331,1,0.0,161.08
689,322,471,1,0.0,96.85
690,322,310,1,0.1,299.73
691,322,114,1,0.0,271.51
692,323,242,1,0.2,162.35
693,323,445,2,0.0,29.78
694,324,386,1,0.1,48.62
695,325,232,2,0.0,255.66
696,325,277,2,0.0,184.62
697,325,547,2,0.1,
698,325,20,2,0.1,202.12
699,326,129,1,0.1,345.95
700,326,375,1,0.2,300.85
701,327,152,2,0.0,178.51
702,327,478,1,0.15,121.5
703,327,248,4,0.15,
704,327,112,2,0.2,31.31
705,327,117,4,0.0,184.25
706,328,590,1,0.0,231.79
707,328,552,1,0.05,
708,329,21,4,0.05,40.98
709,329,173,1,0.1,137.71
710,330,443,2,0.05,189.02
711,331,326,2,0.0,34.71
712,331,267,1,0.2,307.21
713,331,54,1,0.2,146.54
714,331,291,1,0.2,188.18
715,332,188,1,0.0,23.15
716,332,356,1,0.0,245.43
717,333,214,3,0.0,184.31
718,333,52,1,0.15,100.26
719,334,356,4,0.05,260.28
720,335,366,3,0.0,66.91
721,336,350,2,0.15,53.81
722,336,403,1,0.15,149.41
723,336,313,1,0.0,181.55
724,337,22,2,0.0,22.0
725,337,358,1,0.0,144.97
726,337,229,4,0.1,9.42
727,338,285,2,0.1,258.4
728,338,420,3,0.0,200.29
729,339,1,1,0.2,153.98
730,340,457,3,0.05,182.68
731,340,472,2,0.15,260.64
732,340,80,1,0.0,95.16
733,341,498,2,0.2,81.26
734,341,526,1,0.1,265.96
735,342,549,3,0.05,57.46
736,342,361,2,0.0,232.55
737,342,91,1,0.0,77.92
738,342,541,2,0.05,168.09
739,343,568,4,0.2,147.05
740,343,115,1,0.0,291.25
741,343,298,1,0.0,283.92
742,343,459,3,0.05,130.29
743,344,262,4,0.0,358.71
744,344,355,2,0.1,98.07
745,345,575,2,0.0,347.77
746,345,346,1,0.2,96.23
747,346,450,2,0.0,7.09
748,347,481,2,0.0,32.15
749,347,489,1,0.2,119.42
750,348,13,3,0.0,173.57
751,349,33,3,0.1,89.43
752,350,139,2,0.05,284.05
753,350,318,3,0.0,38.54
754,351,315,1,0.1,13.47
755,352,322,3,0.0,58.29
756,352,278,1,0.0,244.24
757,352,424,2,0.05,45.34
758,352,397,1,0.0,
759,352,157,3,0.15,18.8
760,353,369,1,0.0,157.47
761,353,81,1,0.0,124.44
762,353,378,3,0.0,57.04
763,353,532,2,0.2,219.31
764,354,498,1,0.1,81.43
765,354,35,1,0.1,39.23
766,355,258,2,0.1,12.55
767,355,550,1,0.2,213.28
768,356,157,1,0.05,18.82
769,356,390,1,0.0,241.5
770,357,105,1,0.2,5.52
771,358,420,1,0.1,192.64
772,359,114,3,0.05,
773,359,576,2,0.1,
774,359,605,1,0.0,
775,359,320,2,0.0,82.51
776,359,10,2,0.15,110.7
777,360,203,4,0.0,133.6
778,361,276,1,0.1,213.67
779,361,56,1,0.0,67.21
780,362,235,3,0.2,97.31
781,363,172,2,0.0,54.56
782,364,84,1,0.0,78.0
783,364,28,2,0.2,246.29
784,365,476,1,0.1,204.73
785,366,253,1,0.05,
786,366,602,1,0.1,
787,367,207,2,0.0,316.01
788,367,38,3,0.0,246.55
789,367,455,1,0.0,76.57
790,367,541,2,0.2,162.63
791,367,106,2,0.05,186.35
792,368,351,2,0.05,106.93
793,368,384,3,0.0,308.65
794,368,166,4,4.78,134.09
795,368,235,2,0.0,101.85
796,369,468,2,0.2,47.31
797,369,242,2,0.15,160.8
798,369,107,2,0.15,154.91
799,370,158,2,0.1,299.07
800,370,491,1,0.05,126.27
801,370,398,1,0.15,14.43
802,371,490,3,0.0,172.03
803,372,380,1,0.05,318.75
804,372,270,2,0.05,108.06
805,372,403,3,0.2,161.63
806,372,310,0,0.0,290.09
807,372,411,2,0.15,165.94
808,373,130,3,0.2,121.76
809,373,57,4,0.0,347.46
810,374,198,1,0.0,148.67
811,374,576,1,0.0,287.37
812,375,544,3,0.0,140.69
813,375,311,1,0.05,49.79
814,375,385,1,0.2,132.3
815,375,587,4,0.2,166.33
816,376,430,2,0.0,115.81
817,376,72,4,0.0,131.1
818,377,394,2,0.0,
819,378,245,1,0.0,375.8
820,378,434,4,0.15,41.43
821,379,184,2,0.1,378.89
822,380,473,2,0.2,
823,380,598,4,0.0,25.52
824,380,267,3,0.1,312.38
825,380,582,3,0.0,126.05
826,380,329,1,0.15,78.93
827,381,264,3,0.1,108.97
828,381,25,2,0.0,130.95
829,382,544,1,0.15,137.65
830,383,173,4,0.0,137.13
831,383,120,1,0.0,156.89
832,383,423,1,0.0,47.53
833,383,183,4,0.15,269.59
834,383,407,4,0.0,57.38
835,384,578,1,0.1,234.7
836,384,150,1,0.2,135.23
837,384,261,2,0.1,166.21
838,385,165,2,0.05,111.66
839,385,374,1,0.2,120.27
840,385,569,1,0.05,256.22
841,386,229,4,0.2,9.44
842,386,176,1,0.0,206.0
843,386,114,3,0.15,264.14
844,387,24,3,0.2,97.45
845,387,564,3,0.0,29.54
846,388,336,1,0.15,74.19
847,389,132,2,0.0,50.69
848,389,440,2,0.1,11.92
849,389,178,1,0.0,28.8
850,390,339,1,0.0,35.14
851,390,210,4,0.0,256.39
852,390,589,1,0.05,165.55
853,390,118,3,0.05,74.35
854,391,383,1,0.1,16.71
855,392,298,4,0.05,265.23
856,392,340,1,0.2,371.59
857,392,566,1,0.2,219.81
858,393,587,3,0.2,163.96
859,393,426,1,0.15,
860,393,102,2,0.2,71.02
861,393,200,2,0.2,285.61
862,394,509,1,0.15,65.77
863,395,333,2,0.0,26.69
864,395,328,2,0.0,99.53
865,395,519,1,0.0,130.01
866,395,446,3,0.2,292.4
867,395,186,1,0.2,23.06
868,396,183,3,0.0,265.55
869,396,226,1,0.05,251.24
870,397,110,2,0.05,258.58
871,397,193,1,0.15,273.51
872,398,90,-1,0.05,207.55
873,398,399,2,0.2,306.9
874,399,63,4,0.05,70.14
875,399,8,2,0.0,44.51
876,400,400,1,0.05,295.28
877,400,109,4,0.2,118.69
878,400,120,3,0.0,147.87
879,401,554,1,0.2,154.04
880,402,590,2,0.0,238.6
881,403,284,4,0.0,116.62
882,404,437,1,0.0,189.14
883,404,139,3,0.15,261.72
884,405,350,1,0.0,50.57
885,405,594,3,0.1,139.43
886,405,528,2,0.0,267.66
887,405,215,2,0.05,83.52
888,406,388,1,0.0,190.79
889,407,478,1,0.0,118.72
890,408,398,2,0.0,14.3
891,409,134,2,0.0,239.17
892,409,568,1,0.15,144.74
893,409,342,2,0.0,66.87
894,409,45,2,0.0,277.4
895,410,252,1,0.1,116.7
896,410,275,1,0.05,189.74
897,410,494,1,0.0,197.38
898,411,429,1,0.2,17.36
899,411,317,4,0.1,163.4
900,411,272,2,0.0,83.37
901,412,31,1,0.05,107.35
902,412,449,1,0.0,127.07
903,412,415,2,0.2,219.09
904,413,349,1,0.1,95.0
905,413,595,2,0.0,107.92
906,413,341,1,0.05,
907,413,53,2,0.0,232.46
908,413,130,1,0.1,126.18
909,414,580,4,0.05,177.26
910,414,387,1,0.0,
911,415,411,1,0.15,162.81
912,415,107,1,0.05,162.32
913,416,317,4,0.0,157.41
914,417,237,2,0.1,25.24
915,418,26,1,0.0,
916,418,492,1,0.15,26.22
917,419,293,3,0.0,153.43
918,419,574,2,0.1,264.06
919,420,82,2,0.0,192.64
920,420,172,1,0.2,57.02
921,420,432,2,0.0,
922,421,160,3,0.05,43.93
923,421,264,2,0.1,112.32
924,421,351,2,0.15,117.59
925,422,89,2,0.1,194.67
926,423,525,1,0.1,177.94
927,424,77,3,0.15,48.82
928,425,388,2,0.2,180.58
929,425,313,2,0.0,
930,426,244,2,0.15,16.78
931,427,570,3,0.0,155.07
932,428,175,1,0.0,128.76
933,429,454,4,0.15,229.88
934,429,389,1,0.05,91.32
935,430,29,2,0.0,25.81
936,430,181,1,0.05,134.59
937,431,374,1,0.15,122.59
938,432,317,4,0.05,162.84
939,432,261,4,0.0,170.17
940,432,172,2,0.0,52.77
941,433,96,3,0.1,43.14
942,433,193,1,0.0,283.0
943,433,245,4,0.15,382.62
944,433,470,1,0.0,44.64
945,434,309,4,0.1,
946,435,528,4,0.0,275.23
947,436,28,1,0.15,238.23
948,437,120,1,0.1,158.03
949,437,93,2,0.1,92.67
950,438,228,4,0.0,38.42
951,438,170,1,0.0,105.78
952,438,79,1,0.2,243.39
953,438,249,1,0.1,124.48
954,438,366,3,0.0,69.79
955,439,560,1,0.1,
956,440,262,1,0.0,378.55
957,441,486,4,0.05,265.96
958,441,185,4,0.05,42.79
959,442,555,1,0.0,159.0
960,443,5,2,0.0,205.43
961,444,187,2,0.15,39.1
962,444,465,1,0.0,164.73
963,445,491,2,0.2,128.2
964,446,246,1,0.0,161.77
965,447,105,2,0.0,5.76
966,447,388,1,0.1,182.6
967,447,36,2,0.05,182.67
968,448,468,2,0.0,49.88
969,448,361,1,0.0,230.48
970,449,427,2,0.15,93.91
971,450,82,2,0.0,
972,451,444,1,0.15,171.87
973,451,599,1,0.0,410.79
974,451,43,1,0.0,87.63
975,451,324,2,0.05,202.42
976,452,94,1,0.15,269.62
977,452,172,1,0.0,56.82
978,453,555,1,0.2,166.75
979,454,460,1,0.1,173.4
980,454,575,3,0.1,346.09
981,455,492,3,0.15,26.96
982,455,249,3,0.0,121.65
983,456,224,3,0.1,
984,456,63,4,0.15,73.08
985,457,157,3,0.1,18.33
986,457,340,2,0.1,368.58
987,458,369,1,0.0,152.05
988,459,11,2,0.0,135.52
989,459,305,1,0.2,186.88
990,459,286,2,0.05,186.14
991,459,528,3,0.0,269.35
992,459,271,2,0.0,318.28
993,460,164,1,0.0,194.36
994,460,432,3,0.0,161.49
995,461,248,2,0.0,
996,462,40,4,0.2,84.75
997,462,554,3,0.15,151.35
998,462,18,1,0.0,350.85
999,462,120,3,0.05,155.05
1000,463,362,2,0.0,31.78
1001,463,507,2,0.0,194.67
1002,463,349,1,0.0,103.6
1003,464,573,1,0.0,110.69
1004,464,230,4,0.1,16.96
1005,465,77,3,0.05,47.31
1006,465,404,4,0.15,389.13
1007,465,321,1,0.0,10.74
1008,465,99,4,0.0,292.06
1009,466,308,1,0.15,359.74
1010,467,10,2,0.0,
1011,467,178,2,0.0,
1012,467,597,2,0.1,121.14
1013,467,206,2,0.05,136.36
1014,468,490,1,0.1,160.68
1015,469,117,2,0.0,178.5
1016,470,181,1,0.15,
1017,470,473,2,0.0,
1018,471,230,1,0.05,16.6
1019,472,593,1,0.05,47.16
1020,472,389,1,0.15,84.41
1021,472,423,4,0.0,48.82
1022,473,156,1,0.0,97.29
1023,473,240,2,0.2,296.01
1024,473,442,1,0.0,8.54
1025,473,409,2,0.05,167.41
1026,473,501,2,0.15,
1027,474,279,1,0.2,29.96
1028,474,270,1,0.0,100.96
1029,474,377,3,0.0,164.54
1030,474,441,1,0.1,85.36
1031,475,201,2,0.1,47.95
1032,476,588,2,0.0,207.34
1033,476,389,1,0.0,88.52
1034,477,224,2,0.05,353.87
1035,478,50,1,0.0,9.85
1036,479,293,1,0.1,160.14
1037,480,191,1,0.15,49.76
1038,481,324,2,0.0,219.36
1039,481,116,2,0.05,253.92
1040,481,217,2,0.0,137.13
1041,481,118,1,0.1,78.79
1042,482,422,1,0.0,77.4
1043,482,262,1,0.1,380.48
1044,483,410,4,0.2,19.84
1045,483,234,4,0.0,112.97
1046,484,82,2,0.15,193.64
1047,484,379,2,0.2,197.35
1048,484,450,1,0.05,6.83
1049,484,183,4,0.0,259.08
1050,485,277,2,0.0,176.92
1051,486,463,4,0.15,89.28
1052,487,421,1,0.0,10.91
1053,488,154,4,0.0,143.85
1054,489,213,1,0.2,25.03
1055,489,400,1,0.2,285.56
1056,490,417,1,0.1,
1057,491,282,1,0.05,29.1
1058,491,541,1,0.0,168.5
1059,491,258,1,0.0,13.38
1060,492,262,2,0.2,358.29
1061,492,292,2,0.1,138.53
1062,493,13,2,0.15,172.98
1063,493,115,1,0.0,313.37
1064,494,240,2,0.15,298.94
1065,494,321,3,0.1,10.83
1066,495,93,4,0.2,95.96
1067,495,456,3,0.1,148.2
1068,495,14,2,0.05,64.72
1069,496,93,1,0.15,89.89
1070,497,219,2,0.05,35.4
1071,497,495,3,0.0,99.65
1072,497,174,4,0.05,126.37
1073,498,85,2,0.1,19.28
1074,498,350,4,0.0,50.08
1075,498,531,1,0.15,
1076,499,78,1,0.0,241.0
1077,500,372,1,0.15,222.55
1078,501,247,4,0.15,67.61
1079,502,349,3,0.1,99.19
1080,502,249,3,0.1,126.56
1081,503,419,1,0.2,245.05
1082,504,65,1,0.0,8.05
1083,504,420,1,0.2,205.7
1084,505,48,1,0.0,229.48
1085,505,252,1,0.15,116.7
1086,506,585,2,0.05,6.65
1087,507,420,1,0.1,
1088,507,181,2,0.15,129.33
1089,508,523,4,0.0,310.67
1090,508,165,1,0.05,105.2
1091,508,515,1,0.0,123.62
1092,509,222,1,0.2,110.25
1093,509,129,4,0.0,321.3
1094,510,41,4,0.2,287.26
1095,510,391,1,0.2,222.97
1096,510,233,2,0.15,256.13
1097,511,418,1,0.0,152.02
1098,512,533,1,0.1,156.46
1099,513,235,2,0.05,96.62
1100,514,35,1,0.2,38.42
1101,515,547,4,0.1,182.56
1102,515,288,4,0.0,361.24
1103,515,376,1,0.0,54.9
1104,516,554,2,0.05,
1105,516,17,1,0.0,34.09
1106,517,162,2,0.0,177.73
1107,518,210,1,0.0,239.66
1108,519,217,2,0.2,130.24
1109,519,83,2,0.0,43.4
1110,519,382,2,0.0,93.18
1111,519,24,3,0.0,104.94
1112,519,244,1,0.0,16.26
1113,520,483,2,0.0,80.44
1114,520,96,2,0.0,45.19
1115,521,481,2,0.15,34.38
1116,521,391,1,0.0,229.63
1117,522,8,1,0.0,48.54
1118,522,206,1,0.0,135.86
1119,523,94,2,0.05,259.99
1120,524,400,3,0.0,289.99
1121,525,437,4,0.15,188.15
1122,525,401,4,0.0,171.13
1123,526,317,4,0.0,
1124,526,312,1,0.0,111.14
1125,526,459,2,0.05,127.16
1126,526,572,1,0.0,217.37
1127,527,573,2,0.0,108.87
1128,528,240,2,0.0,305.26
1129,529,90,2,0.0,220.87
1130,529,567,2,0.15,23.74
1131,529,196,2,0.15,281.72
1132,529,454,1,0.0,232.0
1133,530,246,1,0.0,162.24
1134,531,238,1,0.0,218.78
1135,531,367,3,0.2,214.42
1136,531,258,4,0.05,12.82
1137,532,438,2,0.15,10.78
1138,532,1,4,0.2,161.96
1139,532,307,4,0.15,135.5
1140,532,61,4,0.0,331.98
1141,532,218,3,0.1,37.92
1142,533,577,2,0.0,243.55
1143,534,411,1,0.0,156.17
1144,534,2,1,0.15,245.7
1145,534,103,2,0.0,123.29
1146,534,229,1,0.0,9.54
1147,534,528,3,0.0,272.64
1148,535,303,3,0.0,40.59
1149,536,591,1,0.05,270.5
1150,536,422,1,0.0,83.63
1151,536,546,1,0.0,333.74
1152,537,86,1,0.0,138.41
1153,537,158,1,0.0,290.95
1154,538,54,1,0.05,155.99
1155,538,219,1,0.15,33.32
1156,539,425,1,0.2,169.04
1157,539,135,4,0.0,99.93
1158,539,34,2,0.2,57.9
1159,539,236,3,0.05,13.2
1160,539,61,1,0.0,308.04
1161,540,61,2,0.0,332.66
1162,541,441,4,0.0,84.04
1163,541,569,3,0.1,263.88
1164,542,32,1,0.15,226.28
1165,543,260,1,0.0,
1166,544,280,3,0.0,260.51
1167,544,436,1,0.05,97.04
1168,544,578,1,0.05,228.63
1169,545,560,2,0.0,
1170,546,368,1,0.0,148.57
1171,547,88,1,0.15,146.01
1172,547,354,1,0.1,127.59
1173,548,597,3,0.05,118.65
1174,549,554,1,0.1,152.41
1175,549,409,2,0.0,162.46
1176,549,446,1,0.1,277.27
1177,550,303,1,0.0,39.57
1178,550,46,2,0.0,50.82
1179,551,35,2,0.0,40.27
1180,551,1,2,0.15,
1181,551,534,1,0.15,56.64
1182,551,329,3,0.0,85.02
1183,551,536,1,0.0,77.7
1184,552,296,1,0.0,52.9
1185,552,153,2,0.0,313.42
1186,552,249,2,0.2,129.26
1187,553,525,4,0.2,178.42
1188,553,228,2,0.1,41.0
1189,553,272,1,0.0,88.1
1190,554,95,1,0.05,133.71
1191,554,223,1,0.0,326.01
1192,555,419,1,0.0,253.76
1193,555,353,2,0.1,32.91
1194,556,219,1,0.1,36.22
1195,557,132,2,0.2,51.38
1196,557,330,4,0.0,214.43
1197,557,208,1,0.15,193.8
1198,557,335,2,0.0,51.64
1199,558,388,1,0.1,190.0
1200,559,321,3,0.0,11.03
1201,559,213,1,0.0,23.31
1202,560,602,3,0.2,
1203,560,264,1,0.0,106.79
1204,561,219,1,0.05,35.41
1205,561,71,1,0.2,234.72
1206,561,491,2,0.15,124.47
1207,562,232,3,0.0,
1208,562,302,4,0.0,42.05
1209,563,55,1,0.15,54.32
1210,563,134,1,0.0,255.27
1211,564,121,3,0.0,387.99
1212,564,165,1,0.2,103.25
1213,564,172,1,0.05,55.61
1214,564,191,2,0.0,
1215,565,7,1,0.0,198.85
1216,565,608,1,0.1,
1217,565,19,1,0.1,
1218,565,227,1,0.0,
1219,566,551,3,0.0,31.91
1220,566,169,2,0.0,
1221,567,584,2,0.2,262.46
1222,567,171,2,0.0,154.8
1223,568,349,3,0.0,98.53
1224,568,534,1,0.0,57.41
1225,568,284,2,0.05,124.21
1226,569,486,4,0.1,267.69
1227,569,20,1,0.15,205.45
1228,570,587,2,0.2,159.15
1229,571,345,1,0.15,182.5
1230,572,74,1,0.0,181.11
1231,573,561,2,0.1,349.78
1232,573,558,2,0.0,201.48
1233,573,305,1,0.05,173.36
1234,573,184,2,0.0,
1235,574,258,2,0.2,13.2
1236,574,512,-1,0.0,401.86
1237,574,161,1,0.05,202.5
1238,574,77,2,0.0,47.59
1239,575,391,2,0.0,224.81
1240,576,186,4,0.0,23.7
1241,576,199,2,0.1,261.56
1242,577,373,2,0.0,
1243,577,371,2,0.2,124.64
1244,578,211,4,0.1,300.22
1245,579,65,1,0.0,8.26
1246,580,218,4,0.0,36.15
1247,580,200,1,0.1,281.85
1248,581,271,3,0.0,303.14
1249,581,343,2,0.0,301.55
1250,581,531,4,0.15,349.85
1251,581,456,1,0.15,158.23
1252,582,454,4,0.0,233.14
1253,582,508,2,0.2,
1254,582,174,1,0.15,134.69
1255,583,538,3,0.0,300.52
1256,583,8,2,0.2,45.51
1257,584,284,2,0.15,115.44
1258,584,607,2,0.2,
1259,584,487,4,0.1,170.74
1260,585,546,2,0.0,337.0
1261,586,39,2,0.0,156.54
1262,586,254,3,0.15,350.23
1263,587,72,3,0.0,131.33
1264,587,55,3,0.0,49.79
1265,588,488,1,0.15,12.23
1266,588,580,1,0.0,172.07
1267,588,481,4,0.05,32.13
1268,589,420,1,0.0,207.4
1269,589,33,1,0.05,91.26
1270,590,187,4,0.2,
1271,591,105,4,0.0,5.92
1272,592,593,3,0.05,48.47
1273,593,37,1,0.1,9.94
1274,593,466,1,0.2,61.99
1275,594,337,1,0.0,32.38
1276,594,292,1,0.0,139.33
1277,594,8,4,0.0,45.49
1278,595,505,1,0.0,81.46
1279,596,25,3,0.0,131.85
1280,596,205,1,0.1,195.71
1281,597,163,2,0.0,338.06
1282,597,212,2,0.1,32.53
1283,598,410,1,0.0,20.35
1284,599,475,2,0.0,277.2
1285,600,132,4,0.0,46.8
1286,600,206,1,0.2,134.47
1287,600,81,2,0.0,131.43
1288,600,545,1,0.15,254.01
1289,601,455,1,0.0,77.22
1290,601,498,2,0.0,83.32
1291,601,458,4,0.1,156.64
1292,602,448,1,0.05,161.96
1293,602,282,1,0.15,29.35
1294,603,347,1,0.1,130.2
1295,603,43,1,0.15,90.75
1296,603,250,1,0.0,386.42
1297,604,600,3,0.0,172.1
1298,605,341,2,0.0,
1299,605,28,1,0.0,249.8
1300,606,157,4,0.0,17.58
1301,606,458,1,0.1,159.09
1302,607,152,1,0.0,178.51
1303,607,296,1,0.0,50.75
1304,608,473,3,0.15,
1305,609,121,1,0.05,382.84
1306,609,158,4,0.05,301.71
1307,610,152,1,0.1,183.47
1308,610,495,1,0.0,95.37
1309,611,290,3,0.2,129.91
1310,611,374,2,0.1,127.29
1311,612,209,2,0.0,79.46
1312,612,382,1,0.0,99.55
1313,613,31,1,0.2,100.7
1314,613,515,3,0.05,128.9
1315,614,229,2,0.0,8.91
1316,614,401,1,0.2,162.59
1317,615,26,1,0.15,
1318,615,91,1,0.0,81.15
1319,615,35,3,0.0,37.73
1320,616,604,4,0.05,
1321,616,512,1,0.1,374.94
1322,617,533,1,0.05,161.77
1323,618,307,1,0.0,138.69
1324,618,525,2,0.1,171.77
1325,618,95,3,0.2,139.97
1326,619,417,2,0.0,37.05
1327,619,246,1,0.1,153.22
1328,619,453,1,0.05,167.62
1329,620,583,4,0.05,70.24
1330,620,343,1,0.2,305.82
1331,620,256,2,0.15,176.87
1332,621,125,1,0.2,363.96
1333,621,551,4,0.0,30.76
1334,621,187,2,0.0,38.24
1335,622,55,2,0.1,49.83
1336,622,397,3,0.15,
1337,622,66,1,0.05,100.29
1338,622,209,1,0.1,78.62
1339,623,515,3,0.0,128.44
1340,623,395,1,0.1,185.0
1341,623,576,1,0.0,283.22
1342,624,377,2,0.0,164.96
1343,624,421,2,0.0,11.34
1344,625,378,1,0.0,59.49
1345,626,384,2,0.0,292.8
1346,626,104,1,0.2,42.73
1347,626,242,1,0.15,156.2
1348,627,601,3,0.15,
1349,627,286,1,0.2,202.27
1350,627,132,1,0.15,50.77
1351,628,595,2,0.0,113.93
1352,628,417,3,0.1,36.32
1353,628,371,2,0.1,123.04
1354,629,491,2,0.0,130.48
1355,629,376,2,0.2,52.96
1356,629,127,3,0.0,227.35
1357,630,45,4,0.2,274.32
1358,630,291,2,0.2,198.34
1359,630,252,4,0.15,124.94
1360,631,465,1,0.1,168.49
1361,631,334,2,0.05,
1362,631,340,1,0.05,376.5
1363,632,608,2,0.2,
1364,633,185,2,0.1,46.11
1365,634,84,4,0.1,76.2
1366,634,429,2,0.15,16.34
1367,634,339,1,0.15,37.5
1368,634,485,1,0.15,178.0
1369,635,71,4,0.1,247.11
1370,635,67,4,0.1,37.02
1371,635,331,3,0.0,160.29
1372,635,313,1,0.0,179.77
1373,636,592,2,0.15,263.25
1374,636,554,1,0.05,148.41
1375,636,289,2,0.0,65.98
1376,637,566,1,0.1,216.23
1377,637,230,1,0.0,
1378,637,218,2,0.0,37.44
1379,637,579,1,0.2,71.23
1380,638,372,2,0.1,233.0
1381,639,295,2,0.0,34.47
1382,640,153,1,0.15,312.11
1383,640,343,1,0.15,308.02
1384,641,436,2,0.0,103.51
1385,642,67,4,0.15,38.4
1386,643,70,1,0.05,152.1
1387,643,286,4,0.2,200.71
1388,643,586,1,0.0,256.46
1389,643,4,1,0.0,
1390,644,476,2,0.1,215.94
1391,644,138,1,0.0,157.49
1392,645,371,2,0.1,118.51
1393,645,400,4,0.0,289.06
1394,646,290,1,0.1,132.24
1395,646,544,1,0.0,150.64
1396,647,116,1,0.2,253.51
1397,648,564,3,0.0,31.51
1398,648,315,4,0.05,14.53
1399,648,222,2,0.2,
1400,648,550,1,0.1,211.41
1401,649,600,2,0.0,166.48
1402,649,590,2,0.15,235.78
1403,649,194,1,0.0,71.7
1404,649,216,2,0.15,58.78
1405,649,379,1,0.15,204.38
1406,650,260,1,0.1,228.28
1407,651,131,4,0.15,262.51
1408,651,141,1,0.2,239.03
1409,651,593,1,0.1,50.31
1410,652,577,4,0.0,249.33
1411,652,81,1,0.2,126.23
1412,653,33,3,0.0,98.27
1413,653,145,3,0.0,98.27
1414,653,471,1,0.2,90.57
1415,653,162,2,0.0,175.31
1416,653,52,4,0.05,98.7
1417,654,594,1,0.2,150.78
1418,655,267,3,0.15,324.68
1419,655,198,1,4.48,148.46
1420,656,252,1,0.2,120.16
1421,656,379,1,0.0,204.74
1422,656,460,4,0.05,174.07
1423,657,166,2,0.15,128.89
1424,657,394,3,0.0,
1425,658,148,1,0.15,43.89
1426,658,256,2,0.1,184.38
1427,659,484,1,0.15,184.13
1428,659,51,1,0.05,17.29
1429,660,182,0,0.05,151.32
1430,661,88,3,0.05,156.96
1431,661,542,2,0.0,173.38
1432,662,442,2,0.05,8.78
1433,663,338,3,0.15,170.61
1434,664,516,2,0.0,18.6
1435,664,116,4,0.0,240.99
1436,665,6,4,0.0,17.07
1437,665,124,1,0.0,185.83
1438,665,167,2,0.1,7.35
1439,666,556,4,0.2,204.03
1440,666,151,4,0.0,21.25
1441,666,475,4,0.2,296.45
1442,666,192,2,0.15,256.72
1443,667,196,2,0.2,280.79
1444,668,13,2,0.0,178.85
1445,668,129,1,0.0,341.41
1446,669,248,1,0.15,
1447,669,550,1,0.0,
1448,669,435,1,0.2,344.2
1449,669,452,2,0.0,63.71
1450,670,499,2,0.0,206.4
1451,671,380,1,0.05,334.03
1452,672,284,2,0.0,113.14
1453,672,188,2,0.15,22.88
1454,673,595,2,0.2,113.32
1455,674,171,3,0.1,150.44
1456,674,471,3,0.05,88.47
1457,674,563,1,0.2,208.78
1458,675,83,2,0.1,41.44
1459,675,437,2,0.05,189.38
1460,676,508,3,0.05,275.9
1461,677,129,3,0.2,345.91
1462,678,285,4,0.15,247.05
1463,678,176,1,0.2,202.52
1464,678,167,4,0.0,7.86
1465,678,380,2,0.15,318.08
1466,678,597,3,0.1,121.36
1467,679,412,1,0.15,99.1
1468,679,365,1,0.05,48.21
1469,680,515,3,0.2,129.39
1470,681,144,4,0.2,146.8
1471,682,143,1,0.2,121.57
1472,683,90,1,0.0,209.02
1473,684,596,1,0.0,28.79
1474,685,561,1,0.2,381.47
1475,685,382,1,0.2,98.94
1476,685,95,4,0.2,134.22
1477,686,189,2,0.0,165.14
1478,687,508,2,0.0,300.98
1479,687,262,1,0.1,379.1
1480,687,219,1,0.1,34.34
1481,688,585,4,0.05,6.81
1482,688,311,2,0.15,46.8
1483,688,137,1,0.05,348.49
1484,689,568,1,0.0,141.5
1485,689,465,4,0.2,159.96
1486,690,468,1,0.15,48.21
1487,690,165,2,0.1,112.96
1488,691,229,2,0.15,9.47
1489,691,288,1,0.1,349.0
1490,691,117,1,0.05,172.07
1491,691,552,1,0.15,
1492,691,569,4,0.15,260.86
1493,692,314,4,0.0,164.46
1494,693,468,1,0.15,49.01
1495,693,9,4,0.15,98.11
1496,693,144,2,0.1,149.57
1497,694,37,2,0.0,9.94
1498,695,139,1,0.15,263.86
1499,696,318,3,0.2,36.37
1500,696,507,3,0.0,190.07
1501,697,566,1,0.0,212.37
1502,697,438,1,0.0,10.69
1503,697,419,2,0.0,261.96
1504,698,478,2,0.2,122.99
1505,698,15,2,0.15,128.3
1506,698,237,2,0.0,24.07
1507,699,219,4,0.15,33.73
1508,700,268,2,0.2,301.7
1509,700,414,4,0.15,99.04
1510,701,86,2,0.2,135.88
1511,701,271,1,0.0,326.3
1512,701,366,1,0.05,68.34
1513,702,304,1,0.15,59.71
1514,702,30,2,0.0,
1515,703,117,2,0.0,178.2
1516,703,28,1,0.0,254.95
1517,704,272,4,0.15,84.77
1518,704,168,1,0.0,12.77
1519,704,435,4,0.0,365.0
1520,704,449,2,0.2,126.5
1521,704,251,2,0.0,221.05
1522,705,325,2,0.2,232.14
1523,705,549,1,0.15,
1524,705,158,1,0.2,290.69
1525,706,524,4,0.1,50.87
1526,706,58,1,0.1,246.35
1527,707,600,1,0.1,160.92
1528,707,462,1,0.1,347.94
1529,707,217,3,0.1,142.67
1530,708,438,1,0.0,10.17
1531,709,373,1,0.05,
1532,709,374,1,0.05,123.09
1533,710,480,4,0.05,68.02
1534,710,161,3,0.0,199.46
1535,711,578,1,0.15,225.54
1536,711,147,4,0.0,224.27
1537,711,407,2,0.0,54.99
1538,711,140,1,0.0,260.55
1539,712,274,4,0.05,45.29
1540,713,269,3,0.0,217.42
1541,713,345,1,0.0,179.17
1542,713,314,3,0.05,178.71
1543,714,542,1,0.15,168.33
1544,714,235,1,0.0,97.53
1545,715,284,4,0.0,119.77
1546,715,42,1,0.0,69.66
1547,716,545,2,0.2,235.34
1548,716,166,3,0.15,132.76
1549,716,39,1,0.15,156.66
1550,717,326,1,0.15,32.82
1551,718,429,1,0.0,17.1
1552,719,199,1,0.1,258.92
1553,719,258,1,0.0,13.03
1554,720,365,1,0.2,51.41
1555,720,186,2,0.0,24.43
1556,720,5,1,0.15,221.69
1557,721,88,3,0.05,150.03
1558,721,319,1,0.15,136.23
1559,721,530,4,0.1,160.94
1560,722,177,2,0.15,155.36
1561,722,29,1,0.0,25.33
1562,722,575,1,0.05,328.78
1563,722,490,1,0.1,161.49
1564,723,360,1,0.0,51.28
1565,724,4,2,0.15,
1566,725,506,2,0.0,99.5
1567,725,358,3,0.0,139.95
1568,725,529,2,0.0,229.67
1569,726,132,1,0.2,46.59
1570,727,332,1,0.05,158.29
1571,727,48,3,0.05,243.71
1572,727,266,1,0.0,329.11
1573,727,411,4,0.05,154.0
1574,727,150,4,0.2,132.99
1575,728,546,1,0.2,335.23
1576,728,323,1,0.0,56.93
1577,728,458,1,0.15,157.66
1578,728,278,3,0.0,248.65
1579,728,78,1,0.0,237.32
1580,729,365,1,0.0,49.32
1581,729,535,1,0.1,
1582,730,522,1,0.0,117.04
1583,731,481,2,0.0,33.36
1584,732,5,1,0.2,208.96
1585,732,28,1,0.2,244.99
1586,732,566,4,0.0,219.46
1587,733,551,4,0.05,33.03
1588,733,218,4,0.2,37.27
1589,733,418,1,0.15,144.25
1590,733,48,1,0.0,225.96
1591,734,29,1,0.1,26.79
1592,735,53,1,0.05,232.53
1593,735,285,3,0.1,245.84
1594,736,516,1,0.05,18.13
1595,736,470,3,0.1,41.79
1596,736,448,4,0.0,157.06
1597,737,69,2,0.2,177.4
1598,738,429,2,0.0,16.97
1599,738,213,1,0.1,24.74
1600,739,15,1,0.05,126.67
1601,739,473,4,0.2,
1602,740,373,1,0.1,
1603,740,273,2,0.0,175.03
1604,740,114,3,0.2,275.95
1605,741,410,1,0.0,20.67
1606,741,382,1,0.05,95.82
1607,741,486,1,0.2,270.54
1608,742,503,2,0.0,277.82
1609,743,307,4,0.1,139.41
1610,743,283,1,0.1,113.42
1611,744,36,2,0.0,194.0
1612,744,64,1,0.0,326.19
1613,745,581,2,0.0,192.93
1614,745,245,3,0.0,393.39
1615,745,248,2,0.05,
1616,746,107,1,0.1,163.01
1617,747,586,4,0.1,259.33
1618,747,560,2,0.15,
1619,748,551,3,0.0,30.24
1620,748,448,4,0.2,169.43
1621,749,314,4,0.0,179.7
1622,749,482,4,0.2,74.97
1623,749,432,2,0.0,153.27
1624,750,93,4,0.15,96.4
1625,750,5,2,0.2,220.78
1626,750,135,1,0.0,97.93
1627,751,128,1,0.15,57.64
1628,752,428,4,0.0,51.02
1629,752,188,3,0.15,24.15
1630,752,155,1,0.1,196.97
1631,752,37,3,0.2,9.83
1632,753,321,3,0.0,10.31
1633,754,195,3,0.0,296.19
1634,755,26,2,0.15,
1635,755,144,1,0.15,147.9
1636,756,487,2,0.2,172.1
1637,757,329,1,0.1,83.41
1638,757,318,1,0.2,36.77
1639,757,571,2,0.0,218.25
1640,758,355,2,0.15,94.19
1641,759,517,4,0.0,57.2
1642,760,461,4,0.1,253.95
1643,760,115,1,0.05,294.23
1644,761,432,1,0.0,157.68
1645,762,404,1,0.0,388.38
1646,762,258,3,0.15,12.31
1647,762,221,2,0.2,
1648,762,402,2,0.2,186.87
1649,762,274,4,0.0,46.93
1650,763,559,4,0.05,43.87
1651,763,328,1,0.0,98.67
1652,763,494,1,0.0,209.96
1653,764,339,1,0.0,37.79
1654,765,222,2,0.1,110.47
1655,765,226,1,0.2,245.35
1656,765,189,1,0.0,171.83
1657,765,294,1,0.0,20.37
1658,766,111,2,0.15,221.42
1659,766,512,1,0.15,383.88
1660,767,459,4,0.2,130.12
1661,768,131,1,0.05,252.64
1662,769,407,2,0.1,55.08
1663,769,424,1,0.05,44.29
1664,769,47,2,0.0,235.12
1665,769,280,4,0.0,247.79
1666,770,157,4,0.0,19.22
1667,771,443,4,0.1,182.12
1668,772,413,4,0.05,217.01
1669,772,469,1,0.2,15.91
1670,772,25,1,0.1,125.19
1671,772,52,1,0.0,100.95
1672,773,17,3,0.0,35.19
1673,774,147,2,0.1,237.38
1674,775,485,1,0.0,177.82
1675,775,57,3,0.1,364.51
1676,776,90,3,0.15,202.06
1677,776,560,1,0.1,
1678,776,50,3,0.05,10.08
1679,777,369,4,0.15,157.12
1680,777,86,1,0.0,137.36
1681,778,125,1,0.0,381.72
1682,779,565,2,0.15,101.14
1683,780,32,1,0.2,230.1
1684,781,69,1,0.0,
1685,782,192,2,0.2,254.57
1686,782,36,2,0.0,185.69
1687,782,116,1,0.0,244.22
1688,782,188,2,0.15,
1689,782,357,3,0.0,140.5
1690,783,317,2,0.15,169.33
1691,783,543,4,0.0,291.9
1692,783,245,2,0.0,377.01
1693,783,264,1,0.0,114.29
1694,783,224,1,0.05,366.84
1695,784,533,3,0.0,151.6
1696,785,26,1,0.0,
1697,785,384,1,0.2,291.98
1698,786,168,2,0.2,13.36
1699,787,506,2,0.2,101.66
1700,787,28,3,0.0,251.46
1701,788,342,2,0.2,65.74
1702,789,86,3,0.0,139.78
1703,789,495,1,0.15,98.89
1704,789,347,1,0.15,129.78
1705,790,168,1,0.0,13.78
1706,791,573,2,0.0,110.53
1707,791,233,1,0.0,264.98
1708,791,25,1,0.0,135.41
1709,792,562,3,0.1,311.52
1710,792,192,4,0.2,261.17
1711,792,579,1,0.15,67.87
1712,792,27,1,0.05,377.68
1713,793,68,1,0.15,257.44
1714,794,581,1,0.0,179.03
1715,795,26,2,0.0,
1716,795,316,1,0.15,287.11
1717,796,512,1,0.2,376.27
1718,796,412,4,0.0,102.16
1719,796,476,2,0.05,212.34
1720,797,133,4,0.15,327.29
1721,797,157,1,0.0,19.38
1722,798,61,1,0.2,309.87
1723,799,179,4,0.2,15.41
1724,800,31,3,0.2,105.31
1725,800,249,2,0.05,130.5
1726,801,327,1,0.0,213.89
1727,801,403,4,0.1,162.95
1728,802,320,2,0.1,80.56
1729,803,137,1,0.05,333.29
1730,804,187,2,0.2,37.4
1731,804,223,2,0.1,332.63
1732,805,479,3,0.0,111.76
1733,806,184,2,0.05,379.11
1734,806,308,2,0.1,364.78
1735,806,388,2,0.0,183.15
1736,807,260,4,0.15,215.28
1737,807,452,2,0.0,67.58
1738,808,268,2,0.1,314.97
1739,809,348,2,0.1,44.71
1740,809,477,2,0.0,74.58
1741,809,572,3,0.2,216.13
1742,810,211,3,0.0,296.07
1743,810,49,2,0.15,160.51
1744,811,317,2,0.0,157.59
1745,812,435,2,0.0,362.51
1746,812,604,3,0.15,
1747,812,273,2,0.05,172.43
1748,813,137,2,0.2,361.43
1749,813,116,2,0.0,236.75
1750,813,177,4,0.0,161.75
1751,813,62,1,0.15,75.47
1752,814,285,4,0.2,243.36
1753,815,363,1,0.05,223.02
1754,815,593,1,0.0,46.57
1755,815,378,2,0.05,58.62
1756,816,349,1,0.1,99.14
1757,816,322,3,0.0,63.65
1758,816,511,2,0.1,182.18
1759,817,325,2,0.0,245.41
1760,817,5,1,0.0,220.99
1761,817,288,4,0.2,357.37
1762,817,236,2,0.0,12.75
1763,817,584,1,0.15,249.83
1764,818,59,1,0.0,184.46
1765,818,91,2,0.1,75.92
1766,819,240,4,0.1,298.09
1767,819,330,1,0.0,216.26
1768,820,331,1,0.0,147.1
1769,820,470,2,0.0,45.38
1770,821,430,3,0.2,117.46
1771,821,469,2,0.2,15.4
1772,822,166,1,0.0,135.54
1773,822,215,4,0.1,77.75
1774,822,407,2,0.2,55.97
1775,823,132,1,0.05,48.01
1776,824,385,1,0.0,136.59
1777,825,145,1,0.2,101.49
1778,825,23,2,0.1,98.81
1779,825,408,1,0.2,260.99
1780,825,252,1,0.0,
1781,825,210,2,0.05,248.89
1782,826,208,1,0.0,186.43
1783,827,441,2,0.0,83.48
1784,827,56,2,0.0,68.24
1785,827,186,1,0.0,23.77
1786,828,475,1,0.0,301.58
1787,828,466,1,0.05,58.05
1788,829,257,2,0.15,361.84
1789,830,51,2,0.0,16.67
1790,831,345,1,0.1,177.59
1791,831,30,1,0.15,17.88
1792,831,476,1,0.2,204.73
1793,832,293,2,0.15,155.54
1794,833,490,1,0.0,173.6
1795,834,384,1,0.0,297.52
1796,835,85,2,0.0,18.69
1797,835,394,2,0.0,
1798,836,599,1,0.0,402.94
1799,837,552,4,0.05,
1800,837,375,1,0.0,306.84
1801,837,339,1,0.05,36.38
1802,837,262,2,0.15,356.98
1803,838,132,4,0.0,50.8
1804,839,248,2,0.2,
1805,839,277,2,0.1,188.65
1806,839,434,2,0.05,39.58
1807,839,44,2,0.2,256.9
1808,839,255,2,0.0,350.5
1809,840,93,2,0.0,93.36
1810,840,364,3,0.0,58.13
1811,841,574,2,0.15,280.61
1812,841,597,3,0.05,120.48
1813,841,309,2,0.05,
1814,841,45,3,0.15,267.15
1815,842,524,2,0.05,50.07
1816,842,153,1,0.0,293.87
1817,842,383,2,0.05,16.33
1818,843,203,3,0.0,130.39
1819,843,88,4,0.1,152.26
1820,844,257,1,0.1,378.95
1821,845,585,1,0.15,6.76
1822,845,515,4,0.2,126.1
1823,845,436,3,0.15,100.48
1824,846,503,1,0.1,269.99
1825,846,466,4,0.15,62.19
1826,846,383,2,0.2,16.97
1827,847,456,4,0.05,159.38
1828,848,14,3,0.2,65.48
1829,848,249,2,0.0,125.36
1830,848,554,2,0.1,153.44
1831,848,4,1,0.05,
1832,849,497,1,0.15,95.51
1833,849,31,4,0.0,100.41
1834,850,345,4,0.0,180.39
1835,851,503,1,0.15,278.36
1836,851,370,3,0.15,122.26
1837,852,101,2,0.0,133.69
1838,852,597,2,0.0,124.27
1839,853,156,2,0.15,98.37
1840,853,291,4,0.0,203.7
1841,853,602,4,0.15,
1842,853,555,1,0.1,159.94
1843,854,424,1,0.0,41.74
1844,854,355,4,0.0,97.18
1845,854,141,2,0.05,240.77
1846,854,521,4,0.0,205.88
1847,854,171,4,0.2,148.49
1848,855,79,1,0.1,249.23
1849,855,244,3,0.0,17.13
1850,855,556,1,0.05,205.46
1851,855,549,3,0.0,58.68
1852,855,448,1,0.2,162.62
1853,856,120,4,0.0,153.71
1854,857,544,2,0.05,
1855,857,505,0,0.1,79.87
1856,858,592,1,0.0,269.94
1857,858,438,2,0.0,10.18
1858,858,406,2,0.0,
1859,859,356,2,0.1,263.72
1860,860,462,4,0.05,323.67
1861,861,247,1,0.15,68.12
1862,861,52,1,0.1,101.25
1863,862,324,2,0.05,203.78
1864,862,279,1,0.15,29.0
1865,862,508,2,0.05,285.95
1866,863,36,2,0.15,186.89
1867,863,462,1,0.0,340.44
1868,864,568,1,0.0,
1869,865,359,1,0.2,335.23
1870,866,202,2,0.0,187.63
1871,866,362,2,0.0,29.54
1872,867,143,1,0.05,119.13
1873,867,253,4,0.2,
1874,867,572,4,0.15,231.24
1875,867,556,1,0.0,195.26
1876,868,547,1,0.15,184.4
1877,869,459,1,0.15,124.18
1878,869,9,3,0.05,
1879,870,522,1,0.05,115.07
1880,871,35,1,0.05,39.88
1881,871,234,3,0.2,122.08
1882,871,61,4,0.0,333.29
1883,871,160,4,0.1,43.29
1884,872,180,2,0.0,290.78
1885,872,388,3,0.15,178.46
1886,872,332,2,0.0,154.1
1887,872,350,1,0.1,51.95
1888,872,477,2,0.15,74.89
1889,873,588,1,0.1,195.5
1890,873,50,1,0.1,9.57
1891,873,116,3,0.15,240.24
1892,874,378,3,0.05,60.61
1893,875,266,1,0.2,350.16
1894,875,445,3,0.0,29.48
1895,876,251,3,0.0,211.61
1896,876,308,4,0.1,363.7
1897,877,413,2,0.0,220.89
1898,878,387,1,0.0,41.74
1899,878,113,3,0.1,66.9
1900,878,538,1,0.0,296.81
1901,878,400,2,0.15,292.28
1902,878,165,3,0.0,112.26
1903,879,126,1,0.0,87.14
1904,879,159,3,0.15,97.42
1905,879,184,2,0.1,367.17
1906,880,514,3,0.0,322.78
1907,880,370,1,0.15,122.55
1908,880,282,1,0.0,29.14
1909,880,350,0,0.1,50.14
1910,881,10,2,0.0,119.97
1911,881,316,3,0.2,286.34
1912,882,62,4,0.15,74.82
1913,882,538,1,0.0,281.28
1914,883,216,1,0.0,56.52
1915,884,80,2,0.0,89.59
1916,885,242,2,0.0,161.07
1917,885,213,1,0.05,23.85
1918,886,36,1,0.05,180.71
1919,886,235,1,0.05,93.76
1920,887,3,1,0.05,40.27
1921,888,540,3,0.0,94.98
1922,888,438,1,0.1,10.08
1923,889,453,2,0.0,171.74
1924,889,269,2,0.0,218.01
1925,890,504,1,0.0,
1926,890,559,3,0.0,43.51
1927,891,355,2,0.1,91.64
1928,891,273,1,0.2,180.83
1929,892,355,4,0.05,96.07
1930,892,32,2,0.0,231.41
1931,892,436,4,0.15,95.51
1932,892,445,1,0.2,29.58
1933,893,520,3,0.15,23.03
1934,893,563,3,0.0,216.19
1935,894,441,2,0.15,87.69
1936,894,171,2,0.0,148.55
1937,894,343,1,0.1,292.99
1938,895,173,2,0.0,137.47
1939,896,494,1,0.2,198.92
1940,897,196,3,0.15,274.12
1941,898,528,3,0.0,272.3
1942,898,327,2,0.0,
1943,899,478,2,0.15,124.19
1944,899,500,1,0.0,287.95
1945,900,31,2,0.05,103.19
1946,900,206,3,0.15,139.46
1947,901,415,1,0.15,223.15
1948,902,607,4,0.1,
1949,903,5,3,0.1,206.41
1950,904,136,2,0.2,318.5
1951,904,441,2,0.05,86.55
1952,905,255,1,0.2,344.43
1953,906,247,2,0.15,68.49
1954,906,376,2,0.0,52.1
1955,906,139,1,0.05,284.78
1956,906,407,1,0.2,59.97
1957,907,475,2,0.0,297.59
1958,907,38,1,0.05,266.51
1959,907,283,1,0.0,114.64
1960,908,257,3,0.0,350.64
1961,908,22,2,0.2,22.29
1962,908,352,3,0.0,75.32
1963,909,33,1,0.1,89.84
1964,909,486,4,0.0,280.66
1965,909,166,4,0.15,135.6
1966,910,72,2,0.0,131.84
1967,911,489,1,0.0,125.27
1968,911,164,2,0.15,194.46
1969,912,415,4,0.1,226.08
1970,913,220,1,0.0,154.81
1971,913,467,1,0.2,323.21
1972,913,427,1,0.2,89.82
1973,914,38,1,0.2,243.26
1974,914,456,1,0.0,151.72
1975,915,537,2,0.2,11.7
1976,915,166,1,0.15,
1977,915,181,2,0.2,
1978,916,200,2,0.0,272.45
1979,916,421,1,0.2,11.27
1980,916,418,1,0.05,142.2
1981,916,330,4,0.05,207.22
1982,917,441,1,0.1,83.41
1983,918,230,2,0.0,16.45
1984,918,21,1,0.05,41.1
1985,919,492,2,1.89,26.11
1986,920,421,4,0.15,11.35
1987,920,303,1,0.0,39.62
1988,920,183,3,0.0,266.26
1989,920,470,2,0.05,45.1
1990,921,327,1,0.15,205.25
1991,922,46,1,0.0,46.56
1992,922,210,1,0.05,246.54
1993,923,232,2,0.0,254.2
1994,923,96,3,0.15,46.36
1995,923,139,0,0.05,262.66
1996,923,159,1,0.2,93.72
1997,923,57,1,0.15,341.36
1998,924,564,1,0.0,30.1
1999,924,13,1,0.15,174.79
2000,924,375,2,0.0,319.13
2001,925,323,1,0.0,56.43
2002,925,123,2,0.2,14.28
2003,926,95,1,0.0,132.59
2004,926,130,4,0.0,
2005,926,196,2,0.05,287.22
2006,927,343,3,0.0,304.71
2007,928,534,1,0.0,55.74
2008,929,68,4,0.15,247.81
2009,929,505,2,0.1,81.67
2010,930,155,2,0.15,205.75
2011,931,277,1,0.0,178.85
2012,931,541,1,0.2,174.29
2013,932,140,4,0.2,259.03
2014,933,338,2,0.0,175.39
2015,933,521,4,0.0,213.64
2016,933,43,4,0.0,89.02
2017,934,39,4,0.1,162.38
2018,934,189,1,0.15,170.58
2019,934,109,3,0.15,121.84
2020,934,242,2,0.05,150.43
2021,935,580,1,0.0,173.35
2022,935,537,1,0.2,12.63
2023,936,399,3,0.0,299.55
2024,936,5,1,0.05,217.63
2025,937,363,2,0.05,216.97
2026,937,503,1,0.0,274.15
2027,937,525,1,0.05,181.83
2028,938,195,2,0.15,279.23
2029,938,134,1,0.1,242.03
2030,938,131,1,0.0,248.6
2031,939,258,1,0.15,12.41
2032,940,378,4,0.05,58.96
2033,940,278,3,0.15,255.26
2034,941,391,1,0.05,225.14
2035,942,552,2,0.2,
2036,942,242,4,0.15,156.35
2037,942,85,2,0.0,18.82
2038,942,179,2,0.0,15.54
2039,942,482,1,0.0,73.71
2040,943,134,1,0.2,239.08
2041,943,578,1,0.0,219.88
2042,944,253,3,0.1,
2043,944,75,1,0.0,17.7
2044,945,264,1,0.1,114.03
2045,945,482,1,0.2,73.6
2046,946,404,2,0.05,395.36
2047,946,19,1,0.0,
2048,947,138,1,0.0,165.41
2049,947,271,4,0.0,312.96
2050,947,132,2,0.0,47.22
2051,948,443,1,0.1,192.65
2052,949,181,4,0.1,134.77
2053,949,17,1,0.1,35.75
2054,950,58,4,0.05,242.9
2055,950,393,2,0.15,80.05
2056,951,430,1,0.05,124.72
2057,951,486,1,0.0,269.4
2058,952,588,1,0.0,212.19
2059,953,178,1,0.1,28.98
2060,953,236,3,0.15,13.31
2061,954,362,3,0.0,31.65
2062,955,46,4,0.1,47.32
2063,955,564,1,0.0,28.86
2064,955,127,1,0.0,217.9
2065,955,24,1,0.05,99.71
2066,955,31,2,0.1,99.82
2067,956,528,1,0.05,265.81
2068,957,358,1,0.05,145.64
2069,958,160,1,0.0,41.75
2070,959,496,2,0.0,296.23
2071,960,10,1,0.15,117.76
2072,960,307,1,0.0,129.21
2073,960,449,1,0.0,124.23
2074,961,510,1,0.05,191.28
2075,962,52,1,0.0,
2076,962,224,1,0.1,371.73
2077,962,158,2,0.15,298.38
2078,963,512,3,0.0,395.14
2079,963,181,1,0.2,138.98
2080,964,415,1,0.15,224.92
2081,964,243,1,0.05,227.65
2082,964,110,1,0.05,248.85
2083,965,404,2,0.0,378.19
2084,966,308,2,0.2,338.73
2085,966,514,1,0.1,332.25
2086,967,325,2,0.0,242.36
2087,967,595,4,0.0,108.6
2088,967,558,1,0.05,189.78
2089,968,490,2,0.05,162.56
2090,968,10,4,0.0,116.71
2091,968,51,4,0.0,17.03
2092,969,78,2,0.0,243.83
2093,969,369,2,0.0,148.36
2094,969,512,2,0.2,393.86
2095,970,159,1,0.2,100.43
2096,971,155,1,0.15,203.11
2097,972,107,1,0.1,155.95
2098,973,273,2,0.05,176.14
2099,974,51,2,0.1,17.87
2100,974,539,1,0.05,133.57
2101,975,2,2,0.2,245.6
2102,975,576,1,0.15,271.7
2103,975,570,2,0.2,154.54
2104,976,339,4,0.1,37.76
2105,976,249,4,0.1,120.4
2106,977,175,1,0.1,132.64
2107,978,321,1,0.2,10.38
2108,978,52,1,0.05,
2109,978,331,2,0.2,148.64
2110,979,242,1,0.0,154.47
2111,980,238,4,0.05,215.85
2112,980,399,1,0.2,299.74
2113,980,447,3,0.0,230.25
2114,981,269,1,0.0,207.05
2115,982,489,2,0.0,119.71
2116,982,495,3,0.0,101.8
2117,983,341,3,0.2,
2118,984,13,1,0.05,167.59
2119,984,328,4,0.0,98.83
2120,984,294,2,0.2,21.47
2121,984,360,1,0.2,52.9
2122,985,417,1,0.15,35.47
2123,986,585,3,0.0,6.73
2124,986,406,1,0.0,
2125,987,488,3,0.0,12.22
2126,987,195,1,0.05,277.21
2127,987,477,2,0.0,78.77
2128,987,436,1,0.0,97.33
2129,988,285,2,0.2,237.39
2130,989,84,1,0.05,80.23
2131,989,18,1,0.15,355.1
2132,989,453,1,0.2,174.86
2133,989,237,3,0.1,25.62
2134,990,169,4,0.0,
2135,991,507,1,0.0,194.61
2136,991,338,4,0.0,175.9
2137,991,323,3,0.0,56.04
2138,992,195,1,0.15,277.16
2139,993,29,1,0.0,25.27
2140,994,296,3,0.2,55.03
2141,995,580,1,0.05,180.2
2142,995,37,3,0.0,9.44
2143,995,542,4,0.0,174.2
2144,996,409,2,0.2,166.25
2145,996,487,3,0.05,181.99
2146,996,493,1,0.0,235.1
2147,996,381,1,0.15,
2148,996,359,2,0.2,354.01
2149,997,334,1,0.15,
2150,997,542,4,0.05,174.76
2151,997,459,4,0.0,131.94
2152,998,120,1,0.1,145.93
2153,998,416,1,0.0,67.91
2154,998,389,4,0.05,88.3
2155,999,43,1,0.2,91.04
2156,999,320,1,0.0,79.34
2157,1000,341,1,0.05,
2158,1000,448,4,0.15,167.05
2159,1000,357,1,0.05,138.67
2160,1001,497,2,0.1,94.11
2161,1001,40,4,0.2,81.55
2162,1002,412,2,0.2,96.25
2163,1002,254,1,0.0,359.34
2164,1002,37,3,0.15,9.33
2165,1002,42,1,0.2,74.99
2166,1003,53,1,0.2,225.14
2167,1004,547,4,0.2,182.0
2168,1004,575,1,0.15,321.98
2169,1004,106,4,0.1,203.17
2170,1004,229,1,0.0,9.0
2171,1005,452,2,0.15,66.06
2172,1005,413,2,0.0,212.77
2173,1005,513,2,0.0,285.2
2174,1006,123,4,0.05,13.77
2175,1007,272,2,0.0,83.07
2176,1007,259,1,0.15,141.26
2177,1008,425,4,0.2,169.41
2178,1008,293,2,0.0,
2179,1009,22,1,0.15,21.18
2180,1010,427,2,0.15,85.49
2181,1010,3,1,0.15,38.33
2182,1011,334,2,0.1,
2183,1011,362,2,0.15,30.16
2184,1012,590,1,0.0,241.18
2185,1013,523,1,0.0,304.09
2186,1013,281,1,0.2,171.52
2187,1013,539,1,0.05,134.22
2188,1014,163,1,0.15,346.79
2189,1014,463,3,0.0,90.0
2190,1015,395,2,0.1,194.86
2191,1015,551,2,0.0,31.42
2192,1015,458,1,0.1,158.29
2193,1015,469,1,0.1,14.85
2194,1015,302,1,0.0,43.45
2195,1016,514,1,0.05,342.02
2196,1017,310,3,0.15,282.2
2197,1017,43,1,0.2,82.77
2198,1018,162,1,0.15,166.49
2199,1018,256,1,0.0,187.54
2200,1018,434,4,0.0,40.94
2201,1019,558,1,0.05,202.29
2202,1020,188,1,0.0,23.86
2203,1020,242,1,0.0,161.6
2204,1021,149,2,0.0,179.87
2205,1021,345,1,0.2,182.2
2206,1022,34,3,0.15,58.65
2207,1023,578,4,0.0,239.18
2208,1024,401,1,0.1,160.26
2209,1025,85,3,0.1,19.5
2210,1026,182,1,0.2,152.91
2211,1026,408,2,0.0,282.33
2212,1026,41,1,0.2,301.25
2213,1027,339,3,0.0,36.54
2214,1027,179,3,0.0,15.7
2215,1027,157,1,0.0,
2216,1028,299,4,0.0,163.14
2217,1029,277,3,0.15,187.84
2218,1029,439,1,0.0,241.12
2219,1029,222,2,0.15,107.67
2220,1029,410,1,0.05,
2221,1029,421,1,0.0,11.63
2222,1030,233,1,0.15,266.33
2223,1031,271,4,0.05,307.32
2224,1031,19,1,0.0,
2225,1031,119,1,0.15,59.72
2226,1031,50,2,0.0,10.24
2227,1032,233,1,0.15,273.16
2228,1033,597,4,0.2,114.34
2229,1034,12,4,0.0,88.96
2230,1035,378,1,0.15,59.0
2231,1036,491,3,0.0,
2232,1036,101,2,0.15,144.56
2233,1037,377,1,0.0,174.52
2234,1037,483,1,0.0,83.14
2235,1038,324,1,0.2,201.06
2236,1038,540,1,0.0,100.01
2237,1038,476,3,0.15,200.88
2238,1038,536,4,0.0,74.31
2239,1038,537,4,0.15,12.58
2240,1039,607,1,0.2,
2241,1039,77,1,0.0,47.84
2242,1039,482,2,0.0,72.04
2243,1039,271,1,0.0,332.11
2244,1040,397,2,0.1,
2245,1041,466,2,0.0,59.37
2246,1041,167,1,0.0,7.83
2247,1042,298,2,0.05,270.59
2248,1043,432,3,0.0,154.05
2249,1043,287,2,0.0,132.27
2250,1044,282,1,0.0,31.21
2251,1044,541,1,0.0,171.71
2252,1044,150,4,0.2,129.53
2253,1044,130,2,0.1,126.64
2254,1045,401,4,0.0,157.95
2255,1046,595,2,0.15,116.97
2256,1046,323,3,0.2,53.01
2257,1047,108,1,0.0,181.82
2258,1047,13,1,0.1,176.25
2259,1048,15,2,0.15,125.74
2260,1048,281,3,0.0,171.26
2261,1049,255,3,0.2,326.16
2262,1049,443,2,0.0,198.14
2263,1050,261,1,0.15,163.84
2264,1051,276,4,0.2,210.4
2265,1051,19,1,0.1,
2266,1052,157,2,0.0,18.07
2267,1052,400,1,0.0,284.58
2268,1052,408,4,0.05,269.63
2269,1052,518,2,0.2,35.09
2270,1052,51,1,0.0,17.78
2271,1053,404,1,0.2,393.22
2272,1053,515,1,0.0,128.73
2273,1053,207,4,0.15,299.67
2274,1054,220,3,0.1,152.18
2275,1054,532,1,0.0,229.31
2276,1055,194,4,0.1,66.6
2277,1055,148,1,0.0,46.81
2278,1056,245,4,0.2,381.04
2279,1056,493,1,0.0,229.87
2280,1056,268,4,0.0,321.43
2281,1056,115,1,0.2,311.83
2282,1057,507,2,0.15,184.75
2283,1057,230,2,0.15,16.47
2284,1057,405,4,0.0,101.85
2285,1058,76,1,0.15,227.59
2286,1059,591,3,0.05,273.66
2287,1059,286,1,0.0,
2288,1059,538,1,0.0,298.29
2289,1060,590,1,0.0,243.85
2290,1061,492,1,0.2,26.52
2291,1061,174,3,0.0,129.45
2292,1062,382,3,0.0,96.87
2293,1062,110,1,0.0,
2294,1062,608,1,0.2,
2295,1063,214,4,0.1,181.84
2296,1064,329,4,0.05,80.57
2297,1065,569,4,0.0,266.67
2298,1066,493,1,0.0,227.36
2299,1067,329,1,0.1,84.27
2300,1067,241,3,0.0,213.11
2301,1068,442,3,0.0,8.27
2302,1069,262,2,0.0,385.84
2303,1070,29,1,0.05,25.22
2304,1071,99,1,0.05,300.05
2305,1072,329,2,0.0,78.88
2306,1072,63,3,0.0,
2307,1072,435,1,0.1,337.94
2308,1072,337,2,0.0,30.76
2309,1073,322,1,0.1,63.72
2310,1073,329,1,0.0,79.01
2311,1073,12,1,0.05,83.72
2312,1073,551,2,0.1,31.73
2313,1074,323,1,0.15,56.49
2314,1075,578,4,0.05,224.37
2315,1075,179,1,0.0,15.49
2316,1075,50,2,0.2,10.06
2317,1076,397,1,0.1,
2318,1076,491,4,0.0,126.01
2319,1076,20,4,0.05,196.77
2320,1076,585,2,0.2,6.95
2321,1077,360,2,0.0,51.29
2322,1077,175,1,0.0,125.52
2323,1077,370,1,0.15,127.52
2324,1078,520,1,0.1,22.36
2325,1078,115,1,0.0,289.07
2326,1078,175,1,0.0,135.91
2327,1078,110,1,0.0,262.01
2328,1078,394,2,0.0,
2329,1079,194,4,0.0,72.63
2330,1079,104,1,0.0,42.84
2331,1080,523,1,0.05,282.73
2332,1080,261,2,0.1,164.01
2333,1080,300,3,0.2,43.43
2334,1080,285,3,0.15,258.44
2335,1081,505,2,0.15,83.37
2336,1081,161,3,0.0,194.29
2337,1082,558,1,0.15,186.53
2338,1083,489,1,0.1,124.26
2339,1083,250,4,0.05,389.87
2340,1083,490,3,0.05,162.52
2341,1084,434,1,0.15,41.18
2342,1085,124,1,0.15,181.24
2343,1085,195,4,0.0,281.0
2344,1086,431,2,0.05,241.61
2345,1086,459,4,0.0,122.16
2346,1086,327,2,0.05,215.6
2347,1087,279,1,0.0,30.71
2348,1087,35,3,0.05,38.12
2349,1087,364,3,0.0,59.92
2350,1088,470,2,0.0,45.58
2351,1088,332,2,0.15,153.05
2352,1088,136,3,0.0,315.43
2353,1088,380,2,0.0,319.05
2354,1089,28,2,0.0,235.4
2355,1089,579,1,0.0,68.71
2356,1090,62,2,0.2,75.96
2357,1090,569,1,0.15,262.56
2358,1091,476,1,0.05,208.3
2359,1092,106,3,0.0,197.54
2360,1092,443,4,0.05,181.96
2361,1092,364,1,0.05,59.61
2362,1092,230,3,0.0,15.99
2363,1093,353,2,0.15,34.57
2364,1094,48,2,0.15,242.48
2365,1095,443,2,0.0,187.39
2366,1096,121,2,0.0,401.59
2367,1096,179,4,0.0,14.51
2368,1097,149,1,0.1,182.45
2369,1098,223,4,0.0,333.81
2370,1099,543,4,0.0,296.18
2371,1099,513,1,0.1,282.11
2372,1099,308,4,0.1,367.41
2373,1100,77,4,0.0,50.39
2374,1100,411,2,0.15,162.64
2375,1101,405,2,0.1,106.28
2376,1102,176,3,0.0,200.36
2377,1102,540,2,0.0,96.94
2378,1102,447,4,0.15,238.92
2379,1102,454,4,0.15,229.62
2380,1103,498,3,0.05,78.75
2381,1103,226,4,0.15,257.83
2382,1103,77,1,0.0,50.49
2383,1104,374,1,0.0,126.99
2384,1104,449,1,0.15,116.27
2385,1104,542,4,0.0,173.22
2386,1105,94,4,0.05,252.96
2387,1105,225,1,0.1,86.95
2388,1106,239,2,0.15,28.27
2389,1106,7,1,0.05,207.38
2390,1106,190,1,0.1,208.49
2391,1107,424,2,0.0,44.49
2392,1108,80,3,0.1,90.91
2393,1108,214,1,0.0,180.99
2394,1108,537,4,0.0,11.67
2395,1109,34,1,0.0,62.15
2396,1109,311,1,0.0,46.2
2397,1110,281,2,0.0,180.08
2398,1111,154,2,0.1,141.75
2399,1111,325,1,0.05,237.8
2400,1111,484,2,0.15,192.37
2401,1112,531,1,0.1,371.18
2402,1112,164,3,0.1,191.68
2403,1112,511,2,0.0,175.33
2404,1112,112,3,0.2,32.55
2405,1113,269,4,0.2,216.24
2406,1113,278,1,0.0,248.16
2407,1113,297,1,0.15,54.46
2408,1113,94,3,0.15,254.17
2409,1114,523,3,0.05,288.81
2410,1114,259,1,0.2,140.69
2411,1114,455,3,0.0,79.83
2412,1114,45,3,0.0,261.29
2413,1115,158,3,0.0,302.15
2414,1115,232,1,0.1,239.53
2415,1116,15,2,0.0,119.01
2416,1116,83,3,0.2,39.91
2417,1117,372,1,0.0,240.26
2418,1117,468,2,0.0,46.42
2419,1118,307,2,0.0,129.98
2420,1118,121,1,0.0,366.81
2421,1119,56,2,0.0,69.35
2422,1119,537,1,0.0,12.73
2423,1120,93,4,0.0,97.54
2424,1120,181,1,0.05,130.79
2425,1121,173,4,0.1,130.26
2426,1121,49,4,0.2,158.88
2427,1122,424,2,0.0,42.63
2428,1122,156,1,0.2,98.94
2429,1123,193,1,0.05,270.31
2430,1123,148,1,0.0,45.13
2431,1124,573,3,0.0,105.44
2432,1124,510,3,0.15,193.2
2433,1125,578,2,0.15,220.84
2434,1126,40,1,0.2,80.39
2435,1126,394,2,0.0,
2436,1127,270,1,0.0,101.04
2437,1127,482,2,0.0,70.23
2438,1127,16,4,0.1,
2439,1127,130,1,0.05,131.2
2440,1127,501,1,0.0,
2441,1128,185,3,0.0,43.88
2442,1128,497,1,2.07,97.96
2443,1128,315,1,0.15,14.55
2444,1129,259,2,0.0,149.51
2445,1130,544,1,0.0,146.75
2446,1131,265,1,0.15,30.2
2447,1131,43,3,0.1,84.2
2448,1132,459,1,0.0,128.1
2449,1133,53,1,0.0,219.17
2450,1133,376,4,0.05,52.64
2451,1134,549,2,0.05,54.5
2452,1134,72,1,0.1,136.08
2453,1134,582,2,0.15,131.17
2454,1134,228,2,0.0,40.2
2455,1135,557,4,0.0,74.96
2456,1136,246,2,0.2,156.28
2457,1136,48,3,0.05,242.43
2458,1136,132,1,0.2,49.57
2459,1136,204,2,0.1,79.48
2460,1137,560,1,0.05,
2461,1137,446,2,0.0,285.35
2462,1138,424,1,0.2,41.38
2463,1139,195,4,0.2,286.22
2464,1140,102,1,0.2,73.13
2465,1140,537,4,0.05,11.8
2466,1140,406,2,0.15,
2467,1141,388,1,0.05,191.91
2468,1141,409,1,0.1,176.57
2469,1142,433,2,0.1,129.83
2470,1143,9,2,0.0,96.7
2471,1143,223,1,0.2,327.72
2472,1144,279,4,0.0,
2473,1145,397,2,0.2,
2474,1146,592,4,0.1,252.26
2475,1146,488,1,0.0,13.12
2476,1147,450,1,0.1,7.31
2477,1148,554,1,0.05,147.49
2478,1149,398,2,0.15,14.06
2479,1149,141,2,0.15,249.75
2480,1150,419,1,0.1,258.74
2481,1150,446,1,0.15,272.15
2482,1151,143,4,0.0,
2483,1152,154,1,0.15,145.36
2484,1152,270,1,0.0,100.11
2485,1153,322,2,0.0,59.36
2486,1153,267,4,0.0,309.42
2487,1154,142,1,0.0,88.05
2488,1154,159,1,0.0,95.8
2489,1154,367,4,0.15,205.19
2490,1155,82,2,0.0,193.09
2491,1156,153,1,0.05,
2492,1157,7,4,0.0,197.77
2493,1157,49,2,0.0,158.48
2494,1157,109,4,0.05,117.17
2495,1157,441,1,0.05,87.74
2496,1157,402,2,0.0,
2497,1158,564,2,0.0,28.94
2498,1158,585,1,0.0,6.56
2499,1159,47,1,0.2,240.94
2500,1159,459,1,0.0,124.2
2501,1160,417,2,0.0,38.15
2502,1160,277,4,0.1,172.25
2503,1161,328,2,0.0,100.59
2504,1162,197,2,0.1,138.32
2505,1162,563,1,0.0,208.7
2506,1162,551,1,0.2,30.09
2507,1162,511,1,0.0,180.39
2508,1163,237,1,0.0,23.82
2509,1163,21,3,0.0,42.8
2510,1164,354,1,0.0,122.39
2511,1164,468,3,0.15,49.87
2512,1164,538,4,0.15,298.77
2513,1165,303,1,0.0,42.71
2514,1166,178,4,0.0,31.72
2515,1166,521,1,0.2,213.11
2516,1167,292,-1,0.2,132.24
2517,1167,529,4,0.0,216.23
2518,1167,74,1,0.0,190.84
2519,1168,210,1,0.05,244.52
2520,1168,272,1,0.0,88.45
2521,1168,282,4,0.1,29.98
2522,1168,58,4,0.0,256.6
2523,1169,160,3,0.05,43.89
2524,1169,536,3,0.05,80.35
2525,1170,476,1,0.15,214.85
2526,1170,467,1,0.0,302.44
2527,1170,54,1,0.2,149.43
2528,1171,438,2,0.2,10.7
2529,1171,343,2,0.05,310.36
2530,1172,167,4,0.0,7.8
2531,1172,196,4,0.15,291.92
2532,1172,446,2,0.05,277.02
2533,1172,200,4,0.2,275.87
2534,1173,104,2,0.1,42.84
2535,1173,430,4,0.0,115.93
2536,1173,361,1,0.1,221.43
2537,1173,108,2,0.0,175.74
2538,1173,324,3,0.1,212.99
2539,1174,393,3,0.05,80.11
2540,1175,45,2,0.0,269.56
2541,1176,6,4,0.0,16.24
2542,1176,360,2,0.1,49.23
2543,1177,175,1,0.0,133.71
2544,1178,405,1,0.0,106.83
2545,1179,138,4,0.1,155.12
2546,1180,118,1,0.15,72.35
2547,1180,579,1,0.05,70.66
2548,1181,505,2,0.0,79.5
2549,1181,458,2,0.0,159.73
2550,1181,77,4,0.15,49.55
2551,1182,545,2,0.0,249.27
2552,1183,413,2,0.0,
2553,1184,190,4,0.05,221.9
2554,1185,469,3,0.0,14.97
2555,1185,198,4,0.0,140.51
2556,1186,250,1,0.1,403.32
2557,1186,56,3,0.0,72.01
2558,1186,305,3,0.1,186.55
2559,1187,169,2,0.0,
2560,1187,557,2,0.0,72.71
2561,1187,1,4,0.15,154.42
2562,1188,407,4,0.0,54.81
2563,1188,56,1,0.1,71.21
2564,1188,226,2,0.2,256.64
2565,1188,444,3,0.2,162.83
2566,1189,563,3,0.15,220.74
2567,1190,481,2,0.1,34.21
2568,1190,464,1,0.2,
2569,1190,577,3,0.0,235.11
2570,1190,553,2,0.0,232.81
2571,1191,67,1,0.1,37.26
2572,1191,333,1,0.0,27.61
2573,1192,535,1,0.0,
2574,1192,68,1,0.2,246.79
2575,1193,582,2,0.2,119.94
2576,1193,286,2,0.05,200.55
2577,1194,374,1,0.1,129.78
2578,1195,313,4,0.15,181.15
2579,1195,289,1,0.1,69.33
2580,1196,165,4,0.0,104.43
2581,1196,445,1,0.1,28.9
2582,1197,83,1,0.2,43.0
2583,1197,440,3,0.2,11.89
2584,1197,437,1,0.0,177.78
2585,1198,287,1,0.0,135.33
2586,1198,12,1,0.2,81.7
2587,1198,262,1,0.2,383.91
2588,1198,492,3,0.05,27.03
2589,1198,497,1,0.0,96.38
2590,1199,271,1,0.1,313.01
2591,1200,11,4,0.0,138.95
2592,1200,140,4,0.05,258.49
2593,1200,414,2,0.05,96.77
2594,1200,238,3,0.0,235.61
2595,1200,218,2,0.15,34.48
2596,1201,121,2,0.0,378.95
2597,1201,124,2,0.0,186.59
2598,1202,161,2,0.0,196.28
2599,1203,226,1,0.05,261.89
2600,1204,448,3,0.0,159.96
2601,1205,313,1,0.0,180.08
2602,1206,185,2,0.0,46.03
2603,1207,390,2,0.1,234.11
2604,1207,20,1,0.15,201.07
2605,1207,537,1,0.0,11.92
2606,1208,26,2,0.0,
2607,1209,217,2,0.0,135.77
2608,1210,519,1,0.0,131.55
2609,1211,339,4,0.05,35.76
2610,1212,393,3,0.0,76.54
2611,1212,159,2,0.0,94.6
2612,1213,125,1,0.1,382.03
2613,1213,215,1,0.05,83.91
2614,1213,531,3,0.2,
2615,1214,145,4,0.05,94.32
2616,1214,73,1,0.05,58.72
2617,1214,391,3,0.0,213.17
2618,1215,426,1,0.0,
2619,1215,181,3,0.2,133.07
2620,1216,602,1,0.1,
2621,1216,538,3,0.05,278.03
2622,1217,572,4,0.05,230.09
2623,1217,518,1,0.05,32.99
2624,1217,294,2,0.0,21.91
2625,1218,78,3,0.2,256.99
2626,1218,517,4,0.05,57.16
2627,1219,121,4,0.05,397.45
2628,1220,108,1,0.0,171.22
2629,1220,126,4,0.0,83.04
2630,1220,164,4,0.05,191.85
2631,1221,539,2,0.0,143.49
2632,1221,558,1,0.15,189.13
2633,1221,565,2,0.05,101.95
2634,1221,95,4,0.0,135.93
2635,1221,82,1,0.0,194.63
2636,1222,231,2,0.0,44.57
2637,1222,407,1,0.05,54.71
2638,1223,397,1,0.2,
2639,1223,85,1,0.05,20.12
2640,1224,445,4,0.2,28.51
2641,1224,210,1,0.15,248.9
2642,1225,387,2,0.0,42.13
2643,1225,123,1,0.15,14.75
2644,1226,301,4,0.15,48.24
2645,1226,1,3,0.0,159.38
2646,1227,493,1,0.0,234.12
2647,1227,285,3,0.15,242.6
2648,1228,441,1,0.1,82.79
2649,1228,532,2,0.1,231.71
2650,1228,247,1,0.2,66.32
2651,1228,125,2,0.0,361.55
2652,1228,275,2,0.0,193.69
2653,1229,174,-1,0.05,129.99
2654,1230,34,2,0.0,60.6
2655,1231,411,2,0.0,151.71
2656,1232,355,3,0.05,93.68
2657,1233,570,1,0.0,166.16
2658,1233,498,2,0.0,82.06
2659,1233,83,2,0.15,42.09
2660,1233,31,1,0.2,99.98
2661,1234,595,1,0.1,110.4
2662,1235,323,3,0.1,52.59
2663,1235,435,1,0.15,352.93
2664,1235,261,1,0.05,170.48
2665,1235,139,1,0.0,277.38
2666,1236,7,1,0.0,210.54
2667,1236,451,2,0.05,42.99
2668,1237,432,2,0.0,155.32
2669,1238,460,3,0.2,175.63
2670,1238,38,1,0.2,257.68
2671,1238,360,1,0.0,48.53
2672,1238,563,2,0.0,204.62
2673,1239,63,2,0.05,73.3
2674,1239,392,4,0.2,72.87
2675,1239,292,2,0.0,134.05
2676,1239,396,1,0.1,57.89
2677,1239,285,2,0.05,237.15
2678,1240,527,1,0.0,367.22
2679,1240,443,1,0.15,180.13
2680,1241,346,2,0.0,98.64
2681,1241,578,1,0.1,229.45
2682,1242,16,3,0.2,
2683,1242,444,2,0.0,156.28
2684,1243,67,1,0.0,37.36
2685,1243,596,4,0.0,26.95
2686,1244,285,2,0.0,239.16
2687,1244,26,3,0.0,
2688,1245,424,2,0.0,43.96
2689,1246,172,1,0.05,54.91
2690,1247,112,1,0.1,29.76
2691,1248,394,2,0.2,
2692,1248,561,1,0.15,349.86
2693,1248,88,3,0.15,155.29
2694,1248,442,1,0.15,8.64
2695,1249,198,4,0.05,141.84
2696,1249,295,1,0.1,34.77
2697,1250,456,1,0.05,153.09
2698,1250,210,1,0.15,256.96
2699,1251,199,2,0.2,253.07
2700,1251,66,1,0.15,103.81
2701,1251,101,3,0.1,139.42
2702,1252,486,1,0.2,262.57
2703,1252,520,1,0.2,22.75
2704,1252,107,1,0.0,169.54
2705,1252,415,2,0.0,214.84
2706,1253,269,3,0.15,209.94
2707,1254,529,2,0.0,218.25
2708,1255,4,1,0.0,
2709,1255,538,2,0.2,294.05
2710,1256,240,4,0.1,292.28
2711,1256,487,2,0.1,176.03
2712,1257,35,1,0.1,38.96
2713,1258,414,4,0.0,99.02
2714,1259,347,1,0.15,129.6
2715,1259,32,2,0.2,227.58
2716,1259,255,2,0.0,347.86
2717,1259,91,2,0.2,75.82
2718,1260,281,4,0.0,168.72
2719,1260,436,1,0.1,98.2
2720,1261,102,1,0.0,72.25
2721,1261,88,4,0.05,146.4
2722,1261,349,3,0.0,94.88
2723,1261,443,2,0.05,194.4
2724,1262,449,3,0.0,118.98
2725,1262,108,1,0.0,186.58
2726,1262,163,1,0.1,360.99
2727,1263,471,3,0.15,93.98
2728,1263,418,1,0.0,150.25
2729,1264,299,4,0.0,159.99
2730,1265,427,4,0.0,86.74
2731,1265,88,1,0.2,152.79
2732,1265,520,2,0.2,23.02
2733,1265,279,1,0.0,31.33
2734,1266,195,2,0.0,295.86
2735,1266,387,4,0.0,42.87
2736,1266,39,1,0.0,160.3
2737,1267,112,2,0.0,31.74
2738,1268,312,1,0.0,118.22
2739,1269,537,2,0.2,12.66
2740,1269,424,1,0.0,42.09
2741,1270,34,3,0.1,60.8
2742,1271,328,3,0.0,98.34
2743,1272,404,2,0.15,373.33
2744,1272,61,1,0.1,306.83
2745,1272,346,2,0.1,102.55
2746,1272,323,1,0.15,55.27
2747,1272,491,4,0.05,129.21
2748,1273,384,2,0.15,293.46
2749,1274,337,1,0.1,31.35
2750,1274,470,1,0.05,45.93
2751,1274,341,4,0.2,
2752,1275,387,4,0.0,43.21
2753,1275,52,2,0.0,100.77
2754,1275,560,3,0.0,
2755,1275,119,3,0.0,59.96
2756,1275,527,1,0.15,346.14
2757,1276,23,3,0.0,92.96
2758,1276,299,1,0.0,154.31
2759,1277,351,3,0.1,110.15
2760,1277,411,1,0.15,160.49
2761,1278,380,2,0.0,317.57
2762,1278,112,3,0.2,32.5
2763,1278,54,1,0.0,158.24
2764,1279,432,1,0.2,164.0
2765,1279,483,3,0.0,85.12
2766,1280,306,3,0.05,21.9
2767,1280,209,2,0.1,80.1
2768,1280,574,3,0.1,275.47
2769,1281,532,4,0.0,228.11
2770,1282,55,3,0.05,53.69
2771,1282,289,3,0.2,65.06
2772,1282,299,3,0.1,157.78
2773,1282,267,1,0.0,322.76
2774,1283,127,4,0.0,229.48
2775,1284,20,1,0.1,193.95
2776,1285,178,1,0.05,30.21
2777,1285,331,2,0.2,158.61
2778,1285,404,2,0.1,388.72
2779,1286,451,1,0.05,44.99
2780,1286,541,1,0.0,177.76
2781,1286,422,1,0.15,82.58
2782,1286,72,1,0.0,136.44
2783,1287,464,1,0.0,
2784,1287,32,4,0.0,
2785,1287,321,1,0.05,10.32
2786,1288,544,2,0.0,144.93
2787,1289,395,1,0.15,193.44
2788,1289,330,2,0.0,204.92
2789,1290,279,1,0.2,31.87
2790,1291,179,3,0.1,14.65
2791,1291,492,2,0.2,25.34
2792,1291,460,2,0.0,173.48
2793,1292,404,1,0.0,384.33
2794,1293,425,2,0.15,163.33
2795,1294,218,1,0.15,34.97
2796,1295,422,3,0.05,78.06
2797,1295,466,2,0.0,58.78
2798,1295,178,2,0.0,29.49
2799,1296,185,1,0.0,44.49
2800,1297,524,2,0.0,47.39
2801,1297,87,1,0.0,123.07
2802,1297,255,3,0.2,348.47
2803,1297,519,4,0.0,125.31
2804,1297,291,1,0.0,192.53
2805,1298,80,1,0.0,86.3
2806,1298,135,2,0.0,95.24
2807,1298,61,2,0.0,332.1
2808,1298,412,2,0.0,97.12
2809,1299,278,1,0.2,262.89
2810,1300,111,1,0.2,212.18
2811,1300,589,4,0.0,171.19
2812,1300,364,4,0.0,60.48
2813,1300,49,2,0.2,162.48
2814,1301,377,1,0.1,169.51
2815,1301,355,4,0.0,90.32
2816,1301,392,1,0.2,72.93
2817,1301,152,4,0.05,187.77
2818,1302,456,2,0.05,159.82
2819,1302,561,2,0.1,362.19
2820,1303,13,1,0.15,166.44
2821,1304,462,1,0.2,341.29
2822,1305,102,1,0.0,67.47
2823,1306,36,1,0.15,184.82
2824,1306,498,1,0.1,79.85
2825,1306,350,2,0.1,50.67
2826,1307,172,2,0.05,58.1
2827,1308,124,2,0.0,179.58
2828,1308,70,1,0.0,161.81
2829,1308,186,1,0.15,23.68
2830,1308,60,1,0.1,292.12
2831,1309,587,2,0.2,161.22
2832,1310,6,2,0.15,17.43
2833,1311,303,1,0.05,41.86
2834,1312,570,1,0.2,155.64
2835,1312,241,3,0.0,212.81
2836,1313,466,2,0.15,62.53
2837,1314,165,1,0.0,110.14
2838,1314,27,1,0.2,358.17
2839,1315,339,1,0.05,37.83
2840,1316,287,1,0.0,
2841,1317,323,1,0.05,56.0
2842,1317,167,2,0.1,7.63
2843,1317,223,4,0.15,320.71
2844,1317,45,4,0.05,256.45
2845,1318,298,1,0.0,270.22
2846,1319,54,1,0.0,160.83
2847,1319,198,1,0.1,144.09
2848,1319,358,2,0.0,150.04
2849,1319,520,1,0.0,22.29
2850,1320,110,2,0.0,250.58
2851,1321,130,1,0.1,129.53
2852,1322,426,3,0.0,
2853,1322,440,4,0.15,10.99
2854,1323,539,2,0.2,134.9
2855,1323,444,2,0.05,165.0
2856,1323,281,1,0.0,170.79
2857,1324,389,2,0.2,86.3
2858,1325,35,3,0.0,39.46
2859,1326,64,3,0.0,
2860,1326,451,3,0.1,44.12
2861,1327,345,1,0.2,180.96
2862,1327,429,2,0.0,17.23
2863,1328,129,1,0.15,343.49
2864,1329,419,4,0.15,249.0
2865,1330,205,2,0.1,191.48
2866,1330,281,2,0.0,168.42
2867,1330,582,2,0.1,121.7
2868,1331,397,4,0.1,
2869,1332,401,1,0.15,163.78
2870,1332,541,1,0.15,170.71
2871,1332,242,1,0.05,159.48
2872,1332,310,2,0.0,281.17
2873,1332,536,1,0.0,77.31
2874,1333,403,1,0.0,153.29
2875,1334,133,1,0.15,309.9
2876,1334,311,2,0.0,50.02
2877,1335,567,4,0.05,23.47
2878,1335,305,1,0.2,176.77
2879,1335,336,4,0.0,76.4
2880,1336,118,3,0.0,76.64
2881,1337,131,4,0.05,248.39
2882,1337,263,4,0.0,242.03
2883,1337,372,1,0.1,235.51
2884,1338,106,1,0.0,204.44
2885,1338,593,2,0.0,51.33
2886,1338,112,1,0.2,32.56
2887,1338,34,1,0.0,58.5
2888,1339,470,4,0.2,42.83
2889,1339,487,3,0.15,172.37
2890,1340,289,2,0.0,65.07
2891,1340,278,1,2.17,245.63
2892,1341,399,2,0.15,303.03
2893,1341,334,1,0.05,
2894,1341,570,1,0.0,156.86
2895,1342,45,1,0.05,270.97
2896,1342,14,1,0.0,65.82
2897,1342,606,4,0.0,
2898,1342,9,1,0.0,100.58
2899,1343,53,2,0.15,219.62
2900,1344,479,2,0.0,111.63
2901,1344,388,3,0.0,191.82
2902,1345,138,2,0.05,160.28
2903,1346,598,1,0.0,25.49
2904,1346,172,4,0.0,54.88
2905,1347,246,1,0.0,163.2
2906,1348,529,4,0.0,212.23
2907,1348,100,4,0.0,339.8
2908,1349,305,1,0.0,182.55
2909,1350,282,1,0.0,31.36
2910,1350,337,2,0.2,32.25
2911,1351,277,1,0.0,180.09
2912,1351,264,2,0.0,107.09
2913,1351,44,1,0.2,255.71
2914,1352,22,4,0.0,22.21
2915,1352,83,2,0.1,42.31
2916,1352,584,1,0.05,267.33
2917,1352,510,2,0.1,190.14
2918,1352,293,1,0.0,166.86
2919,1353,131,4,0.1,261.99
2920,1353,217,2,0.0,134.65
2921,1354,403,1,0.0,159.98
2922,1354,460,1,0.0,166.55
2923,1355,249,1,0.1,125.77
2924,1356,59,1,0.0,196.61
2925,1356,38,1,0.15,247.42
2926,1356,428,1,0.0,52.07
2927,1356,256,3,0.15,176.88
2928,1356,274,1,0.15,44.68
2929,1357,366,1,0.0,69.5
2930,1358,538,2,0.0,287.68
2931,1358,172,1,0.2,57.17
2932,1358,411,3,0.1,151.18
2933,1359,295,3,0.15,33.19
2934,1360,42,1,0.2,68.56
2935,1360,438,2,0.0,10.04
2936,1361,168,1,0.2,13.65
2937,1361,183,4,0.0,255.24
2938,1362,111,2,0.0,206.08
2939,1362,387,1,0.1,40.81
2940,1362,453,4,0.0,176.15
2941,1362,472,1,0.2,254.78
2942,1363,492,1,0.1,27.12
2943,1363,400,1,0.0,270.15
2944,1364,537,1,0.15,12.27
2945,1364,58,1,0.2,249.41
2946,1364,553,1,0.0,242.19
2947,1364,300,3,0.2,43.58
2948,1365,144,1,0.0,149.88
2949,1366,384,4,0.0,302.57
2950,1367,533,2,0.0,155.1
2951,1368,207,3,0.05,306.53
2952,1369,477,1,0.05,77.92
2953,1369,277,4,0.1,175.05
2954,1369,213,1,0.05,23.93
2955,1370,497,1,0.1,91.91
2956,1371,214,1,0.15,184.05
2957,1372,339,4,0.0,38.56
2958,1372,155,3,0.1,202.81
2959,1372,97,1,0.15,291.63
2960,1373,549,4,0.0,53.67
2961,1374,37,1,0.0,9.51
2962,1374,328,1,0.0,98.06
2963,1374,369,4,0.0,147.82
2964,1374,243,3,0.2,242.95
2965,1375,225,1,0.1,83.11
2966,1375,343,1,0.0,286.46
2967,1375,375,3,0.0,292.47
2968,1376,501,2,0.0,
2969,1377,1,1,0.0,152.22
2970,1377,592,3,0.2,260.6
2971,1378,408,1,0.1,268.85
2972,1379,19,1,0.15,
2973,1379,63,4,0.05,70.28
2974,1379,409,2,0.05,172.66
2975,1379,245,2,0.0,387.81
2976,1380,561,1,0.05,358.13
2977,1380,408,1,0.05,272.3
2978,1380,112,4,0.05,29.87
2979,1380,137,1,0.15,345.97
2980,1381,58,3,0.1,247.47
2981,1381,16,1,0.1,
2982,1381,28,1,0.1,234.27
2983,1382,390,1,0.0,243.69
2984,1383,551,1,0.2,32.84
2985,1383,466,3,0.15,62.58
2986,1384,57,2,0.05,341.82
2987,1385,440,4,0.0,11.17
2988,1386,308,1,0.0,335.1
2989,1387,535,4,0.1,
2990,1387,85,2,0.0,19.36
2991,1387,202,2,0.05,199.87
2992,1387,513,2,0.1,279.3
2993,1388,190,4,0.1,202.46
2994,1388,159,3,0.05,100.73
2995,1389,161,1,0.0,197.96
2996,1389,194,1,0.15,69.76
2997,1389,202,1,0.0,192.83
2998,1390,23,1,0.0,95.2
2999,1390,349,2,0.1,102.53
3000,1390,249,1,0.05,126.47
3001,1391,573,1,0.0,111.58
3002,1391,432,1,0.05,155.08
3003,1392,276,1,0.15,196.32
3004,1392,561,4,0.1,362.72
3005,1392,256,1,0.2,187.2
3006,1393,106,2,0.1,199.1
3007,1394,457,2,0.15,181.18
3008,1394,431,1,0.0,
3009,1394,520,2,0.05,22.49
3010,1394,27,1,0.05,388.23
3011,1395,144,2,0.0,146.85
3012,1395,418,4,0.0,152.78
3013,1396,67,3,0.2,37.95
3014,1397,191,1,0.2,45.99
3015,1397,168,1,0.1,13.11
3016,1398,519,1,0.2,125.61
3017,1398,424,2,0.0,41.66
3018,1398,239,4,0.1,29.67
3019,1398,38,3,0.0,249.73
3020,1398,478,1,0.0,120.52
3021,1399,263,4,0.05,251.29
3022,1400,32,2,0.2,229.56
3023,1400,291,1,0.0,202.02
3024,1401,30,4,0.1,17.73
3025,1401,357,3,0.2,143.86
3026,1401,380,1,0.0,336.11
3027,1402,413,1,0.2,222.28
3028,1402,22,1,0.0,21.32
3029,1402,581,1,0.0,189.81
3030,1403,99,2,0.15,281.71
3031,1403,263,1,0.1,252.21
3032,1404,357,2,0.0,141.66
3033,1404,221,4,0.15,44.21
3034,1405,308,4,0.0,343.5
3035,1405,21,1,0.0,41.42
3036,1405,562,2,0.15,319.28
3037,1405,530,1,0.0,171.75
3038,1406,61,1,0.1,309.84
3039,1407,529,1,0.05,230.3
3040,1407,534,1,0.0,58.6
3041,1408,415,1,0.0,226.66
3042,1408,437,1,0.1,
3043,1408,267,2,0.15,333.39
3044,1409,152,4,0.0,182.16
3045,1410,506,3,0.05,95.13
3046,1410,4,1,0.0,
3047,1411,57,1,0.05,339.33
3048,1411,576,1,0.0,
3049,1411,185,3,0.0,43.27
3050,1412,576,1,0.0,272.07
3051,1412,429,2,0.1,16.8
3052,1412,434,2,0.15,38.83
3053,1413,235,3,0.2,97.9
3054,1413,212,1,0.2,33.85
3055,1414,38,3,0.1,266.94
3056,1414,348,1,0.2,42.85
3057,1415,303,1,0.0,40.09
3058,1416,185,3,0.2,44.13
3059,1417,550,1,0.2,225.02
3060,1417,216,1,0.2,57.7
3061,1418,24,1,0.15,96.92
3062,1419,457,1,0.1,177.11
3063,1419,363,4,0.15,225.42
3064,1420,508,1,0.05,284.34
3065,1420,299,1,0.15,161.93
3066,1420,569,1,0.1,264.54
3067,1421,175,2,0.0,130.78
3068,1421,59,2,0.15,187.99
3069,1421,470,1,0.15,44.2
3070,1422,591,2,0.05,265.09
3071,1423,320,4,0.0,76.9
3072,1424,478,4,0.05,123.88
3073,1424,455,3,0.2,76.09
3074,1424,136,1,0.05,314.23
3075,1425,393,1,0.1,76.5
3076,1425,554,2,0.2,151.63
3077,1426,181,1,0.0,129.59
3078,1426,239,2,0.0,28.5
3079,1426,555,2,0.2,167.54
3080,1426,302,2,0.05,41.43
3081,1427,314,3,0.2,172.02
3082,1427,454,1,0.0,232.36
3083,1427,402,1,0.0,193.56
3084,1428,325,1,0.0,247.46
3085,1428,72,2,0.0,129.57
3086,1429,518,4,0.15,32.15
3087,1429,457,1,0.15,178.7
3088,1429,515,3,0.0,130.73
3089,1430,239,1,0.0,29.35
3090,1430,589,4,0.05,166.11
3091,1431,45,2,0.2,269.16
3092,1431,141,3,0.05,236.12
3093,1432,44,1,0.1,259.87
3094,1432,299,1,0.0,158.83
3095,1432,540,4,0.0,100.21
3096,1433,356,2,0.05,240.2
3097,1433,280,2,0.05,241.88
3098,1433,90,1,0.2,211.44
3099,1434,61,2,0.05,333.42
3100,1434,57,3,4.22,351.74
3101,1435,223,1,0.1,345.79
3102,1436,154,1,0.0,135.59
3103,1436,324,1,0.0,213.45
3104,1437,541,1,0.2,172.79
3105,1438,82,3,0.15,203.14
3106,1438,505,1,0.05,79.99
3107,1439,437,2,0.0,189.6
3108,1440,125,4,0.1,375.0
3109,1441,442,4,0.15,8.39
3110,1442,15,2,0.15,118.5
3111,1442,240,1,0.15,299.86
3112,1442,313,3,0.0,174.21
3113,1442,599,3,0.0,402.6
3114,1442,523,1,0.1,294.1
3115,1443,70,3,0.0,152.98
3116,1444,151,4,0.0,21.9
3117,1444,532,3,0.15,218.15
3118,1444,462,1,0.0,338.91
3119,1444,65,2,0.05,8.6
3120,1444,362,1,0.0,31.97
3121,1445,528,2,0.2,286.86
3122,1446,500,1,0.0,269.39
3123,1446,170,3,0.0,102.17
3124,1447,217,2,0.0,139.42
3125,1448,583,1,0.15,68.27
3126,1449,492,1,0.15,25.41
3127,1449,403,2,0.1,159.2
3128,1450,451,1,0.05,44.54
3129,1450,44,2,0.0,260.12
3130,1451,155,3,0.2,211.83
3131,1451,515,4,0.2,121.52
3132,1451,57,1,0.0,336.49
3133,1452,68,4,0.2,250.65
3134,1452,571,2,0.2,215.18
3135,1452,116,3,0.2,236.17
3136,1453,250,3,0.1,424.03
3137,1454,91,2,0.0,80.41
3138,1455,585,1,0.2,6.94
3139,1455,460,-1,0.05,179.8
3140,1455,483,2,0.0,81.23
3141,1456,483,4,0.0,85.19
3142,1456,523,1,0.05,299.72
3143,1457,414,2,0.0,101.56
3144,1458,282,4,0.2,29.81
3145,1458,144,4,0.1,155.0
3146,1459,52,1,0.0,105.09
3147,1460,221,1,0.0,43.22
3148,1460,524,1,0.0,49.36
3149,1460,155,2,0.0,213.74
3150,1461,446,3,0.05,272.71
3151,1462,277,4,0.2,171.81
3152,1462,431,4,0.0,224.22
3153,1463,191,4,0.05,48.65
3154,1464,486,4,0.05,279.9
3155,1464,111,2,0.0,219.19
3156,1465,19,1,0.0,
3157,1465,378,1,0.15,
3158,1465,588,3,0.0,201.85
3159,1465,310,2,0.0,308.51
3160,1466,201,1,0.05,50.2
3161,1466,274,-1,0.15,45.01
3162,1467,316,2,0.1,275.39
3163,1468,422,1,0.0,76.69
3164,1468,283,4,0.0,119.54
3165,1468,565,2,0.0,100.21
3166,1468,339,1,0.0,35.73
3167,1468,331,2,0.2,151.06
3168,1469,406,3,0.05,
3169,1469,410,1,0.2,19.84
3170,1469,510,3,0.05,187.79
3171,1470,34,2,0.0,60.43
3172,1470,528,1,0.0,270.1
3173,1471,197,1,0.15,
3174,1471,490,2,0.0,170.15
3175,1471,25,3,0.0,133.97
3176,1472,263,1,0.2,243.98
3177,1473,396,4,0.2,55.52
3178,1473,77,2,0.15,
3179,1474,597,1,0.0,116.85
3180,1474,292,2,0.15,138.72
3181,1474,334,4,0.15,
3182,1474,170,1,0.15,101.5
3183,1475,125,4,0.0,369.9
3184,1476,39,3,0.15,158.23
3185,1476,416,3,0.1,67.79
3186,1477,2,1,0.2,240.95
3187,1477,79,2,0.2,252.33
3188,1478,227,4,0.15,
3189,1478,562,2,0.15,311.57
3190,1479,322,1,0.0,59.42
3191,1480,166,2,0.1,135.16
3192,1480,538,2,0.0,294.6
3193,1480,71,2,0.1,249.51
3194,1480,447,1,0.15,237.51
3195,1481,383,1,0.1,17.34
3196,1481,348,1,0.05,45.83
3197,1482,145,3,0.0,94.35
3198,1482,271,1,0.0,303.79
3199,1483,250,1,0.05,404.74
3200,1484,389,1,0.0,88.43
3201,1484,141,1,0.0,229.85
3202,1484,382,3,0.15,95.05
3203,1484,233,2,0.2,260.19
3204,1485,142,3,0.2,85.1
3205,1485,137,1,0.15,340.22
3206,1486,360,3,0.05,53.02
3207,1486,413,1,0.1,210.16
3208,1487,195,3,0.0,293.31
3209,1487,223,4,0.05,329.66
3210,1487,579,2,0.2,71.43
3211,1488,289,1,0.0,68.31
3212,1489,312,1,0.2,113.42
3213,1490,424,1,0.2,41.52
3214,1490,597,4,0.0,122.49
3215,1491,202,1,0.0,190.44
3216,1491,507,1,0.0,201.0
3217,1492,386,4,0.2,47.35
3218,1492,595,2,0.0,109.63
3219,1492,212,2,0.0,31.87
3220,1492,457,1,0.1,178.04
3221,1492,71,4,0.1,243.39
3222,1493,315,2,0.0,14.3
3223,1494,120,4,0.0,156.72
3224,1494,123,2,0.0,14.66
3225,1495,384,1,0.2,289.24
3226,1495,129,3,0.0,338.23
3227,1495,474,1,0.1,59.91
3228,1496,352,2,0.2,75.96
3229,1496,449,2,0.0,119.03
3230,1496,468,1,0.15,49.98
3231,1497,107,2,0.0,163.8
3232,1497,155,1,0.0,206.55
3233,1498,335,4,0.2,53.01
3234,1499,222,1,0.15,106.7
3235,1499,449,2,0.2,120.88
3236,1500,161,1,0.15,191.64
3237,1501,175,1,0.05,127.83
3238,1502,384,3,0.0,301.31
3239,1502,2,1,0.05,245.68
3240,1502,433,3,0.15,126.78
3241,1503,106,4,0.05,192.33
3242,1503,28,1,0.1,239.92
3243,1503,35,1,0.0,38.87
3244,1503,175,3,0.1,132.74
3245,1504,346,1,0.0,99.36
3246,1504,536,3,0.15,77.38
3247,1505,469,1,0.05,14.91
3248,1505,173,1,0.2,141.58
3249,1506,85,2,0.2,20.22
3250,1506,498,1,0.2,78.03
3251,1507,177,1,0.05,156.57
3252,1508,537,4,0.0,12.69
3253,1508,31,4,0.15,102.0
3254,1508,408,1,0.05,283.53
3255,1509,479,1,0.0,103.46
3256,1509,600,3,0.15,169.52
3257,1510,75,2,0.0,17.72
3258,1511,502,1,0.15,307.46
3259,1511,477,1,0.05,79.79
3260,1512,275,1,0.0,191.74
3261,1512,334,1,0.05,
3262,1512,407,2,0.05,57.42
3263,1513,504,2,0.1,
3264,1513,521,4,0.0,196.02
3265,1514,357,2,0.15,135.73
3266,1514,253,3,0.15,
3267,1514,560,1,0.05,
3268,1514,264,1,0.15,106.88
3269,1514,73,4,0.1,59.86
3270,1515,49,1,0.15,153.2
3271,1515,527,1,0.2,348.1
3272,1516,556,2,0.0,195.16
3273,1517,207,1,0.0,321.16
3274,1518,146,4,0.15,
3275,1519,516,3,0.0,19.4
3276,1519,286,2,0.0,191.96
3277,1520,145,2,0.0,94.15
3278,1521,514,2,0.15,320.17
3279,1521,27,1,0.0,367.54
3280,1521,519,1,0.0,131.62
3281,1521,32,2,0.0,240.08
3282,1521,548,2,0.05,59.62
3283,1522,244,3,0.0,16.22
3284,1522,150,1,0.05,137.19
3285,1523,71,1,0.0,244.73
3286,1523,433,3,0.15,136.73
3287,1523,5,1,0.0,216.01
3288,1524,405,1,0.05,99.97
3289,1524,313,2,0.0,165.63
3290,1524,491,3,0.05,
3291,1525,223,1,0.0,334.26
3292,1526,364,1,0.0,58.91
3293,1526,595,4,0.15,116.69
3294,1527,297,1,0.05,54.01
3295,1528,441,4,0.0,83.75
3296,1528,203,1,0.05,130.18
3297,1529,197,4,0.15,135.24
3298,1530,181,1,0.05,130.89
3299,1531,322,2,0.2,58.26
3300,1531,213,1,0.2,23.72
3301,1532,390,1,0.1,
3302,1533,519,1,0.2,124.28
3303,1534,584,1,0.0,248.65
3304,1534,261,2,0.0,176.13
3305,1535,438,2,0.05,10.78
3306,1535,181,1,0.1,137.44
3307,1535,379,4,0.0,
3308,1536,103,4,0.0,123.22
3309,1536,440,2,0.0,11.75
3310,1536,12,4,0.0,86.18
3311,1537,80,3,0.1,90.11
3312,1537,179,4,0.0,15.59
3313,1538,280,1,0.0,252.73
3314,1539,322,2,0.0,60.42
3315,1539,572,2,0.0,223.34
3316,1539,395,2,0.2,201.39
3317,1540,303,1,0.1,41.04
3318,1541,429,1,0.2,16.94
3319,1542,419,2,0.1,253.27
3320,1542,58,1,0.0,260.85
3321,1543,368,3,0.1,148.41
3322,1543,549,1,0.2,55.49
3323,1543,374,1,0.2,127.05
3324,1543,593,1,0.15,47.21
3325,1544,473,1,0.2,
3326,1544,119,1,0.0,60.57
3327,1545,515,3,0.0,127.73
3328,1545,132,1,0.1,48.1
3329,1546,307,3,0.2,133.71
3330,1547,474,1,0.2,63.17
3331,1547,399,1,0.0,301.95
3332,1547,151,3,0.0,21.65
3333,1547,319,1,0.05,132.49
3334,1547,147,1,0.0,227.32
3335,1548,329,2,0.05,84.66
3336,1549,500,1,0.0,294.92
3337,1550,578,4,0.0,221.02
3338,1551,66,3,0.1,107.79
3339,1551,96,2,0.1,44.68
3340,1552,259,1,0.15,147.23
3341,1552,507,2,0.0,201.69
3342,1552,354,1,0.2,124.47
3343,1552,492,3,0.1,25.53
3344,1553,575,3,0.05,345.59
3345,1554,596,3,0.1,26.82
3346,1555,209,1,0.2,85.28
3347,1556,95,1,0.15,135.65
3348,1556,393,2,0.0,76.39
3349,1557,158,3,0.05,287.04
3350,1558,461,1,0.0,256.26
3351,1558,325,1,0.0,249.01
3352,1559,580,3,0.05,170.04
3353,1559,402,1,0.0,197.37
3354,1559,167,3,0.15,7.27
3355,1559,314,1,0.0,177.08
3356,1560,248,2,0.0,
3357,1560,349,2,0.0,
3358,1560,242,1,0.15,163.79
3359,1561,183,4,0.0,262.8
3360,1562,187,3,0.0,38.24
3361,1562,28,4,0.15,235.97
3362,1562,76,2,0.05,226.05
3363,1562,2,2,0.1,234.12
3364,1563,15,1,0.1,128.02
3365,1563,194,1,0.2,71.61
3366,1563,138,2,0.0,
3367,1563,175,1,0.0,132.89
3368,1564,57,1,0.0,335.09
3369,1564,154,2,0.15,136.62
3370,1565,437,2,0.0,189.11
3371,1565,217,4,0.2,135.97
3372,1565,213,1,0.0,24.59
3373,1565,24,1,0.1,97.38
3374,1566,408,1,0.15,276.13
3375,1567,306,1,0.0,22.61
3376,1567,511,2,0.2,185.09
3377,1568,557,1,0.15,74.51
3378,1568,439,2,0.15,239.66
3379,1569,476,1,0.0,204.8
3380,1569,596,2,0.15,28.09
3381,1570,269,2,0.15,208.49
3382,1571,226,1,0.0,257.58
3383,1571,520,4,0.2,21.54
3384,1571,188,1,0.05,23.98
3385,1572,179,1,0.1,15.02
3386,1573,301,1,0.0,46.08
3387,1573,524,4,0.2,52.25
3388,1574,229,1,0.05,9.65
3389,1575,444,4,0.0,162.13
3390,1575,356,1,0.2,256.35
3391,1575,229,3,0.0,9.55
3392,1576,256,1,0.2,182.28
3393,1577,56,2,3.85,69.82
3394,1578,29,1,0.0,26.5
3395,1579,167,4,0.0,7.76
3396,1579,18,1,0.05,365.73
3397,1580,383,1,0.05,16.24
3398,1580,319,1,0.0,131.5
3399,1581,31,3,0.15,102.75
3400,1582,570,1,0.0,167.62
3401,1583,598,1,0.0,25.67
3402,1583,135,1,0.1,96.4
3403,1584,435,4,0.1,336.68
3404,1584,128,2,0.2,60.19
3405,1584,20,2,0.15,200.01
3406,1585,200,1,0.15,276.75
3407,1585,576,3,0.0,281.06
3408,1586,3,2,0.1,40.99
3409,1586,116,1,0.05,255.12
3410,1587,97,2,0.1,308.65
3411,1588,427,1,0.0,93.27
3412,1589,520,3,0.0,22.79
3413,1589,146,1,0.0,10.43
3414,1590,362,1,0.1,31.37
3415,1590,488,2,0.0,13.32
3416,1590,115,1,0.15,293.0
3417,1590,36,4,0.0,191.05
3418,1591,245,1,0.0,361.7
3419,1591,507,2,0.0,184.84
3420,1592,229,3,0.05,9.34
3421,1592,252,4,0.0,119.81
3422,1592,356,3,0.0,253.29
3423,1593,395,1,0.0,196.37
3424,1593,463,2,0.0,84.98
3425,1593,9,1,0.0,101.59
3426,1594,120,4,0.2,160.84
3427,1595,28,1,0.15,250.18
3428,1595,136,1,0.15,296.79
3429,1596,57,1,0.05,355.57
3430,1596,296,2,0.0,50.34
3431,1596,605,2,0.05,
3432,1597,317,2,0.0,164.67
3433,1597,530,1,0.15,172.61
3434,1597,70,1,0.05,159.36
3435,1597,300,1,0.0,43.45
3436,1598,230,3,0.0,16.72
3437,1599,125,4,0.2,373.62
3438,1599,371,2,0.0,130.53
3439,1599,258,0,0.1,12.31
3440,1600,45,3,0.1,262.68
3441,1600,456,2,0.0,147.2
3442,1600,305,1,0.15,176.51
3443,1600,71,3,0.1,241.51
3444,1601,543,1,0.15,279.43
3445,1601,194,4,0.05,72.85
3446,1602,63,1,0.0,72.13
3447,1603,186,2,0.1,24.18
3448,1603,575,2,0.1,341.09
3449,1604,193,1,0.1,289.34
3450,1604,317,1,0.0,168.52
3451,1604,201,1,0.0,45.86
3452,1604,291,1,0.0,190.6
3453,1604,578,2,0.0,239.35
3454,1605,198,2,0.0,145.34
3455,1605,227,1,0.0,
3456,1605,137,2,0.0,347.15
3457,1605,301,2,0.2,50.11
3458,1606,80,1,0.1,95.21
3459,1606,52,1,0.0,100.82
3460,1606,151,3,0.0,23.1
3461,1606,311,4,0.2,49.06
3462,1606,115,4,0.05,301.63
3463,1607,110,1,0.15,251.29
3464,1607,437,4,0.0,194.18
3465,1608,228,2,0.1,39.93
3466,1608,100,1,0.0,323.99
3467,1608,399,1,0.05,300.48
3468,1608,141,3,0.1,240.48
3469,1608,348,4,0.0,43.83
3470,1609,398,2,0.0,14.48
3471,1609,233,3,0.05,272.57
3472,1609,49,2,0.1,148.05
3473,1610,54,1,0.05,160.05
3474,1610,158,2,0.05,292.58
3475,1610,390,2,0.15,253.6
3476,1610,157,3,0.05,18.89
3477,1611,305,3,0.0,179.33
3478,1611,380,2,0.1,323.65
3479,1612,394,1,0.0,
3480,1613,344,1,0.2,156.4
3481,1614,296,4,0.05,51.28
3482,1614,461,2,0.1,258.91
3483,1615,71,4,0.0,254.34
3484,1615,112,1,0.05,32.27
3485,1616,287,1,0.0,137.55
3486,1616,188,4,0.1,24.41
3487,1616,262,1,0.15,
3488,1616,5,2,0.0,213.73
3489,1617,268,2,0.2,313.51
3490,1618,311,4,0.2,48.19
3491,1619,464,1,0.0,91.36
3492,1620,557,2,0.15,74.31
3493,1620,414,1,0.05,94.91
3494,1621,476,1,0.1,214.05
3495,1622,196,4,0.0,271.78
3496,1622,326,4,0.0,33.96
3497,1623,320,2,0.1,77.57
3498,1623,418,1,0.0,142.5
3499,1624,582,3,0.2,124.69
3500,1624,228,1,0.0,37.94
3501,1624,158,2,0.0,291.67
3502,1625,59,1,0.05,183.77
3503,1625,566,2,0.15,223.1
3504,1626,45,1,0.0,259.27
3505,1626,17,3,0.2,32.94
3506,1626,410,2,0.0,20.08
3507,1626,454,1,0.0,226.06
3508,1627,512,3,0.15,363.93
3509,1627,64,1,0.0,315.76
3510,1627,22,3,0.0,20.56
3511,1628,388,2,0.0,187.66
3512,1628,580,2,0.0,179.46
3513,1629,82,2,0.05,193.12
3514,1630,264,3,0.1,
3515,1630,139,1,0.0,286.38
3516,1630,338,4,0.15,172.75
3517,1630,520,1,0.0,21.53
3518,1631,531,2,0.05,350.8
3519,1632,175,1,0.0,134.44
3520,1632,302,1,0.0,41.42
3521,1632,146,1,0.15,9.64
3522,1632,258,1,0.15,13.48
3523,1633,15,1,0.2,124.52
3524,1634,568,2,0.15,149.07
3525,1634,12,3,0.05,87.74
3526,1635,582,4,0.0,130.24
3527,1636,264,1,0.0,104.77
3528,1636,505,3,0.2,81.36
3529,1636,126,2,0.0,88.61
3530,1637,114,1,0.0,264.52
3531,1637,353,4,0.0,33.36
3532,1637,203,3,0.0,130.92
3533,1638,132,1,0.0,50.9
3534,1638,512,1,0.05,396.28
3535,1638,313,4,0.2,178.9
3536,1638,297,2,0.0,56.73
3537,1638,439,1,0.0,241.35
3538,1639,251,2,0.1,
3539,1639,224,1,0.0,357.58
3540,1640,604,2,0.15,
3541,1641,494,1,0.0,210.54
3542,1642,217,3,0.15,136.17
3543,1642,71,1,0.05,242.18
3544,1643,374,1,0.0,127.07
3545,1644,64,2,0.0,327.09
3546,1645,344,4,0.0,145.22
3547,1645,407,3,0.15,59.83
3548,1645,580,2,0.1,169.07
3549,1645,297,1,0.0,51.5
3550,1646,516,2,0.0,18.26
3551,1646,488,1,0.1,13.1
3552,1647,115,4,0.15,315.76
3553,1647,289,1,0.0,69.09
3554,1647,204,3,0.2,80.74
3555,1647,519,1,0.0,125.62
3556,1648,501,1,0.15,
3557,1648,345,1,0.2,192.14
3558,1648,137,2,0.0,340.14
3559,1649,287,4,0.0,136.57
3560,1649,156,1,0.05,97.59
3561,1649,126,4,0.15,82.64
3562,1649,22,1,0.05,21.22
3563,1650,181,1,0.0,136.95
3564,1650,221,3,0.15,44.73
3565,1650,243,2,0.05,247.31
3566,1651,466,1,0.05,60.3
3567,1651,500,1,0.1,293.43
3568,1651,224,4,0.15,345.09
3569,1651,109,1,0.05,125.48
3570,1651,180,2,0.0,302.43
3571,1652,226,3,0.2,256.9
3572,1652,567,3,0.05,25.2
3573,1653,552,1,0.1,
3574,1653,179,2,0.05,15.68
3575,1653,339,2,0.05,35.34
3576,1653,444,1,0.1,168.15
3577,1654,493,2,0.05,215.15
3578,1654,339,1,0.1,38.27
3579,1654,106,1,0.15,189.81
3580,1655,406,4,0.05,
3581,1655,531,1,0.0,380.66
3582,1655,338,1,0.0,180.78
3583,1656,531,1,0.05,375.3
3584,1656,43,2,0.0,89.37
3585,1657,438,3,0.1,10.4
3586,1657,363,1,0.0,234.23
3587,1658,278,-1,0.05,259.57
3588,1658,316,4,0.0,283.35
3589,1658,204,1,0.15,81.17
3590,1658,31,3,0.1,107.77
3591,1659,228,4,0.0,40.91
3592,1659,249,1,0.0,119.52
3593,1659,444,2,0.0,167.89
3594,1660,20,2,0.15,211.12
3595,1660,528,1,0.1,268.65
3596,1661,266,3,0.0,359.33
3597,1662,52,3,0.0,100.51
3598,1662,8,3,0.0,46.46
3599,1663,489,1,0.2,120.37
3600,1663,84,2,0.15,76.03
3601,1663,580,4,0.15,176.91
3602,1663,98,3,0.0,97.36
3603,1664,451,4,0.2,44.36
3604,1664,328,4,0.05,100.16
3605,1664,129,1,0.15,326.13
3606,1664,130,3,0.15,130.11
3607,1665,584,3,0.05,270.03
3608,1665,252,1,0.1,123.39
3609,1666,65,1,0.05,8.59
3610,1666,96,3,0.0,45.72
3611,1666,532,1,0.0,228.16
3612,1667,295,1,0.0,32.31
3613,1667,125,3,0.0,360.25
3614,1668,323,4,0.1,56.6
3615,1668,312,4,0.1,113.72
3616,1668,260,1,0.15,220.26
3617,1668,552,2,0.05,
3618,1669,349,1,0.15,98.94
3619,1669,68,1,0.15,257.22
3620,1669,213,3,0.15,24.77
3621,1670,170,4,0.0,102.67
3622,1670,348,1,0.0,42.27
3623,1670,245,1,0.0,368.96
3624,1670,532,4,0.2,223.46
3625,1671,432,1,0.0,158.84
3626,1672,35,2,0.2,37.92
3627,1672,573,1,0.0,107.11
3628,1673,344,4,0.0,154.8
3629,1673,524,4,0.1,51.57
3630,1674,447,3,0.05,231.83
3631,1675,359,1,0.0,345.79
3632,1676,470,1,0.0,43.71
3633,1677,585,1,0.1,6.58
3634,1677,363,1,0.1,233.98
3635,1677,99,2,0.0,276.05
3636,1678,150,2,0.0,130.81
3637,1678,19,3,0.05,
3638,1679,417,4,0.0,38.42
3639,1679,383,1,0.1,17.58
3640,1679,98,4,0.1,97.14
3641,1680,490,2,0.15,170.02
3642,1681,386,2,0.0,48.7
3643,1681,156,1,0.0,99.96
3644,1682,312,3,0.0,110.95
3645,1683,533,1,0.05,150.03
3646,1683,340,3,0.0,394.16
3647,1684,223,2,0.2,348.08
3648,1684,80,2,0.0,90.65
3649,1684,210,2,0.1,249.26
3650,1684,307,1,0.0,141.04
3651,1684,153,1,0.15,314.02
3652,1685,555,4,0.0,167.07
3653,1685,137,1,0.05,343.84
3654,1685,83,1,0.15,42.91
3655,1685,349,1,0.0,94.42
3656,1686,95,2,0.1,134.27
3657,1686,406,1,0.0,
3658,1687,524,1,0.15,47.48
3659,1687,381,3,0.0,45.24
3660,1688,389,1,2.1,83.76
3661,1688,490,3,0.0,160.44
3662,1688,2,1,0.0,232.93
3663,1688,601,1,0.2,
3664,1689,349,2,0.15,94.12
3665,1689,578,2,0.2,222.94
3666,1690,8,1,0.0,47.54
3667,1690,215,1,0.0,83.14
3668,1691,294,4,0.0,21.36
3669,1691,336,2,0.2,78.95
3670,1691,496,2,0.15,277.66
3671,1691,396,4,0.1,55.5
3672,1692,4,1,0.05,
3673,1692,586,4,0.0,264.41
3674,1693,504,1,0.2,
3675,1693,449,4,0.05,121.87
3676,1694,280,2,0.0,266.4
3677,1694,116,2,0.0,255.09
3678,1695,201,1,0.0,46.7
3679,1696,459,1,0.0,121.99
3680,1697,242,1,0.05,161.63
3681,1697,492,2,0.0,25.59
3682,1697,557,1,0.2,75.23
3683,1697,503,2,0.0,269.27
3684,1697,239,4,0.1,28.08
3685,1698,190,1,0.2,219.38
3686,1698,548,3,0.2,59.37
3687,1698,91,1,0.15,77.9
3688,1698,58,2,0.1,242.05
3689,1699,223,4,0.0,343.46
3690,1699,34,3,0.05,
3691,1699,371,4,0.2,126.42
3692,1699,221,4,0.0,42.22
3693,1699,498,1,0.0,
3694,1700,410,2,0.2,19.99
3695,1700,244,2,0.15,17.1
3696,1701,477,1,0.0,79.44
3697,1702,445,2,0.05,29.16
3698,1702,583,2,0.05,65.49
3699,1702,165,2,0.2,104.38
3700,1703,232,1,0.1,241.16
3701,1704,468,4,0.1,49.71
3702,1704,146,2,0.05,9.91
3703,1705,373,1,0.0,
3704,1705,62,1,0.15,73.36
3705,1705,488,1,0.15,12.24
3706,1706,120,3,0.0,159.15
3707,1707,357,4,0.0,141.16
3708,1707,375,1,0.15,297.29
3709,1707,543,3,0.2,283.04
3710,1707,355,4,0.15,96.14
3711,1707,583,1,0.0,70.09
3712,1708,214,1,0.2,185.37
3713,1708,54,4,0.0,147.47
3714,1708,245,2,0.0,360.35
3715,1708,565,1,0.0,98.59
3716,1709,43,4,0.05,87.05
3717,1710,71,1,0.0,237.37
3718,1711,566,3,0.15,234.11
3719,1711,294,2,0.1,21.65
3720,1712,541,2,0.0,
3721,1712,581,1,0.05,179.85
3722,1713,72,3,0.0,
3723,1713,192,4,0.15,252.34
3724,1713,512,1,0.0,394.18
3725,1713,53,3,0.2,238.18
3726,1713,382,3,0.05,97.39
3727,1714,343,2,0.0,295.68
3728,1715,524,1,0.05,50.74
3729,1716,316,1,0.0,272.77
3730,1716,500,1,0.1,283.75
3731,1717,433,3,0.15,137.68
3732,1717,279,2,0.0,30.91
3733,1717,510,2,0.1,176.71
3734,1717,73,1,0.05,61.99
3735,1718,8,2,0.0,47.89
3736,1719,317,1,0.1,164.8
3737,1719,396,2,0.15,57.42
3738,1720,342,2,0.05,62.83
3739,1720,568,1,0.1,144.95
3740,1720,42,1,0.05,74.28
3741,1721,465,2,0.0,163.82
3742,1721,554,2,0.05,156.67
3743,1722,117,4,0.0,171.29
3744,1723,425,1,0.0,164.16
3745,1723,145,1,0.15,95.67
3746,1724,361,1,0.0,232.09
3747,1724,47,1,0.0,255.06
3748,1725,111,2,0.2,206.67
3749,1725,540,1,0.2,94.19
3750,1726,85,2,0.0,18.78
3751,1727,487,3,0.0,181.96
3752,1727,193,1,0.2,273.53
3753,1728,175,1,0.15,126.86
3754,1729,312,1,0.0,116.73
3755,1730,356,4,0.2,259.14
3756,1731,89,4,0.05,194.71
3757,1731,519,1,0.2,129.67
3758,1732,69,1,0.2,185.61
3759,1732,437,2,0.15,181.52
3760,1733,184,2,0.0,381.49
3761,1734,234,1,0.0,117.58
3762,1734,193,2,0.2,277.16
3763,1735,494,1,0.2,198.83
3764,1735,105,3,0.1,5.58
3765,1735,307,1,0.05,141.64
3766,1735,354,2,0.0,124.15
3767,1736,248,2,0.0,
3768,1736,533,1,0.05,153.78
3769,1736,532,1,0.15,233.87
3770,1736,71,1,0.0,254.23
3771,1737,3,2,0.2,41.07
3772,1738,182,1,0.0,150.26
3773,1739,61,2,0.0,323.12
3774,1740,145,4,0.15,96.95
3775,1740,169,1,0.0,
3776,1741,356,3,0.2,241.1
3777,1741,445,2,0.0,29.23
3778,1742,249,2,0.15,131.81
3779,1742,118,3,0.0,73.65
3780,1742,397,4,0.2,
3781,1743,553,1,0.05,236.25
3782,1743,589,2,0.0,169.25
3783,1744,160,1,0.15,41.4
3784,1744,334,3,0.0,
3785,1744,66,1,0.0,108.31
3786,1744,495,3,0.0,103.57
3787,1745,603,4,0.0,
3788,1746,365,2,0.0,52.57
3789,1746,216,1,0.0,60.81
3790,1746,269,3,0.0,211.73
3791,1747,576,2,0.15,260.21
3792,1747,131,4,0.15,269.12
3793,1747,371,2,0.2,121.76
3794,1748,443,2,0.15,193.9
3795,1749,329,1,0.1,83.08
3796,1749,426,1,0.05,
3797,1750,184,4,0.0,389.23
3798,1751,420,1,0.0,203.91
3799,1751,237,3,0.1,24.57
3800,1752,506,1,0.0,101.25
3801,1753,191,3,0.0,47.32
3802,1753,201,1,0.1,50.5
3803,1754,36,1,0.1,181.36
3804,1755,141,3,0.0,248.55
3805,1756,440,1,0.2,11.68
3806,1756,292,1,0.05,135.62
3807,1757,508,3,0.0,282.56
3808,1757,583,1,0.0,66.93
3809,1757,402,1,0.0,196.36
3810,1758,9,1,0.0,99.9
3811,1758,37,2,0.0,9.86
3812,1758,146,2,0.0,10.0
3813,1758,297,1,0.0,51.96
3814,1758,94,1,0.05,262.76
3815,1759,218,2,0.0,35.25
3816,1760,473,2,0.05,
3817,1760,212,1,0.0,33.57
3818,1760,413,1,0.0,225.87
3819,1761,562,1,0.0,328.63
3820,1761,393,2,0.15,78.5
3821,1762,354,1,0.0,121.9
3822,1762,562,4,0.05,313.79
3823,1763,325,2,0.15,247.11
3824,1764,280,1,0.0,263.98
3825,1764,166,1,0.15,133.68
3826,1765,293,3,0.0,160.05
3827,1766,142,4,0.15,84.65
3828,1766,377,1,0.0,171.32
3829,1767,20,2,0.0,194.1
3830,1767,583,4,0.0,67.89
3831,1767,101,2,0.15,133.84
3832,1768,446,1,0.0,283.62
3833,1768,253,2,0.0,
3834,1769,245,3,2.86,357.5
3835,1769,511,1,0.2,182.96
3836,1770,118,2,0.2,77.42
3837,1770,332,1,0.2,152.85
3838,1770,236,1,0.05,12.85
3839,1770,246,2,0.15,159.15
3840,1771,553,4,0.0,239.56
3841,1771,309,2,0.0,
3842,1771,162,3,0.0,168.59
3843,1772,201,3,0.1,48.41
3844,1772,389,1,0.0,86.29
3845,1773,143,3,0.0,123.16
3846,1773,333,1,0.05,28.24
3847,1774,323,2,0.0,53.3
3848,1775,444,1,0.0,163.28
3849,1776,9,1,0.15,103.48
3850,1777,259,4,0.05,141.59
3851,1777,105,1,0.05,5.91
3852,1777,17,2,0.0,33.58
3853,1778,397,1,0.15,
3854,1778,499,2,0.1,199.55
3855,1778,429,1,0.1,16.43
3856,1778,522,1,0.1,112.17
3857,1779,97,1,3.74,316.93
3858,1780,123,1,0.15,13.91
3859,1780,316,1,0.1,276.48
3860,1781,162,4,0.0,171.71
3861,1782,174,2,0.0,127.29
3862,1782,195,4,0.0,278.01
3863,1783,293,3,0.15,167.32
3864,1783,495,1,0.1,99.75
3865,1783,73,4,0.0,62.54
3866,1784,37,1,0.2,9.33
3867,1784,476,1,0.15,210.14
3868,1784,157,1,0.0,18.49
3869,1785,250,4,0.2,419.16
3870,1786,401,3,0.15,155.7
3871,1787,312,2,0.1,120.66
3872,1787,262,1,0.0,357.46
3873,1788,580,1,0.15,183.6
3874,1789,531,1,0.0,351.84
3875,1789,279,1,0.2,30.59
3876,1789,244,2,0.2,15.99
3877,1790,287,3,0.1,136.15
3878,1790,586,1,0.05,254.48
3879,1791,115,1,0.0,298.94
3880,1791,420,4,0.0,199.54
3881,1792,239,1,0.05,29.39
3882,1792,136,4,0.1,292.17
3883,1793,275,2,0.0,202.52
3884,1794,122,1,0.0,244.75
3885,1794,422,2,0.0,83.81
3886,1795,183,2,0.0,275.04
3887,1796,124,4,0.1,182.44
3888,1796,55,2,0.0,50.53
3889,1797,551,2,0.0,30.36
3890,1797,117,2,0.05,182.08
3891,1797,144,4,0.0,146.51
3892,1798,92,1,0.2,371.92
3893,1798,559,1,0.2,44.47
3894,1798,79,1,0.0,
3895,1799,190,2,0.0,
3896,1799,530,4,0.0,172.64
3897,1800,317,1,0.0,158.36
3898,1801,94,2,0.0,271.44
3899,1802,89,2,0.1,193.84
3900,1803,570,2,0.0,159.01
3901,1803,275,3,0.0,190.9
3902,1804,548,3,0.0,55.87
3903,1804,399,4,0.1,298.98
3904,1805,201,2,0.1,50.54
3905,1805,414,2,0.0,96.47
3906,1805,157,4,0.1,18.4
3907,1806,434,1,0.0,39.51
3908,1806,540,3,0.0,94.03
3909,1806,385,1,0.1,128.92
3910,1806,249,4,0.2,131.53
3911,1807,326,1,0.05,33.26
3912,1807,398,2,0.15,15.1
3913,1808,144,1,0.15,151.22
3914,1809,503,1,0.0,285.67
3915,1809,191,3,0.05,47.93
3916,1810,356,2,0.15,256.77
3917,1810,526,1,0.05,280.54
3918,1811,287,3,0.2,137.33
3919,1811,149,1,0.0,183.58
3920,1811,165,2,0.1,105.0
3921,1812,431,4,0.0,240.32
3922,1813,1,1,0.1,152.28
3923,1813,152,2,0.0,187.16
3924,1814,278,1,0.2,251.3
3925,1815,390,1,0.0,253.54
3926,1816,469,1,0.05,14.67
3927,1817,367,2,0.1,214.02
3928,1818,168,1,0.1,13.42
3929,1818,456,1,0.1,155.87
3930,1818,484,2,0.2,192.06
3931,1819,26,3,0.1,
3932,1820,173,3,0.05,142.78
3933,1821,319,2,0.2,133.19
3934,1821,18,1,0.1,352.72
3935,1821,300,1,0.05,43.83
3936,1821,400,2,0.2,272.41
3937,1822,255,1,0.1,346.78
3938,1822,183,1,0.0,267.03
3939,1823,484,1,3.67,180.3
3940,1824,430,2,0.2,117.19
3941,1824,70,3,0.0,155.61
3942,1824,477,1,0.0,75.58
3943,1824,20,2,0.1,201.56
3944,1824,589,2,0.2,173.55
3945,1825,281,1,0.2,176.45
3946,1825,76,1,0.15,218.63
3947,1825,353,4,0.05,33.57
3948,1825,437,1,0.05,189.4
3949,1825,392,1,0.0,73.4
3950,1826,402,2,0.0,198.44
3951,1826,30,1,0.0,17.49
3952,1826,468,1,0.0,47.43
3953,1827,398,1,0.15,14.76
3954,1827,559,2,0.0,44.7
3955,1827,333,1,0.0,26.61
3956,1827,210,1,0.0,244.32
3957,1827,191,2,0.0,49.4
3958,1828,284,4,0.1,117.05
3959,1829,213,4,0.15,24.13
3960,1830,452,2,0.2,63.35
3961,1830,308,2,0.0,366.46
3962,1831,499,1,0.0,210.89
3963,1831,583,1,0.0,65.33
3964,1831,429,1,0.15,17.23
3965,1831,57,2,0.0,334.69
3966,1832,417,2,0.15,36.72
3967,1832,339,1,0.05,38.44
3968,1832,95,1,0.15,137.0
3969,1833,522,2,0.0,114.9
3970,1833,438,4,0.0,10.78
3971,1833,323,1,0.0,55.81
3972,1833,111,2,0.0,205.71
3973,1833,260,4,0.1,219.9
3974,1834,158,1,0.0,295.08
3975,1834,370,2,0.05,119.88
3976,1835,85,1,0.15,19.9
3977,1835,220,1,0.1,154.29
3978,1836,458,1,0.2,167.68
3979,1837,563,2,0.0,212.36
3980,1837,247,1,0.15,68.94
3981,1838,142,1,0.0,86.86
3982,1838,592,2,0.05,265.93
3983,1838,465,3,0.0,163.96
3984,1839,63,3,0.05,67.63
3985,1839,389,1,0.05,89.17
3986,1839,409,2,0.0,171.7
3987,1840,275,2,0.0,199.2
3988,1840,308,1,0.1,345.73
3989,1840,399,3,0.0,309.05
3990,1840,249,1,0.0,124.76
3991,1841,142,2,0.0,87.19
3992,1841,520,2,0.0,21.47
3993,1841,363,2,0.0,223.76
3994,1842,181,2,0.15,132.03
3995,1842,163,1,0.2,343.46
3996,1843,225,1,0.0,81.89
3997,1844,458,1,0.15,169.44
3998,1845,350,1,0.0,50.21
3999,1846,375,2,0.2,307.71
4000,1846,514,1,0.0,329.86
4001,1846,533,1,0.1,156.55
4002,1846,201,4,0.0,49.22
4003,1846,173,4,0.0,134.98
4004,1847,334,4,0.2,
4005,1847,449,4,0.15,116.73
4006,1847,72,1,0.2,133.97
4007,1847,106,3,0.0,193.95
4008,1848,381,1,0.15,46.12
4009,1849,195,2,0.1,282.78
4010,1849,192,2,0.0,261.48
4011,1850,529,1,0.0,213.09
4012,1850,561,2,0.1,356.82
4013,1850,32,2,0.0,226.58
4014,1850,501,1,0.0,
4015,1851,246,3,0.0,163.44
4016,1852,46,1,0.0,49.46
4017,1852,5,1,0.0,205.25
4018,1853,299,1,0.05,158.85
4019,1854,579,1,0.15,70.91
4020,1855,474,3,0.0,58.52
4021,1855,440,4,0.2,11.49
4022,1855,40,3,0.0,81.05
4023,1855,188,2,0.1,24.14
4024,1855,477,4,0.0,74.99
4025,1856,264,1,0.1,111.23
4026,1857,422,1,0.2,81.34
4027,1858,217,2,0.15,136.82
4028,1859,196,4,0.15,297.23
4029,1859,185,2,0.0,46.45
4030,1859,151,1,0.05,21.22
4031,1860,122,1,0.1,249.72
4032,1860,483,1,0.15,82.18
4033,1861,167,1,0.0,7.21
4034,1861,275,1,0.05,195.88
4035,1862,231,2,0.2,43.92
4036,1862,89,2,0.0,200.1
4037,1862,328,1,0.15,94.17
4038,1863,198,4,0.1,136.46
4039,1864,519,3,0.0,130.64
4040,1865,331,1,0.1,150.05
4041,1865,465,1,0.0,155.35
4042,1865,48,2,0.2,235.0
4043,1866,189,2,0.2,162.18
4044,1866,485,3,0.0,178.08
4045,1866,592,1,0.05,258.86
4046,1867,11,4,0.0,141.0
4047,1867,369,2,0.1,157.12
4048,1868,225,4,0.0,85.47
4049,1869,514,2,0.0,320.86
4050,1870,257,1,0.1,356.16
4051,1870,325,3,0.2,235.79
4052,1871,203,1,0.0,126.4
4053,1872,100,1,0.1,330.71
4054,1872,41,1,0.05,283.01
4055,1873,296,1,0.0,51.11
4056,1873,49,2,0.0,155.15
4057,1873,509,4,0.0,64.42
4058,1873,597,1,0.0,123.41
4059,1874,68,1,0.05,240.55
4060,1874,511,1,0.05,184.72
4061,1875,245,2,0.1,367.34
4062,1875,61,3,0.0,337.59
4063,1875,173,4,0.15,132.24
4064,1876,478,4,0.05,120.28
4065,1876,504,1,0.2,
4066,1876,151,3,0.05,21.59
4067,1877,407,4,0.2,58.95
4068,1877,337,1,0.1,30.07
4069,1878,524,4,0.05,47.68
4070,1879,557,1,0.2,72.13
4071,1880,464,1,0.15,93.81
4072,1880,28,1,0.0,236.84
4073,1880,515,2,0.1,124.3
4074,1880,435,2,0.0,369.08
4075,1880,386,1,0.05,50.27
4076,1881,197,3,0.1,142.01
4077,1881,255,1,0.15,338.46
4078,1881,487,4,0.0,171.47
4079,1881,241,1,0.2,231.45
4080,1882,84,2,0.15,81.31
4081,1882,471,2,0.0,88.48
4082,1883,355,1,0.0,92.51
4083,1884,450,3,0.1,7.28
4084,1885,289,1,0.0,64.47
4085,1885,231,2,0.15,46.62
4086,1885,314,2,0.1,171.67
4087,1885,301,1,0.2,49.33
4088,1886,433,1,0.0,126.31
4089,1887,467,2,0.05,318.25
4090,1887,183,2,0.0,256.03
4091,1888,79,2,0.0,236.58
4092,1888,524,2,0.0,50.27
4093,1888,477,2,0.0,75.03
4094,1888,122,4,0.05,260.42
4095,1889,34,1,0.1,59.2
4096,1889,321,3,0.15,10.72
4097,1890,373,1,0.15,
4098,1890,308,1,0.05,367.42
4099,1890,336,4,0.1,77.79
4100,1890,88,4,0.0,152.71
4101,1890,188,2,0.1,23.79
4102,1891,214,1,0.0,181.44
4103,1891,334,3,0.2,
4104,1891,184,1,0.0,370.99
4105,1892,213,4,0.15,23.2
4106,1892,272,3,0.1,84.1
4107,1893,272,2,0.1,81.1
4108,1893,202,1,0.0,191.78
4109,1893,360,4,0.0,51.4
4110,1893,78,1,0.1,237.38
4111,1894,287,1,0.1,130.42
4112,1894,242,2,0.0,157.34
4113,1894,529,1,0.15,219.58
4114,1895,401,1,0.05,160.35
4115,1896,301,4,0.15,47.66
4116,1897,175,3,0.15,132.4
4117,1897,275,2,0.1,187.78
4118,1898,243,1,0.0,229.95
4119,1898,234,2,0.05,120.58
4120,1898,335,1,0.05,53.46
4121,1899,589,1,0.05,167.79
4122,1899,260,1,0.0,223.69
4123,1900,100,3,0.2,316.94
4124,1901,237,4,0.15,24.02
4125,1901,145,1,0.2,102.01
4126,1901,167,2,0.0,7.51
4127,1902,555,4,0.05,163.49
4128,1902,287,2,0.1,132.21
4129,1902,608,4,0.05,
4130,1903,593,1,0.05,51.05
4131,1904,327,1,0.0,223.24
4132,1904,6,4,0.0,17.09
4133,1904,564,1,0.05,29.69
4134,1904,461,1,0.0,267.06
4135,1905,128,4,0.1,59.56
4136,1905,266,1,0.05,358.6
4137,1906,6,4,0.1,16.18
4138,1906,331,1,0.0,160.74
4139,1907,176,1,0.0,203.03
4140,1907,37,1,0.2,9.53
4141,1908,51,3,0.1,16.78
4142,1908,161,1,0.15,203.73
4143,1908,502,2,0.0,325.12
4144,1909,341,2,0.0,
4145,1910,51,-1,0.0,16.62
4146,1910,565,4,0.05,97.56
4147,1911,519,2,0.2,126.02
4148,1912,192,1,0.1,255.35
4149,1912,144,3,0.15,158.17
4150,1912,523,1,0.15,297.23
4151,1913,303,3,0.0,42.24
4152,1913,513,1,0.1,280.97
4153,1913,501,1,0.0,
4154,1913,255,1,0.2,327.56
4155,1914,320,1,0.15,81.95
4156,1914,189,1,0.2,167.16
4157,1914,581,2,0.05,
4158,1914,348,1,0.15,46.21
4159,1915,153,4,0.2,315.49
4160,1915,118,2,0.0,73.27
4161,1916,227,1,0.0,
4162,1916,555,4,0.1,168.27
4163,1917,152,1,0.0,191.57
4164,1917,396,4,0.0,57.92
4165,1917,334,4,0.0,
4166,1918,120,2,0.0,149.31
4167,1919,83,2,0.0,40.41
4168,1920,116,2,0.2,246.78
4169,1920,355,1,0.2,97.87
4170,1921,51,1,0.2,17.41
4171,1921,538,1,0.0,274.35
4172,1922,482,4,0.15,74.06
4173,1922,173,2,0.0,
4174,1923,22,3,0.05,21.65
4175,1923,529,1,0.05,224.53
4176,1924,221,1,0.0,42.12
4177,1924,511,1,0.0,177.68
4178,1925,262,1,0.2,382.48
4179,1925,474,2,0.15,59.41
4180,1926,83,4,0.0,39.94
4181,1926,476,1,0.2,206.77
4182,1926,41,2,0.15,299.93
4183,1927,170,1,0.0,100.78
4184,1928,399,2,0.1,291.56
4185,1928,480,3,0.0,65.89
4186,1928,446,2,0.2,276.06
4187,1929,582,1,0.05,129.02
4188,1929,362,4,0.1,31.34
4189,1929,90,2,0.0,219.19
4190,1930,175,1,0.0,126.16
4191,1930,384,4,0.2,305.43
4192,1931,156,2,0.0,98.37
4193,1931,263,1,0.1,241.78
4194,1931,305,1,0.2,171.51
4195,1932,449,4,0.0,122.61
4196,1932,564,3,0.0,30.47
4197,1933,235,1,0.2,97.4
4198,1933,367,1,0.0,
4199,1934,195,2,0.0,281.72
4200,1935,219,1,0.1,35.19
4201,1936,409,1,0.2,174.16
4202,1936,483,2,0.2,83.25
4203,1937,332,2,0.2,152.8
4204,1938,244,2,0.0,16.95
4205,1938,388,1,0.0,182.36
4206,1938,295,1,0.1,32.55
4207,1938,577,4,0.0,238.07
4208,1938,155,2,0.15,209.73
4209,1939,345,4,0.1,183.31
4210,1939,502,2,0.2,318.86
4211,1939,270,3,0.0,103.11
4212,1940,273,4,0.1,177.94
4213,1941,421,3,0.2,11.29
4214,1941,463,4,0.0,91.63
4215,1942,177,1,0.0,150.21
4216,1942,214,1,0.0,172.22
4217,1943,87,2,0.15,126.74
4218,1943,463,2,0.15,91.03
4219,1943,164,1,0.2,193.96
4220,1943,68,1,0.1,246.36
4221,1944,511,1,0.2,186.08
4222,1945,402,4,0.15,195.57
4223,1946,92,4,0.0,355.93
4224,1946,22,4,0.05,20.9
4225,1946,206,4,0.15,134.59
4226,1946,562,1,0.0,335.59
4227,1947,447,2,0.1,229.74
4228,1947,366,2,0.2,68.1
4229,1947,474,2,0.1,61.16
4230,1948,79,4,0.1,259.56
4231,1949,278,2,0.0,246.3
4232,1949,587,1,0.0,154.23
4233,1949,297,2,0.0,55.13
4234,1950,144,2,0.15,154.88
4235,1951,548,1,0.0,
4236,1952,344,1,0.0,152.69
4237,1952,585,1,0.1,6.81
4238,1952,115,1,0.0,286.84
4239,1952,213,2,0.2,24.9
4240,1953,352,2,0.1,82.25
4241,1953,218,1,0.0,34.88
4242,1953,577,1,0.05,234.27
4243,1954,545,2,0.2,239.23
4244,1954,330,2,0.0,218.59
4245,1955,481,2,0.2,32.13
4246,1956,372,3,0.1,236.9
4247,1956,420,2,0.0,189.97
4248,1956,360,1,0.0,48.59
4249,1957,144,1,0.0,156.93
4250,1958,251,2,0.2,228.27
4251,1959,71,2,0.0,244.78
4252,1959,512,3,0.0,370.3
4253,1959,437,1,0.0,182.72
4254,1959,418,2,0.0,140.42
4255,1960,227,1,0.2,
4256,1960,336,2,0.05,76.76
4257,1960,301,2,0.0,46.98
4258,1960,595,4,0.0,109.79
4259,1961,64,3,0.05,323.47
4260,1962,267,2,0.0,333.14
4261,1962,339,2,0.15,36.54
4262,1962,506,4,0.0,98.74
4263,1962,185,3,0.2,45.5
4264,1963,362,2,0.1,30.31
4265,1964,594,4,0.0,151.33
4266,1965,410,1,0.1,20.61
4267,1966,217,1,0.15,138.66
4268,1966,436,1,0.1,99.11
4269,1967,30,2,0.2,18.08
4270,1968,584,2,0.0,263.54
4271,1968,233,1,0.0,272.84
4272,1968,454,1,0.1,231.67
4273,1969,46,2,0.15,49.04
4274,1969,316,1,0.0,277.72
4275,1969,108,4,0.15,171.86
4276,1969,315,1,0.0,14.04
4277,1970,65,1,0.0,8.32
4278,1970,408,1,0.0,280.89
4279,1970,568,1,0.2,141.01
4280,1970,537,1,0.05,12.41
4281,1970,289,1,0.15,64.92
4282,1971,468,4,0.0,50.37
4283,1971,285,1,0.05,246.95
4284,1971,105,1,0.15,5.83
4285,1972,97,1,0.0,309.08
4286,1973,309,2,0.2,
4287,1973,503,2,0.05,287.95
4288,1973,561,1,0.0,353.06
4289,1973,168,3,0.05,13.14
4290,1973,323,2,0.0,55.26
4291,1974,313,4,0.2,166.25
4292,1975,513,2,0.15,287.52
4293,1976,511,2,0.1,182.58
4294,1976,45,1,0.0,256.26
4295,1977,396,1,0.0,56.92
4296,1977,111,2,0.0,214.57
4297,1978,536,1,0.0,75.33
4298,1979,237,1,0.1,23.61
4299,1979,597,4,0.2,120.71
4300,1979,451,1,0.15,44.09
4301,1980,462,2,0.2,351.24
4302,1980,530,1,0.2,166.33
4303,1981,271,1,0.2,309.68
4304,1981,294,1,0.0,21.19
4305,1981,467,2,0.0,309.72
4306,1981,335,1,0.05,53.76
4307,1982,432,2,0.0,163.39
4308,1982,494,1,0.2,212.83
4309,1982,566,4,0.15,228.34
4310,1982,143,1,0.05,119.71
4311,1983,171,2,0.05,147.15
4312,1984,261,3,0.0,167.42
4313,1984,557,1,0.1,75.51
4314,1985,598,1,0.1,24.4
4315,1985,581,2,0.15,181.24
4316,1985,456,4,0.0,160.2
4317,1985,84,2,0.0,81.26
4318,1986,159,2,0.15,98.28
4319,1986,490,1,0.0,162.2
4320,1986,29,2,0.05,25.71
4321,1987,260,1,0.0,219.93
4322,1987,528,1,0.05,264.97
4323,1988,564,2,0.0,28.97
4324,1988,253,3,0.0,
4325,1988,3,3,0.0,39.95
4326,1989,239,3,0.15,28.5
4327,1990,58,1,0.2,243.07
4328,1991,158,1,0.15,291.87
4329,1992,164,1,0.2,187.16
4330,1992,269,2,0.1,219.33
4331,1993,116,1,0.05,247.79
4332,1994,311,3,0.1,49.18
4333,1995,504,1,0.1,
4334,1996,2,1,0.0,241.91
4335,1997,19,3,0.1,
4336,1997,201,3,0.1,49.64
4337,1998,112,3,0.1,32.07
4338,1998,155,1,0.05,197.48
4339,1998,585,2,0.0,7.13
4340,1999,598,1,0.0,26.43
4341,1999,137,1,0.1,361.23
4342,1999,493,1,0.1,223.1
4343,2000,202,3,0.15,202.95
4344,2000,42,1,0.1,72.98
4345,2001,263,4,0.0,245.39
4346,2002,343,4,0.2,306.3
4347,2002,471,1,0.0,91.39
4348,2002,235,1,0.0,96.41
4349,2002,16,2,0.05,
4350,2003,151,1,0.05,23.04
4351,2004,450,1,0.05,7.27
4352,2004,375,3,0.0,315.65
4353,2005,451,1,0.1,45.2
4354,2005,294,1,0.0,21.38
4355,2005,63,1,0.2,74.03
4356,2006,198,1,0.2,137.85
4357,2006,399,3,0.2,309.93
4358,2006,20,3,0.2,203.57
4359,2007,209,3,0.0,86.61
4360,2007,489,2,0.0,126.33
4361,2007,257,1,0.05,351.87
4362,2008,272,1,0.0,87.15
4363,2008,359,4,0.2,349.66
4364,2008,291,2,0.0,188.4
4365,2009,572,1,0.0,209.77
4366,2010,196,1,0.2,286.39
4367,2011,72,1,0.0,129.83
4368,2012,375,2,0.0,315.89
4369,2013,430,1,0.2,117.32
4370,2014,29,2,0.0,25.94
4371,2015,513,4,0.05,280.81
4372,2016,198,1,0.1,141.02
4373,2017,548,1,0.0,55.92
4374,2018,335,2,4.03,52.58
4375,2018,70,1,0.15,156.9
4376,2019,596,1,0.0,
4377,2020,169,1,0.1,
4378,2021,161,1,0.0,201.65
4379,2021,190,4,0.0,216.52
4380,2021,487,1,0.2,176.41
4381,2022,244,2,0.2,16.53
4382,2023,437,2,0.1,177.85
4383,2023,186,2,0.05,22.65
4384,2023,415,1,0.05,217.88
4385,2024,293,1,0.0,154.93
4386,2025,20,2,0.0,209.39
4387,2025,333,2,0.0,27.95
4388,2025,536,2,0.15,80.45
4389,2025,288,1,0.2,367.21
4390,2025,574,2,0.0,288.16
4391,2026,359,1,0.0,339.09
4392,2027,83,1,0.0,41.48
4393,2027,449,4,0.15,120.34
4394,2028,184,2,0.2,401.36
4395,2028,432,2,0.2,155.54
4396,2029,437,2,0.15,179.69
4397,2029,430,2,0.0,117.32
4398,2029,528,3,0.1,271.3
4399,2030,326,3,0.0,33.57
4400,2031,320,1,0.0,80.39
4401,2032,437,1,0.1,191.69
4402,2032,373,3,0.15,
4403,2032,154,4,0.1,140.67
4404,2033,28,2,0.1,232.38
4405,2033,47,1,0.2,250.78
4406,2034,165,4,0.05,103.64
4407,2034,245,2,0.05,374.93
4408,2035,592,1,0.05,269.28
4409,2035,169,2,0.0,
4410,2035,514,1,0.0,322.95
4411,2036,1,1,0.1,163.15
4412,2036,41,3,0.2,284.48
4413,2036,21,1,0.0,43.11
4414,2036,211,2,0.2,300.57
4415,2036,172,2,0.0,56.8
4416,2037,363,4,0.05,214.36
4417,2038,75,1,0.2,18.8
4418,2038,476,2,0.15,201.62
4419,2039,119,1,0.2,56.77
4420,2039,450,2,0.0,6.98
4421,2039,473,2,0.0,
4422,2040,232,1,0.0,234.15
4423,2040,280,4,0.0,245.81
4424,2041,394,1,0.0,
4425,2041,541,2,0.0,175.67
4426,2042,424,1,0.2,41.82
4427,2043,269,1,0.0,205.27
4428,2043,357,2,0.05,142.92
4429,2043,133,2,0.0,317.96
4430,2044,267,2,0.2,314.47
4431,2044,321,2,0.0,10.57
4432,2044,152,2,0.0,184.4
4433,2045,35,2,0.1,39.9
4434,2045,294,2,0.05,20.09
4435,2045,418,2,0.0,146.08
4436,2046,57,3,0.0,338.91
4437,2046,330,1,0.0,207.15
4438,2047,477,1,0.0,73.91
4439,2048,576,3,0.2,271.77
4440,2048,590,2,0.05,246.07
4441,2049,401,3,0.15,166.16
4442,2049,133,1,0.0,327.64
4443,2050,346,1,0.0,101.12
4444,2050,60,4,0.0,285.82
4445,2050,436,1,0.0,97.3
4446,2051,543,1,0.0,271.18
4447,2051,58,1,0.0,238.95
4448,2052,283,1,0.2,114.55
4449,2052,277,1,0.0,188.88
4450,2052,222,1,0.05,110.76
4451,2052,224,4,0.0,356.08
4452,2053,160,1,0.15,43.41
4453,2054,145,1,0.15,100.98
4454,2055,287,2,0.0,137.07
4455,2055,141,2,0.05,238.45
4456,2055,192,2,0.05,245.96
4457,2056,326,4,0.15,32.27
4458,2056,468,3,0.15,50.11
4459,2056,511,2,0.15,182.66
4460,2056,461,2,0.1,272.09
4461,2057,223,2,0.2,335.71
4462,2057,64,2,0.0,327.46
4463,2058,354,2,0.0,124.45
4464,2059,275,2,0.1,200.34
4465,2059,320,1,0.2,81.75
4466,2060,362,1,0.2,29.58
4467,2061,89,3,0.05,188.57
4468,2062,191,1,0.05,50.09
4469,2062,425,2,0.15,162.03
4470,2062,520,1,0.05,22.77
4471,2062,219,1,0.0,35.56
4472,2063,69,2,0.15,178.47
4473,2063,305,1,0.0,184.27
4474,2064,124,2,0.15,179.87
4475,2064,186,1,0.0,23.11
4476,2064,246,1,0.0,158.65
4477,2064,37,2,0.15,9.93
4478,2065,69,2,0.0,187.98
4479,2065,73,2,0.15,63.06
4480,2066,195,1,0.15,270.92
4481,2066,112,4,0.15,31.79
4482,2066,561,1,0.0,353.25
4483,2066,110,2,0.05,248.1
4484,2066,228,4,0.15,39.74
4485,2067,277,1,0.0,176.1
4486,2067,197,1,0.15,137.46
4487,2068,452,1,0.0,67.01
4488,2069,455,4,0.0,80.04
4489,2069,496,1,0.1,269.15
4490,2070,278,1,0.2,251.24
4491,2071,16,3,0.2,
4492,2071,426,2,0.15,
4493,2071,214,2,0.05,
4494,2071,284,2,0.0,118.4
4495,2072,533,3,0.2,158.26
4496,2072,522,2,0.15,106.67
4497,2073,594,1,0.05,140.51
4498,2073,8,1,0.0,46.82
4499,2073,198,1,0.05,149.84
4500,2073,236,3,0.0,13.65
4501,2073,531,2,0.2,379.08
4502,2074,137,3,0.0,335.67
4503,2074,49,4,0.1,162.1
4504,2075,246,3,0.2,159.66
4505,2075,557,2,0.05,74.27
4506,2075,204,3,0.2,82.14
4507,2075,413,2,0.1,225.17
4508,2076,329,2,0.15,84.44
4509,2077,516,2,0.0,18.95
4510,2077,557,2,0.2,77.86
4511,2078,523,1,0.05,309.59
4512,2078,177,1,0.05,148.58
4513,2078,303,4,0.05,43.34
4514,2079,186,1,0.0,24.52
4515,2080,267,2,0.05,317.07
4516,2081,159,1,0.2,95.09
4517,2082,373,1,0.05,
4518,2082,444,1,0.0,168.56
4519,2083,522,1,0.1,112.77
4520,2083,154,4,0.15,137.69
4521,2083,381,1,0.1,44.3
4522,2083,169,1,0.05,
4523,2083,104,3,0.1,42.38
4524,2084,205,0,0.0,188.2
4525,2084,135,2,0.2,97.64
4526,2085,517,1,0.1,56.86
4527,2086,592,2,0.0,246.95
4528,2087,296,2,0.15,50.52
4529,2088,514,3,0.15,340.19
4530,2089,90,1,0.2,213.53
4531,2090,266,1,0.2,327.38
4532,2090,584,1,0.2,271.12
4533,2090,589,2,0.0,173.19
4534,2090,469,4,0.0,15.22
4535,2091,397,1,0.1,
4536,2092,551,4,0.0,32.31
4537,2092,429,3,0.2,16.74
4538,2092,290,3,0.0,129.15
4539,2092,531,2,0.15,364.44
4540,2092,78,2,0.2,248.67
4541,2093,60,4,0.0,291.69
4542,2094,46,1,0.05,50.32
4543,2095,415,2,0.05,228.1
4544,2096,141,1,0.1,234.65
4545,2097,129,3,0.0,315.13
4546,2097,388,1,0.1,189.45
4547,2097,23,4,0.2,89.83
4548,2098,224,2,0.1,349.2
4549,2098,463,2,0.0,87.6
4550,2099,326,2,0.1,34.41
4551,2099,445,1,0.05,30.49
4552,2100,216,2,0.0,59.41
4553,2101,32,2,0.05,239.75
4554,2102,344,1,0.1,153.13
4555,2102,459,2,0.15,126.38
4556,2102,583,1,0.0,64.83
4557,2103,329,2,0.1,81.9
4558,2103,486,1,0.2,280.81
4559,2103,274,1,0.0,44.45
4560,2103,8,1,0.05,47.2
4561,2103,566,1,0.2,234.27
4562,2104,20,1,0.15,196.43
4563,2104,224,2,0.0,345.17
4564,2105,79,2,0.0,255.99
4565,2105,296,2,0.05,50.42
4566,2105,374,3,0.1,127.51
4567,2106,66,1,0.0,103.38
4568,2106,503,1,0.2,284.38
4569,2106,517,1,0.2,52.44
4570,2106,594,2,0.05,143.47
4571,2107,308,1,0.1,335.36
4572,2108,276,2,0.2,199.44
4573,2108,257,2,0.1,363.55
4574,2108,156,1,0.05,92.65
4575,2108,348,3,0.2,44.49
4576,2109,11,3,0.2,
4577,2110,157,1,0.0,18.92
4578,2110,309,2,0.1,
4579,2111,553,1,0.2,230.3
4580,2111,425,4,0.1,168.95
4581,2111,90,1,0.0,211.69
4582,2112,49,2,0.0,
4583,2112,30,1,0.2,18.1
4584,2113,156,3,0.05,98.0
4585,2114,383,1,0.05,16.6
4586,2114,45,1,0.05,273.2
4587,2114,519,2,0.15,127.88
4588,2114,308,3,0.0,342.17
4589,2114,343,4,0.05,290.39
4590,2115,330,2,0.2,214.43
4591,2115,566,3,0.2,230.35
4592,2116,448,2,0.2,166.96
4593,2116,179,2,0.1,15.19
4594,2117,99,1,0.1,302.98
4595,2117,390,4,0.15,251.88
4596,2118,464,4,0.0,90.16
4597,2118,294,4,0.05,21.8
4598,2118,431,1,0.2,226.8
4599,2118,303,2,0.0,40.3
4600,2118,239,2,0.05,30.9
4601,2119,65,2,0.0,8.68
4602,2119,584,2,0.0,268.14
4603,2119,258,1,0.2,12.56
4604,2119,246,2,0.0,157.44
4605,2120,384,2,0.0,302.0
4606,2120,195,4,0.0,276.06
4607,2121,406,1,0.15,
4608,2121,334,3,0.05,
4609,2121,78,4,0.0,239.57
4610,2121,560,3,0.0,
4611,2121,194,1,0.1,69.58
4612,2122,113,2,0.0,70.11
4613,2123,476,1,0.05,211.79
4614,2123,329,2,0.0,85.68
4615,2123,207,1,0.0,309.37
4616,2124,553,2,0.2,233.91
4617,2125,381,4,0.2,43.56
4618,2125,500,4,0.0,283.83
4619,2126,309,2,0.2,
4620,2126,600,4,0.0,171.73
4621,2126,143,1,0.05,
4622,2127,155,2,0.2,208.97
4623,2128,237,2,0.0,24.92
4624,2128,12,1,0.1,84.77
4625,2128,297,1,0.0,51.9
4626,2129,147,1,0.0,230.95
4627,2129,22,4,0.0,22.24
4628,2130,173,1,0.2,132.44
4629,2130,74,3,0.0,182.32
4630,2131,364,1,0.15,56.01
4631,2131,22,4,0.0,20.46
4632,2131,528,1,0.0,282.71
4633,2131,152,1,0.05,190.3
4634,2132,302,4,0.1,40.35
4635,2132,146,2,0.0,10.56
4636,2133,130,1,0.15,120.91
4637,2133,494,3,0.15,200.86
4638,2134,170,1,0.1,104.68
4639,2134,242,4,0.15,149.85
4640,2134,254,2,0.1,341.61
4641,2134,124,1,0.05,174.11
4642,2134,30,1,0.05,17.75
4643,2135,207,1,0.0,294.37
4644,2135,148,2,0.05,42.99
4645,2136,330,2,0.0,216.11
4646,2136,356,2,0.0,258.77
4647,2137,461,1,0.15,265.27
4648,2138,108,3,0.1,175.07
4649,2138,266,1,0.15,333.91
4650,2138,109,2,0.15,118.29
4651,2139,487,1,0.0,179.3
4652,2139,237,1,0.0,24.61
4653,2139,426,4,0.0,
4654,2140,223,1,0.1,342.52
4655,2140,153,2,0.05,
4656,2141,102,1,0.0,72.06
4657,2142,600,2,0.2,167.58
4658,2142,209,1,0.05,80.52
4659,2143,108,2,0.0,181.56
4660,2143,333,2,0.0,26.64
4661,2144,67,2,0.15,36.25
4662,2144,598,1,0.0,26.6
4663,2144,95,1,0.1,139.68
4664,2144,423,2,0.05,48.7
4665,2144,397,4,0.0,
4666,2145,446,2,0.0,283.09
4667,2146,477,3,0.0,74.02
4668,2146,544,1,0.1,142.06
4669,2147,190,3,0.0,202.31
4670,2147,77,1,0.15,49.98
4671,2148,362,4,0.2,31.9
4672,2149,302,1,0.05,42.88
4673,2150,398,4,0.05,15.29
4674,2151,553,1,0.2,225.38
4675,2151,393,4,0.2,80.24
4676,2152,464,2,0.0,93.88
4677,2153,68,2,0.2,259.91
4678,2153,471,2,0.1,87.68
4679,2154,127,1,0.2,236.16
4680,2154,529,1,0.15,224.85
4681,2154,179,0,0.05,14.46
4682,2155,95,3,0.15,131.95
4683,2155,485,4,0.1,167.09
4684,2156,203,1,0.05,135.34
4685,2156,535,1,0.0,
4686,2157,455,1,0.05,76.64
4687,2158,50,1,0.0,10.34
4688,2158,137,1,0.2,360.54
4689,2159,420,2,0.05,200.38
4690,2159,554,1,0.0,152.19
4691,2160,15,1,0.15,124.66
4692,2160,26,3,0.0,
4693,2160,256,1,0.15,186.5
4694,2160,441,2,0.1,87.59
4695,2161,27,4,0.15,360.99
4696,2161,591,3,0.0,258.72
4697,2161,259,2,0.0,150.94
4698,2161,109,2,0.05,126.98
4699,2162,524,2,0.0,50.43
4700,2162,494,1,0.0,207.78
4701,2162,380,4,0.0,322.84
4702,2163,464,2,0.1,88.64
4703,2164,62,2,0.0,73.14
4704,2164,265,2,0.0,30.74
4705,2164,311,4,0.05,50.06
4706,2164,593,1,0.15,47.39
4707,2165,345,2,0.0,180.83
4708,2165,196,1,0.0,277.08
4709,2165,555,2,0.0,155.62
4710,2165,512,2,0.0,368.31
4711,2166,93,1,0.05,98.07
4712,2167,127,4,0.15,236.71
4713,2167,9,2,0.0,99.43
4714,2168,229,2,0.1,9.4
4715,2169,407,1,0.2,59.13
4716,2170,468,4,0.0,48.97
4717,2171,117,2,0.0,183.16
4718,2171,474,2,0.05,63.05
4719,2171,281,1,0.1,172.18
4720,2172,270,4,0.0,108.32
4721,2173,565,2,0.15,98.89
4722,2173,593,1,0.15,49.54
4723,2174,17,3,0.0,
4724,2174,509,1,0.05,66.67
4725,2174,169,3,0.2,
4726,2174,306,1,0.15,23.01
4727,2175,485,4,0.15,180.86
4728,2175,526,2,0.15,285.27
4729,2176,326,1,0.05,33.81
4730,2176,162,1,0.0,173.95
4731,2177,217,1,0.1,143.05
4732,2177,275,2,0.1,204.68
4733,2177,75,3,0.0,18.73
4734,2178,297,2,0.2,51.85
4735,2179,397,3,0.15,
4736,2180,287,4,0.15,141.88
4737,2180,2,2,0.0,248.02
4738,2181,192,3,0.15,240.28
4739,2182,167,1,0.15,7.44
4740,2183,362,1,0.1,29.32
4741,2183,240,2,0.1,315.21
4742,2183,554,1,0.2,152.98
4743,2183,315,4,0.1,13.99
4744,2184,141,4,0.1,248.13
4745,2185,306,1,0.1,22.89
4746,2186,595,3,0.0,109.13
4747,2186,502,2,0.05,308.2
4748,2186,238,1,0.05,224.36
4749,2186,16,4,0.0,
4750,2186,343,1,0.0,312.81
4751,2187,205,1,0.05,188.96
4752,2187,410,3,0.05,19.61
4753,2188,354,3,0.15,124.99
4754,2189,536,2,0.15,78.58
4755,2189,97,3,0.1,316.28
4756,2189,417,1,0.0,35.93
4757,2190,488,2,0.2,13.11
4758,2191,287,1,0.15,142.48
4759,2191,162,3,0.05,165.56
4760,2192,503,2,0.05,281.91
4761,2192,219,2,0.2,33.67
4762,2192,153,2,0.2,301.51
4763,2193,367,1,0.2,202.25
4764,2193,406,2,0.15,
4765,2194,205,4,0.15,193.62
4766,2195,174,1,0.1,132.71
4767,2196,323,1,0.1,54.45
4768,2196,385,1,0.05,137.54
4769,2197,366,3,0.15,71.18
4770,2197,224,1,0.2,351.58
4771,2197,74,2,0.2,192.03
4772,2198,173,2,0.1,137.95
4773,2199,517,2,0.0,53.5
4774,2199,149,1,0.05,188.65
4775,2199,437,2,0.0,178.26
4776,2200,182,2,0.0,147.96
4777,2200,470,1,0.05,42.96
4778,2201,388,1,0.0,189.96
4779,2201,164,1,0.15,184.7
4780,2201,283,1,0.1,115.49
4781,2202,515,1,0.15,127.32
4782,2203,155,1,0.0,210.92
4783,2203,246,2,0.15,153.79
4784,2204,336,4,0.1,77.97
4785,2205,565,2,0.15,95.94
4786,2206,23,4,0.0,96.36
4787,2206,409,1,0.0,164.14
4788,2207,167,3,0.05,7.22
4789,2207,159,3,0.0,100.8
4790,2207,384,3,0.1,296.99
4791,2207,501,4,0.0,
4792,2208,494,2,0.2,204.93
4793,2208,566,1,0.0,234.35
4794,2209,228,2,0.2,38.15
4795,2209,387,1,0.1,40.39
4796,2209,398,4,0.0,14.98
4797,2210,67,1,0.0,38.0
4798,2210,112,4,0.0,31.69
4799,2211,29,4,0.1,25.76
4800,2211,78,3,0.0,248.12
4801,2211,483,2,0.0,80.38
4802,2211,558,1,0.0,202.21
4803,2212,599,4,0.05,382.5
4804,2212,313,1,0.15,172.56
4805,2212,405,3,0.05,98.92
4806,2212,382,1,0.2,91.72
4807,2213,109,2,0.15,
4808,2213,311,1,0.0,49.37
4809,2214,135,2,0.2,97.17
4810,2214,543,2,0.0,294.53
4811,2214,83,4,0.0,41.95
4812,2214,353,3,0.0,
4813,2214,435,4,0.1,353.16
4814,2215,512,1,0.0,372.42
4815,2215,112,2,0.15,30.05
4816,2215,547,1,0.05,199.74
4817,2215,83,2,0.0,41.41
4818,2215,494,1,0.0,206.5
4819,2216,444,2,0.05,170.11
4820,2216,426,1,0.15,
4821,2216,430,1,0.0,123.8
4822,2216,492,1,0.2,27.14
4823,2217,48,3,0.15,245.08
4824,2217,46,1,0.15,47.26
4825,2217,441,4,0.0,89.27
4826,2218,366,2,0.0,66.93
4827,2218,300,2,0.0,43.75
4828,2219,33,1,0.2,90.49
4829,2220,54,1,0.0,160.64
4830,2220,19,3,0.0,
4831,2220,395,1,0.0,196.19
4832,2220,355,4,0.15,97.18
4833,2221,440,4,0.15,11.15
4834,2222,496,2,0.1,279.11
4835,2222,112,2,0.2,30.47
4836,2222,151,1,4.1,21.75
4837,2222,241,4,0.15,224.09
4838,2222,42,1,0.15,72.4
4839,2223,65,2,0.0,7.96
4840,2223,29,1,0.05,25.96
4841,2223,143,4,0.05,118.21
4842,2224,267,1,0.15,331.35
4843,2224,455,3,0.2,79.88
4844,2225,92,4,0.0,371.44
4845,2226,394,4,0.1,
4846,2226,85,2,0.0,20.49
4847,2226,41,2,0.0,292.51
4848,2227,64,2,0.2,334.42
4849,2228,278,4,0.15,262.68
4850,2229,404,2,0.0,362.59
4851,2230,529,2,0.0,220.82
4852,2230,320,1,0.2,76.39
4853,2231,270,4,0.2,105.31
4854,2231,29,1,0.0,26.2
4855,2231,410,1,0.0,20.69
4856,2232,357,1,0.1,140.77
4857,2232,346,1,0.1,97.58
4858,2232,122,1,0.2,246.3
4859,2232,302,3,0.15,40.03
4860,2232,225,1,0.2,82.99
4861,2233,201,2,0.2,49.79
4862,2234,324,3,0.1,214.53
4863,2235,72,1,0.05,138.36
4864,2235,449,2,0.05,125.68
4865,2236,155,4,0.05,198.54
4866,2236,149,2,0.0,183.01
4867,2236,300,1,0.0,42.39
4868,2237,338,1,0.0,170.23
4869,2237,254,4,0.05,336.06
4870,2237,93,2,0.2,91.53
4871,2238,310,2,0.0,280.29
4872,2238,145,2,0.0,99.34
4873,2239,472,2,0.0,248.71
4874,2239,468,2,0.05,46.98
4875,2240,126,4,0.05,83.72
4876,2240,472,2,0.1,250.2
4877,2241,180,2,0.05,308.58
4878,2241,382,1,0.1,100.02
4879,2241,570,1,0.2,157.22
4880,2242,295,1,0.0,31.76
4881,2243,524,3,0.0,50.97
4882,2243,561,1,0.0,355.65
4883,2243,122,2,0.0,254.68
4884,2243,461,1,0.1,273.57
4885,2244,595,3,0.15,106.42
4886,2244,207,1,0.0,297.29
4887,2245,278,1,0.1,241.14
4888,2245,285,3,0.0,241.08
4889,2245,350,3,0.0,50.24
4890,2246,328,3,0.15,97.28
4891,2246,166,1,0.2,138.15
4892,2247,542,1,0.0,160.87
4893,2247,491,2,0.2,122.59
4894,2247,362,2,0.05,31.0
4895,2248,275,1,0.0,195.82
4896,2249,485,3,0.15,173.28
4897,2249,494,4,0.1,203.74
4898,2250,324,2,0.0,214.35
4899,2251,443,1,0.0,190.5
4900,2252,154,1,0.1,140.18
4901,2253,117,3,0.0,171.51
4902,2253,195,3,0.1,298.02
4903,2254,127,1,0.15,221.53
4904,2254,418,2,0.15,152.49
4905,2255,554,2,0.0,147.48
4906,2255,33,1,0.15,95.37
4907,2256,472,3,0.05,250.16
4908,2256,301,2,0.0,47.11
4909,2257,229,1,0.2,9.46
4910,2257,344,1,0.0,150.23
4911,2258,76,4,0.2,220.47
4912,2258,21,1,0.1,42.08
4913,2258,159,1,0.15,93.88
4914,2258,465,4,0.15,157.17
4915,2259,528,1,0.2,268.87
4916,2260,489,4,0.05,130.48
4917,2260,213,4,0.15,24.41
4918,2260,255,1,0.15,347.5
4919,2260,225,2,0.05,84.55
4920,2260,11,4,0.0,
4921,2261,138,1,0.0,161.32
4922,2262,462,2,0.0,339.09
4923,2262,46,3,0.0,47.79
4924,2262,506,4,0.0,100.05
4925,2263,549,4,0.2,57.38
4926,2263,308,4,0.0,338.4
4927,2263,470,1,4.82,43.88
4928,2264,99,2,0.0,288.01
4929,2265,8,4,0.0,45.02
4930,2265,566,2,0.1,219.92
4931,2265,257,1,0.1,365.44
4932,2266,47,2,0.0,249.67
4933,2266,84,2,0.05,77.56
4934,2266,336,1,0.1,75.18
4935,2266,137,3,0.0,356.46
4936,2267,305,4,0.1,178.44
4937,2267,87,1,0.05,134.02
4938,2267,561,2,0.0,348.19
4939,2268,514,4,0.15,324.99
4940,2269,332,3,0.05,146.83
4941,2269,585,4,0.0,6.85
4942,2270,572,4,0.15,213.48
4943,2271,582,1,0.1,129.27
4944,2271,391,1,0.15,231.29
4945,2272,341,2,0.05,
4946,2273,261,2,0.05,175.94
4947,2273,486,4,0.2,275.62
4948,2273,421,1,0.0,10.95
4949,2273,515,1,0.15,129.94
4950,2273,64,2,0.0,306.28
4951,2274,557,4,0.05,77.04
4952,2274,231,4,0.0,47.78
4953,2275,22,3,0.0,22.44
4954,2275,434,4,0.1,38.8
4955,2276,268,3,0.1,301.49
4956,2276,368,1,0.0,152.11
4957,2276,345,1,0.0,188.86
4958,2276,303,4,0.05,42.41
4959,2276,197,1,0.0,145.63
4960,2277,586,2,0.2,
4961,2277,413,3,0.05,222.23
4962,2278,329,2,0.0,85.07
4963,2279,276,4,0.0,195.33
4964,2279,56,2,0.0,71.98
4965,2279,369,1,0.05,154.51
4966,2280,93,1,0.1,97.53
4967,2280,345,1,0.0,191.55
4968,2281,389,3,0.0,85.21
4969,2282,51,3,0.0,17.68
4970,2282,354,2,0.1,132.51
4971,2283,233,4,0.0,262.71
4972,2283,422,1,0.05,82.78
4973,2283,507,1,0.0,194.37
4974,2283,489,2,0.0,123.29
4975,2284,273,2,0.0,178.02
4976,2284,144,2,0.0,156.61
4977,2285,214,1,0.0,174.8
4978,2286,173,1,0.0,140.97
4979,2287,597,3,0.0,114.73
4980,2288,496,1,0.05,279.92
4981,2289,485,1,0.0,166.26
4982,2289,571,1,0.0,221.64
4983,2290,157,2,0.1,19.3
4984,2291,477,3,0.1,78.69
4985,2292,175,3,0.0,133.33
4986,2293,215,2,0.0,77.6
4987,2293,302,2,0.0,41.92
4988,2294,360,2,0.0,50.4
4989,2294,599,1,0.0,411.68
4990,2295,381,3,0.0,43.19
4991,2295,104,1,0.0,40.23
4992,2296,58,1,0.1,260.57
4993,2296,89,2,0.0,190.11
4994,2297,283,1,0.2,120.74
4995,2297,352,2,0.05,77.35
4996,2297,281,4,0.05,165.26
4997,2297,384,1,0.05,292.63
4998,2297,126,1,0.15,90.11
4999,2298,572,2,0.15,229.66
5000,2299,129,1,0.15,326.96
5001,2299,291,1,0.0,197.62
5002,2299,339,4,0.2,37.01
5003,2299,206,4,0.05,133.09
5004,2299,102,3,0.15,69.76
5005,2300,110,2,0.15,254.2
5006,2300,39,1,0.0,167.43
5007,2300,475,3,0.15,284.37
5008,2300,555,1,0.0,164.44
5009,2301,434,2,0.0,42.48
5010,2301,329,1,0.0,78.57
5011,2302,150,1,0.0,130.49
5012,2303,19,3,0.0,
5013,2304,205,3,0.1,187.17
5014,2304,279,2,0.15,31.3
5015,2304,524,1,0.0,50.41
5016,2304,57,2,0.0,335.01
5017,2305,392,2,0.15,69.13
5018,2306,68,1,0.05,252.8
5019,2306,150,1,0.15,129.86
5020,2307,402,1,0.0,201.07
5021,2307,53,1,0.0,227.9
5022,2308,208,2,0.05,184.12
5023,2309,443,1,0.0,182.79
5024,2310,332,3,0.05,157.54
5025,2310,248,1,0.05,
5026,2310,484,1,0.1,193.9
5027,2311,593,1,0.1,46.86
5028,2311,430,3,0.0,121.82
5029,2312,276,2,0.1,212.44
5030,2312,459,3,0.0,129.38
5031,2313,40,2,0.15,78.95
5032,2313,71,2,0.1,253.28
5033,2314,414,1,0.05,93.92
5034,2314,484,2,0.2,190.84
5035,2315,559,2,0.1,44.96
5036,2316,26,1,0.0,
5037,2316,563,2,0.15,215.0
5038,2316,136,1,0.0,317.73
5039,2317,195,3,0.05,289.44
5040,2317,176,4,0.1,190.07
5041,2317,551,4,0.0,31.2
5042,2318,55,4,0.0,51.47
5043,2318,418,1,0.0,147.74
5044,2318,446,2,0.1,274.42
5045,2319,407,3,0.0,59.37
5046,2320,185,2,0.2,43.41
5047,2321,187,4,0.15,39.86
5048,2321,600,2,0.0,175.62
5049,2321,366,2,0.05,70.06
5050,2322,504,1,0.2,
5051,2322,214,2,0.15,186.75
5052,2323,591,2,0.15,251.37
5053,2323,79,2,0.15,241.18
5054,2323,447,1,0.0,228.5
5055,2323,489,1,0.05,126.68
5056,2324,578,2,0.05,235.2
5057,2324,299,1,0.2,153.48
5058,2325,456,2,0.1,160.12
5059,2326,167,1,0.0,
5060,2326,270,2,0.2,101.51
5061,2327,143,2,0.1,119.04
5062,2327,46,3,0.15,50.28
5063,2327,395,1,0.05,190.56
5064,2328,262,2,0.0,361.21
5065,2329,218,1,0.0,35.99
5066,2329,171,2,0.15,150.95
5067,2330,409,1,0.0,162.45
5068,2331,433,1,0.2,126.1
5069,2331,375,1,0.05,297.92
5070,2331,78,2,0.15,251.88
5071,2332,18,1,0.0,359.32
5072,2332,556,1,0.05,195.38
5073,2332,51,2,0.0,16.52
5074,2333,180,1,0.0,298.77
5075,2333,153,0,0.0,302.74
5076,2333,45,2,0.0,257.05
5077,2334,275,1,0.1,
5078,2334,72,1,0.0,128.31
5079,2335,255,1,0.15,348.77
5080,2336,594,1,0.15,145.46
5081,2336,160,3,0.2,43.32
5082,2336,73,4,0.2,57.89
5083,2336,429,1,0.0,17.16
5084,2337,43,1,0.1,84.48
5085,2337,210,2,0.1,237.25
5086,2338,318,2,0.15,38.22
5087,2338,203,1,0.15,132.11
5088,2339,15,-1,0.1,126.45
5089,2339,394,1,0.0,
5090,2340,64,1,0.0,334.19
5091,2340,29,1,0.0,25.84
5092,2341,514,1,0.0,318.59
5093,2341,31,2,0.15,103.25
5094,2341,4,1,0.0,
5095,2342,347,0,0.2,123.42
5096,2343,255,2,0.1,334.06
5097,2344,343,2,0.0,295.49
5098,2344,316,2,0.15,275.39
5099,2344,502,1,0.0,299.48
5100,2345,546,4,0.0,330.3
5101,2346,313,2,0.05,180.11
5102,2346,472,2,0.0,244.5
5103,2347,46,1,0.15,46.35
5104,2347,416,2,0.0,74.05
5105,2347,560,2,0.2,
5106,2348,600,4,0.1,167.61
5107,2349,197,4,0.0,140.27
5108,2349,125,2,0.0,360.6
5109,2349,556,1,0.15,203.18
5110,2350,508,2,0.05,298.86
5111,2350,128,4,0.0,59.69
5112,2350,580,1,0.0,184.6
5113,2350,356,1,0.2,
5114,2351,570,4,0.0,166.81
5115,2351,182,4,0.05,145.43
5116,2351,204,4,0.0,77.27
5117,2352,271,1,0.2,304.38
5118,2352,370,2,0.1,130.59
5119,2352,334,3,0.1,
5120,2353,401,1,0.0,160.93
5121,2353,351,3,0.2,110.31
5122,2353,128,1,0.15,61.67
5123,2354,225,1,0.05,86.66
5124,2355,187,1,0.0,39.64
5125,2355,271,1,0.0,313.53
5126,2356,174,4,0.0,125.93
5127,2356,160,4,0.0,41.93
5128,2356,450,1,0.15,6.76
5129,2356,495,3,0.15,96.96
5130,2357,191,2,0.1,46.61
5131,2358,30,2,0.0,17.32
5132,2358,439,3,0.0,258.72
5133,2359,123,1,0.0,14.7
5134,2360,504,2,0.1,
5135,2361,120,3,0.15,145.85
5136,2361,468,3,0.1,46.17
5137,2362,400,4,0.0,293.08
5138,2363,541,1,0.1,166.39
5139,2363,462,3,0.0,330.1
5140,2364,51,1,0.1,16.56
5141,2364,438,2,0.0,10.04
5142,2364,274,2,0.0,44.28
5143,2365,267,2,0.2,316.13
5144,2366,527,1,0.0,356.68
5145,2366,234,3,0.0,115.41
5146,2367,57,3,0.1,349.12
5147,2368,393,2,0.15,76.54
5148,2368,479,3,0.15,103.83
5149,2368,13,3,0.0,170.91
5150,2369,301,4,0.15,45.72
5151,2369,288,2,0.1,346.45
5152,2369,42,4,0.05,74.49
5153,2370,83,1,0.0,40.99
5154,2370,69,2,0.15,180.9
5155,2370,255,2,0.0,354.36
5156,2370,267,2,0.15,323.37
5157,2370,81,3,0.0,134.56
5158,2371,275,2,0.05,191.52
5159,2371,333,1,0.0,26.65
5160,2372,250,1,0.0,398.24
5161,2372,259,1,0.2,151.36
5162,2372,263,1,0.0,244.03
5163,2373,486,2,0.0,265.0
5164,2373,118,2,0.05,77.08
5165,2373,318,1,0.05,37.84
5166,2374,560,3,0.0,
5167,2375,284,2,0.1,124.36
5168,2375,260,2,0.2,229.69
5169,2375,262,3,0.1,368.03
5170,2376,136,3,0.0,305.36
5171,2376,412,4,0.05,98.1
5172,2376,363,3,0.0,221.59
5173,2377,432,4,0.0,154.53
5174,2377,306,1,0.0,21.21
5175,2377,110,1,0.1,250.13
5176,2378,505,1,0.05,84.55
5177,2378,206,1,0.0,141.29
5178,2378,147,2,0.0,230.73
5179,2379,466,4,0.0,58.12
5180,2380,589,2,0.1,178.32
5181,2381,107,4,0.05,158.7
5182,2381,538,4,0.1,289.07
5183,2382,47,2,0.0,256.11
5184,2383,392,1,0.2,71.56
5185,2383,31,3,0.0,106.9
5186,2384,413,3,0.1,213.92
5187,2385,490,1,0.0,173.92
5188,2385,235,3,0.15,97.07
5189,2386,519,2,0.15,124.83
5190,2386,540,3,0.2,96.1
5191,2386,589,4,0.15,169.18
5192,2386,340,1,0.0,376.18
5193,2387,258,2,0.05,12.93
5194,2388,99,2,0.2,290.02
5195,2388,415,1,0.2,230.57
5196,2389,264,2,0.0,107.02
5197,2389,452,2,0.0,63.13
5198,2389,273,2,0.0,178.27
5199,2390,510,3,0.05,183.85
5200,2390,54,1,0.1,147.52
5201,2391,156,4,0.0,95.56
5202,2391,389,3,0.1,87.91
5203,2392,37,2,0.05,9.72
5204,2392,46,2,0.05,47.48
5205,2393,452,1,0.0,67.57
5206,2394,518,1,0.15,34.35
5207,2394,247,2,0.1,70.79
5208,2394,486,2,0.0,282.18
5209,2395,234,1,0.0,111.58
5210,2396,252,3,0.2,123.63
5211,2396,246,1,0.2,
5212,2397,587,2,0.0,154.47
5213,2398,439,4,0.2,254.07
5214,2399,309,3,0.0,
5215,2399,208,2,0.2,190.91
5216,2399,395,2,0.2,191.49
5217,2400,160,1,0.0,43.36
5218,2400,83,2,0.0,42.29
5219,2401,368,1,0.0,146.85
5220,2402,142,3,0.15,86.29
5221,2402,33,1,0.1,
5222,2402,491,2,0.0,126.99
5223,2403,139,3,0.0,280.52
5224,2404,94,2,0.0,266.43
5225,2404,241,4,0.05,230.09
5226,2404,402,1,0.2,201.36
5227,2405,250,3,0.15,396.83
5228,2406,181,1,0.0,133.51
5229,2406,156,1,0.0,96.0
5230,2406,79,2,0.0,259.34
5231,2407,576,1,0.0,282.93
5232,2407,433,1,0.2,132.03
5233,2407,22,1,0.0,21.63
5234,2408,184,3,0.15,391.69
5235,2409,447,4,0.0,237.59
5236,2409,513,3,0.0,273.78
5237,2409,38,1,0.0,252.12
5238,2410,484,3,0.0,181.18
5239,2410,30,1,0.0,17.54
5240,2410,149,2,0.1,185.59
5241,2410,591,1,0.0,268.31
5242,2410,42,3,0.05,71.55
5243,2411,427,3,0.05,85.56
5244,2412,248,2,0.0,
5245,2412,432,1,0.15,152.65
5246,2413,387,1,0.15,40.04
5247,2413,418,2,0.2,145.26
5248,2413,89,3,0.15,206.0
5249,2414,181,3,0.0,142.29
5250,2414,171,1,0.1,155.9
5251,2415,309,2,0.2,
5252,2415,296,2,0.15,54.34
5253,2415,220,1,0.2,144.54
5254,2415,446,2,0.0,269.54
5255,2416,38,1,0.05,264.48
5256,2416,520,1,0.05,22.5
5257,2416,595,1,0.2,110.18
5258,2417,581,1,0.1,190.24
5259,2417,468,2,0.05,46.39
5260,2417,55,4,0.0,50.74
5261,2418,230,1,0.0,17.05
5262,2418,99,2,0.15,281.78
5263,2418,514,3,0.15,336.32
5264,2418,519,1,0.0,125.76
5265,2418,365,4,0.05,48.94
5266,2419,429,4,0.0,17.46
5267,2419,145,1,0.1,98.0
5268,2420,82,1,0.0,204.23
5269,2420,522,3,0.15,108.87
5270,2421,199,2,0.1,247.23
5271,2422,443,2,0.0,180.53
5272,2422,239,4,0.0,29.46
5273,2422,381,1,0.1,44.03
5274,2422,458,4,0.0,161.64
5275,2422,107,1,0.1,168.05
5276,2423,453,2,0.0,174.89
5277,2423,76,1,0.0,225.56
5278,2423,132,1,0.0,47.52
5279,2423,254,1,0.0,363.32
5280,2424,86,3,0.0,130.15
5281,2425,348,1,0.0,42.45
5282,2425,267,2,0.2,311.6
5283,2425,514,2,0.1,348.1
5284,2426,400,1,0.05,276.63
5285,2426,453,3,0.0,171.25
5286,2427,581,1,0.2,190.62
5287,2427,499,1,0.1,216.41
5288,2427,547,2,0.2,193.06
5289,2428,6,1,0.15,16.42
5290,2428,520,2,0.0,23.45
5291,2429,183,1,0.0,253.12
5292,2430,513,3,0.0,294.7
5293,2431,230,2,0.05,16.3
5294,2431,312,1,0.0,120.16
5295,2431,227,2,0.15,
5296,2432,33,1,0.15,92.22
5297,2432,586,2,0.0,248.16
5298,2432,413,2,0.0,213.14
5299,2433,338,2,0.05,177.46
5300,2434,196,4,0.05,292.61
5301,2434,476,3,0.0,218.34
5302,2435,376,1,0.2,52.6
5303,2435,41,4,0.1,279.84
5304,2436,226,1,0.15,261.61
5305,2437,392,2,0.0,74.7
5306,2437,281,1,0.0,173.16
5307,2437,101,1,0.15,138.56
5308,2438,124,1,0.0,175.12
5309,2439,38,1,0.15,252.8
5310,2440,230,-1,0.0,16.46
5311,2440,146,3,0.1,10.29
5312,2440,95,1,0.0,135.78
5313,2441,585,2,0.05,6.52
5314,2441,480,1,0.0,68.35
5315,2441,551,1,0.2,33.06
5316,2441,89,1,0.2,202.11
5317,2442,574,2,0.0,266.17
5318,2443,181,3,0.15,
5319,2443,507,3,0.05,197.06
5320,2443,196,1,0.15,283.46
5321,2443,444,1,0.1,168.56
5322,2444,146,3,0.0,9.71
5323,2445,329,1,0.1,84.28
5324,2445,207,1,0.1,306.0
5325,2446,119,1,0.05,56.39
5326,2447,275,1,0.0,196.3
5327,2448,134,2,0.1,253.16
5328,2448,170,1,0.0,105.48
5329,2448,351,2,0.15,107.78
5330,2449,309,2,0.0,
5331,2450,278,2,0.05,246.64
5332,2450,368,2,0.0,151.98
5333,2451,157,2,0.15,19.22
5334,2451,45,2,0.15,259.92
5335,2451,372,1,0.0,231.36
5336,2452,36,1,0.1,179.46
5337,2452,258,1,0.2,
5338,2452,304,1,0.15,63.71
5339,2453,539,3,0.05,140.06
5340,2453,216,2,0.05,57.25
5341,2453,75,4,0.0,17.39
5342,2454,449,4,0.0,116.64
5343,2454,421,3,0.15,11.42
5344,2454,225,4,0.2,86.88
5345,2454,4,2,0.0,
5346,2455,578,2,0.0,233.45
5347,2455,165,2,0.0,106.27
5348,2455,357,1,0.0,139.88
5349,2455,105,2,0.0,5.65
5350,2456,208,2,0.0,196.74
5351,2457,581,1,0.0,178.94
5352,2458,393,1,0.1,80.09
5353,2459,427,4,0.0,91.7
5354,2459,403,2,0.2,160.26
5355,2459,324,1,0.2,204.2
5356,2459,475,1,0.0,288.3
5357,2460,319,4,0.15,137.45
5358,2461,455,4,0.0,80.22
5359,2461,459,1,0.0,126.03
5360,2461,297,1,0.0,53.0
5361,2462,337,1,0.0,30.51
5362,2463,403,1,0.15,157.79
5363,2463,112,4,0.05,32.53
5364,2464,385,1,0.05,136.65
5365,2464,208,1,0.1,182.61
5366,2465,429,1,0.05,17.39
5367,2465,469,2,0.0,14.74
5368,2466,457,2,0.0,172.99
5369,2466,423,2,0.1,45.85
5370,2467,201,1,0.0,49.57
5371,2468,278,2,0.1,261.34
5372,2469,526,2,0.0,269.07
5373,2469,73,3,0.05,60.8
5374,2470,198,1,0.05,144.55
5375,2470,255,1,0.1,
5376,2471,427,2,0.0,85.73
5377,2471,586,3,0.0,248.18
5378,2472,304,2,0.0,61.17
5379,2473,199,2,0.0,258.56
5380,2473,588,1,0.0,194.55
5381,2473,430,4,0.2,116.78
5382,2474,369,2,0.0,149.71
5383,2474,543,1,0.0,285.6
5384,2475,347,3,0.0,123.23
5385,2476,128,1,0.0,61.76
5386,2477,412,4,0.05,98.41
5387,2477,435,1,0.0,
5388,2477,234,1,0.05,115.1
5389,2477,445,1,0.05,28.49
5390,2478,459,2,0.0,124.31
5391,2478,41,2,0.15,302.27
5392,2479,415,4,0.0,211.47
5393,2479,189,2,0.05,162.34
5394,2480,3,1,0.05,38.25
5395,2480,390,1,0.0,253.01
5396,2480,517,1,0.2,52.05
5397,2480,192,4,0.05,245.55
5398,2481,16,1,0.15,
5399,2482,285,3,0.1,247.86
5400,2483,252,4,0.0,116.18
5401,2483,399,3,0.0,300.32
5402,2483,20,4,0.0,196.85
5403,2483,418,3,0.05,141.15
5404,2484,30,4,0.05,17.31
5405,2484,213,2,0.0,24.93
5406,2484,279,2,0.0,31.82
5407,2485,599,4,0.0,418.86
5408,2486,396,2,0.2,55.1
5409,2487,246,1,0.1,159.25
5410,2487,518,2,0.2,34.21
5411,2487,464,3,0.2,88.99
5412,2487,506,4,0.15,94.83
5413,2488,261,1,0.2,167.07
5414,2488,177,2,0.2,161.77
5415,2488,100,3,0.1,331.28
5416,2488,49,2,0.0,152.53
5417,2489,377,1,0.15,175.9
5418,2489,226,2,0.0,255.28
5419,2490,186,1,0.1,23.83
5420,2490,491,3,0.1,129.81
5421,2490,41,4,0.1,292.74
5422,2491,223,1,0.05,348.46
5423,2492,353,1,0.0,34.34
5424,2493,560,3,0.0,
5425,2493,7,2,0.1,202.33
5426,2494,390,2,0.0,248.66
5427,2494,68,1,0.0,
5428,2495,31,3,0.0,101.01
5429,2495,335,1,0.15,52.55
5430,2495,411,4,0.15,157.36
5431,2496,565,1,0.1,96.64
5432,2496,393,1,0.2,81.59
5433,2496,430,2,0.2,117.09
5434,2496,401,4,0.2,
5435,2497,558,2,0.15,203.97
5436,2498,524,1,0.05,48.1
5437,2498,148,1,0.05,42.93
5438,2498,225,2,0.0,81.16
5439,2498,497,2,0.0,97.96
5440,2498,113,1,0.05,67.06
5441,2499,67,2,0.05,35.9
5442,2499,516,1,0.2,18.19
5443,2499,378,3,0.0,60.04
5444,2499,73,2,0.1,62.34
5445,2500,580,3,0.0,168.98
5446,2500,169,1,0.0,
5447,2500,572,3,0.05,214.84
5448,2500,237,3,0.05,
5449,2501,522,4,0.0,110.36
5450,2501,323,-1,0.0,55.05
5451,2502,534,1,0.0,55.96
5452,2502,420,3,0.15,207.16
5453,2503,209,2,0.0,83.19
5454,2503,193,4,0.0,288.16
5455,2503,178,2,0.1,28.98
5456,2503,405,1,0.0,105.44
5457,2503,311,2,0.0,47.14
5458,2504,578,1,0.05,225.05
5459,2504,444,1,0.2,161.04
5460,2505,68,4,0.05,248.64
5461,2505,130,2,0.0,130.74
5462,2505,156,1,0.2,95.18
5463,2506,508,4,0.05,280.19
5464,2507,496,4,0.0,276.44
5465,2508,470,2,0.2,45.3
5466,2508,96,2,0.15,44.33
5467,2509,514,2,0.05,331.29
5468,2509,574,2,0.05,286.76
5469,2509,500,4,0.1,293.02
5470,2509,337,2,0.15,31.65
5471,2510,10,1,0.0,115.71
5472,2510,51,1,0.2,16.52
5473,2510,20,3,0.0,207.26
5474,2510,265,1,0.2,30.24
5475,2511,211,1,0.05,306.98
5476,2511,85,2,0.0,19.82
5477,2512,5,2,0.2,218.32
5478,2512,96,2,0.0,45.08
5479,2512,150,2,0.0,140.08
5480,2513,145,1,0.0,94.16
5481,2513,105,3,0.0,5.8
5482,2514,534,3,0.05,55.11
5483,2514,557,2,0.1,78.11
5484,2515,305,4,0.0,173.25
5485,2515,340,2,0.15,393.56
5486,2515,128,2,0.0,57.37
5487,2516,95,1,0.0,128.93
5488,2517,498,4,0.0,79.34
5489,2517,331,2,0.2,161.47
5490,2517,361,2,0.0,224.5
5491,2517,197,1,0.0,135.45
5492,2517,188,2,0.15,23.34
5493,2518,392,4,0.0,70.21
5494,2518,11,2,0.05,133.27
5495,2518,1,4,0.05,158.52
5496,2518,283,3,0.2,117.74
5497,2518,321,1,0.0,
5498,2519,75,1,0.2,17.64
5499,2519,298,3,0.2,280.12
5500,2520,53,3,0.2,225.67
5501,2521,36,3,0.0,185.89
5502,2521,79,1,0.2,254.42
5503,2522,7,2,0.0,196.14
5504,2522,339,1,0.15,36.05
5505,2522,586,1,0.0,250.72
5506,2523,63,2,0.2,72.75
5507,2523,249,4,0.05,120.73
5508,2524,373,3,0.0,
5509,2525,373,4,0.15,
5510,2525,218,1,0.15,36.15
5511,2526,396,2,0.05,55.71
5512,2526,473,1,0.0,
5513,2527,502,1,0.15,323.86
5514,2527,99,1,0.0,293.3
5515,2527,555,1,0.2,163.93
5516,2528,7,3,0.15,208.3
5517,2529,177,3,0.15,155.11
5518,2529,514,1,0.0,333.26
5519,2530,181,4,0.05,138.25
5520,2530,447,4,0.0,246.53
5521,2530,320,1,0.2,80.55
5522,2531,179,2,0.2,15.46
5523,2531,596,2,0.0,27.97
5524,2531,189,4,0.15,171.32
5525,2532,251,2,0.0,215.15
5526,2533,426,1,0.1,
5527,2533,359,1,0.0,331.65
5528,2533,131,2,0.0,259.29
5529,2533,98,1,0.1,92.18
5530,2533,62,1,0.05,73.45
5531,2534,311,3,0.1,47.57
5532,2534,110,1,0.05,262.18
5533,2535,580,3,0.0,174.08
5534,2536,33,1,0.0,97.56
5535,2536,283,3,0.1,118.84
5536,2537,348,2,0.0,45.59
5537,2538,363,2,0.05,219.57
5538,2538,188,1,0.1,23.82
5539,2538,236,4,0.1,13.38
5540,2538,198,2,0.05,139.7
5541,2538,316,1,0.0,289.53
5542,2539,487,3,0.0,175.78
5543,2539,87,1,0.0,128.16
5544,2540,292,1,0.05,128.78
5545,2540,177,4,0.1,147.68
5546,2541,10,1,0.2,112.35
5547,2541,479,2,0.1,111.98
5548,2542,450,2,0.1,7.12
5549,2543,425,1,0.2,175.1
5550,2543,222,4,0.0,112.04
5551,2543,353,2,0.1,33.88
5552,2544,474,3,0.15,60.46
5553,2545,107,1,0.2,167.17
5554,2546,538,1,0.0,285.63
5555,2546,593,4,0.0,50.64
5556,2547,192,1,0.0,249.87
5557,2548,530,2,0.2,163.58
5558,2549,472,4,0.15,245.76
5559,2549,573,3,0.15,106.48
5560,2549,270,3,0.15,103.68
5561,2550,582,2,0.0,124.01
5562,2550,16,3,0.0,
5563,2551,326,4,0.05,32.13
5564,2551,47,2,0.05,243.24
5565,2551,175,1,0.0,130.74
5566,2552,11,1,0.2,145.0
5567,2552,496,1,0.2,291.28
5568,2552,263,1,0.0,261.82
5569,2553,484,1,0.0,191.21
5570,2554,17,1,0.1,34.41
5571,2554,28,4,0.0,253.72
5572,2554,447,3,0.15,232.04
5573,2554,478,2,0.15,116.74
5574,2554,251,4,0.05,212.99
5575,2555,61,1,0.0,334.03
5576,2555,202,1,0.0,193.72
5577,2556,432,2,0.0,157.05
5578,2556,70,3,0.2,160.39
5579,2557,430,1,0.15,118.79
5580,2558,321,1,0.0,11.0
5581,2559,502,1,0.1,309.33
5582,2559,596,2,0.0,28.68
5583,2559,2,1,0.0,247.17
5584,2560,136,3,0.0,297.64
5585,2560,404,4,0.2,363.14
5586,2560,600,2,0.15,162.68
5587,2561,23,3,0.15,95.56
5588,2561,547,1,0.05,181.74
5589,2562,10,1,0.0,117.36
5590,2562,413,4,0.05,225.94
5591,2563,221,2,0.05,42.16
5592,2564,307,2,0.15,138.91
5593,2564,566,4,0.2,215.99
5594,2565,254,3,0.2,362.87
5595,2566,498,2,0.1,78.42
5596,2566,181,2,0.15,135.87
5597,2566,183,2,0.0,278.48
5598,2566,17,1,0.0,35.6
5599,2567,503,2,0.0,282.59
5600,2567,193,4,0.2,274.59
5601,2567,174,2,0.15,134.46
5602,2567,297,2,0.05,53.87
5603,2568,395,2,0.15,185.39
5604,2568,600,1,0.0,174.26
5605,2569,330,1,0.05,219.05
5606,2570,569,1,0.05,259.31
5607,2570,44,1,0.15,252.88
5608,2570,550,1,0.2,204.56
5609,2571,372,4,0.0,224.89
5610,2571,515,1,0.15,127.83
5611,2571,543,1,0.0,277.51
5612,2572,47,1,0.0,256.91
5613,2573,252,3,0.2,126.37
5614,2573,511,1,0.1,187.1
5615,2574,21,4,0.0,44.91
5616,2574,115,1,0.15,293.61
5617,2575,96,1,0.2,46.01
5618,2575,155,1,0.05,200.56
5619,2575,484,1,0.2,191.59
5620,2576,83,4,0.05,41.27
5621,2576,567,1,0.0,24.17
5622,2576,503,4,0.05,285.45
5623,2576,285,4,0.0,243.9
5624,2577,150,1,0.1,135.13
5625,2578,225,2,0.0,80.71
5626,2579,511,2,0.0,189.09
5627,2579,363,2,0.1,225.27
5628,2579,541,2,0.1,165.9
5629,2579,220,1,0.0,148.34
5630,2580,175,1,0.0,127.33
5631,2581,502,2,0.0,321.23
5632,2581,269,1,0.1,215.75
5633,2582,291,1,0.2,201.55
5634,2582,280,4,0.1,256.12
5635,2582,314,2,0.05,168.56
5636,2582,145,4,0.0,103.21
5637,2582,475,3,0.2,299.85
5638,2583,399,1,0.15,294.07
5639,2584,36,4,0.1,193.89
5640,2584,363,3,0.1,229.04
5641,2584,490,2,0.05,165.35
5642,2584,110,1,0.1,252.68
5643,2585,267,4,0.0,317.22
5644,2586,130,2,0.1,129.22
5645,2586,441,3,0.1,82.55
5646,2586,608,2,0.0,
5647,2587,321,1,0.0,10.61
5648,2587,440,2,0.0,11.16
5649,2587,575,2,0.05,335.15
5650,2588,150,2,0.0,141.49
5651,2588,454,4,0.0,227.09
5652,2589,406,2,0.1,
5653,2589,331,2,0.0,157.43
5654,2590,76,1,0.0,216.92
5655,2591,426,2,0.0,
5656,2592,192,2,0.0,242.2
5657,2593,207,3,0.0,319.59
5658,2594,104,2,0.0,42.15
5659,2594,165,2,0.0,111.78
5660,2594,9,2,0.0,97.15
5661,2594,319,1,0.0,139.4
5662,2594,279,2,0.0,30.83
5663,2595,102,2,0.0,67.9
5664,2595,6,1,0.05,17.26
5665,2595,425,1,0.0,174.82
5666,2595,49,4,0.15,156.11
5667,2596,343,1,0.2,296.7
5668,2596,206,1,0.0,134.74
5669,2597,355,4,0.0,94.85
5670,2597,14,2,0.0,69.3
5671,2597,494,1,0.15,204.76
5672,2598,596,2,0.2,26.99
5673,2599,229,1,0.0,9.17
5674,2599,32,2,0.15,232.91
5675,2599,497,3,0.05,95.37
5676,2599,205,1,0.0,195.92
5677,2600,178,1,0.1,29.47
5678,2600,214,1,0.0,
5679,2600,238,2,0.0,224.4
5680,2601,145,1,0.0,97.6
5681,2601,197,2,0.0,139.56
5682,2602,265,1,0.0,30.29
5683,2602,244,4,0.2,16.67
5684,2602,310,1,0.0,294.43
5685,2603,154,2,0.0,139.78
5686,2603,402,1,0.1,197.36
5687,2603,569,3,0.2,253.24
5688,2604,600,3,0.15,176.76
5689,2604,468,4,0.0,46.34
5690,2604,388,4,0.15,187.14
5691,2604,436,1,0.1,100.77
5692,2604,310,4,0.05,282.98
5693,2605,572,2,0.0,
5694,2605,176,4,0.05,189.66
5695,2606,295,2,0.15,32.89
5696,2606,430,3,0.2,119.41
5697,2607,45,1,0.2,276.06
5698,2607,49,1,0.15,147.7
5699,2607,149,3,0.0,189.74
5700,2608,64,3,0.0,309.9
5701,2609,205,2,0.2,196.97
5702,2609,73,4,0.1,61.7
5703,2609,548,1,0.05,55.07
5704,2609,376,2,0.0,52.31
5705,2610,488,2,0.0,12.31
5706,2611,61,1,0.0,333.11
5707,2611,28,2,0.1,254.24
5708,2612,199,4,0.1,249.52
5709,2612,332,3,0.1,158.13
5710,2612,305,1,0.15,179.41
5711,2613,430,1,0.15,119.13
5712,2613,550,1,0.05,215.31
5713,2613,45,4,0.0,275.73
5714,2613,248,1,0.0,
5715,2613,93,1,0.2,91.85
5716,2614,373,1,0.15,
5717,2614,45,2,0.0,279.1
5718,2615,354,3,0.0,121.94
5719,2615,45,1,0.2,273.44
5720,2616,127,1,0.0,216.31
5721,2617,194,2,0.05,67.86
5722,2617,183,4,0.15,254.25
5723,2617,396,3,0.15,55.75
5724,2617,264,1,0.15,107.7
5725,2617,285,1,0.15,238.7
5726,2618,450,2,0.0,6.66
5727,2618,30,1,0.15,
5728,2619,564,3,0.2,29.58
5729,2619,599,1,0.05,384.03
5730,2619,449,1,0.2,126.18
5731,2619,69,2,0.0,184.95
5732,2620,8,1,0.05,48.12
5733,2620,318,1,0.0,36.67
5734,2620,571,2,0.15,216.52
5735,2621,180,3,0.15,302.24
5736,2621,392,2,0.2,75.57
5737,2621,112,3,0.15,29.52
5738,2622,282,4,0.0,31.67
5739,2622,273,1,0.0,175.14
5740,2622,386,3,0.15,51.94
5741,2622,238,1,0.0,234.1
5742,2623,70,2,0.15,
5743,2624,309,2,0.05,
5744,2624,600,4,0.0,165.53
5745,2624,262,3,0.0,368.48
5746,2625,319,2,0.0,137.94
5747,2626,264,1,0.15,111.04
5748,2626,586,1,0.1,251.16
5749,2627,171,1,0.05,154.89
5750,2628,79,-1,0.0,240.08
5751,2629,54,1,0.0,153.43
5752,2630,585,1,0.15,6.87
5753,2630,152,2,0.1,192.96
5754,2630,279,2,0.05,30.89
5755,2630,58,2,0.2,261.98
5756,2631,76,1,0.1,237.73
5757,2631,516,1,0.1,18.54
5758,2631,570,2,0.05,153.96
5759,2631,19,1,0.0,
5760,2632,266,1,0.0,355.15
5761,2633,177,1,0.0,154.18
5762,2633,119,1,0.0,58.38
5763,2633,520,1,0.0,21.88
5764,2633,379,4,0.0,193.42
5765,2633,591,4,0.05,250.87
5766,2634,62,1,0.2,71.45
5767,2634,487,1,0.2,182.18
5768,2635,272,2,0.1,83.51
5769,2635,71,1,0.05,253.24
5770,2636,408,2,0.05,276.55
5771,2637,179,2,0.0,15.58
5772,2637,540,4,0.2,91.9
5773,2638,59,3,0.0,190.43
5774,2638,95,4,0.15,128.28
5775,2639,401,1,0.15,169.98
5776,2639,560,2,0.0,
5777,2640,490,2,0.05,171.86
5778,2641,220,4,0.0,158.34
5779,2641,438,2,0.1,10.27
5780,2641,540,2,0.05,94.53
5781,2642,318,1,0.15,37.33
5782,2642,188,1,0.1,24.52
5783,2642,486,1,0.15,276.0
5784,2642,327,3,0.0,205.1
5785,2643,428,1,0.05,54.09
5786,2643,539,4,0.1,133.14
5787,2644,30,3,0.0,17.16
5788,2644,142,3,0.0,82.05
5789,2644,193,3,0.0,290.14
5790,2645,586,1,0.15,259.74
5791,2646,100,1,0.15,330.2
5792,2646,581,1,0.05,177.9
5793,2647,76,2,0.2,235.53
5794,2647,425,1,0.0,164.07
5795,2647,592,3,0.0,256.78
5796,2647,229,1,4.62,9.8
5797,2647,306,2,0.15,21.09
5798,2648,526,1,0.1,281.47
5799,2648,260,1,0.2,220.57
5800,2649,100,3,0.1,326.83
5801,2649,90,1,0.2,210.2
5802,2650,383,1,0.2,17.83
5803,2650,396,4,0.0,52.93
5804,2651,453,1,0.0,169.12
5805,2652,105,3,0.2,5.96
5806,2652,500,3,0.0,292.47
5807,2653,477,1,0.15,75.44
5808,2654,167,1,0.15,7.36
5809,2654,175,2,0.0,129.51
5810,2655,218,2,0.0,37.01
5811,2655,27,1,0.0,359.95
5812,2656,537,2,0.2,12.54
5813,2656,69,1,0.1,186.86
5814,2656,390,3,0.0,237.35
5815,2657,75,1,0.0,18.47
5816,2657,144,2,0.0,152.96
5817,2657,88,2,0.0,154.65
5818,2657,363,1,0.0,229.82
5819,2658,513,1,0.05,276.14
5820,2659,255,1,0.15,347.39
5821,2659,482,1,0.2,76.46
5822,2660,569,1,0.1,262.52
5823,2660,101,3,0.2,138.69
5824,2661,273,1,0.05,177.58
5825,2662,541,1,0.0,164.05
5826,2663,479,2,0.0,106.92
5827,2664,90,1,0.15,219.43
5828,2664,269,4,0.1,213.72
5829,2665,411,4,0.2,163.55
5830,2665,447,1,0.0,231.17
5831,2665,266,1,0.2,339.16
5832,2666,147,4,0.2,235.43
5833,2666,311,1,0.0,46.97
5834,2666,342,2,0.0,67.32
5835,2667,209,2,0.1,81.09
5836,2667,409,1,0.05,178.78
5837,2668,494,3,0.0,210.09
5838,2668,574,3,0.05,273.8
5839,2669,538,3,0.0,294.72
5840,2669,495,1,0.0,99.72
5841,2670,382,1,0.1,98.87
5842,2670,538,3,0.1,288.27
5843,2671,18,2,0.15,381.97
5844,2672,584,1,0.05,
5845,2672,404,2,0.15,383.97
5846,2672,319,2,0.1,131.8
5847,2672,171,1,0.0,146.64
5848,2673,505,1,0.2,80.02
5849,2674,310,3,0.05,290.44
5850,2674,536,1,0.05,73.35
5851,2675,597,1,0.0,119.27
5852,2676,13,4,0.2,181.38
5853,2677,553,1,0.15,232.19
5854,2677,54,1,0.1,151.05
5855,2678,86,3,0.05,142.03
5856,2678,188,1,0.15,23.95
5857,2679,413,1,0.2,215.06
5858,2680,156,4,0.0,98.45
5859,2681,93,1,0.05,91.12
5860,2681,344,4,0.0,145.91
5861,2681,379,2,0.0,194.26
5862,2682,520,4,0.15,22.12
5863,2683,112,1,0.0,31.31
5864,2683,514,2,0.0,333.48
5865,2684,235,2,0.15,100.86
5866,2684,426,1,0.0,
5867,2685,501,3,0.0,
5868,2685,39,2,0.1,158.21
5869,2685,59,3,0.0,185.93
5870,2685,355,2,0.15,94.81
5871,2686,94,3,0.05,272.99
5872,2686,200,4,0.0,270.89
5873,2686,392,2,0.2,76.13
5874,2686,96,1,0.0,42.72
5875,2687,458,2,0.1,171.43
5876,2687,96,1,0.05,45.49
5877,2688,346,3,0.0,96.94
5878,2689,63,4,0.15,68.77
5879,2689,367,3,0.05,207.81
5880,2689,386,1,0.1,48.07
5881,2690,233,1,0.0,270.63
5882,2690,1,3,0.1,159.46
5883,2691,68,2,0.15,259.53
5884,2691,8,2,0.05,46.96
5885,2691,482,1,0.0,72.47
5886,2692,79,2,0.0,258.87
5887,2692,52,1,0.0,97.23
5888,2693,251,2,0.0,229.12
5889,2693,500,4,0.0,278.4
5890,2693,292,1,0.1,130.91
5891,2694,82,3,0.2,194.55
5892,2694,66,3,0.2,102.17
5893,2694,373,2,0.2,
5894,2694,141,4,0.0,240.84
5895,2694,365,1,0.0,49.68
5896,2695,38,1,0.05,252.22
5897,2696,440,2,0.05,11.01
5898,2696,503,2,0.0,282.59
5899,2697,592,2,0.15,261.8
5900,2698,555,2,0.2,169.01
5901,2699,461,1,0.15,256.57
5902,2699,309,3,0.15,
5903,2700,159,1,0.15,93.87
5904,2701,251,4,0.1,212.78
5905,2701,142,2,0.0,85.12
5906,2702,482,2,0.0,72.92
5907,2702,310,1,0.15,286.41
5908,2703,534,1,0.05,53.06
5909,2703,119,4,0.0,60.14
5910,2703,170,1,0.0,104.56
5911,2704,149,1,0.0,182.45
5912,2704,78,2,0.15,257.56
5913,2704,377,1,0.15,169.15
5914,2704,89,1,0.05,192.73
5915,2705,160,1,0.0,43.6
5916,2705,453,2,0.0,167.58
5917,2705,170,1,0.2,102.79
5918,2705,305,1,0.0,188.23
5919,2706,185,4,0.05,43.55
5920,2706,162,2,0.2,173.89
5921,2706,422,2,0.05,76.27
5922,2706,453,2,0.2,165.48
5923,2707,226,1,0.1,238.63
5924,2707,275,1,0.15,196.09
5925,2708,546,1,0.0,321.75
5926,2708,213,2,0.15,23.93
5927,2709,212,2,0.0,34.17
5928,2709,103,1,0.2,122.59
5929,2710,456,3,0.0,154.33
5930,2711,281,4,0.0,169.65
5931,2711,252,1,0.1,120.14
5932,2712,150,4,0.0,140.07
5933,2713,442,2,0.0,8.63
5934,2713,369,4,0.05,149.75
5935,2713,577,2,0.2,245.91
5936,2714,374,3,0.0,122.78
5937,2714,191,1,0.0,46.27
5938,2714,216,2,0.2,57.38
5939,2714,133,3,0.0,322.3
5940,2714,41,1,0.15,290.73
5941,2715,65,1,0.1,8.03
5942,2715,507,1,0.05,200.56
5943,2716,467,1,0.0,308.45
5944,2716,13,1,0.0,178.64
5945,2716,193,3,0.2,273.52
5946,2717,379,2,0.05,206.78
5947,2717,34,4,0.05,60.88
5948,2717,91,3,0.0,77.77
5949,2717,191,2,0.0,49.69
5950,2718,278,1,0.0,256.7
5951,2719,555,3,0.15,160.11
5952,2720,488,4,0.15,
5953,2720,364,1,0.0,57.53
5954,2721,53,1,0.2,222.78
5955,2721,558,4,0.0,203.38
5956,2721,590,1,0.15,247.62
5957,2722,414,1,0.0,96.62
5958,2723,394,3,0.15,
5959,2724,7,2,0.2,196.38
5960,2724,444,4,0.0,160.93
5961,2724,41,3,0.0,279.4
5962,2724,301,1,0.0,46.11
5963,2724,476,2,0.05,215.52
5964,2725,552,1,0.0,
5965,2725,387,2,0.05,40.97
5966,2725,304,1,0.0,60.96
5967,2725,399,4,0.0,314.56
5968,2726,495,1,0.1,98.83
5969,2726,36,1,0.05,179.89
5970,2727,113,1,0.0,67.06
5971,2728,122,2,0.0,261.01
5972,2728,367,2,0.0,202.69
5973,2728,89,1,0.1,205.21
5974,2728,201,2,0.15,48.48
5975,2729,3,1,0.0,39.39
5976,2729,211,2,0.0,302.01
5977,2730,549,2,0.2,54.26
5978,2731,381,2,0.0,44.19
5979,2732,290,1,0.0,121.2
5980,2733,136,2,0.0,318.39
5981,2733,225,1,0.15,82.49
5982,2734,164,2,0.15,192.21
5983,2735,224,2,0.0,374.49
5984,2735,321,3,0.1,10.77
5985,2736,346,2,0.0,96.81
5986,2736,516,1,0.05,18.74
5987,2737,476,1,0.1,206.79
5988,2737,3,1,0.15,40.05
5989,2738,26,1,0.0,
5990,2738,565,3,0.1,94.22
5991,2739,124,2,0.0,186.41
5992,2739,383,3,0.15,17.08
5993,2740,570,2,0.05,156.2
5994,2740,536,2,0.05,79.85
5995,2740,28,1,0.15,252.45
5996,2741,483,2,0.0,83.8
5997,2741,274,1,0.0,
5998,2741,429,1,0.0,17.53
5999,2741,481,3,0.0,34.78
6000,2741,450,1,0.15,6.75
6001,2742,259,1,0.1,143.76
6002,2743,2,2,0.2,240.92
6003,2743,202,1,0.1,202.75
6004,2743,164,2,0.0,194.32
6005,2743,398,1,0.1,15.13
6006,2744,188,1,0.15,23.87
6007,2745,106,2,0.15,188.97
6008,2746,297,3,0.0,51.57
6009,2746,235,2,0.15,100.42
6010,2746,85,1,0.0,20.63
6011,2747,63,4,0.0,69.76
6012,2747,96,4,0.05,44.46
6013,2748,467,3,0.0,318.08
6014,2749,568,2,0.0,141.69
6015,2749,591,1,0.0,270.7
6016,2750,259,3,0.1,148.61
6017,2751,395,1,0.0,194.29
6018,2751,410,4,0.1,20.44
6019,2751,183,2,0.05,258.83
6020,2752,239,2,0.0,29.85
6021,2752,159,1,0.05,95.9
6022,2752,366,2,0.0,66.28
6023,2753,329,1,0.15,83.51
6024,2753,325,1,0.05,238.07
6025,2753,355,1,0.0,95.9
6026,2754,233,3,0.1,269.38
6027,2755,558,4,0.1,199.47
6028,2755,13,4,0.0,180.34
6029,2755,100,2,0.1,317.55
6030,2755,483,1,0.15,79.7
6031,2755,65,3,0.0,8.23
6032,2756,224,3,0.15,367.29
6033,2756,520,2,0.2,23.22
6034,2757,133,1,0.0,303.4
6035,2757,239,1,0.0,30.37
6036,2758,567,3,0.15,23.28
6037,2759,335,4,0.2,52.99
6038,2759,563,1,0.0,207.89
6039,2759,166,1,0.2,128.33
6040,2759,600,3,0.2,162.43
6041,2760,475,1,0.15,284.48
6042,2760,40,2,0.0,85.8
6043,2761,433,2,0.0,127.88
6044,2761,220,2,0.0,148.44
6045,2761,201,3,0.05,50.57
6046,2762,101,3,0.0,138.61
6047,2762,505,1,0.05,78.84
6048,2762,579,1,0.0,69.77
6049,2763,533,4,0.0,155.27
6050,2763,290,1,0.0,
6051,2764,31,3,0.0,97.61
6052,2765,571,4,0.0,237.55
6053,2766,40,1,0.0,78.52
6054,2766,358,2,0.1,146.79
6055,2766,205,1,0.0,199.41
6056,2766,317,2,0.05,164.94
6057,2766,10,1,0.15,113.2
6058,2767,398,2,0.0,15.28
6059,2767,466,1,0.1,59.54
6060,2767,308,1,0.05,345.36
6061,2767,331,3,0.05,157.99
6062,2767,256,1,0.05,173.21
6063,2768,115,2,0.0,292.46
6064,2768,480,1,0.1,64.42
6065,2768,113,3,0.0,69.48
6066,2769,376,3,0.0,52.06
6067,2769,319,3,0.0,141.89
6068,2769,183,3,0.05,268.37
6069,2769,74,1,0.0,199.17
6070,2770,167,1,0.0,7.78
6071,2771,10,1,0.2,111.28
6072,2771,184,1,0.0,372.39
6073,2771,7,4,0.05,193.46
6074,2771,27,2,0.05,385.3
6075,2771,434,3,0.05,40.99
6076,2772,345,2,0.2,178.31
6077,2772,21,2,0.1,44.79
6078,2773,305,4,0.0,184.1
6079,2774,350,2,0.0,53.01
6080,2774,533,4,0.15,152.63
6081,2775,197,2,0.05,139.53
6082,2775,257,1,0.0,370.28
6083,2775,570,4,0.05,162.7
6084,2775,219,1,0.05,35.21
6085,2776,367,1,0.15,218.05
6086,2777,543,4,0.05,274.28
6087,2777,125,2,0.05,358.81
6088,2777,472,1,0.0,252.93
6089,2778,28,1,0.0,243.84
6090,2778,315,3,0.0,13.94
6091,2778,95,1,0.05,139.89
6092,2778,569,2,0.05,263.26
6093,2779,498,1,0.1,81.12
6094,2779,431,4,0.0,228.56
6095,2780,459,2,0.0,124.06
6096,2780,363,2,0.1,235.04
6097,2780,321,1,0.1,10.74
6098,2780,244,3,0.0,17.2
6099,2781,127,1,0.0,226.26
6100,2782,61,1,0.0,311.85
6101,2783,112,1,0.0,30.51
6102,2784,563,1,0.2,207.93
6103,2785,165,2,0.0,108.82
6104,2786,192,1,0.0,241.1
6105,2787,486,1,0.0,268.97
6106,2787,307,2,0.0,130.16
6107,2787,327,1,0.15,215.8
6108,2787,338,1,0.05,183.51
6109,2787,135,1,0.0,95.63
6110,2788,73,2,0.05,58.07
6111,2788,230,1,0.2,16.85
6112,2789,74,3,0.0,192.78
6113,2789,31,1,0.15,102.45
6114,2789,78,3,0.2,243.41
6115,2789,40,2,0.0,85.3
6116,2790,250,1,0.15,424.27
6117,2791,52,1,0.05,103.27
6118,2791,474,1,0.0,61.28
6119,2792,146,2,0.05,9.7
6120,2792,379,2,0.15,193.8
6121,2792,228,1,0.05,38.6
6122,2792,367,3,0.15,200.81
6123,2793,7,2,0.1,209.88
6124,2793,258,1,0.15,13.4
6125,2794,512,2,0.2,398.65
6126,2794,325,1,0.0,249.58
6127,2794,445,1,0.0,29.95
6128,2795,438,2,0.0,10.31
6129,2795,311,1,0.0,50.35
6130,2795,488,4,0.05,12.85
6131,2796,234,4,0.2,111.62
6132,2796,304,1,0.2,62.06
6133,2797,187,4,0.15,38.81
6134,2797,6,1,0.0,16.65
6135,2798,171,1,0.0,150.41
6136,2798,358,1,0.2,146.2
6137,2798,88,4,0.2,146.8
6138,2798,128,1,0.2,56.72
6139,2799,598,4,0.0,24.94
6140,2800,92,1,0.0,354.52
6141,2800,234,1,0.05,114.2
6142,2800,325,1,0.1,254.34
6143,2801,180,1,0.2,315.21
6144,2801,242,4,0.0,148.87
6145,2801,466,2,0.2,57.01
6146,2801,602,3,0.05,
6147,2802,434,1,0.1,42.58
6148,2803,467,1,0.2,307.43
6149,2803,233,4,0.05,267.19
6150,2803,209,2,0.0,80.81
6151,2803,126,2,0.0,88.35
6152,2803,47,2,0.1,245.28
6153,2804,469,1,0.2,14.72
6154,2804,144,1,0.0,150.74
6155,2805,511,1,0.05,181.96
6156,2805,58,4,0.0,
6157,2805,11,4,0.0,144.08
6158,2805,294,2,0.0,21.56
6159,2806,381,3,0.1,43.95
6160,2806,199,2,0.15,242.03
6161,2806,352,3,0.15,81.68
6162,2807,144,2,0.05,148.65
6163,2808,255,1,0.0,343.83
6164,2808,173,2,0.2,138.18
6165,2808,65,2,0.0,8.67
6166,2809,241,1,0.0,216.51
6167,2809,102,2,0.1,72.78
6168,2810,477,4,0.0,76.6
6169,2810,372,1,0.1,224.37
6170,2811,539,1,0.1,142.64
6171,2812,518,4,0.0,34.62
6172,2812,292,1,0.15,129.0
6173,2812,143,2,0.0,121.66
6174,2813,355,2,0.0,90.64
6175,2813,138,1,0.2,162.2
6176,2813,386,4,0.0,50.2
6177,2813,178,2,0.15,30.76
6178,2814,101,4,0.1,133.6
6179,2814,97,4,0.0,307.5
6180,2814,552,1,0.0,
6181,2815,262,4,0.15,382.31
6182,2816,476,1,0.1,200.57
6183,2817,462,1,0.0,344.89
6184,2817,249,1,0.0,130.61
6185,2817,230,3,0.2,16.33
6186,2817,286,2,0.0,199.88
6187,2818,460,1,0.2,172.61
6188,2818,284,3,0.1,122.19
6189,2819,22,2,0.0,21.87
6190,2819,201,2,0.2,47.17
6191,2819,74,3,0.0,184.39
6192,2820,345,3,0.05,191.15
6193,2820,162,2,0.0,177.91
6194,2821,17,2,0.2,34.76
6195,2821,594,1,0.1,143.75
6196,2822,194,2,0.1,69.7
6197,2822,137,3,0.15,350.33
6198,2822,434,4,0.0,38.93
6199,2823,477,2,0.15,80.52
6200,2823,590,2,0.15,232.69
6201,2824,484,2,0.15,193.97
6202,2825,347,3,0.2,129.04
6203,2826,129,3,0.0,338.17
6204,2826,105,4,0.1,5.62
6205,2827,591,1,0.05,259.31
6206,2827,381,1,0.0,44.83
6207,2827,251,1,0.0,213.83
6208,2828,384,2,0.0,311.54
6209,2829,341,0,0.05,
6210,2829,112,2,0.05,30.79
6211,2830,467,2,0.1,304.7
6212,2830,360,2,0.1,51.45
6213,2831,267,1,0.1,324.95
6214,2832,439,2,0.0,
6215,2832,334,3,0.1,
6216,2833,548,1,0.05,59.29
6217,2833,587,1,0.15,157.8
6218,2833,496,3,0.0,287.33
6219,2833,572,3,0.0,219.87
6220,2834,156,1,0.0,97.29
6221,2835,556,3,0.2,198.77
6222,2835,490,2,3.55,163.34
6223,2835,557,1,0.0,75.48
6224,2836,445,1,0.2,30.49
6225,2836,189,1,0.15,172.77
6226,2836,402,4,0.05,196.01
6227,2836,433,1,0.15,135.36
6228,2837,470,2,0.2,44.98
6229,2837,69,1,0.0,182.79
6230,2837,86,1,0.05,132.3
6231,2838,76,4,0.2,226.74
6232,2839,369,2,0.0,147.84
6233,2839,403,2,0.2,156.74
6234,2839,112,1,0.0,31.65
6235,2840,565,4,0.1,92.83
6236,2840,295,1,0.2,32.04
6237,2840,302,2,0.0,43.51
6238,2840,356,2,0.05,262.47
6239,2841,159,4,0.2,97.65
6240,2841,324,3,0.05,211.16
6241,2841,330,1,0.0,203.92
6242,2842,515,3,0.15,124.79
6243,2843,318,2,0.0,38.04
6244,2844,96,1,0.2,45.73
6245,2844,332,1,0.2,150.98
6246,2845,273,1,0.15,169.18
6247,2845,477,1,0.0,78.29
6248,2845,188,2,0.1,24.46
6249,2845,511,4,0.0,193.15
6250,2845,139,3,0.1,279.19
6251,2846,117,3,0.0,174.35
6252,2847,403,2,0.1,150.23
6253,2848,259,1,0.0,143.21
6254,2848,30,4,0.15,16.78
6255,2849,466,4,0.0,57.52
6256,2849,185,1,0.0,44.37
6257,2849,123,3,0.05,13.89
6258,2849,523,4,0.05,308.9
6259,2850,530,1,0.05,163.24
6260,2850,12,3,0.2,88.19
6261,2851,133,1,0.1,312.05
6262,2851,26,1,0.2,
6263,2851,354,1,0.05,126.14
6264,2851,419,2,0.1,241.61
6265,2852,177,1,0.15,153.98
6266,2852,383,1,0.15,16.62
6267,2852,307,2,0.2,
6268,2853,139,1,0.1,
6269,2853,473,4,0.05,
6270,2854,142,2,0.05,87.14
6271,2854,473,2,0.0,
6272,2855,270,2,0.2,105.38
6273,2855,564,2,0.0,31.3
6274,2855,569,1,0.0,253.75
6275,2856,492,1,0.15,25.27
6276,2857,469,1,0.1,14.98
6277,2857,368,1,0.0,143.29
6278,2858,538,3,0.05,292.5
6279,2858,97,4,0.15,314.87
6280,2858,215,1,0.1,78.9
6281,2859,250,3,0.1,403.39
6282,2859,365,4,0.2,48.45
6283,2859,387,1,0.0,40.86
6284,2859,389,1,0.0,84.97
6285,2860,62,1,0.1,72.03
6286,2861,397,4,0.1,
6287,2862,187,1,0.15,40.45
6288,2862,550,1,0.0,204.0
6289,2863,107,3,0.1,159.13
6290,2864,104,1,0.05,43.06
6291,2864,560,1,0.1,
6292,2865,13,1,0.1,178.26
6293,2865,534,2,0.0,57.85
6294,2865,56,3,0.15,69.32
6295,2866,443,1,0.0,180.85
6296,2866,1,4,0.0,156.87
6297,2866,410,2,0.0,20.22
6298,2866,336,4,0.2,74.39
6299,2867,493,2,0.0,223.68
6300,2867,110,1,0.0,261.77
6301,2867,553,1,0.1,222.16
6302,2867,309,3,0.0,
6303,2868,437,1,0.05,186.63
6304,2868,395,1,0.2,
6305,2868,600,3,0.2,168.33
6306,2869,391,2,0.0,219.82
6307,2869,179,2,0.15,15.67
6308,2870,106,3,0.2,195.45
6309,2870,62,4,0.1,72.72
6310,2871,345,2,0.2,179.03
6311,2872,524,4,0.0,47.53
6312,2873,217,4,0.0,133.55
6313,2874,517,1,0.2,51.93
6314,2874,262,3,0.0,385.34
6315,2875,417,1,0.15,36.0
6316,2876,54,3,0.1,160.44
6317,2876,262,1,0.0,387.55
6318,2876,590,4,0.05,246.59
6319,2876,593,1,0.0,50.66
6320,2876,90,4,0.05,219.94
6321,2877,397,3,0.1,
6322,2877,495,2,0.0,99.25
6323,2877,354,2,0.0,132.42
6324,2878,1,2,0.2,163.31
6325,2878,352,1,0.0,75.87
6326,2878,225,1,0.2,82.44
6327,2878,15,1,0.15,123.87
6328,2879,164,2,0.15,
6329,2880,460,1,0.0,171.95
6330,2881,520,3,0.05,22.43
6331,2881,281,1,0.0,165.45
6332,2882,262,2,0.2,378.94
6333,2882,385,3,0.1,134.89
6334,2882,475,4,0.2,297.0
6335,2882,364,2,0.0,59.85
6336,2882,323,1,0.0,52.22
6337,2883,167,1,0.05,7.44
6338,2883,295,4,0.2,34.13
6339,2883,157,2,0.0,
6340,2884,568,1,0.0,147.26
6341,2884,459,1,0.2,131.84
6342,2884,597,2,0.1,115.09
6343,2884,137,1,0.0,337.52
6344,2884,35,1,0.0,38.73
6345,2885,539,1,0.0,141.3
6346,2885,409,1,0.15,167.81
6347,2886,31,3,0.0,98.73
6348,2887,219,2,0.05,34.06
6349,2888,600,1,0.05,171.69
6350,2888,117,1,0.0,184.24
6351,2888,14,1,0.0,70.21
6352,2889,494,1,0.0,208.74
6353,2889,189,1,0.0,169.67
6354,2890,336,3,0.05,73.8
6355,2891,192,1,0.0,260.4
6356,2891,270,1,0.0,103.76
6357,2891,148,2,0.15,46.02
6358,2892,253,2,0.15,
6359,2892,17,2,0.0,33.33
6360,2892,224,1,0.0,361.19
6361,2892,410,2,0.2,20.6
6362,2893,570,2,0.05,159.31
6363,2893,14,4,0.2,68.14
6364,2894,525,4,0.2,166.37
6365,2894,305,3,0.0,187.69
6366,2894,225,4,0.0,87.02
6367,2895,226,4,0.0,247.76
6368,2895,250,3,0.0,406.38
6369,2896,241,4,0.15,216.26
6370,2897,452,1,0.1,62.56
6371,2897,242,1,0.0,158.09
6372,2898,603,3,0.0,
6373,2899,429,1,0.05,16.54
6374,2899,480,2,0.05,65.22
6375,2899,571,1,0.15,226.45
6376,2900,306,2,0.05,22.9
6377,2900,178,2,0.0,29.2
6378,2900,171,2,0.0,152.09
6379,2901,2,1,0.0,232.36
6380,2901,596,1,0.15,27.91
6381,2902,8,2,0.0,46.35
6382,2902,446,2,0.05,272.58
6383,2902,166,1,0.05,130.3
6384,2903,392,4,0.2,72.4
6385,2903,235,1,0.0,94.78
6386,2904,150,1,0.2,132.26
6387,2904,9,2,0.1,
6388,2905,166,4,0.05,132.1
6389,2905,377,4,0.2,172.29
6390,2906,422,4,0.05,81.92
6391,2906,228,2,0.1,40.75
6392,2906,514,1,0.2,327.57
6393,2907,268,1,0.0,329.14
6394,2907,554,3,0.0,145.42
6395,2908,169,2,0.0,
6396,2908,238,2,0.2,234.3
6397,2908,372,3,0.0,232.83
6398,2908,272,4,0.0,83.22
6399,2909,125,3,0.0,387.98
6400,2909,374,2,0.15,129.18
6401,2910,479,1,0.0,112.26
6402,2911,298,1,4.03,
6403,2911,511,0,0.0,191.12
6404,2912,111,2,0.1,217.75
6405,2912,27,1,0.2,381.72
6406,2913,64,1,0.15,313.36
6407,2913,556,1,0.05,196.06
6408,2913,549,3,0.0,55.43
6409,2914,435,1,0.1,355.27
6410,2915,80,2,0.1,92.25
6411,2915,572,2,0.15,220.56
6412,2915,422,2,0.05,81.56
6413,2916,343,4,0.1,304.32
6414,2916,456,1,0.0,155.34
6415,2917,223,3,0.2,324.96
6416,2917,490,4,0.0,165.87
6417,2917,551,2,0.15,32.51
6418,2918,49,1,0.15,160.99
6419,2918,495,1,0.1,99.18
6420,2918,402,1,0.2,203.29
6421,2919,252,3,0.0,118.27
6422,2919,147,2,0.2,221.76
6423,2920,262,1,0.2,371.69
6424,2920,351,2,0.0,112.1
6425,2921,37,4,0.2,9.54
6426,2922,290,2,0.15,126.25
6427,2922,594,2,0.05,145.76
6428,2923,406,2,0.0,
6429,2924,290,1,0.05,122.44
6430,2924,72,4,0.05,139.36
6431,2925,14,1,0.05,68.99
6432,2926,36,1,0.1,192.07
6433,2926,589,4,0.1,169.49
6434,2926,278,4,0.0,248.83
6435,2927,418,1,0.0,153.47
6436,2928,589,2,0.1,179.94
6437,2928,397,1,0.2,
6438,2928,6,2,0.1,16.85
6439,2929,207,2,0.0,300.41
6440,2930,54,3,0.1,155.72
6441,2930,448,2,0.0,164.14
6442,2930,293,4,0.05,166.07
6443,2931,610,3,0.1,
6444,2931,73,1,0.2,58.99
6445,2932,451,1,0.05,43.91
6446,2932,436,1,0.0,96.21
6447,2932,89,3,0.1,199.52
6448,2932,298,2,0.1,279.61
6449,2933,324,2,0.2,206.52
6450,2933,554,1,0.0,144.46
6451,2933,186,2,0.0,23.27
6452,2934,55,2,0.15,52.09
6453,2934,11,2,0.0,142.58
6454,2935,116,3,0.15,247.38
6455,2935,445,2,0.0,28.62
6456,2936,120,2,0.05,159.66
6457,2936,392,4,0.05,72.31
6458,2936,569,4,0.15,260.66
6459,2936,358,3,0.0,153.09
6460,2936,24,3,0.15,105.29
6461,2937,215,1,0.0,83.01
6462,2938,342,1,0.2,62.71
6463,2939,416,3,0.2,73.68
6464,2939,499,1,0.1,206.57
6465,2940,41,2,0.0,281.83
6466,2940,402,4,0.2,203.37
6467,2940,436,2,0.1,95.51
6468,2941,367,1,0.0,218.95
6469,2941,9,2,0.2,94.63
6470,2941,3,2,2.74,39.53
6471,2942,310,1,0.0,280.5
6472,2943,534,1,0.2,58.14
6473,2943,309,1,0.0,
6474,2943,224,2,0.0,365.72
6475,2944,375,2,0.0,308.7
6476,2945,265,1,0.15,30.14
6477,2945,8,1,0.05,47.99
6478,2946,509,4,0.05,60.6
6479,2946,319,4,0.0,133.73
6480,2947,106,4,0.0,192.11
6481,2947,51,1,0.2,17.99
6482,2948,473,2,0.0,
6483,2948,24,1,0.1,103.66
6484,2949,334,3,0.0,
6485,2949,455,1,0.2,79.92
6486,2949,214,4,0.2,170.05
6487,2949,226,1,0.1,243.8
6488,2949,501,2,0.15,
6489,2950,166,1,0.2,134.94
6490,2950,15,2,0.0,123.8
6491,2950,483,4,0.1,82.61
6492,2951,126,4,0.1,84.0
6493,2951,545,1,0.0,236.8
6494,2952,330,1,0.2,206.86
6495,2953,464,2,0.0,89.5
6496,2953,252,2,0.0,126.21
6497,2954,557,2,0.2,75.19
6498,2955,73,2,0.15,63.23
6499,2956,178,4,0.0,29.11
6500,2957,449,4,0.05,119.11
6501,2958,144,1,0.0,144.53
6502,2958,331,1,0.1,154.01
6503,2958,46,1,0.15,46.77
6504,2959,19,3,0.0,
6505,2959,476,2,0.0,200.07
6506,2959,20,3,0.0,202.54
6507,2960,143,4,0.1,118.21
6508,2960,88,1,0.0,148.23
6509,2960,528,4,0.2,275.73
6510,2960,549,2,0.15,55.3
6511,2961,143,2,0.0,115.56
6512,2962,323,2,0.1,56.09
6513,2962,288,2,0.15,359.21
6514,2962,553,4,0.0,221.6
6515,2963,225,2,0.0,83.13
6516,2963,23,1,0.0,91.99
6517,2963,152,1,0.15,193.78
6518,2964,154,4,0.1,143.97
6519,2965,8,1,0.0,47.35
6520,2965,328,1,0.0,95.03
6521,2966,298,2,0.0,282.82
6522,2966,511,1,0.1,177.68
6523,2966,504,1,0.15,
6524,2967,118,3,0.1,76.93
6525,2968,151,2,0.0,22.22
6526,2968,308,2,0.15,365.86
6527,2968,58,1,0.0,258.98
6528,2968,514,3,0.2,320.83
6529,2969,118,3,0.2,76.45
6530,2970,287,4,0.2,130.74
6531,2970,309,1,0.2,
6532,2970,364,1,0.05,60.1
6533,2970,30,4,0.0,16.98
6534,2971,510,2,0.0,191.19
6535,2972,330,1,0.05,214.43
6536,2972,192,2,0.0,249.82
6537,2972,248,1,0.2,
6538,2973,421,3,0.0,10.85
6539,2974,254,2,0.05,347.98
6540,2975,370,2,0.1,121.68
6541,2975,423,1,0.0,48.51
6542,2975,502,1,0.15,317.93
6543,2976,537,4,0.0,11.93
6544,2976,449,3,0.0,118.81
6545,2977,533,4,0.0,155.9
6546,2978,480,2,0.0,66.13
6547,2978,482,1,0.0,75.8
6548,2979,407,3,0.1,56.07
6549,2979,448,4,0.0,161.12
6550,2980,541,2,0.0,167.4
6551,2980,189,2,0.2,168.0
6552,2980,301,1,0.0,48.13
6553,2981,171,1,0.2,152.18
6554,2981,400,2,0.05,278.97
6555,2982,319,2,0.0,136.63
6556,2982,57,1,0.0,354.95
6557,2983,462,2,0.0,337.12
6558,2984,72,2,0.05,132.65
6559,2985,360,1,0.1,48.82
6560,2985,567,3,0.0,24.41
6561,2985,261,2,0.0,172.66
6562,2985,155,1,0.0,198.74
6563,2985,356,1,0.0,258.69
6564,2986,275,1,0.15,197.11
6565,2986,548,3,0.2,56.24
6566,2987,139,1,0.0,264.56
6567,2988,361,2,0.0,215.9
6568,2988,553,1,0.0,239.0
6569,2989,525,3,0.05,170.0
6570,2990,236,1,0.0,13.44
6571,2991,58,2,0.0,251.73
6572,2992,115,3,0.05,302.76
6573,2993,273,2,0.1,178.52
6574,2993,562,2,0.0,338.4
6575,2993,347,2,0.0,129.61
6576,2994,228,2,0.2,37.74
6577,2995,456,4,0.0,147.62
6578,2996,91,2,0.05,81.64
6579,2996,81,1,0.0,123.61
6580,2996,155,4,0.15,211.42
6581,2996,389,1,0.2,87.82
6582,2996,552,4,2.79,
6583,2997,211,2,0.05,308.98
6584,2998,488,4,0.0,13.39
6585,2998,181,1,0.0,137.6
6586,2999,117,1,0.05,177.01
6587,2999,356,3,0.0,254.41
6588,2999,320,1,0.0,80.47
6589,2999,479,2,0.0,109.98
6590,3000,291,1,0.0,199.82
6591,3000,553,2,0.1,222.88
6592,3000,11,2,0.05,134.69
6593,3001,296,1,0.1,51.79
6594,3002,53,2,0.0,224.91
6595,3002,319,2,0.0,137.11
6596,3002,484,2,0.2,183.53
6597,3003,444,1,0.2,164.66
6598,3004,152,1,0.15,180.21
6599,3004,481,1,0.0,32.97
6600,3005,541,4,0.1,177.48
6601,3005,510,2,0.1,193.21
6602,3006,300,1,0.05,44.5
6603,3006,169,2,0.0,
6604,3006,36,2,0.1,186.23
6605,3006,96,1,0.1,45.7
6606,3007,576,1,0.05,262.26
6607,3008,479,1,0.15,113.85
6608,3008,27,1,0.05,371.45
6609,3009,348,1,0.1,44.82
6610,3009,65,3,0.2,8.5
6611,3009,266,1,0.2,
6612,3010,550,1,0.05,223.04
6613,3011,253,2,0.1,
6614,3012,392,4,0.0,73.0
6615,3013,582,1,0.15,125.34
6616,3013,327,4,0.2,220.28
6617,3014,347,1,0.05,127.78
6618,3014,580,2,0.2,183.18
6619,3014,429,3,0.0,
6620,3014,137,2,0.0,349.56
6621,3015,490,4,0.0,166.66
6622,3016,131,1,0.0,263.34
6623,3016,496,2,0.0,282.53
6624,3017,493,1,0.0,234.67
6625,3018,537,4,0.0,11.74
6626,3019,55,1,0.2,49.33
6627,3020,186,2,0.05,23.69
6628,3021,571,1,0.15,232.3
6629,3021,116,2,0.2,
6630,3022,215,1,0.0,84.27
6631,3023,562,2,0.05,315.82
6632,3023,104,1,0.1,41.93
6633,3023,292,2,0.0,139.49
6634,3024,48,3,0.05,247.17
6635,3024,358,1,0.1,146.67
6636,3024,474,1,0.0,60.43
6637,3025,480,1,0.2,69.06
6638,3025,342,1,0.0,66.65
6639,3025,316,1,0.05,284.22
6640,3026,406,1,0.0,
6641,3026,540,1,0.0,93.47
6642,3026,492,2,0.05,26.68
6643,3027,519,2,0.15,126.93
6644,3027,297,4,0.15,51.59
6645,3027,103,2,0.05,125.5
6646,3028,168,2,0.0,13.27
6647,3028,125,1,0.1,372.37
6648,3029,250,1,0.05,397.65
6649,3029,76,3,0.0,219.65
6650,3029,217,4,0.2,133.44
6651,3030,408,2,0.05,276.06
6652,3030,191,4,0.0,45.85
6653,3030,570,2,0.0,158.5
6654,3031,410,2,0.05,20.87
6655,3032,312,2,0.15,113.8
6656,3033,66,4,0.2,110.02
6657,3033,541,2,0.1,163.35
6658,3034,540,1,0.2,98.4
6659,3035,138,3,0.2,159.46
6660,3036,171,3,0.0,146.69
6661,3037,453,1,0.15,176.33
6662,3037,204,1,0.2,75.34
6663,3038,10,4,0.2,113.73
6664,3038,442,2,0.0,8.68
6665,3038,276,3,0.0,199.36
6666,3039,393,1,0.0,77.73
6667,3040,224,4,0.0,344.81
6668,3040,574,4,0.0,284.73
6669,3040,187,2,0.2,38.93
6670,3040,261,1,0.15,163.06
6671,3041,20,4,0.2,196.93
6672,3042,238,4,0.1,219.7
6673,3042,52,1,0.05,98.76
6674,3043,318,2,0.15,36.97
6675,3043,176,2,0.0,206.98
6676,3044,544,1,0.1,139.89
6677,3044,591,1,0.0,260.84
6678,3044,496,1,0.15,286.87
6679,3045,513,1,0.0,276.21
6680,3045,443,2,0.2,182.52
6681,3046,87,2,0.15,123.94
6682,3046,324,1,0.05,217.27
6683,3046,130,1,0.0,128.14
6684,3047,503,2,0.0,273.6
6685,3048,173,1,0.0,142.45
6686,3049,154,1,0.0,147.18
6687,3049,137,1,0.05,344.77
6688,3049,383,1,0.0,17.11
6689,3049,60,2,0.05,279.03
6690,3050,62,4,0.15,70.9
6691,3051,429,4,0.0,17.28
6692,3051,81,1,0.05,130.21
6693,3051,530,2,0.0,162.63
6694,3052,483,1,0.0,79.26
6695,3052,240,2,0.2,311.3
6696,3053,448,1,0.2,162.32
6697,3053,296,1,0.0,50.68
6698,3054,383,2,0.0,16.45
6699,3055,252,1,0.05,123.82
6700,3055,524,4,0.0,50.02
6701,3056,201,1,0.0,46.94
6702,3056,460,2,0.1,167.78
6703,3056,186,2,0.05,24.55
6704,3057,475,1,0.0,278.16
6705,3057,49,1,0.05,148.57
6706,3058,217,4,0.1,137.91
6707,3058,164,3,0.15,182.72
6708,3058,256,2,0.1,182.38
6709,3059,405,2,0.1,101.71
6710,3059,226,3,0.0,243.37
6711,3060,586,1,0.0,248.51
6712,3061,5,4,0.05,206.53
6713,3062,350,3,0.1,
6714,3063,572,2,0.0,226.3
6715,3063,234,3,0.05,119.35
6716,3063,382,3,0.15,96.39
6717,3064,322,4,0.0,59.29
6718,3064,458,3,0.2,170.4
6719,3064,468,4,0.0,48.87
6720,3065,522,1,0.2,113.8
6721,3065,12,2,0.15,82.64
6722,3065,106,1,0.1,190.92
6723,3066,527,1,0.1,366.7
6724,3066,197,4,0.0,141.84
6725,3066,159,3,0.0,98.99
6726,3067,571,1,0.0,217.5
6727,3068,62,3,0.05,72.12
6728,3069,117,1,0.0,185.93
6729,3069,206,2,0.15,
6730,3070,305,2,0.15,183.98
6731,3070,506,1,0.1,99.25
6732,3071,258,3,0.0,13.49
6733,3072,417,1,0.05,38.48
6734,3072,143,3,0.1,123.29
6735,3072,384,1,0.05,312.44
6736,3072,228,2,0.2,39.27
6737,3073,523,1,0.1,297.06
6738,3073,512,2,0.0,379.95
6739,3073,283,4,0.0,122.02
6740,3073,316,2,0.0,287.67
6741,3074,340,2,0.2,
6742,3074,65,2,0.0,8.01
6743,3075,304,1,0.0,59.65
6744,3075,385,1,0.0,137.22
6745,3076,46,1,0.05,46.87
6746,3076,584,1,0.0,259.36
6747,3076,323,1,0.05,56.17
6748,3076,250,1,0.15,424.64
6749,3077,511,2,0.1,182.92
6750,3078,495,2,0.1,99.5
6751,3078,561,4,0.2,377.44
6752,3078,386,2,0.0,51.65
6753,3079,13,2,0.1,171.63
6754,3080,181,3,0.0,
6755,3080,226,2,0.0,249.38
6756,3081,87,2,0.2,125.2
6757,3081,10,2,0.0,119.65
6758,3081,112,2,0.2,30.49
6759,3082,232,2,0.15,243.82
6760,3082,340,4,0.15,371.26
6761,3082,366,4,0.0,65.86
6762,3082,104,3,0.15,41.57
6763,3082,593,1,0.05,49.32
6764,3083,144,4,0.0,147.92
6765,3083,439,2,0.0,236.11
6766,3083,531,4,0.0,380.81
6767,3084,238,1,0.0,221.5
6768,3084,107,4,0.0,162.37
6769,3085,171,2,0.2,145.92
6770,3085,589,1,0.1,167.53
6771,3085,84,1,0.0,78.72
6772,3085,550,3,0.15,215.98
6773,3086,211,1,0.0,307.04
6774,3086,537,1,0.0,11.93
6775,3086,586,1,0.2,269.34
6776,3086,258,1,0.1,12.88
6777,3087,51,3,0.15,17.06
6778,3088,380,1,0.2,330.24
6779,3088,17,2,0.1,35.53
6780,3089,238,3,0.0,219.15
6781,3090,424,1,0.2,45.02
6782,3090,356,1,0.15,241.36
6783,3090,218,1,0.0,37.76
6784,3091,122,3,0.0,255.16
6785,3091,345,2,0.2,192.7
6786,3092,427,3,0.0,90.6
6787,3093,20,1,0.15,195.28
6788,3094,145,1,0.2,94.31
6789,3094,551,1,0.1,30.7
6790,3095,305,1,0.0,178.42
6791,3095,110,3,0.0,259.79
6792,3096,134,1,0.05,235.83
6793,3096,31,1,0.0,100.17
6794,3097,153,2,0.2,305.96
6795,3097,159,4,0.0,96.47
6796,3097,23,1,0.2,92.79
6797,3098,16,2,0.0,
6798,3098,296,3,0.2,55.34
6799,3098,312,3,0.0,111.4
6800,3098,109,2,0.0,128.01
6801,3099,470,1,4.9,43.19
6802,3100,18,3,0.1,354.97
6803,3100,190,1,0.0,219.54
6804,3101,300,1,0.0,41.66
6805,3102,112,1,0.05,
6806,3103,239,3,0.2,29.65
6807,3103,582,1,0.15,125.92
6808,3104,181,4,0.15,142.51
6809,3104,498,1,0.2,78.38
6810,3105,213,1,0.2,25.34
6811,3105,483,2,0.05,84.07
6812,3105,298,3,0.0,
6813,3105,185,1,0.1,44.99
6814,3105,153,3,0.0,306.9
6815,3106,478,1,0.2,116.85
6816,3106,178,3,0.0,29.21
6817,3107,348,1,0.1,43.6
6818,3108,307,1,0.1,133.5
6819,3109,89,2,0.15,200.77
6820,3109,60,2,0.0,289.36
6821,3110,483,1,0.1,83.84
6822,3110,465,1,0.2,160.55
6823,3111,596,2,0.0,28.53
6824,3111,587,2,0.0,165.05
6825,3111,153,1,0.0,312.68
6826,3112,121,1,0.2,397.76
6827,3112,474,2,0.0,58.63
6828,3112,445,2,0.0,28.96
6829,3112,440,1,0.15,11.31
6830,3113,36,1,0.2,192.67
6831,3113,14,2,0.0,67.02
6832,3113,511,2,0.15,184.03
6833,3114,308,2,0.0,354.27
6834,3115,578,2,0.15,219.68
6835,3116,63,4,0.15,71.31
6836,3116,453,4,0.15,172.28
6837,3116,68,1,0.0,259.18
6838,3117,109,1,0.0,124.65
6839,3118,353,1,0.05,35.87
6840,3118,284,3,0.0,113.68
6841,3118,38,3,0.1,262.84
6842,3119,114,1,0.2,282.89
6843,3119,488,1,0.0,
6844,3120,455,1,0.1,78.44
6845,3121,559,3,0.0,43.73
6846,3121,137,3,0.05,341.3
6847,3122,552,1,0.0,
6848,3123,551,1,0.0,33.03
6849,3124,215,1,0.1,78.97
6850,3124,182,1,0.0,156.21
6851,3124,96,1,0.0,42.94
6852,3125,339,1,0.05,35.58
6853,3125,31,1,0.0,98.32
6854,3126,599,1,0.0,390.74
6855,3127,371,1,0.0,122.45
6856,3127,435,1,0.0,360.84
6857,3128,124,1,0.1,173.57
6858,3129,180,4,0.2,305.69
6859,3129,588,3,0.0,203.36
6860,3129,169,1,0.05,
6861,3129,387,4,0.0,39.35
6862,3130,472,1,0.15,244.4
6863,3131,234,3,0.0,113.97
6864,3132,519,1,0.15,128.8
6865,3132,155,2,0.15,199.11
6866,3133,417,2,0.15,36.51
6867,3134,309,1,0.15,
6868,3134,359,3,0.0,347.98
6869,3134,133,3,0.2,317.38
6870,3135,271,3,0.0,311.57
6871,3135,560,1,0.0,
6872,3135,594,2,0.05,148.61
6873,3135,454,1,0.0,219.42
6874,3136,113,4,0.0,71.4
6875,3136,444,4,0.05,161.5
6876,3137,250,3,0.0,395.15
6877,3137,140,2,0.0,270.62
6878,3137,308,2,0.0,360.42
6879,3137,215,1,0.0,83.49
6880,3138,8,4,0.0,46.83
6881,3138,342,4,0.05,63.03
6882,3138,590,1,0.2,250.76
6883,3138,578,2,0.2,220.77
6884,3139,424,3,0.0,45.38
6885,3140,430,2,0.05,117.99
6886,3141,325,2,0.2,231.96
6887,3141,537,2,0.1,11.81
6888,3141,278,1,0.0,249.1
6889,3141,145,1,0.1,94.25
6890,3142,449,2,0.1,120.79
6891,3143,1,4,0.2,153.58
6892,3144,348,1,0.2,41.93
6893,3144,490,1,0.05,163.42
6894,3144,445,1,0.2,28.53
6895,3144,522,4,0.15,110.73
6896,3145,524,1,0.0,51.08
6897,3145,166,1,0.0,134.96
6898,3146,584,1,0.0,265.23
6899,3146,390,4,0.0,242.17
6900,3147,67,1,0.15,35.44
6901,3148,372,1,0.15,241.7
6902,3149,436,3,0.0,96.92
6903,3150,422,2,0.0,80.18
6904,3150,388,1,0.0,182.73
6905,3151,578,2,0.1,230.09
6906,3152,58,2,0.1,260.23
6907,3152,10,3,0.0,119.74
6908,3152,440,2,0.0,11.95
6909,3152,38,2,0.05,256.62
6910,3152,199,3,0.15,261.69
6911,3153,556,1,0.0,200.84
6912,3153,271,2,0.0,302.06
6913,3153,74,4,0.05,183.49
6914,3153,205,3,0.0,192.3
6915,3154,486,2,0.2,278.17
6916,3155,1,1,0.2,151.65
6917,3155,353,4,0.0,33.83
6918,3156,393,4,0.0,82.86
6919,3157,229,1,0.2,9.62
6920,3157,288,2,0.1,356.08
6921,3157,358,3,0.0,139.84
6922,3158,27,3,0.15,354.75
6923,3158,484,3,0.05,182.27
6924,3159,41,2,0.0,285.25
6925,3159,128,2,0.0,60.24
6926,3160,492,1,0.0,25.58
6927,3160,82,4,0.05,193.15
6928,3161,120,2,0.0,146.98
6929,3161,375,1,0.0,302.47
6930,3161,337,1,0.2,31.7
6931,3162,80,3,0.15,93.65
6932,3162,235,1,0.0,96.4
6933,3163,588,4,0.05,206.3
6934,3163,305,4,0.0,177.91
6935,3163,174,3,0.15,138.05
6936,3163,356,1,0.2,249.31
6937,3164,574,1,0.2,272.16
6938,3164,160,1,0.0,43.57
6939,3165,490,2,0.05,158.86
6940,3165,141,3,0.05,239.85
6941,3165,348,4,0.05,45.5
6942,3165,117,2,0.0,181.01
6943,3165,555,3,0.0,168.8
6944,3166,547,3,0.0,187.72
6945,3167,497,1,0.0,90.81
6946,3167,313,2,0.1,178.35
6947,3167,218,1,0.0,34.47
6948,3167,539,1,0.0,133.31
6949,3168,209,1,0.0,82.72
6950,3168,513,1,0.0,292.46
6951,3168,386,2,0.1,49.99
6952,3169,541,3,0.2,178.49
6953,3169,471,4,0.0,93.69
6954,3169,229,3,0.2,9.56
6955,3169,545,2,0.0,257.08
6956,3169,419,1,0.05,255.8
6957,3170,475,2,0.1,294.9
6958,3171,39,3,0.0,160.91
6959,3171,43,4,0.15,87.4
6960,3171,152,3,0.15,193.72
6961,3172,215,4,0.1,83.39
6962,3172,527,1,0.2,345.51
6963,3173,559,2,0.2,42.43
6964,3174,475,1,0.2,298.7
6965,3174,165,2,0.0,105.79
6966,3174,468,3,0.2,50.12
6967,3174,292,2,0.15,138.92
6968,3174,223,1,0.2,321.66
6969,3175,292,2,0.1,138.19
6970,3175,357,4,0.0,143.33
6971,3175,59,2,0.2,184.57
6972,3175,201,1,0.15,47.98
6973,3176,183,4,0.0,275.35
6974,3176,520,2,0.0,21.69
6975,3176,463,4,0.2,86.93
6976,3176,33,1,0.2,94.71
6977,3176,57,1,0.2,336.75
6978,3177,548,2,0.2,56.1
6979,3177,430,1,0.0,119.92
6980,3177,440,1,0.2,11.26
6981,3177,8,1,0.0,46.01
6982,3177,458,1,0.0,156.66
6983,3178,356,1,0.05,262.47
6984,3178,276,1,0.0,212.48
6985,3178,131,4,0.0,257.36
6986,3179,321,3,0.0,10.27
6987,3179,65,1,0.0,7.95
6988,3179,583,4,0.2,64.75
6989,3179,274,2,0.0,
6990,3180,221,1,0.0,44.02
6991,3180,263,1,0.15,244.15
6992,3180,176,1,0.0,191.22
6993,3181,568,2,0.2,149.08
6994,3182,54,2,0.2,154.36
6995,3183,250,1,0.0,401.24
6996,3184,163,4,0.0,352.83
6997,3184,83,2,0.1,41.36
6998,3185,414,2,0.05,97.8
6999,3185,434,1,0.0,38.64
7000,3186,15,3,0.05,121.11
7001,3186,43,1,0.15,82.77
7002,3186,83,1,0.1,43.3
7003,3187,531,4,0.0,357.35
7004,3187,104,1,0.0,39.82
7005,3187,152,2,0.2,178.45
7006,3187,257,3,0.0,347.65
7007,3188,72,1,0.05,138.42
7008,3188,195,1,0.0,275.08
7009,3189,126,2,0.0,87.92
7010,3189,490,1,0.0,169.29
7011,3190,466,1,0.0,58.87
7012,3190,485,2,0.0,179.52
7013,3190,143,4,0.1,115.75
7014,3190,547,2,0.2,182.86
7015,3190,32,1,0.1,219.18
7016,3191,407,1,0.1,56.05
7017,3191,284,1,0.0,118.22
7018,3192,202,1,0.0,198.78
7019,3192,333,1,0.05,28.1
7020,3193,585,1,0.0,6.6
7021,3194,309,1,0.0,
7022,3194,266,4,0.1,332.06
7023,3195,518,1,0.2,35.22
7024,3196,265,3,0.2,30.67
7025,3197,538,1,0.0,276.31
7026,3197,61,1,0.0,326.76
7027,3198,32,1,0.0,238.3
7028,3198,592,2,0.1,248.15
7029,3199,362,2,0.1,29.64
7030,3199,502,1,0.1,310.13
7031,3199,78,1,0.15,236.01
7032,3199,369,1,0.0,159.15
7033,3199,464,2,0.05,93.15
7034,3200,598,1,0.15,26.48
7035,3200,76,1,0.2,219.85
7036,3201,562,2,0.1,311.35
7037,3202,100,4,0.05,327.65
7038,3202,560,4,0.2,
7039,3203,421,1,0.15,11.45
7040,3203,103,3,0.1,127.1
7041,3204,417,1,0.05,38.61
7042,3204,98,4,0.1,95.34
7043,3204,66,1,0.2,100.27
7044,3204,194,1,0.0,66.18
7045,3205,170,4,0.05,106.7
7046,3205,417,2,0.2,38.64
7047,3206,394,2,0.0,
7048,3206,183,2,0.2,275.66
7049,3207,348,2,0.1,44.34
7050,3207,48,1,0.0,227.85
7051,3208,458,3,0.0,169.36
7052,3209,486,1,0.15,271.84
7053,3209,65,1,0.1,
7054,3210,27,2,0.0,384.58
7055,3211,493,3,0.0,230.63
7056,3211,251,3,0.2,221.31
7057,3211,420,3,0.0,189.1
7058,3211,282,3,0.0,
7059,3211,245,1,0.2,373.65
7060,3212,164,2,0.2,181.09
7061,3212,249,1,0.15,121.52
7062,3213,247,2,0.2,66.96
7063,3213,367,1,0.0,
7064,3213,20,1,0.15,209.49
7065,3214,419,1,0.0,260.03
7066,3215,266,4,0.2,326.15
7067,3215,345,1,0.2,174.54
7068,3216,229,1,0.05,8.96
7069,3216,456,2,0.0,152.29
7070,3216,479,3,0.2,112.88
7071,3216,64,1,0.0,309.2
7072,3217,500,2,0.1,280.29
7073,3217,169,1,0.0,
7074,3217,271,2,0.15,301.3
7075,3217,132,1,0.0,46.6
7076,3218,452,4,0.05,66.05
7077,3219,12,2,0.0,80.94
7078,3219,513,2,0.15,278.78
7079,3219,526,2,0.2,279.45
7080,3219,489,2,0.0,126.08
7081,3219,14,1,0.15,64.03
7082,3220,153,2,0.2,295.92
7083,3221,228,4,0.15,40.0
7084,3221,54,4,0.0,152.44
7085,3221,13,2,0.15,172.95
7086,3222,257,1,0.0,353.49
7087,3223,323,3,0.1,51.81
7088,3224,503,2,0.2,273.84
7089,3225,394,3,0.2,
7090,3225,556,2,0.0,206.55
7091,3225,274,2,0.2,45.85
7092,3226,461,1,0.15,262.56
7093,3226,51,2,0.2,17.32
7094,3227,391,1,0.1,226.55
7095,3227,74,2,0.2,195.08
7096,3228,307,2,0.2,130.08
7097,3228,342,4,0.15,66.72
7098,3228,149,2,0.2,180.42
7099,3228,16,3,0.2,
7100,3229,234,2,0.0,115.87
7101,3230,445,1,0.15,
7102,3231,30,2,0.1,16.89
7103,3232,224,4,0.1,356.86
7104,3232,13,4,0.05,179.53
7105,3232,609,2,0.1,
7106,3233,436,2,0.15,99.38
7107,3234,228,3,0.15,40.03
7108,3234,523,1,0.1,285.82
7109,3234,494,2,0.1,209.07
7110,3234,51,2,0.0,18.04
7111,3234,585,2,0.2,6.58
7112,3235,155,2,0.0,210.04
7113,3235,299,2,0.0,152.05
7114,3235,402,4,0.1,202.58
7115,3235,415,2,0.2,218.45
7116,3236,471,1,0.0,96.69
7117,3237,274,2,0.0,43.47
7118,3237,180,1,0.15,314.36
7119,3238,86,3,0.1,135.57
7120,3238,287,4,0.1,133.99
7121,3238,453,1,0.0,175.65
7122,3239,102,3,0.05,71.82
7123,3239,535,3,0.0,
7124,3239,105,3,0.1,5.62
7125,3240,579,3,0.15,72.0
7126,3240,235,3,0.0,99.86
7127,3240,156,1,0.0,95.27
7128,3240,370,1,0.2,120.38
7129,3241,305,1,0.1,184.61
7130,3242,534,1,0.0,57.84
7131,3243,315,2,0.0,14.52
7132,3244,227,2,0.15,
7133,3244,344,1,0.0,156.72
7134,3245,66,3,0.0,108.78
7135,3246,186,1,0.1,24.65
7136,3246,438,1,0.0,10.57
7137,3246,377,4,0.1,177.21
7138,3246,309,4,0.0,
7139,3246,191,0,0.0,48.58
7140,3247,338,4,0.15,170.48
7141,3247,43,4,0.05,83.33
7142,3248,63,1,0.0,71.41
7143,3248,327,3,0.05,221.98
7144,3249,46,1,0.0,46.74
7145,3249,63,1,0.0,68.59
7146,3250,345,2,0.15,176.07
7147,3250,439,3,0.05,251.04
7148,3251,61,1,0.15,308.24
7149,3252,227,1,0.05,
7150,3253,208,2,0.15,184.68
7151,3253,321,1,0.05,10.37
7152,3253,4,2,0.2,
7153,3253,388,1,0.05,174.72
7154,3254,495,1,0.0,100.31
7155,3254,53,2,0.0,226.32
7156,3254,392,2,0.0,70.42
7157,3255,317,4,0.0,166.64
7158,3256,88,2,0.0,150.18
7159,3256,191,2,0.15,49.33
7160,3257,463,1,0.0,91.65
7161,3258,235,2,0.05,101.21
7162,3258,386,1,0.05,50.69
7163,3259,28,1,0.2,240.31
7164,3260,273,4,0.1,173.04
7165,3260,187,1,0.0,37.48
7166,3260,570,1,0.0,164.85
7167,3260,134,1,0.05,252.56
7168,3261,121,2,0.15,376.84
7169,3261,92,1,0.1,364.68
7170,3261,82,4,0.1,205.86
7171,3262,147,1,0.1,225.04
7172,3263,222,1,0.05,110.11
7173,3263,273,1,0.2,177.56
7174,3263,318,2,0.0,35.94
7175,3264,525,1,0.0,170.88
7176,3264,514,2,0.0,329.69
7177,3264,529,1,0.1,214.5
7178,3264,1,4,0.0,
7179,3264,70,4,0.05,156.79
7180,3265,213,1,0.15,24.05
7181,3265,224,4,0.1,342.1
7182,3266,508,2,0.15,281.86
7183,3266,265,2,0.15,30.31
7184,3266,133,2,0.0,325.95
7185,3267,487,1,0.0,171.81
7186,3267,20,4,0.1,209.16
7187,3267,493,1,0.2,217.62
7188,3268,308,2,0.05,369.54
7189,3268,58,3,0.0,259.82
7190,3269,583,3,0.15,70.07
7191,3269,500,2,0.1,288.51
7192,3269,223,1,0.15,340.27
7193,3270,393,4,0.2,77.03
7194,3270,250,4,0.1,409.96
7195,3270,403,3,0.2,160.23
7196,3271,127,3,0.0,222.64
7197,3271,279,3,0.0,30.18
7198,3272,497,2,0.05,98.19
7199,3272,372,1,0.15,229.78
7200,3272,406,2,0.0,
7201,3273,74,1,0.0,182.75
7202,3273,593,1,0.05,48.11
7203,3274,593,3,0.1,49.44
7204,3274,468,2,0.0,46.55
7205,3275,31,1,0.0,103.74
7206,3276,420,1,0.0,203.44
7207,3277,47,1,0.0,252.58
7208,3277,143,3,0.0,124.94
7209,3277,593,1,0.0,48.57
7210,3278,380,1,0.05,318.1
7211,3278,103,3,0.15,125.36
7212,3278,329,4,0.15,79.05
7213,3279,132,4,0.2,50.78
7214,3279,52,2,0.0,106.41
7215,3280,586,1,0.0,270.25
7216,3280,285,2,0.0,259.17
7217,3280,57,2,0.2,334.15
7218,3280,124,1,0.05,172.47
7219,3281,32,1,0.1,222.42
7220,3281,169,2,0.05,
7221,3282,61,1,0.2,308.56
7222,3282,492,1,0.1,27.03
7223,3282,535,1,0.0,
7224,3282,504,1,0.0,
7225,3283,201,1,0.0,46.99
7226,3283,224,1,0.2,357.36
7227,3284,455,1,0.0,80.57
7228,3284,265,1,0.0,29.47
7229,3285,381,1,0.2,42.82
7230,3285,37,0,0.0,9.97
7231,3286,543,1,0.2,278.91
7232,3287,572,2,0.0,222.48
7233,3287,551,1,0.0,32.34
7234,3288,17,1,0.15,35.16
7235,3288,276,3,0.2,203.49
7236,3288,227,3,0.05,
7237,3288,69,1,0.2,179.47
7238,3289,78,4,0.0,246.58
7239,3290,121,4,0.1,
7240,3291,30,1,0.1,17.09
7241,3291,207,2,0.15,304.17
7242,3291,202,1,0.1,205.62
7243,3292,549,1,0.1,55.37
7244,3293,315,2,0.1,14.65
7245,3293,380,2,0.1,331.54
7246,3293,252,2,0.05,122.66
7247,3294,43,2,0.05,85.78
7248,3294,243,1,0.2,239.01
7249,3295,83,1,0.0,42.53
7250,3296,256,1,0.0,184.8
7251,3296,81,2,0.15,130.79
7252,3296,60,3,0.15,278.24
7253,3297,513,1,0.0,280.4
7254,3297,118,3,0.0,74.41
7255,3298,545,4,0.2,233.66
7256,3298,317,2,0.0,171.39
7257,3298,249,3,0.2,121.96
7258,3298,397,2,0.05,
7259,3299,395,2,0.1,193.95
7260,3300,326,1,0.0,31.73
7261,3300,181,4,0.15,140.63
7262,3301,45,1,0.05,278.03
7263,3301,354,1,0.15,125.43
7264,3302,343,3,0.1,312.16
7265,3302,562,3,0.1,320.45
7266,3302,61,4,0.0,314.06
7267,3302,62,2,0.0,76.46
7268,3302,421,3,0.0,11.01
7269,3303,519,1,0.2,125.72
7270,3304,223,1,0.0,336.98
7271,3304,383,1,0.0,16.79
7272,3305,136,2,0.0,303.25
7273,3305,126,3,0.2,
7274,3305,63,1,0.1,72.43
7275,3306,587,3,0.0,166.93
7276,3307,466,2,0.0,60.52
7277,3307,323,4,0.2,52.87
7278,3308,71,-1,0.1,238.34
7279,3308,102,1,0.05,
7280,3309,302,3,0.2,42.56
7281,3310,344,3,0.0,143.52
7282,3310,9,1,0.15,102.13
7283,3311,587,1,0.15,159.27
7284,3311,520,2,0.05,21.29
7285,3312,109,2,0.15,122.8
7286,3312,201,1,0.15,50.04
7287,3312,53,1,0.05,227.07
7288,3312,113,3,0.05,73.36
7289,3313,173,4,0.05,132.53
7290,3314,423,3,0.1,47.05
7291,3315,15,2,0.05,117.42
7292,3315,421,1,0.05,10.78
7293,3316,34,1,0.0,58.51
7294,3316,264,1,0.1,109.72
7295,3316,21,2,0.15,41.66
7296,3316,313,1,0.0,168.19
7297,3317,225,1,0.05,82.45
7298,3317,334,4,0.0,
7299,3318,106,1,0.1,198.14
7300,3318,343,1,0.2,311.68
7301,3319,457,1,0.05,186.92
7302,3319,551,3,0.0,30.77
7303,3319,582,1,0.2,131.91
7304,3319,57,4,0.05,359.69
7305,3320,331,1,0.2,148.55
7306,3321,557,3,0.2,76.19
7307,3322,493,3,0.0,235.33
7308,3323,552,1,0.15,
7309,3323,335,2,0.1,51.37
7310,3323,507,2,0.0,190.27
7311,3324,426,2,0.1,
7312,3324,470,2,4.65,43.09
7313,3325,367,4,0.2,214.13
7314,3325,213,1,0.15,24.28
7315,3326,529,1,0.0,218.58
7316,3327,118,2,0.05,75.05
7317,3328,216,2,0.0,60.18
7318,3328,565,2,0.05,102.44
7319,3329,520,1,0.0,22.56
7320,3329,314,2,0.0,176.2
7321,3330,132,4,0.05,48.39
7322,3330,202,1,0.0,203.32
7323,3330,584,1,0.0,256.25
7324,3330,256,4,0.0,187.38
7325,3331,88,1,0.15,156.5
7326,3332,497,1,0.0,95.94
7327,3332,93,1,0.0,91.74
7328,3332,151,4,0.05,22.89
7329,3333,152,2,0.0,178.72
7330,3333,433,1,0.05,132.95
7331,3333,599,1,0.0,411.73
7332,3333,483,2,0.0,86.51
7333,3333,244,4,0.05,16.78
7334,3334,269,2,0.2,208.55
7335,3335,176,4,0.0,205.86
7336,3336,49,2,0.2,159.14
7337,3336,340,2,0.0,364.97
7338,3336,154,1,0.0,146.03
7339,3336,35,1,0.15,40.59
7340,3337,542,2,0.0,169.23
7341,3338,261,1,0.0,161.26
7342,3338,367,3,0.0,218.82
7343,3338,532,1,0.0,214.95
7344,3338,9,2,0.2,100.93
7345,3338,438,1,0.0,10.23
7346,3339,133,4,0.1,333.86
7347,3340,183,3,0.1,276.79
7348,3340,406,3,0.1,
7349,3340,473,1,0.15,
7350,3340,239,4,0.05,30.1
7351,3341,493,1,0.05,226.46
7352,3341,447,4,0.0,228.41
7353,3342,485,1,0.0,178.85
7354,3343,552,4,0.2,
7355,3343,206,2,0.0,135.84
7356,3343,246,1,0.05,154.92
7357,3343,240,3,0.0,312.59
7358,3344,35,2,0.0,38.53
7359,3344,90,2,0.15,216.05
7360,3345,95,4,0.05,134.16
7361,3346,396,3,0.05,56.12
7362,3347,343,1,0.0,290.39
7363,3348,166,2,0.1,130.82
7364,3348,337,2,0.0,31.51
7365,3349,303,3,0.15,39.72
7366,3349,283,2,0.05,115.3
7367,3350,249,1,0.2,131.34
7368,3351,228,1,0.0,38.48
7369,3351,556,4,0.05,197.63
7370,3351,37,3,0.0,9.74
7371,3352,467,2,0.1,306.66
7372,3352,243,1,0.05,237.1
7373,3353,241,4,0.2,215.9
7374,3354,339,1,0.15,37.57
7375,3354,11,2,0.2,135.45
7376,3355,362,1,0.0,31.56
7377,3356,312,3,0.05,116.74
7378,3356,195,2,0.1,293.51
7379,3356,183,3,0.15,257.01
7380,3356,135,1,0.1,
7381,3357,174,1,0.0,136.39
7382,3358,479,1,0.0,111.9
7383,3358,459,2,0.2,131.9
7384,3358,172,3,0.0,53.98
7385,3359,573,1,0.2,111.04
7386,3359,167,3,0.2,7.19
7387,3359,509,2,0.0,66.53
7388,3359,358,1,0.0,141.5
7389,3360,404,2,0.0,392.58
7390,3360,578,1,0.15,232.26
7391,3361,342,3,0.15,67.59
7392,3361,412,1,0.0,96.22
7393,3362,232,1,0.0,241.27
7394,3362,300,1,0.05,
7395,3363,229,1,0.0,9.28
7396,3363,451,4,0.0,
7397,3363,42,1,0.05,72.57
7398,3363,377,2,0.0,170.27
7399,3363,483,1,0.15,81.85
7400,3364,535,1,0.0,
7401,3364,116,1,0.0,251.64
7402,3364,318,1,0.2,36.62
7403,3365,159,1,0.05,95.81
7404,3366,512,2,0.1,386.11
7405,3366,276,1,0.0,202.12
7406,3367,502,4,0.15,330.52
7407,3367,144,4,0.05,150.13
7408,3367,324,2,0.15,207.91
7409,3368,188,1,0.0,24.75
7410,3368,586,4,0.15,253.22
7411,3368,519,2,0.0,120.93
7412,3369,546,1,0.05,333.41
7413,3370,177,1,0.0,155.55
7414,3371,395,4,0.0,188.31
7415,3372,96,3,0.2,43.47
7416,3373,574,4,0.2,272.98
7417,3374,333,2,0.05,27.97
7418,3374,325,1,0.2,242.91
7419,3374,25,1,0.05,130.13
7420,3375,91,2,0.0,80.32
7421,3375,148,3,0.1,43.24
7422,3376,128,1,0.2,60.52
7423,3376,108,1,0.0,177.41
7424,3376,555,3,0.0,158.57
7425,3376,515,3,0.1,132.37
7426,3377,15,4,0.0,126.81
7427,3377,120,1,0.15,148.95
7428,3377,12,3,0.0,86.28
7429,3377,51,1,0.05,17.73
7430,3378,505,2,0.2,84.71
7431,3378,394,1,0.05,
7432,3378,291,2,0.0,198.98
7433,3379,189,1,0.2,171.72
7434,3379,446,2,0.05,269.08
7435,3380,519,1,0.0,127.5
7436,3380,327,2,0.0,222.46
7437,3380,89,4,0.2,194.54
7438,3381,205,4,0.05,197.25
7439,3382,462,2,0.0,350.56
7440,3382,51,1,0.0,16.62
7441,3383,542,2,0.0,164.89
7442,3384,99,4,0.2,278.97
7443,3384,251,1,0.0,222.27
7444,3384,389,1,0.0,90.44
7445,3384,479,3,0.05,107.95
7446,3384,426,4,0.05,
7447,3385,161,1,0.05,193.92
7448,3386,22,3,0.1,22.31
7449,3386,252,1,0.15,122.95
7450,3386,56,1,0.0,
7451,3386,387,2,0.05,42.6
7452,3387,134,1,0.2,246.09
7453,3387,609,2,0.15,
7454,3387,47,3,0.05,250.02
7455,3388,121,2,0.0,395.26
7456,3389,443,1,0.0,185.9
7457,3389,203,2,0.1,129.51
7458,3389,119,1,0.1,60.26
7459,3389,117,2,0.0,184.71
7460,3390,383,3,0.1,16.94
7461,3391,377,2,0.0,168.64
7462,3391,474,1,0.2,63.26
7463,3391,286,3,0.0,198.11
7464,3392,133,2,0.1,313.22
7465,3392,506,1,0.0,99.09
7466,3392,475,3,0.1,302.01
7467,3393,210,3,0.0,253.55
7468,3394,116,2,0.05,239.3
7469,3394,564,1,0.15,29.58
7470,3395,109,4,0.0,120.11
7471,3395,347,4,0.2,133.63
7472,3396,521,1,0.0,207.52
7473,3397,43,4,0.0,90.91
7474,3397,51,3,0.2,16.48
7475,3397,226,2,0.0,239.38
7476,3397,541,4,0.0,173.07
7477,3398,482,2,0.2,71.89
7478,3398,610,2,0.15,
7479,3399,278,3,3.23,256.85
7480,3399,275,1,0.1,191.6
7481,3400,317,3,0.05,171.55
7482,3400,592,3,0.2,266.13
7483,3400,581,2,0.0,183.31
7484,3401,59,2,0.2,189.7
7485,3401,486,2,0.0,277.91
7486,3401,322,3,0.2,59.85
7487,3401,252,3,0.0,119.75
7488,3402,276,3,0.0,207.43
7489,3403,451,1,0.2,43.32
7490,3403,229,1,0.2,9.81
7491,3403,565,1,0.05,95.56
7492,3403,582,2,0.1,124.74
7493,3403,248,1,0.2,
7494,3404,87,3,0.0,130.2
7495,3405,38,3,0.15,244.64
7496,3405,106,2,0.2,203.95
7497,3406,288,3,0.2,346.6
7498,3407,130,1,0.1,130.85
7499,3408,208,4,0.0,184.48
7500,3408,162,1,0.2,172.32
7501,3408,366,1,0.05,69.81
7502,3409,415,1,0.15,222.89
7503,3409,127,4,0.0,227.74
7504,3410,58,2,0.0,257.81
7505,3410,484,3,0.1,
7506,3410,339,3,0.1,36.31
7507,3410,154,1,0.0,143.87
7508,3411,518,2,0.05,35.02
7509,3411,108,3,0.15,180.13
7510,3412,304,1,0.0,60.18
7511,3412,510,1,0.1,190.74
7512,3413,24,2,0.15,104.21
7513,3413,111,3,0.0,209.54
7514,3414,62,3,0.15,72.05
7515,3414,449,4,0.15,117.51
7516,3414,540,1,0.0,91.57
7517,3414,515,1,0.15,130.84
7518,3415,53,2,0.1,225.43
7519,3416,267,1,0.05,311.96
7520,3416,245,4,0.0,366.93
7521,3417,356,1,0.1,241.0
7522,3418,245,2,0.0,
7523,3418,442,2,0.15,8.48
7524,3419,374,4,0.0,121.49
7525,3420,433,1,0.05,137.27
7526,3421,407,1,0.2,58.47
7527,3422,497,2,0.0,95.52
7528,3422,115,1,0.0,295.24
7529,3422,201,1,0.0,47.78
7530,3422,23,2,0.0,97.35
7531,3423,166,1,0.0,136.72
7532,3424,536,1,0.15,75.65
7533,3425,482,1,0.05,70.73
7534,3425,49,2,0.0,161.19
7535,3425,220,1,0.0,158.82
7536,3425,416,1,0.0,72.83
7537,3426,504,1,0.0,
7538,3426,346,2,0.0,98.4
7539,3427,388,1,0.2,191.93
7540,3428,476,2,0.0,213.79
7541,3428,374,1,0.0,120.39
7542,3428,278,3,0.0,240.98
7543,3428,577,1,0.0,256.2
7544,3429,506,1,0.0,103.18
7545,3429,198,2,0.05,143.99
7546,3430,196,4,0.0,277.0
7547,3430,594,1,0.1,147.17
7548,3430,275,1,0.15,200.57
7549,3430,508,3,0.15,272.75
7550,3430,227,1,0.0,
7551,3431,93,1,0.2,93.38
7552,3431,598,3,0.1,25.25
7553,3431,536,1,0.15,76.34
7554,3432,136,2,0.2,312.69
7555,3432,453,1,0.2,166.42
7556,3433,494,3,0.05,205.59
7557,3433,196,4,0.05,272.15
7558,3433,18,4,0.15,375.54
7559,3433,155,1,0.2,211.01
7560,3434,286,3,0.0,190.81
7561,3435,198,1,0.0,137.51
7562,3436,588,3,0.0,208.01
7563,3437,574,1,0.1,274.2
7564,3437,524,1,0.05,51.91
7565,3437,142,3,0.15,82.65
7566,3438,552,1,0.0,
7567,3438,293,4,0.2,151.99
7568,3439,341,4,0.0,
7569,3439,318,1,0.0,37.62
7570,3439,485,2,0.05,174.19
7571,3440,521,2,0.15,213.03
7572,3440,491,1,0.1,133.71
7573,3441,128,1,0.05,62.17
7574,3442,558,3,0.1,197.57
7575,3443,364,2,0.2,58.82
7576,3443,32,1,0.0,223.77
7577,3443,224,3,0.0,347.35
7578,3443,209,1,0.0,83.13
7579,3443,261,1,0.2,163.12
7580,3444,223,1,0.0,322.32
7581,3445,569,1,0.2,257.98
7582,3446,265,1,0.1,28.4
7583,3446,513,1,0.0,285.28
7584,3446,415,1,0.15,224.02
7585,3447,66,2,0.2,107.19
7586,3447,262,3,0.15,374.37
7587,3448,7,3,0.0,203.35
7588,3448,283,2,0.0,118.86
7589,3448,81,3,0.05,125.03
7590,3449,461,2,0.1,269.48
7591,3450,182,2,0.0,
7592,3451,126,1,0.0,84.78
7593,3451,469,1,0.2,15.54
7594,3452,510,1,0.0,192.51
7595,3452,231,1,0.0,46.55
7596,3453,285,1,0.1,238.21
7597,3453,383,1,0.05,16.79
7598,3453,486,1,0.0,260.96
7599,3454,600,1,0.0,165.9
7600,3454,307,1,0.0,131.67
7601,3455,441,4,0.1,85.79
7602,3455,530,4,0.0,163.56
7603,3455,539,1,0.0,141.08
7604,3455,64,1,0.1,314.98
7605,3456,156,2,0.1,92.43
7606,3456,366,1,0.0,66.66
7607,3456,454,3,0.1,224.28
7608,3456,152,1,0.0,185.13
7609,3457,112,1,0.0,29.63
7610,3457,193,2,0.0,270.16
7611,3458,543,2,0.0,278.15
7612,3458,144,1,0.0,154.42
7613,3458,310,2,0.0,301.12
7614,3459,448,1,0.1,165.91
7615,3459,305,1,0.0,185.57
7616,3459,89,2,0.05,203.95
7617,3460,174,4,0.0,126.17
7618,3461,190,2,0.2,211.29
7619,3461,176,1,0.0,191.94
7620,3461,253,1,0.0,
7621,3462,232,2,0.05,249.06
7622,3462,358,1,0.0,147.74
7623,3463,460,2,0.1,167.59
7624,3464,32,1,0.1,234.95
7625,3464,181,4,0.1,139.93
7626,3464,82,1,0.05,194.93
7627,3465,99,1,0.0,293.64
7628,3465,219,1,0.0,36.24
7629,3465,25,4,0.0,126.16
7630,3466,184,1,0.15,370.69
7631,3466,494,2,0.0,208.82
7632,3466,306,2,0.0,21.58
7633,3466,165,1,0.0,113.05
7634,3467,136,1,0.15,310.62
7635,3467,202,1,0.05,
7636,3467,84,1,0.0,77.94
7637,3468,389,2,0.0,85.19
7638,3468,88,1,0.1,155.07
7639,3468,483,1,0.0,84.08
7640,3468,312,4,0.2,114.81
7641,3469,322,1,0.05,63.6
7642,3469,401,2,0.05,167.8
7643,3470,427,1,0.0,87.48
7644,3471,337,4,0.0,32.23
7645,3471,38,1,0.05,262.43
7646,3472,518,4,0.05,34.88
7647,3472,481,2,0.05,32.23
7648,3472,520,4,0.0,21.32
7649,3472,70,1,0.05,155.56
7650,3472,199,1,0.0,249.78
7651,3473,60,4,0.15,293.52
7652,3473,561,2,0.0,353.35
7653,3474,213,2,0.0,23.18
7654,3474,355,3,0.05,94.16
7655,3474,553,2,0.0,225.45
7656,3474,332,1,0.1,145.55
7657,3475,135,1,0.0,92.56
7658,3475,17,2,0.0,32.99
7659,3475,458,1,0.1,
7660,3475,95,1,0.0,139.61
7661,3476,193,4,0.1,285.48
7662,3476,34,2,0.1,59.56
7663,3476,512,1,0.0,380.19
7664,3477,80,1,0.0,90.34
7665,3477,217,2,0.0,141.52
7666,3477,443,2,0.05,193.31
7667,3478,465,4,0.15,156.82
7668,3478,326,1,0.0,34.69
7669,3478,377,3,0.0,176.4
7670,3479,260,2,0.1,215.46
7671,3479,262,3,0.15,373.23
7672,3479,226,1,0.1,254.44
7673,3479,307,1,0.0,129.63
7674,3480,124,3,0.0,178.67
7675,3481,74,1,0.0,193.04
7676,3481,148,2,0.0,46.6
7677,3482,456,3,0.2,160.09
7678,3482,269,2,0.0,205.63
7679,3483,540,1,0.0,96.86
7680,3483,396,2,0.05,
7681,3484,366,2,0.05,69.96
7682,3484,66,4,0.0,106.5
7683,3484,336,2,0.2,73.21
7684,3485,226,3,0.2,258.51
7685,3486,450,2,0.0,7.05
7686,3486,124,1,0.0,174.28
7687,3487,276,1,0.2,213.79
7688,3488,346,4,0.0,
7689,3488,262,1,0.0,374.56
7690,3488,542,2,0.05,173.25
7691,3489,90,2,0.15,213.7
7692,3490,385,4,0.05,133.87
7693,3490,176,1,0.2,197.11
7694,3491,498,1,0.1,84.32
7695,3491,63,2,0.0,69.92
7696,3492,377,1,0.15,171.55
7697,3492,232,1,0.0,238.9
7698,3492,391,3,0.2,216.52
7699,3492,231,1,0.0,45.45
7700,3493,199,1,0.0,261.75
7701,3493,354,2,0.15,125.41
7702,3493,592,4,0.2,
7703,3493,578,3,0.0,229.23
7704,3494,366,1,0.0,69.04
7705,3495,87,2,0.0,132.47
7706,3495,532,4,0.0,232.34
7707,3495,112,2,0.2,30.15
7708,3495,164,1,0.05,194.11
7709,3496,512,2,0.15,384.69
7710,3496,482,1,0.1,76.73
7711,3497,494,1,0.0,211.89
7712,3497,219,4,0.0,34.32
7713,3497,89,1,0.05,199.59
7714,3497,396,1,0.15,57.73
7715,3498,556,1,0.15,198.87
7716,3498,186,1,0.05,22.56
7717,3498,490,3,0.2,164.43
7718,3498,236,2,0.15,13.02
7719,3499,554,1,0.0,153.87
7720,3499,483,2,0.05,81.72
7721,3500,221,3,0.0,44.7
7722,3500,591,4,0.0,263.33
7723,3500,112,1,0.0,31.32
7724,3501,509,2,0.05,65.52
7725,3501,477,4,0.0,74.08
7726,3501,172,1,0.15,52.84
7727,3501,205,1,0.1,186.88
7728,3501,576,1,0.2,260.92
7729,3502,205,1,0.05,199.46
7730,3502,61,1,0.05,313.56
7731,3502,174,1,0.05,136.53
7732,3502,586,3,0.1,269.63
7733,3503,545,1,0.05,241.45
7734,3503,268,4,0.0,305.68
7735,3504,44,3,0.1,248.73
7736,3504,69,1,0.0,192.51
7737,3504,195,1,0.2,289.77
7738,3504,193,2,0.15,265.03
7739,3504,52,4,0.0,96.51
7740,3505,432,3,0.0,151.0
7741,3506,252,1,0.0,120.25
7742,3507,57,1,0.0,352.17
7743,3507,285,2,0.1,255.55
7744,3507,247,4,0.0,66.8
7745,3508,135,1,0.0,93.82
7746,3508,257,2,0.0,377.4
7747,3508,110,2,0.0,264.27
7748,3508,463,1,0.2,87.82
7749,3509,472,1,0.2,258.47
7750,3509,487,2,0.05,176.75
7751,3509,503,2,0.0,290.56
7752,3509,522,2,0.05,116.15
7753,3510,152,2,0.0,192.56
7754,3510,479,2,0.15,103.36
7755,3511,446,1,0.05,282.71
7756,3511,154,1,0.2,134.13
7757,3512,381,1,0.2,45.51
7758,3512,76,2,0.15,219.36
7759,3513,432,1,0.0,159.26
7760,3513,314,4,0.0,164.97
7761,3513,392,1,0.0,74.63
7762,3513,142,4,0.05,85.78
7763,3514,571,1,0.0,215.1
7764,3514,518,1,0.05,34.53
7765,3514,486,3,0.05,262.89
7766,3515,148,4,0.15,43.41
7767,3516,538,1,0.15,287.76
7768,3517,392,1,0.05,73.42
7769,3518,165,1,0.0,103.83
7770,3518,51,1,0.2,16.84
7771,3518,23,3,0.05,93.27
7772,3518,94,1,0.15,274.26
7773,3518,286,2,0.15,189.63
7774,3519,327,1,0.0,210.7
7775,3520,403,3,0.0,
7776,3521,473,2,0.0,
7777,3521,4,1,0.0,
7778,3522,530,1,0.0,158.79
7779,3522,536,3,0.0,75.75
7780,3523,75,1,0.2,18.4
7781,3524,178,2,0.0,29.15
7782,3524,551,3,0.0,31.22
7783,3524,348,1,0.0,42.2
7784,3524,91,1,0.1,78.69
7785,3525,26,1,0.1,
7786,3525,510,2,0.05,191.21
7787,3525,597,2,0.05,121.03
7788,3526,193,1,0.1,282.66
7789,3526,128,2,0.05,60.63
7790,3526,112,3,0.2,31.33
7791,3527,291,1,0.0,185.81
7792,3527,120,2,0.15,158.34
7793,3528,314,4,0.15,179.04
7794,3528,408,1,0.05,272.91
7795,3528,81,4,0.15,123.32
7796,3528,10,1,0.0,117.29
7797,3529,521,4,0.2,201.84
7798,3530,336,2,0.1,72.14
7799,3530,84,4,0.0,82.04
7800,3530,359,1,0.0,351.0
7801,3531,307,1,0.1,139.71
7802,3532,573,3,0.2,113.89
7803,3533,141,1,0.05,238.39
7804,3533,158,2,0.15,294.56
7805,3534,337,1,0.0,30.04
7806,3534,87,1,0.15,131.63
7807,3534,99,2,0.1,290.98
7808,3535,155,2,0.0,207.63
7809,3536,381,2,0.05,44.08
7810,3536,401,2,0.0,166.45
7811,3537,307,1,0.2,137.9
7812,3538,171,1,0.15,155.4
7813,3538,372,2,0.05,223.92
7814,3538,257,3,0.0,368.66
7815,3539,371,1,0.05,129.13
7816,3539,609,1,0.0,
7817,3540,398,2,0.1,15.44
7818,3541,540,3,0.2,92.8
7819,3541,186,4,0.0,24.67
7820,3541,470,1,0.15,45.59
7821,3541,6,1,0.0,17.06
7822,3542,140,3,0.0,257.11
7823,3542,69,1,0.05,181.33
7824,3542,434,2,0.15,39.63
7825,3542,441,1,0.0,87.97
7826,3542,493,1,0.0,217.82
7827,3543,198,1,0.0,144.32
7828,3543,145,4,0.0,101.38
7829,3543,420,2,0.1,197.87
7830,3543,94,1,0.2,271.56
7831,3543,192,1,0.1,251.27
7832,3544,599,1,0.2,406.09
7833,3544,530,1,0.0,167.73
7834,3545,176,3,0.2,205.8
7835,3546,492,1,0.0,25.07
7836,3547,599,3,0.15,397.94
7837,3548,362,4,0.1,32.23
7838,3549,467,2,0.0,296.12
7839,3550,173,1,0.0,133.29
7840,3550,273,1,0.15,173.66
7841,3550,5,4,0.2,223.52
7842,3551,507,4,0.2,
7843,3552,67,4,0.15,35.4
7844,3552,390,1,0.15,250.79
7845,3552,12,4,0.05,85.82
7846,3552,311,3,0.1,47.5
7847,3552,396,1,0.0,58.21
7848,3553,175,1,0.0,130.78
7849,3554,422,1,0.0,81.28
7850,3554,582,1,0.0,124.69
7851,3554,82,2,0.1,210.76
7852,3554,299,3,0.05,154.08
7853,3555,418,3,0.2,150.72
7854,3555,446,2,0.15,271.24
7855,3555,87,3,0.15,128.85
7856,3555,200,3,0.0,277.86
7857,3555,99,1,0.1,281.23
7858,3556,596,3,0.0,27.54
7859,3556,40,1,0.15,79.44
7860,3557,597,3,0.05,124.29
7861,3558,65,4,0.15,
7862,3559,347,1,0.0,128.44
7863,3560,167,4,0.1,7.59
7864,3560,461,2,0.0,261.25
7865,3560,326,4,0.2,32.99
7866,3561,74,2,0.05,192.49
7867,3562,355,2,0.0,91.18
7868,3562,186,1,0.0,22.78
7869,3562,364,1,0.0,61.32
7870,3563,68,1,0.0,246.1
7871,3563,326,1,0.2,33.21
7872,3563,263,1,0.15,259.45
7873,3564,8,1,0.0,47.09
7874,3565,596,2,0.0,28.41
7875,3565,469,4,0.1,14.72
7876,3566,264,1,0.0,108.26
7877,3567,530,3,0.2,167.96
7878,3567,467,2,0.15,299.55
7879,3567,577,2,0.05,244.45
7880,3568,54,2,0.0,155.48
7881,3569,395,1,0.0,198.52
7882,3569,74,2,0.0,184.82
7883,3569,141,1,0.0,253.39
7884,3570,204,1,0.05,82.95
7885,3570,383,1,0.0,16.26
7886,3570,277,1,0.0,177.78
7887,3570,299,1,0.15,150.8
7888,3571,543,3,0.0,278.73
7889,3572,512,4,0.0,386.96
7890,3573,350,1,0.1,52.5
7891,3573,461,1,0.0,254.69
7892,3573,470,2,0.0,44.75
7893,3574,138,4,0.05,165.99
7894,3575,87,1,0.0,130.04
7895,3575,124,4,0.2,177.88
7896,3575,62,2,0.1,69.26
7897,3575,411,1,0.05,160.52
7898,3576,593,3,0.0,49.76
7899,3576,179,1,0.0,15.34
7900,3577,254,1,0.15,330.92
7901,3577,565,4,0.2,97.8
7902,3577,57,2,0.15,347.84
7903,3577,131,1,0.0,267.11
7904,3578,105,2,0.1,5.89
7905,3578,425,1,0.15,176.06
7906,3578,470,1,0.05,45.72
7907,3578,96,1,0.0,44.42
7908,3579,380,3,0.0,349.73
7909,3580,559,3,0.0,41.53
7910,3580,279,2,0.05,28.99
7911,3581,461,2,0.0,254.98
7912,3581,170,4,0.15,103.66
7913,3582,212,2,0.1,34.36
7914,3582,498,2,0.1,79.64
7915,3583,254,1,0.05,356.63
7916,3583,571,1,0.15,231.8
7917,3584,338,2,0.2,180.82
7918,3585,108,4,0.0,172.74
7919,3586,199,1,0.0,251.48
7920,3586,5,3,0.0,220.39
7921,3587,297,4,0.0,52.91
7922,3587,241,1,0.0,231.43
7923,3588,400,1,0.05,290.79
7924,3589,445,4,0.0,28.22
7925,3589,478,1,0.2,117.62
7926,3589,345,1,0.2,178.72
7927,3589,130,2,0.0,130.24
7928,3589,208,2,0.0,183.21
7929,3590,235,4,0.1,99.66
7930,3591,300,1,0.0,40.72
7931,3591,321,2,0.2,10.67
7932,3592,194,1,0.05,67.13
7933,3593,135,1,0.0,97.93
7934,3594,86,1,0.0,134.13
7935,3594,83,1,0.1,41.98
7936,3595,154,1,0.0,139.3
7937,3596,106,2,0.1,202.51
7938,3596,146,2,0.0,10.4
7939,3596,209,1,0.0,85.51
7940,3597,455,1,0.1,74.77
7941,3597,251,3,0.2,214.45
7942,3598,518,3,0.15,33.74
7943,3598,152,4,0.0,193.0
7944,3599,152,2,0.0,178.82
7945,3600,147,1,0.15,221.98
7946,3600,218,1,0.05,37.01
7947,3600,514,1,0.05,331.82
7948,3600,118,3,0.05,76.34
7949,3601,261,2,0.0,170.61
7950,3601,515,3,0.05,125.83
7951,3601,243,1,0.15,240.56
7952,3602,269,2,0.15,221.25
7953,3603,5,2,0.0,224.6
7954,3603,119,3,0.0,56.49
7955,3604,402,0,0.0,194.89
7956,3604,2,1,0.0,231.93
7957,3604,137,4,0.0,362.27
7958,3605,222,1,0.2,106.92
7959,3606,576,2,0.0,284.74
7960,3607,2,2,0.1,235.51
7961,3607,59,2,0.0,184.92
7962,3608,207,1,0.0,320.93
7963,3608,325,1,0.0,254.37
7964,3609,137,3,0.0,357.6
7965,3610,479,4,0.05,105.63
7966,3611,141,1,0.1,233.9
7967,3612,415,1,0.15,225.88
7968,3612,99,2,0.1,294.19
7969,3612,131,2,0.2,269.83
7970,3613,515,1,0.0,124.11
7971,3614,526,1,0.1,269.81
7972,3615,246,2,0.2,159.69
7973,3615,358,2,0.05,142.86
7974,3616,290,3,0.15,126.65
7975,3616,431,1,0.2,232.12
7976,3616,235,1,0.2,100.13
7977,3616,219,1,0.15,34.16
7978,3617,470,1,0.0,45.55
7979,3618,78,1,0.05,243.55
7980,3619,241,1,0.1,213.59
7981,3619,175,1,0.1,124.38
7982,3620,128,1,0.0,62.42
7983,3621,66,2,0.0,106.39
7984,3622,485,4,0.0,173.57
7985,3622,352,4,0.05,81.72
7986,3622,351,1,0.0,114.43
7987,3622,487,4,0.0,173.86
7988,3623,232,1,0.1,232.99
7989,3624,379,1,0.15,207.26
7990,3624,426,1,0.0,
7991,3624,429,2,0.0,16.77
7992,3625,286,1,0.2,203.12
7993,3625,420,1,0.0,196.05
7994,3626,415,1,0.05,225.32
7995,3626,130,2,0.0,127.62
7996,3626,312,1,0.05,118.52
7997,3627,526,3,0.0,280.33
7998,3627,141,2,0.1,229.99
7999,3627,68,1,0.05,260.95
8000,3628,318,3,0.0,38.52
8001,3628,482,4,0.05,73.24
8002,3628,136,1,0.0,308.66
8003,3628,145,1,0.0,96.91
8004,3629,525,4,0.0,179.32
8005,3629,361,2,0.0,226.78
8006,3630,392,4,0.0,74.5
8007,3630,147,1,0.1,233.41
8008,3630,316,4,0.0,277.03
8009,3631,584,4,0.0,248.3
8010,3631,572,4,0.2,216.43
8011,3631,258,3,0.0,13.03
8012,3632,481,1,0.1,33.11
8013,3633,368,1,0.2,142.17
8014,3633,349,2,0.1,93.96
8015,3634,52,2,0.1,97.66
8016,3634,570,1,0.0,154.83
8017,3634,404,1,0.0,394.54
8018,3634,69,2,0.15,191.82
8019,3635,567,1,0.0,23.39
8020,3635,259,1,0.2,146.29
8021,3636,287,1,0.15,138.98
8022,3637,282,4,0.2,31.87
8023,3638,186,2,0.0,23.09
8024,3638,115,1,0.1,294.24
8025,3638,419,2,0.2,255.19
8026,3639,525,2,0.15,180.58
8027,3639,553,1,0.0,227.83
8028,3639,158,4,0.0,284.04
8029,3640,90,1,0.2,206.97
8030,3640,190,4,0.0,210.36
8031,3641,495,3,0.15,97.78
8032,3642,75,2,0.0,18.82
8033,3643,23,2,0.0,98.31
8034,3644,287,4,0.15,135.21
8035,3645,315,1,0.05,14.54
8036,3646,116,1,0.1,235.53
8037,3647,582,1,0.15,126.9
8038,3647,346,1,0.0,101.28
8039,3647,158,1,0.15,292.68
8040,3648,15,2,0.0,118.98
8041,3648,502,3,0.0,308.15
8042,3649,447,1,0.0,236.86
8043,3650,122,1,0.0,263.84
8044,3650,53,3,0.0,234.02
8045,3651,390,1,0.2,235.94
8046,3651,133,2,0.1,319.67
8047,3651,163,3,0.05,357.92
8048,3652,428,2,0.15,53.0
8049,3652,322,4,0.0,
8050,3653,560,2,0.0,
8051,3653,122,1,0.2,265.46
8052,3654,319,2,0.15,133.74
8053,3655,185,3,0.0,43.77
8054,3655,560,1,0.0,
8055,3656,541,1,0.0,178.3
8056,3656,403,2,0.1,162.44
8057,3656,344,1,0.05,
8058,3656,47,4,0.1,238.43
8059,3657,142,1,0.0,87.19
8060,3657,134,4,0.0,249.61
8061,3657,376,3,0.1,56.96
8062,3657,557,2,0.2,76.74
8063,3658,474,2,0.0,63.32
8064,3659,358,2,0.05,141.36
8065,3659,123,1,0.0,14.48
8066,3659,238,2,0.0,219.29
8067,3660,553,3,0.0,225.25
8068,3660,124,4,0.0,182.67
8069,3661,291,1,0.05,197.27
8070,3662,237,2,0.1,24.61
8071,3662,170,2,0.1,100.86
8072,3663,541,1,0.1,165.73
8073,3664,209,1,0.0,80.47
8074,3664,480,4,0.05,
8075,3664,109,3,0.0,124.58
8076,3664,591,1,0.05,
8077,3664,287,2,0.0,143.28
8078,3665,472,1,0.15,239.14
8079,3665,344,2,0.0,145.44
8080,3666,1,1,0.0,159.44
8081,3667,133,4,0.1,330.27
8082,3667,119,1,0.0,56.41
8083,3667,445,1,0.0,30.46
8084,3668,567,2,0.05,24.33
8085,3669,78,2,0.05,252.97
8086,3669,186,3,0.15,24.7
8087,3670,559,1,0.1,41.82
8088,3671,423,2,0.0,48.18
8089,3671,378,2,0.15,60.7
8090,3672,528,1,0.2,282.77
8091,3673,577,2,0.2,245.36
8092,3673,5,4,0.05,225.5
8093,3674,338,4,0.0,179.31
8094,3674,416,1,0.0,71.44
8095,3674,471,4,0.1,88.18
8096,3675,348,3,0.0,43.99
8097,3675,62,3,0.0,72.32
8098,3676,86,1,0.0,
8099,3677,270,3,0.15,107.99
8100,3677,68,3,0.15,263.51
8101,3677,532,3,0.05,219.75
8102,3678,224,2,0.0,357.19
8103,3678,192,3,0.0,256.01
8104,3678,113,2,0.0,72.28
8105,3678,365,1,0.0,48.47
8106,3679,80,1,0.0,90.66
8107,3679,338,2,0.2,182.93
8108,3680,531,1,0.2,370.88
8109,3681,23,1,0.0,94.54
8110,3682,129,2,0.0,336.79
8111,3683,467,1,0.2,313.48
8112,3683,478,1,0.0,126.38
8113,3683,528,1,0.2,284.64
8114,3683,315,1,0.0,13.94
8115,3684,149,2,0.0,179.83
8116,3685,528,1,0.0,268.79
8117,3685,3,1,0.0,38.6
8118,3685,186,1,0.0,22.77
8119,3686,341,2,0.1,
8120,3687,413,2,0.05,224.35
8121,3688,52,3,0.0,96.77
8122,3688,358,1,0.05,152.39
8123,3688,62,1,0.2,75.83
8124,3688,187,2,0.0,41.0
8125,3689,172,4,0.0,57.35
8126,3689,70,4,0.05,149.11
8127,3690,186,3,0.0,23.93
8128,3690,341,3,0.0,
8129,3691,425,4,0.05,172.07
8130,3691,90,1,0.2,205.51
8131,3692,275,2,0.0,203.94
8132,3692,224,1,0.2,375.11
8133,3692,333,1,0.0,27.73
8134,3692,20,1,0.05,208.17
8135,3693,328,1,0.0,102.65
8136,3693,461,1,0.05,262.45
8137,3693,455,1,0.05,77.52
8138,3694,167,3,0.1,7.31
8139,3694,386,2,0.2,51.89
8140,3694,184,4,0.0,400.02
8141,3695,176,3,0.2,198.59
8142,3695,288,4,0.0,355.42
8143,3696,71,1,0.05,240.86
8144,3696,534,1,0.15,53.06
8145,3697,432,2,0.0,152.83
8146,3697,340,3,0.2,363.01
8147,3698,524,2,0.15,48.91
8148,3698,95,1,0.05,130.9
8149,3698,107,1,0.15,165.97
8150,3698,20,4,0.0,203.14
8151,3698,113,3,0.15,72.16
8152,3699,62,2,0.0,73.88
8153,3699,469,1,0.1,15.47
8154,3700,334,2,0.05,
8155,3700,123,1,0.0,14.68
8156,3701,356,3,0.0,240.71
8157,3701,204,4,0.0,79.87
8158,3701,540,1,0.0,
8159,3701,578,1,0.0,230.46
8160,3701,510,1,0.0,192.6
8161,3702,454,1,0.1,212.37
8162,3702,266,1,0.2,326.18
8163,3702,587,1,0.1,154.92
8164,3703,500,4,0.0,291.47
8165,3703,232,1,0.0,241.47
8166,3703,11,2,0.0,138.46
8167,3703,302,1,0.15,40.95
8168,3704,292,4,0.05,131.58
8169,3705,27,3,0.05,355.66
8170,3705,163,1,0.0,359.1
8171,3705,1,4,0.05,154.05
8172,3705,39,1,0.1,170.69
8173,3706,208,4,0.0,197.76
8174,3706,343,1,0.05,300.4
8175,3706,144,1,0.0,149.09
8176,3707,463,1,0.1,89.69
8177,3707,103,2,0.0,115.32
8178,3707,18,4,0.05,379.82
8179,3707,185,2,0.15,44.21
8180,3708,306,1,0.1,21.52
8181,3708,427,1,0.2,86.29
8182,3708,10,4,0.0,120.76
8183,3708,342,1,0.05,66.77
8184,3708,555,1,0.0,164.84
8185,3709,203,1,0.2,138.0
8186,3710,64,1,0.0,334.03
8187,3711,94,1,0.05,256.53
8188,3712,333,2,0.05,28.26
8189,3712,384,4,0.0,308.98
8190,3713,561,4,0.15,367.42
8191,3714,179,1,0.0,14.5
8192,3715,293,2,0.05,166.59
8193,3715,445,1,0.2,28.79
8194,3716,291,2,0.0,196.8
8195,3716,213,1,0.0,23.17
8196,3716,237,3,0.2,24.46
8197,3717,56,4,0.0,71.11
8198,3717,151,2,0.2,21.97
8199,3717,322,1,0.2,60.91
8200,3717,18,3,0.2,352.98
8201,3718,261,1,0.0,166.53
8202,3719,534,1,0.0,57.09
8203,3719,520,1,0.1,23.41
8204,3719,494,1,0.0,202.79
8205,3720,580,2,0.0,179.54
8206,3720,23,1,0.15,98.62
8207,3720,168,1,0.15,13.64
8208,3721,522,1,0.2,106.16
8209,3721,232,2,0.1,
8210,3722,197,1,0.15,147.39
8211,3722,96,1,0.2,43.15
8212,3722,136,1,0.2,297.03
8213,3722,524,2,0.0,51.78
8214,3723,73,1,0.15,61.96
8215,3723,494,4,0.0,198.07
8216,3724,387,1,0.05,42.1
8217,3724,274,2,0.0,45.89
8218,3724,131,1,0.1,255.19
8219,3725,557,3,0.1,76.02
8220,3726,590,2,0.2,243.25
8221,3726,367,1,0.15,
8222,3727,529,2,0.15,220.7
8223,3727,141,4,0.2,229.75
8224,3727,336,1,0.0,73.62
8225,3727,266,1,0.1,340.58
8226,3728,230,4,0.0,16.05
8227,3728,379,1,0.2,202.66
8228,3728,414,1,0.15,101.54
8229,3729,456,3,0.0,157.66
8230,3729,253,2,0.15,
8231,3729,125,1,0.2,380.25
8232,3730,505,2,0.2,77.34
8233,3731,159,1,0.0,95.5
8234,3732,570,1,0.05,153.89
8235,3732,82,1,0.0,211.64
8236,3732,238,2,0.2,226.42
8237,3733,574,4,0.0,266.09
8238,3733,548,4,0.2,58.96
8239,3733,352,3,0.0,78.72
8240,3733,116,1,0.0,244.53
8241,3734,526,1,0.05,286.84
8242,3735,249,1,0.0,128.41
8243,3735,163,1,0.2,351.65
8244,3736,359,1,0.05,329.88
8245,3736,213,1,0.15,23.35
8246,3736,435,4,0.0,358.42
8247,3737,497,4,0.0,90.76
8248,3738,494,2,0.2,202.47
8249,3738,266,3,0.1,345.34
8250,3738,370,1,0.1,124.6
8251,3739,290,3,0.0,121.86
8252,3739,193,2,0.0,285.0
8253,3740,589,1,0.05,178.43
8254,3740,129,2,0.0,318.45
8255,3740,530,3,0.0,170.66
8256,3741,52,4,0.1,104.44
8257,3741,271,4,0.0,318.5
8258,3741,577,1,0.2,247.2
8259,3742,540,1,0.15,97.04
8260,3742,568,1,0.0,146.64
8261,3742,436,3,0.0,102.15
8262,3743,95,4,0.05,134.1
8263,3743,148,4,0.05,45.38
8264,3743,501,1,0.1,
8265,3744,331,2,0.05,148.94
8266,3744,279,4,0.05,31.72
8267,3745,518,1,0.0,32.28
8268,3745,411,3,0.0,164.56
8269,3746,366,2,0.0,69.4
8270,3746,576,1,0.1,285.27
8271,3747,249,1,0.2,129.74
8272,3747,203,2,0.15,137.13
8273,3748,409,4,0.05,171.13
8274,3748,98,1,0.05,99.5
8275,3749,156,2,0.1,95.36
8276,3749,178,1,0.0,28.88
8277,3750,536,2,0.15,78.0
8278,3751,72,4,0.0,136.32
8279,3751,106,1,0.15,187.79
8280,3752,162,1,0.15,177.52
8281,3753,207,4,0.1,295.24
8282,3753,25,2,0.05,130.73
8283,3754,400,3,0.05,282.55
8284,3755,77,1,0.15,47.14
8285,3756,590,4,0.0,232.06
8286,3756,299,3,0.15,156.83
8287,3757,260,1,0.0,221.72
8288,3758,210,1,0.0,255.18
8289,3758,276,1,0.05,203.11
8290,3759,470,2,0.05,42.24
8291,3760,314,3,0.0,166.0
8292,3761,442,2,0.0,8.74
8293,3762,77,4,0.0,51.65
8294,3762,7,3,0.2,210.41
8295,3762,58,1,0.1,241.3
8296,3762,324,1,0.15,199.16
8297,3763,1,4,0.2,150.78
8298,3764,419,2,0.0,254.85
8299,3764,530,2,0.0,164.59
8300,3765,524,1,0.1,47.37
8301,3765,441,4,0.15,81.54
8302,3766,192,1,0.2,
8303,3766,559,3,0.1,45.04
8304,3767,317,2,0.1,157.99
8305,3767,458,4,0.1,158.93
8306,3767,400,4,0.1,294.21
8307,3767,213,1,0.15,24.36
8308,3767,27,3,0.15,389.93
8309,3768,360,1,0.0,51.07
8310,3768,18,2,0.15,367.01
8311,3768,504,2,0.0,
8312,3768,483,1,0.0,86.44
8313,3769,362,1,0.2,31.8
8314,3770,500,2,0.1,276.37
8315,3771,10,1,0.0,116.8
8316,3772,545,4,0.0,241.1
8317,3773,536,1,0.1,76.56
8318,3773,315,1,0.0,14.58
8319,3773,10,1,0.15,114.52
8320,3773,436,2,0.1,102.11
8321,3773,301,3,0.05,50.01
8322,3774,126,1,0.0,86.17
8323,3774,162,1,0.0,178.58
8324,3774,101,2,0.1,136.16
8325,3775,112,1,0.15,29.51
8326,3775,275,2,0.2,187.3
8327,3775,222,1,0.1,110.23
8328,3776,92,1,0.2,348.91
8329,3777,468,1,0.15,50.37
8330,3778,274,1,0.0,47.1
8331,3778,512,1,0.2,383.43
8332,3778,471,1,0.0,93.01
8333,3778,577,1,0.15,249.61
8334,3778,568,1,0.15,149.67
8335,3779,582,1,0.05,126.11
8336,3780,39,1,0.0,161.16
8337,3781,128,2,0.05,62.06
8338,3781,508,2,0.15,273.84
8339,3782,495,2,0.0,97.74
8340,3782,75,2,0.15,18.46
8341,3782,455,1,0.1,79.92
8342,3783,268,2,0.1,301.88
8343,3783,567,1,0.1,24.7
8344,3784,240,1,0.0,302.91
8345,3784,587,2,0.05,
8346,3785,180,1,0.15,299.89
8347,3785,388,4,0.0,187.15
8348,3786,444,1,0.0,158.75
8349,3786,266,1,0.1,352.39
8350,3787,566,3,0.0,229.04
8351,3787,492,2,0.1,27.56
8352,3788,372,4,0.15,224.33
8353,3788,148,3,0.2,46.17
8354,3788,472,3,0.0,246.85
8355,3789,183,2,1.52,259.91
8356,3789,584,3,0.0,255.77
8357,3790,384,1,0.05,294.49
8358,3790,321,1,0.0,10.34
8359,3791,262,4,0.05,383.16
8360,3791,423,1,0.0,48.71
8361,3791,319,1,0.05,129.96
8362,3792,363,4,0.15,225.46
8363,3792,266,1,0.1,337.15
8364,3793,123,4,0.2,14.86
8365,3793,244,1,0.0,16.54
8366,3793,401,3,0.0,156.01
8367,3793,45,1,0.05,263.44
8368,3794,567,1,0.0,23.85
8369,3794,13,3,0.0,164.96
8370,3794,335,3,0.05,52.51
8371,3795,385,2,0.15,140.4
8372,3795,609,4,0.05,
8373,3795,510,3,0.2,189.29
8374,3795,199,4,0.0,247.15
8375,3796,583,1,0.0,65.49
8376,3797,536,3,0.15,75.63
8377,3797,9,1,0.2,95.85
8378,3798,429,3,0.05,16.14
8379,3798,361,1,0.0,223.19
8380,3799,401,1,0.0,168.65
8381,3799,207,2,0.15,295.99
8382,3799,85,1,0.0,19.34
8383,3799,366,2,0.0,65.89
8384,3799,163,2,0.0,338.53
8385,3800,156,1,0.0,98.9
8386,3800,419,4,0.05,241.67
8387,3800,137,1,0.0,353.44
8388,3800,374,2,0.0,120.18
8389,3801,407,3,0.0,56.77
8390,3801,557,1,0.05,75.39
8391,3802,117,1,0.2,177.24
8392,3802,84,1,0.0,80.32
8393,3802,240,4,0.2,317.67
8394,3802,405,3,0.15,99.45
8395,3803,572,1,0.15,223.02
8396,3803,6,1,0.0,16.37
8397,3804,368,2,0.05,
8398,3804,469,2,0.1,15.92
8399,3804,16,4,0.0,
8400,3804,72,1,0.05,139.59
8401,3805,577,3,0.1,250.68
8402,3806,89,2,0.1,206.28
8403,3806,413,4,0.1,225.69
8404,3806,422,2,0.0,77.0
8405,3806,97,2,0.0,312.14
8406,3807,237,3,0.0,25.19
8407,3807,150,1,0.0,130.53
8408,3808,365,1,0.0,51.72
8409,3808,359,3,0.05,349.73
8410,3808,151,4,0.2,23.33
8411,3809,575,2,0.15,336.97
8412,3809,407,2,0.1,56.7
8413,3810,568,1,0.15,152.92
8414,3811,120,3,0.0,155.21
8415,3811,574,2,0.0,270.86
8416,3811,384,4,0.0,286.54
8417,3812,398,3,0.0,15.14
8418,3812,329,3,0.1,79.35
8419,3813,263,1,0.1,263.55
8420,3813,544,3,0.2,151.13
8421,3813,491,2,0.2,124.67
8422,3813,217,1,0.15,131.0
8423,3814,522,2,0.1,112.69
8424,3815,404,1,0.05,366.51
8425,3815,467,4,0.05,309.79
8426,3815,191,4,0.05,47.36
8427,3815,456,1,0.0,157.26
8428,3816,497,2,0.05,98.69
8429,3816,21,2,0.2,42.6
8430,3816,546,3,0.0,327.98
8431,3817,281,1,0.0,169.74
8432,3817,501,2,0.15,
8433,3818,16,1,0.0,
8434,3818,20,1,0.05,202.91
8435,3818,10,2,0.05,111.77
8436,3818,102,2,0.0,68.57
8437,3819,385,1,0.1,135.37
8438,3820,509,1,0.05,62.35
8439,3821,77,4,0.2,49.23
8440,3821,276,1,0.0,200.89
8441,3822,290,1,0.0,126.56
8442,3823,606,3,0.15,
8443,3824,101,1,0.15,143.1
8444,3825,368,1,0.0,146.67
8445,3825,137,4,0.0,336.52
8446,3825,532,3,0.0,212.4
8447,3826,105,2,0.0,5.48
8448,3826,549,4,0.2,55.5
8449,3827,191,3,0.1,46.88
8450,3827,91,2,0.2,76.27
8451,3828,296,3,0.0,53.59
8452,3829,569,4,0.15,269.93
8453,3829,534,1,0.15,53.4
8454,3830,258,1,0.0,12.43
8455,3830,547,1,0.15,188.54
8456,3831,546,1,0.0,320.14
8457,3832,352,3,0.15,77.98
8458,3832,585,1,0.1,6.91
8459,3832,396,2,0.0,53.36
8460,3833,442,1,0.0,8.59
8461,3833,181,3,0.1,140.27
8462,3834,211,1,0.0,309.25
8463,3834,477,4,0.1,77.35
8464,3834,287,4,0.1,131.92
8465,3834,4,1,0.0,
8466,3835,258,2,0.1,13.31
8467,3836,552,1,0.0,
8468,3836,550,4,0.0,218.45
8469,3836,76,1,0.15,236.28
8470,3837,434,1,0.1,41.5
8471,3837,401,2,0.0,162.14
8472,3838,272,4,0.2,84.0
8473,3838,460,3,0.1,166.73
8474,3838,157,4,0.15,18.52
8475,3839,374,3,0.0,129.52
8476,3839,239,1,0.0,30.92
8477,3839,189,2,0.1,168.09
8478,3839,33,1,0.0,93.04
8479,3840,258,1,0.2,12.35
8480,3841,212,4,0.0,34.42
8481,3841,101,4,0.0,141.89
8482,3842,415,1,0.05,218.27
8483,3842,146,1,0.2,10.35
8484,3843,97,3,0.1,308.26
8485,3844,290,1,0.1,130.55
8486,3844,236,4,0.1,12.95
8487,3845,176,1,0.15,201.92
8488,3845,107,3,0.0,163.77
8489,3846,9,2,0.0,95.52
8490,3846,157,4,0.0,18.07
8491,3847,238,4,0.1,232.85
8492,3847,96,1,0.15,42.64
8493,3848,583,2,0.15,66.48
8494,3849,160,4,0.2,42.36
8495,3849,189,2,0.15,163.69
8496,3849,379,1,0.15,190.54
8497,3849,118,1,0.05,74.41
8498,3849,343,1,0.2,307.16
8499,3850,33,2,0.05,98.02
8500,3850,300,2,0.0,42.88
8501,3850,18,1,0.0,369.12
8502,3851,338,1,0.0,180.55
8503,3851,414,1,0.0,99.73
8504,3852,564,2,0.0,31.25
8505,3852,94,1,0.15,272.7
8506,3852,417,1,0.1,37.57
8507,3852,572,1,0.0,221.33
8508,3852,365,1,0.1,49.89
8509,3853,53,2,0.2,227.46
8510,3853,308,3,0.0,346.93
8511,3853,192,4,0.05,247.9
8512,3854,320,1,0.2,82.63
8513,3855,345,1,0.2,192.21
8514,3855,598,4,0.0,24.99
8515,3856,188,1,0.0,23.27
8516,3857,558,2,0.0,187.41
8517,3857,313,2,0.0,179.85
8518,3857,370,1,0.2,130.68
8519,3858,437,2,0.15,185.92
8520,3858,22,2,0.15,21.56
8521,3858,501,3,0.0,
8522,3859,7,1,0.05,200.39
8523,3859,273,2,0.2,167.29
8524,3860,8,1,0.0,45.03
8525,3860,424,2,0.05,42.32
8526,3860,287,2,0.0,138.86
8527,3860,86,2,0.05,133.86
8528,3861,39,3,0.0,170.26
8529,3862,549,2,0.0,53.63
8530,3862,293,1,0.15,158.23
8531,3863,224,2,0.0,
8532,3863,200,1,0.0,286.41
8533,3864,184,4,0.2,395.29
8534,3864,41,4,0.05,
8535,3865,266,3,0.15,329.89
8536,3865,116,1,0.2,253.1
8537,3865,521,1,0.0,196.97
8538,3866,442,1,0.2,8.29
8539,3867,153,2,0.2,289.32
8540,3867,369,2,0.0,152.7
8541,3868,402,2,0.1,186.6
8542,3868,155,2,0.0,201.46
8543,3868,53,1,0.0,223.23
8544,3869,351,1,0.0,117.34
8545,3869,552,1,0.0,
8546,3870,53,3,0.0,226.3
8547,3870,313,3,0.1,180.57
8548,3871,467,3,0.2,295.04
8549,3871,484,1,0.05,
8550,3872,314,1,0.15,172.13
8551,3872,262,2,0.1,356.5
8552,3872,378,2,0.0,56.39
8553,3872,90,1,0.0,220.3
8554,3873,287,1,0.0,132.49
8555,3874,309,1,0.2,
8556,3874,120,2,0.2,147.06
8557,3875,472,2,0.0,261.07
8558,3876,141,1,0.2,240.71
8559,3876,278,1,0.0,253.08
8560,3877,32,2,0.2,224.06
8561,3877,418,1,0.15,143.73
8562,3877,193,2,0.0,278.01
8563,3878,194,1,0.1,68.63
8564,3878,335,2,0.05,50.35
8565,3878,279,1,0.2,30.04
8566,3879,71,4,0.0,236.44
8567,3879,166,2,0.2,139.54
8568,3880,191,1,0.05,49.39
8569,3881,336,1,0.15,72.66
8570,3881,149,2,0.05,193.0
8571,3881,400,2,0.0,281.5
8572,3881,352,1,0.15,81.71
8573,3882,148,1,0.0,44.15
8574,3883,242,2,0.15,150.04
8575,3884,358,2,0.1,150.64
8576,3884,381,3,0.05,46.37
8577,3885,221,4,0.0,44.47
8578,3886,448,1,0.05,159.91
8579,3887,104,2,0.05,39.2
8580,3888,78,1,0.2,237.09
8581,3889,170,1,0.1,109.59
8582,3890,586,2,0.2,256.16
8583,3891,590,1,0.05,251.81
8584,3892,481,2,0.05,
8585,3892,245,3,0.2,372.18
8586,3892,456,2,0.2,157.02
8587,3893,485,3,0.05,167.98
8588,3893,567,2,0.1,24.03
8589,3894,93,3,0.15,95.63
8590,3894,156,3,0.05,92.94
8591,3894,84,1,0.15,77.8
8592,3894,210,2,0.0,248.95
8593,3895,289,3,0.0,67.49
8594,3895,269,3,0.1,210.66
8595,3895,492,1,0.15,26.06
8596,3895,245,1,0.15,361.43
8597,3896,11,2,0.0,147.06
8598,3896,575,2,0.05,336.76
8599,3896,303,1,0.2,41.41
8600,3896,510,4,0.0,180.5
8601,3897,522,3,0.05,111.5
8602,3897,583,1,0.0,66.94
8603,3897,447,2,0.15,231.33
8604,3897,389,2,0.0,87.0
8605,3897,341,4,0.1,
8606,3898,62,3,0.0,74.42
8607,3898,460,2,0.2,181.16
8608,3899,413,2,0.15,208.81
8609,3899,201,4,0.1,48.46
8610,3899,140,4,0.0,270.95
8611,3900,548,2,0.15,60.11
8612,3900,319,1,0.05,133.33
8613,3900,464,2,0.2,93.44
8614,3901,564,1,0.1,31.18
8615,3901,84,2,0.15,79.43
8616,3901,335,4,0.0,51.29
8617,3901,327,2,0.0,219.17
8618,3902,466,2,0.05,58.52
8619,3902,142,1,0.2,82.61
8620,3903,470,2,0.15,43.82
8621,3903,566,1,0.05,223.42
8622,3904,437,2,0.05,181.04
8623,3904,42,2,0.1,73.46
8624,3905,360,4,0.15,53.48
8625,3905,220,4,0.15,
8626,3905,387,2,0.15,41.44
8627,3906,111,1,0.05,213.57
8628,3906,491,1,0.2,125.59
8629,3906,51,2,0.0,17.04
8630,3906,485,1,0.1,177.77
8631,3906,545,4,0.0,242.89
8632,3907,110,1,0.05,253.69
8633,3907,249,1,0.0,125.5
8634,3908,577,3,0.1,246.2
8635,3908,307,1,0.15,132.75
8636,3909,592,2,0.0,259.26
8637,3910,432,4,0.05,151.33
8638,3910,430,3,0.1,123.22
8639,3910,550,2,0.05,206.29
8640,3911,340,1,0.2,388.84
8641,3912,452,1,0.0,66.62
8642,3913,299,1,0.0,150.03
8643,3913,235,2,0.0,101.72
8644,3914,288,1,0.05,358.77
8645,3915,151,2,0.2,21.33
8646,3915,366,2,0.0,71.88
8647,3915,492,1,0.0,26.68
8648,3915,345,1,0.0,181.72
8649,3915,170,4,0.0,109.23
8650,3916,144,4,0.1,144.1
8651,3916,297,4,0.0,55.26
8652,3916,561,1,0.0,352.31
8653,3917,303,2,0.0,41.5
8654,3918,57,3,0.05,336.7
8655,3919,430,1,0.1,122.48
8656,3919,374,1,0.1,125.27
8657,3920,596,1,0.0,26.65
8658,3920,237,2,0.0,23.57
8659,3920,232,4,0.0,250.04
8660,3920,513,1,0.15,282.36
8661,3920,269,1,0.2,
8662,3921,354,1,0.0,125.32
8663,3921,357,1,0.2,136.77
8664,3921,574,1,0.0,284.78
8665,3921,118,1,0.0,78.24
8666,3922,539,3,0.0,143.8
8667,3922,171,2,0.0,156.2
8668,3923,134,1,0.2,238.97
8669,3924,269,4,0.15,204.46
8670,3924,563,4,0.05,201.85
8671,3925,592,2,0.0,
8672,3925,172,3,0.0,55.53
8673,3925,414,2,0.0,94.36
8674,3926,356,1,0.2,252.81
8675,3927,51,1,0.0,17.54
8676,3928,10,1,0.2,110.82
8677,3929,289,2,0.05,65.2
8678,3930,249,1,0.1,121.86
8679,3931,13,1,0.0,181.79
8680,3931,426,0,0.0,
8681,3931,36,4,0.05,189.76
8682,3932,239,2,0.05,30.74
8683,3932,86,3,0.2,140.87
8684,3933,568,4,0.05,144.73
8685,3934,96,1,0.0,43.32
8686,3935,511,4,0.0,189.94
8687,3935,499,3,0.05,201.38
8688,3936,326,2,0.15,33.95
8689,3937,562,2,0.15,337.12
8690,3938,459,4,0.0,130.43
8691,3938,9,4,0.0,94.71
8692,3939,570,1,0.15,161.19
8693,3940,287,4,0.0,134.92
8694,3940,275,2,0.1,204.78
8695,3941,54,3,0.0,154.78
8696,3941,580,4,0.2,174.98
8697,3941,12,2,0.0,82.82
8698,3942,409,4,0.1,176.61
8699,3943,568,2,0.0,143.64
8700,3944,428,4,0.05,54.31
8701,3945,283,1,0.15,123.83
8702,3945,141,3,0.0,231.15
8703,3946,500,2,0.15,281.22
8704,3946,337,1,0.15,30.61
8705,3947,86,3,0.1,134.48
8706,3947,442,2,0.0,8.48
8707,3947,247,1,0.1,69.49
8708,3947,169,1,0.15,
8709,3948,251,1,0.15,230.51
8710,3949,38,1,0.15,257.37
8711,3950,356,4,0.0,247.85
8712,3950,527,2,0.0,343.29
8713,3951,379,4,0.2,200.03
8714,3951,100,1,0.2,338.92
8715,3951,591,1,0.15,260.51
8716,3951,395,3,0.0,202.29
8717,3951,547,1,0.0,191.73
8718,3952,192,3,0.1,261.68
8719,3952,588,4,0.0,212.37
8720,3952,344,1,0.15,151.18
8721,3953,102,1,0.1,71.44
8722,3953,229,2,0.2,8.98
8723,3953,3,1,0.15,41.49
8724,3954,9,1,0.0,102.62
8725,3954,6,2,0.05,16.61
8726,3955,291,1,0.0,191.48
8727,3955,435,4,0.1,364.56
8728,3955,324,3,0.0,204.92
8729,3956,15,1,0.1,123.9
8730,3956,439,1,0.0,240.26
8731,3956,170,2,0.0,108.38
8732,3956,378,4,0.15,59.94
8733,3957,573,1,0.2,108.31
8734,3958,325,3,0.1,234.37
8735,3959,483,3,0.1,80.62
8736,3959,378,1,0.1,59.14
8737,3960,234,2,0.0,113.03
8738,3961,168,2,0.0,13.04
8739,3962,268,3,3.1,325.99
8740,3962,278,1,0.2,240.73
8741,3963,421,4,0.2,11.38
8742,3964,594,1,0.2,144.49
8743,3964,342,1,0.0,62.3
8744,3964,499,2,0.2,207.7
8745,3965,62,1,0.1,73.01
8746,3965,590,2,0.0,239.63
8747,3966,41,1,0.0,277.36
8748,3966,83,1,0.0,40.32
8749,3967,416,4,0.1,70.59
8750,3968,377,1,0.2,167.88
8751,3968,362,1,0.2,29.75
8752,3968,119,2,0.15,59.09
8753,3969,428,1,0.15,52.05
8754,3969,583,4,0.1,68.4
8755,3970,286,1,0.15,195.65
8756,3970,353,2,0.05,33.18
8757,3970,127,4,0.15,231.73
8758,3971,80,3,0.05,90.43
8759,3972,521,1,0.2,196.72
8760,3973,75,2,0.1,17.29
8761,3974,378,4,0.1,59.2
8762,3974,452,1,0.0,65.29
8763,3975,492,2,0.1,27.23
8764,3975,533,1,0.05,160.37
8765,3976,93,2,0.0,97.25
8766,3976,487,2,0.15,175.85
8767,3976,74,1,0.2,188.57
8768,3976,450,4,0.05,6.7
8769,3977,400,2,0.1,280.38
8770,3978,532,1,0.2,217.12
8771,3978,137,1,0.2,358.94
8772,3979,295,2,0.05,
8773,3979,15,2,0.15,126.86
8774,3980,366,2,0.0,69.1
8775,3981,232,1,0.2,247.46
8776,3981,525,2,0.05,169.73
8777,3982,10,2,0.0,117.46
8778,3982,288,1,0.0,340.94
8779,3983,550,3,0.2,209.83
8780,3983,583,2,0.1,65.14
8781,3983,224,2,0.0,375.66
8782,3983,397,1,0.15,
8783,3983,41,1,0.0,301.15
8784,3984,329,3,0.2,86.29
8785,3984,130,4,0.1,126.9
8786,3984,155,2,0.0,212.63
8787,3984,202,1,0.0,192.16
8788,3984,127,1,0.2,224.84
8789,3985,585,1,0.15,6.8
8790,3986,530,2,0.0,158.05
8791,3986,127,2,0.1,234.85
8792,3987,568,1,0.0,140.71
8793,3987,529,4,0.0,226.92
8794,3987,531,1,0.0,380.28
8795,3987,307,1,0.0,136.5
8796,3987,440,2,0.2,11.02
8797,3988,568,2,0.05,145.35
8798,3988,261,2,0.0,162.95
8799,3989,443,1,0.05,181.86
8800,3989,587,1,0.15,166.16
8801,3989,463,3,0.15,86.44
8802,3989,358,1,0.05,138.94
8803,3990,375,3,0.0,290.94
8804,3990,3,2,0.0,41.04
8805,3990,279,3,0.2,30.85
8806,3991,282,1,0.0,31.52
8807,3991,35,3,0.0,37.93
8808,3991,367,2,0.0,206.19
8809,3991,436,4,0.05,99.9
8810,3992,228,1,0.1,40.1
8811,3992,276,1,0.0,195.17
8812,3993,281,1,0.0,179.49
8813,3993,190,1,0.0,217.77
8814,3993,239,1,0.15,28.42
8815,3993,318,2,0.15,35.15
8816,3994,257,3,0.2,373.96
8817,3994,424,1,0.0,45.22
8818,3994,61,1,0.1,316.05
8819,3995,144,2,0.0,148.31
8820,3995,323,1,0.0,54.4
8821,3995,208,4,0.2,192.44
8822,3995,20,2,0.05,206.04
8823,3996,21,3,0.1,43.86
8824,3996,197,2,0.2,136.69
8825,3996,324,4,0.0,209.69
8826,3996,280,1,0.05,254.46
8827,3997,570,1,0.1,168.44
8828,3998,283,2,0.05,124.14
8829,3998,202,2,0.0,201.15
8830,3998,31,1,0.0,106.53
8831,3999,326,2,0.0,34.05
8832,4000,299,4,0.15,161.09
8833,4000,183,1,0.0,258.16
8834,4000,191,1,0.05,48.33
8835,4001,183,1,0.0,276.77
8836,4001,373,1,0.15,
8837,4001,42,1,0.0,72.81
8838,4001,413,2,0.2,214.43
8839,4002,425,1,0.0,171.48
8840,4002,214,2,0.2,175.95
8841,4002,77,1,0.0,47.28
8842,4003,345,2,0.2,178.76
8843,4003,217,3,0.0,134.77
8844,4003,306,2,0.0,23.03
8845,4003,188,1,0.2,24.56
8846,4003,113,4,0.0,68.4
8847,4004,216,2,0.0,60.2
8848,4004,523,4,0.0,292.08
8849,4005,324,1,0.15,211.54
8850,4005,148,1,0.0,46.37
8851,4006,281,4,0.1,176.62
8852,4007,52,1,0.15,97.86
8853,4008,21,2,0.0,44.17
8854,4009,24,2,0.2,105.84
8855,4010,25,1,0.0,127.99
8856,4010,555,1,0.0,158.48
8857,4011,96,1,0.15,46.1
8858,4011,481,3,0.1,35.07
8859,4012,271,3,0.15,315.01
8860,4013,60,2,0.2,269.88
8861,4013,314,4,0.0,179.32
8862,4014,377,4,0.05,163.56
8863,4014,291,4,0.05,191.94
8864,4015,101,3,0.0,133.18
8865,4016,537,3,0.0,12.2
8866,4016,245,1,0.2,358.71
8867,4016,528,3,0.1,265.85
8868,4016,280,3,0.0,253.25
8869,4017,339,2,0.0,35.36
8870,4017,422,1,0.15,79.81
8871,4018,278,4,0.0,245.34
8872,4018,191,1,0.0,46.66
8873,4019,412,1,0.0,103.01
8874,4019,78,2,0.05,250.63
8875,4020,275,1,0.05,203.81
8876,4020,65,1,0.2,8.37
8877,4020,510,1,0.0,193.43
8878,4021,56,1,0.0,72.66
8879,4021,118,2,0.05,79.32
8880,4021,283,3,0.1,119.2
8881,4021,81,2,0.0,130.82
8882,4022,230,2,0.1,16.1
8883,4022,391,1,0.0,231.76
8884,4023,167,2,0.0,7.47
8885,4023,317,3,0.0,170.96
8886,4023,243,1,0.1,226.3
8887,4023,297,1,0.15,54.16
8888,4024,279,1,0.0,28.97
8889,4025,511,3,0.0,182.69
8890,4025,468,4,0.2,46.24
8891,4026,201,1,0.2,47.95
8892,4027,320,1,0.15,79.89
8893,4027,226,1,0.15,259.44
8894,4027,410,4,0.2,19.51
8895,4027,347,1,0.0,129.99
8896,4028,525,3,0.15,166.79
8897,4028,381,1,0.0,46.57
8898,4028,461,4,0.2,264.11
8899,4028,275,2,0.15,190.59
8900,4029,197,1,0.0,141.66
8901,4029,372,3,0.0,231.48
8902,4030,311,3,0.1,49.79
8903,4030,424,4,0.05,45.53
8904,4031,220,1,0.05,147.13
8905,4031,313,2,0.05,166.24
8906,4032,393,3,0.0,80.28
8907,4032,277,1,0.0,187.09
8908,4032,46,3,0.2,49.09
8909,4032,53,2,0.0,218.75
8910,4033,199,1,0.0,249.12
8911,4033,234,2,0.0,118.94
8912,4033,334,1,0.15,
8913,4033,505,2,0.15,83.55
8914,4034,105,2,0.15,5.6
8915,4035,275,4,0.0,192.77
8916,4035,217,1,0.15,141.96
8917,4036,436,1,0.0,99.48
8918,4036,175,2,0.0,123.59
8919,4036,321,1,0.0,10.34
8920,4036,441,1,0.0,87.48
8921,4036,566,3,0.0,213.46
8922,4037,234,4,0.0,122.91
8923,4038,252,1,0.2,127.11
8924,4038,535,1,0.1,
8925,4038,142,2,0.05,87.2
8926,4038,172,2,0.0,56.63
8927,4039,23,2,0.2,93.44
8928,4039,345,1,0.2,177.96
8929,4040,430,1,0.2,116.71
8930,4040,299,4,0.0,159.09
8931,4040,521,1,0.0,202.91
8932,4041,286,2,0.05,196.32
8933,4041,105,2,0.0,5.66
8934,4041,153,1,0.15,295.11
8935,4041,514,2,0.2,344.18
8936,4042,228,1,0.0,41.11
8937,4042,338,1,0.05,179.26
8938,4043,203,2,0.0,127.82
8939,4044,102,2,0.0,67.97
8940,4044,265,1,0.0,29.43
8941,4044,572,1,0.2,221.71
8942,4045,568,1,0.0,
8943,4045,322,4,0.0,63.53
8944,4045,402,2,0.0,196.7
8945,4046,379,1,0.0,205.96
8946,4047,83,1,0.2,39.95
8947,4047,8,1,0.05,47.81
8948,4048,540,4,0.1,99.68
8949,4048,279,4,0.2,30.38
8950,4049,573,2,0.1,115.78
8951,4050,278,4,0.0,252.56
8952,4050,270,4,0.0,107.99
8953,4051,64,1,0.15,327.29
8954,4052,272,1,0.1,84.12
8955,4052,89,1,0.05,187.44
8956,4052,375,1,0.2,309.5
8957,4052,167,3,0.0,7.36
8958,4053,286,1,0.2,190.36
8959,4054,579,1,0.05,65.66
8960,4054,560,1,0.0,
8961,4054,70,3,0.05,152.39
8962,4054,535,1,0.0,
8963,4055,298,2,0.0,277.89
8964,4055,587,1,0.0,159.7
8965,4055,596,1,0.05,27.45
8966,4056,417,2,0.0,37.9
8967,4056,486,3,0.0,265.35
8968,4056,124,1,0.05,180.39
8969,4057,135,1,0.2,93.9
8970,4058,154,2,0.15,137.33
8971,4059,531,4,0.05,350.22
8972,4059,345,1,0.05,182.2
8973,4059,95,2,0.0,140.19
8974,4059,442,1,0.15,8.25
8975,4060,538,2,0.2,285.95
8976,4061,185,3,0.0,43.72
8977,4061,421,3,0.1,11.14
8978,4062,324,2,0.05,214.96
8979,4062,14,4,0.0,66.57
8980,4063,579,1,0.0,70.01
8981,4063,424,3,0.2,45.52
8982,4064,57,1,0.15,354.97
8983,4065,541,1,0.0,167.3
8984,4065,291,4,0.0,
8985,4066,130,2,0.05,127.95
8986,4066,26,1,0.1,
8987,4067,524,2,0.2,49.13
8988,4068,73,2,0.1,62.17
8989,4068,302,2,3.63,41.8
8990,4068,348,1,0.1,46.17
8991,4069,324,1,0.15,217.82
8992,4070,485,1,0.05,179.36
8993,4070,295,1,0.0,31.79
8994,4071,42,3,0.1,71.2
8995,4071,131,3,0.2,262.06
8996,4071,262,4,0.1,373.96
8997,4071,404,1,0.0,387.25
8998,4071,67,2,0.0,38.77
8999,4072,474,2,0.0,63.03
9000,4072,544,1,0.05,140.42
9001,4072,527,3,0.05,351.83
9002,4072,416,1,0.0,70.51
9003,4072,221,1,0.0,44.15
9004,4073,462,2,0.0,349.5
9005,4073,266,1,0.1,335.64
9006,4074,533,2,0.0,156.1
9007,4075,440,2,0.0,11.66
9008,4076,497,2,0.0,89.76
9009,4077,590,3,0.0,253.82
9010,4078,31,1,0.0,105.74
9011,4079,433,1,0.05,133.02
9012,4079,437,1,0.0,192.06
9013,4080,156,1,0.0,98.96
9014,4080,188,1,0.15,23.93
9015,4081,492,1,0.0,26.22
9016,4081,263,2,0.0,261.38
9017,4081,30,1,0.2,17.87
9018,4082,172,1,0.2,53.43
9019,4082,195,2,0.1,296.11
9020,4083,106,1,0.0,191.21
9021,4083,494,3,0.0,206.82
9022,4083,47,2,0.15,251.13
9023,4084,275,2,0.0,191.12
9024,4084,518,1,0.1,32.89
9025,4084,199,4,0.0,
9026,4084,119,1,0.0,57.25
9027,4084,145,1,0.0,102.18
9028,4085,126,1,0.0,84.49
9029,4086,282,1,0.1,30.02
9030,4086,390,2,0.1,240.45
9031,4087,181,2,0.0,132.57
9032,4087,337,2,0.15,32.34
9033,4088,521,2,0.05,199.58
9034,4089,415,2,0.0,222.14
9035,4089,42,2,0.1,73.83
9036,4090,188,2,0.05,22.84
9037,4090,362,2,0.05,31.98
9038,4091,19,1,0.0,
9039,4092,443,2,0.05,190.72
9040,4092,445,1,0.05,29.74
9041,4092,321,1,0.2,10.75
9042,4093,348,4,0.0,45.08
9043,4094,162,1,0.15,179.5
9044,4094,487,1,0.1,187.25
9045,4094,98,2,0.0,97.12
9046,4095,199,2,0.0,247.81
9047,4096,227,4,0.0,
9048,4096,85,1,0.15,20.42
9049,4096,374,1,0.0,130.15
9050,4097,353,2,0.05,33.61
9051,4097,483,2,0.0,80.41
9052,4098,9,2,0.0,103.2
9053,4098,444,1,0.15,165.77
9054,4099,119,1,0.0,58.06
9055,4099,530,2,0.05,166.64
9056,4100,336,1,0.0,
9057,4100,261,1,0.2,163.82
9058,4101,574,1,0.05,276.28
9059,4102,476,3,0.15,210.54
9060,4102,481,1,0.0,32.6
9061,4102,37,1,0.1,10.07
9062,4103,478,1,0.0,119.97
9063,4103,201,3,0.0,49.19
9064,4103,108,1,0.1,174.01
9065,4104,297,1,0.0,53.67
9066,4105,12,3,0.15,87.81
9067,4106,105,2,0.0,5.96
9068,4106,150,1,0.0,130.1
9069,4106,298,1,0.15,267.2
9070,4107,331,1,0.0,149.29
9071,4108,236,3,0.0,13.72
9072,4108,306,1,0.0,22.5
9073,4109,375,1,0.0,306.63
9074,4109,196,3,0.2,289.43
9075,4110,211,2,0.0,308.82
9076,4111,314,1,0.0,168.5
9077,4111,496,4,0.15,268.51
9078,4111,572,1,0.0,210.15
9079,4112,517,3,0.0,52.04
9080,4113,100,1,0.0,317.23
9081,4114,95,2,0.0,135.4
9082,4114,271,4,0.1,331.71
9083,4114,449,2,0.15,120.91
9084,4114,106,2,0.05,199.73
9085,4115,445,1,0.05,30.19
9086,4116,250,1,0.0,418.7
9087,4116,435,1,0.15,350.62
9088,4117,74,1,0.2,191.17
9089,4118,538,4,0.0,282.82
9090,4119,526,4,0.05,280.62
9091,4120,500,4,0.15,277.65
9092,4120,184,2,0.0,376.3
9093,4120,416,1,0.0,72.18
9094,4121,214,4,0.0,175.84
9095,4121,29,1,0.0,25.29
9096,4122,279,2,0.15,31.13
9097,4122,236,2,0.0,13.67
9098,4123,525,1,0.1,173.21
9099,4123,162,4,0.15,172.46
9100,4123,333,3,0.0,28.15
9101,4124,579,4,0.2,67.07
9102,4124,489,3,0.2,123.54
9103,4125,376,2,0.0,
9104,4125,321,2,0.0,11.03
9105,4125,312,1,0.2,118.15
9106,4126,183,1,0.05,262.88
9107,4127,463,1,0.0,88.3
9108,4127,580,3,0.0,170.6
9109,4128,360,1,0.05,48.57
9110,4128,397,2,0.0,
9111,4128,331,1,0.15,147.83
9112,4128,493,4,0.15,218.67
9113,4129,420,1,0.0,197.89
9114,4130,359,3,0.15,334.52
9115,4131,348,1,0.05,44.42
9116,4132,47,2,0.05,258.24
9117,4132,488,3,0.2,12.84
9118,4133,210,1,0.0,253.72
9119,4133,340,1,0.2,370.22
9120,4133,479,3,0.2,113.68
9121,4134,113,1,0.05,68.19
9122,4134,32,4,0.15,231.27
9123,4135,442,2,0.0,9.01
9124,4135,426,1,0.0,
9125,4135,398,4,0.0,15.49
9126,4135,575,1,0.2,329.02
9127,4135,139,2,0.0,262.23
9128,4136,274,1,0.0,44.26
9129,4137,562,1,0.2,341.11
9130,4137,45,1,0.05,264.48
9131,4137,415,1,0.0,212.14
9132,4137,205,1,0.1,197.37
9133,4137,460,1,0.0,174.06
9134,4138,109,3,0.0,117.62
9135,4138,158,1,0.1,293.69
9136,4138,441,2,0.1,86.45
9137,4138,510,1,0.0,180.89
9138,4139,504,3,0.15,
9139,4139,287,1,0.0,141.86
9140,4139,522,4,0.15,113.03
9141,4140,97,2,0.2,294.01
9142,4140,231,1,0.15,46.71
9143,4140,132,1,0.05,50.16
9144,4141,541,2,0.2,171.73
9145,4141,269,2,0.05,205.52
9146,4141,88,1,0.0,147.05
9147,4142,528,1,0.15,260.93
9148,4142,435,1,0.0,343.24
9149,4142,390,1,0.0,235.35
9150,4143,324,1,0.0,215.67
9151,4144,544,2,0.15,137.46
9152,4144,442,4,0.1,8.66
9153,4144,328,2,0.0,102.17
9154,4145,479,2,0.1,112.94
9155,4145,89,4,0.15,194.82
9156,4145,63,2,0.05,71.71
9157,4146,467,1,0.05,322.42
9158,4146,154,1,0.1,143.21
9159,4146,326,4,0.1,34.56
9160,4147,33,4,0.0,95.38
9161,4147,185,1,0.1,42.69
9162,4147,239,4,0.1,28.62
9163,4147,484,4,0.0,198.12
9164,4148,71,3,0.1,250.73
9165,4149,116,2,0.1,244.25
9166,4149,275,4,0.0,188.8
9167,4150,23,3,0.0,90.91
9168,4150,442,1,0.0,8.94
9169,4151,266,1,0.1,331.5
9170,4152,303,1,0.0,40.81
9171,4153,375,4,0.05,316.91
9172,4154,78,1,0.1,234.47
9173,4155,74,2,0.05,192.71
9174,4156,84,1,0.0,78.05
9175,4157,367,2,0.15,201.85
9176,4157,316,1,0.05,286.97
9177,4158,96,2,0.05,44.09
9178,4159,36,2,0.0,178.75
9179,4159,411,3,0.0,154.49
9180,4160,423,3,0.15,48.91
9181,4161,249,1,0.15,129.01
9182,4161,207,1,0.05,311.38
9183,4161,41,1,0.05,278.96
9184,4162,408,1,0.1,281.58
9185,4163,301,1,0.0,46.25
9186,4164,586,2,0.0,265.43
9187,4164,51,1,0.05,16.39
9188,4165,191,1,0.1,46.97
9189,4165,532,2,0.0,222.9
9190,4165,493,1,0.2,214.23
9191,4166,493,2,0.1,217.46
9192,4166,501,4,0.0,
9193,4167,518,3,0.2,35.17
9194,4167,409,2,0.1,175.48
9195,4168,313,1,0.0,179.92
9196,4169,363,2,0.0,227.86
9197,4170,586,1,0.0,254.3
9198,4171,505,1,0.05,82.45
9199,4171,117,1,0.1,182.11
9200,4172,316,1,0.0,288.18
9201,4173,281,2,0.0,168.99
9202,4174,256,4,0.05,175.32
9203,4174,128,2,0.05,58.63
9204,4174,267,2,0.0,312.95
9205,4174,450,4,0.15,6.71
9206,4174,129,2,0.0,339.56
9207,4175,479,4,0.2,107.23
9208,4176,587,2,0.0,165.36
9209,4177,111,2,0.1,209.82
9210,4177,531,1,0.05,368.59
9211,4178,577,2,0.2,233.46
9212,4178,476,2,0.1,201.46
9213,4179,180,1,0.0,301.33
9214,4180,396,1,0.0,54.37
9215,4181,453,1,0.05,168.89
9216,4182,480,1,0.0,68.89
9217,4182,51,1,0.0,16.45
9218,4183,314,1,0.0,171.24
9219,4184,466,1,0.0,58.15
9220,4184,197,1,0.0,140.13
9221,4185,422,1,0.1,81.39
9222,4185,336,2,0.0,78.92
9223,4185,347,1,0.15,131.64
9224,4186,420,3,0.15,206.29
9225,4187,533,3,0.15,150.76
9226,4188,550,3,0.1,207.8
9227,4188,253,4,0.1,
9228,4189,448,2,0.0,164.44
9229,4190,366,1,0.0,70.47
9230,4191,207,3,0.0,299.79
9231,4191,439,2,0.0,243.97
9232,4191,47,2,0.05,235.67
9233,4192,479,2,0.2,112.95
9234,4192,88,1,0.0,159.75
9235,4192,523,1,0.15,306.89
9236,4192,565,2,0.1,97.03
9237,4193,426,2,0.2,
9238,4193,539,1,0.05,137.49
9239,4194,258,1,0.15,13.11
9240,4195,562,2,0.0,323.95
9241,4195,568,3,0.1,145.13
9242,4195,511,2,0.2,182.97
9243,4195,38,1,0.1,262.15
9244,4196,63,2,0.05,72.88
9245,4197,298,3,0.0,281.19
9246,4198,357,2,0.2,135.13
9247,4198,45,1,0.1,258.77
9248,4198,328,1,0.1,97.57
9249,4199,445,4,0.15,29.1
9250,4199,229,4,0.2,9.54
9251,4200,171,3,0.1,155.21
9252,4201,340,1,0.0,396.37
9253,4201,551,4,0.1,31.28
9254,4202,336,3,0.05,74.63
9255,4202,462,1,0.0,337.63
9256,4202,347,4,0.0,133.27
9257,4202,94,1,0.0,266.84
9258,4202,450,1,0.1,7.06
9259,4203,403,2,4.25,159.47
9260,4203,426,0,0.2,
9261,4203,246,2,0.2,160.11
9262,4204,366,2,0.2,65.56
9263,4204,448,2,0.2,162.84
9264,4204,166,1,0.2,138.96
9265,4205,210,3,0.0,242.48
9266,4206,567,1,0.0,25.14
9267,4206,198,3,0.0,147.21
9268,4207,172,2,0.15,55.97
9269,4207,583,3,0.0,65.62
9270,4208,114,2,0.0,285.91
9271,4208,250,1,0.15,387.35
9272,4209,310,4,0.15,
9273,4209,365,4,0.0,51.87
9274,4209,233,1,0.15,268.6
9275,4209,481,1,0.0,32.12
9276,4209,409,1,0.0,176.41
9277,4210,517,3,0.0,56.74
9278,4210,343,1,0.1,300.0
9279,4210,305,3,0.0,185.0
9280,4211,538,4,0.05,290.94
9281,4212,163,1,0.0,347.6
9282,4212,598,2,0.2,24.4
9283,4212,222,1,0.15,107.0
9284,4213,28,4,0.0,248.2
9285,4214,298,2,0.2,269.91
9286,4215,207,2,0.0,311.97
9287,4216,387,4,0.0,42.85
9288,4217,445,1,0.05,28.94
9289,4217,32,4,0.05,236.58
9290,4217,254,1,0.15,
9291,4218,223,1,0.0,345.0
9292,4218,66,1,0.0,100.98
9293,4218,15,1,0.0,121.18
9294,4219,183,2,0.0,266.07
9295,4220,243,1,0.05,239.25
9296,4220,307,2,0.0,141.72
9297,4220,408,1,0.0,266.73
9298,4220,547,1,0.0,183.13
9299,4220,245,1,0.1,374.55
9300,4221,159,1,0.0,96.94
9301,4221,530,1,0.15,166.47
9302,4222,301,2,0.15,49.83
9303,4223,261,4,0.0,171.48
9304,4224,501,1,0.0,
9305,4225,102,1,0.0,69.06
9306,4225,287,3,0.0,133.65
9307,4225,42,1,0.1,71.6
9308,4225,405,1,0.05,105.8
9309,4226,99,1,0.0,292.59
9310,4226,325,3,0.1,243.56
9311,4227,234,4,0.1,117.63
9312,4227,291,2,0.1,201.78
9313,4227,405,1,0.1,103.63
9314,4227,232,3,0.1,255.53
9315,4227,73,1,0.05,61.31
9316,4228,557,4,0.15,73.29
9317,4229,211,1,0.0,282.27
9318,4229,414,2,0.0,96.35
9319,4229,530,1,0.0,157.61
9320,4230,73,1,0.15,60.24
9321,4230,129,2,0.0,319.31
9322,4231,19,2,0.1,
9323,4231,462,4,0.15,332.83
9324,4231,498,4,0.0,78.78
9325,4231,194,1,0.1,70.69
9326,4232,302,3,0.15,41.31
9327,4232,415,1,0.0,229.08
9328,4232,132,1,0.0,46.93
9329,4233,3,4,0.0,39.42
9330,4233,465,2,0.05,166.61
9331,4234,110,2,0.15,253.38
9332,4234,441,2,0.1,89.3
9333,4234,24,2,0.0,98.25
9334,4235,192,2,0.0,245.13
9335,4236,331,3,0.0,147.95
9336,4236,66,2,0.2,102.45
9337,4236,409,2,0.05,173.66
9338,4237,572,1,0.1,220.31
9339,4237,511,1,0.0,178.01
9340,4238,119,4,0.0,59.02
9341,4239,250,2,0.1,420.57
9342,4240,3,1,0.2,
9343,4240,526,1,0.0,262.04
9344,4241,487,1,0.0,171.59
9345,4242,513,2,0.0,283.47
9346,4243,357,1,0.0,139.98
9347,4244,354,3,0.0,131.62
9348,4245,391,1,0.0,232.7
9349,4245,527,1,0.15,369.27
9350,4245,99,1,0.0,291.96
9351,4246,491,3,0.0,122.11
9352,4247,410,2,0.05,19.35
9353,4247,262,4,0.0,370.7
9354,4247,324,1,0.0,217.23
9355,4247,161,2,0.15,189.12
9356,4248,185,1,0.0,44.66
9357,4248,187,3,0.05,39.84
9358,4249,282,2,0.2,29.82
9359,4249,167,1,0.0,7.41
9360,4250,209,1,0.0,81.74
9361,4250,406,2,0.0,
9362,4250,245,3,0.0,373.74
9363,4251,59,2,0.1,184.84
9364,4251,156,2,0.0,92.86
9365,4251,419,3,0.0,241.73
9366,4252,392,2,0.15,72.11
9367,4252,193,4,0.2,284.0
9368,4252,370,2,0.05,126.09
9369,4253,419,1,0.05,254.24
9370,4253,304,3,0.0,61.23
9371,4254,463,2,0.15,88.11
9372,4254,471,3,0.05,89.77
9373,4254,576,1,0.05,265.76
9374,4254,484,2,0.1,198.15
9375,4255,498,1,0.2,80.18
9376,4256,29,1,0.0,26.35
9377,4256,487,2,0.0,187.07
9378,4256,264,3,0.1,110.67
9379,4256,9,1,0.0,97.6
9380,4257,243,1,0.0,239.95
9381,4257,236,1,0.1,13.11
9382,4257,375,1,0.05,319.11
9383,4258,25,3,0.0,135.59
9384,4259,326,4,0.0,34.28
9385,4259,318,4,0.15,37.29
9386,4260,183,4,0.0,252.65
9387,4260,403,2,0.0,162.35
9388,4261,109,2,0.15,117.16
9389,4262,64,2,0.05,307.29
9390,4263,161,1,0.05,205.35
9391,4264,415,4,0.05,214.21
9392,4265,194,3,0.15,72.01
9393,4266,369,2,0.1,149.2
9394,4266,217,3,0.0,139.97
9395,4266,99,1,0.0,291.5
9396,4266,179,3,0.1,15.29
9397,4266,566,1,0.15,231.03
9398,4267,540,1,0.0,100.22
9399,4268,352,1,0.05,75.54
9400,4269,206,4,0.05,138.61
9401,4270,173,4,0.05,143.22
9402,4270,337,3,0.0,30.47
9403,4270,556,2,0.05,197.85
9404,4271,275,1,0.05,198.94
9405,4272,194,2,0.0,68.95
9406,4272,210,1,0.0,240.31
9407,4273,423,2,0.0,46.14
9408,4273,63,2,0.1,68.67
9409,4274,430,3,0.15,122.78
9410,4274,516,2,0.2,19.3
9411,4275,126,2,0.1,89.56
9412,4275,149,4,0.0,187.68
9413,4275,390,2,0.0,246.89
9414,4276,410,1,0.0,20.16
9415,4276,80,2,0.0,91.47
9416,4277,45,3,0.2,280.5
9417,4278,588,1,0.0,210.83
9418,4278,371,1,0.0,118.73
9419,4278,583,1,0.2,69.55
9420,4279,454,2,0.2,214.64
9421,4279,189,1,0.2,173.03
9422,4279,191,1,0.15,46.75
9423,4280,291,2,0.0,200.6
9424,4280,444,2,0.0,155.93
9425,4281,261,1,0.0,167.07
9426,4281,573,1,0.1,105.32
9427,4281,444,4,0.15,171.43
9428,4282,582,1,0.1,120.1
9429,4282,399,1,0.0,290.35
9430,4282,361,3,0.1,222.41
9431,4283,265,4,0.05,29.75
9432,4283,52,1,0.1,103.83
9433,4284,197,3,0.0,138.58
9434,4284,410,2,0.15,19.52
9435,4284,298,1,0.0,264.09
9436,4285,8,2,0.0,45.63
9437,4285,110,1,0.15,260.66
9438,4286,537,1,0.2,12.74
9439,4287,386,2,0.05,49.96
9440,4287,341,2,0.0,
9441,4287,434,2,0.0,38.85
9442,4288,401,1,0.0,159.26
9443,4289,18,1,0.15,352.47
9444,4289,122,1,0.1,257.08
9445,4289,561,2,0.2,372.56
9446,4290,141,2,0.1,229.85
9447,4291,377,3,0.0,170.67
9448,4291,432,4,0.2,159.0
9449,4292,389,1,0.2,84.78
9450,4292,419,4,0.05,263.62
9451,4293,97,1,0.0,306.0
9452,4293,141,3,0.15,238.09
9453,4293,139,2,0.1,260.61
9454,4293,108,1,0.0,178.04
9455,4294,596,4,0.0,27.57
9456,4294,149,2,0.05,197.52
9457,4295,197,1,0.05,140.46
9458,4295,275,2,0.0,203.65
9459,4295,550,1,0.1,218.63
9460,4296,486,4,0.0,260.45
9461,4297,181,3,0.1,141.92
9462,4298,414,1,0.0,94.89
9463,4298,13,1,0.0,172.64
9464,4298,71,1,0.05,252.64
9465,4298,165,2,0.1,111.67
9466,4299,590,3,0.05,242.29
9467,4299,462,1,0.1,326.37
9468,4300,256,3,0.0,179.74
9469,4300,577,1,0.2,
9470,4301,46,2,0.2,51.19
9471,4301,58,3,0.0,258.7
9472,4301,102,1,0.2,73.42
9473,4302,68,2,0.05,265.04
9474,4302,6,2,0.0,16.65
9475,4303,502,1,0.0,317.63
9476,4304,283,2,0.0,118.62
9477,4304,587,1,0.05,155.94
9478,4304,440,3,0.05,11.43
9479,4305,87,1,0.2,129.42
9480,4305,63,1,0.0,68.99
9481,4305,134,4,0.15,255.24
9482,4305,352,3,0.2,75.85
9483,4306,551,3,0.05,31.68
9484,4306,309,1,0.2,
9485,4306,169,1,0.15,
9486,4307,364,2,0.0,60.5
9487,4307,315,1,0.0,13.8
9488,4307,83,3,0.0,42.44
9489,4307,132,2,0.0,47.09
9490,4307,118,2,0.05,76.47
9491,4308,30,1,0.0,17.35
9492,4308,11,3,0.1,135.36
9493,4308,193,1,0.1,281.7
9494,4309,207,1,0.0,314.24
9495,4310,360,2,0.0,50.96
9496,4310,312,2,0.2,117.38
9497,4311,184,1,0.05,398.41
9498,4312,79,1,0.0,253.56
9499,4312,12,2,0.0,88.44
9500,4313,37,1,0.05,9.66
9501,4313,126,1,0.0,84.07
9502,4314,451,3,0.2,43.82
9503,4314,40,1,0.2,79.42
9504,4315,55,3,0.0,51.0
9505,4315,59,2,0.1,190.95
9506,4315,343,2,0.15,290.83
9507,4315,282,2,0.15,
9508,4316,122,2,0.2,251.62
9509,4316,143,1,0.15,119.82
9510,4316,411,3,0.05,157.04
9511,4316,249,3,0.1,124.96
9512,4316,77,2,0.05,49.38
9513,4317,367,4,0.2,220.34
9514,4318,200,2,0.0,277.28
9515,4318,464,3,0.0,91.79
9516,4319,416,4,0.1,70.68
9517,4319,361,1,0.0,217.68
9518,4319,124,1,0.0,188.88
9519,4319,126,2,0.0,89.01
9520,4320,468,3,0.0,48.65
9521,4320,243,4,0.0,231.85
9522,4321,528,1,0.2,266.74
9523,4321,3,4,0.2,38.79
9524,4321,494,3,0.0,203.5
9525,4322,292,1,0.15,140.29
9526,4323,8,1,3.73,48.61
9527,4323,283,1,0.0,122.08
9528,4324,293,1,0.0,160.24
9529,4324,51,2,0.0,16.72
9530,4325,515,4,0.0,126.67
9531,4326,230,2,0.1,16.99
9532,4326,381,2,0.0,45.14
9533,4326,145,1,0.0,98.78
9534,4327,39,2,0.15,163.04
9535,4327,193,4,0.2,285.26
9536,4327,104,2,0.05,42.54
9537,4328,476,1,0.0,214.39
9538,4329,295,2,0.05,34.8
9539,4329,306,2,0.2,
9540,4329,183,2,0.05,264.4
9541,4329,507,3,0.05,194.95
9542,4330,463,1,0.15,87.41
9543,4330,213,1,0.0,24.45
9544,4330,548,4,0.2,60.05
9545,4330,310,2,0.1,288.48
9546,4331,303,1,0.0,39.27
9547,4332,315,1,0.05,14.36
9548,4332,194,3,0.0,67.41
9549,4332,507,1,0.05,186.04
9550,4333,524,2,0.05,52.24
9551,4333,261,3,0.05,165.12
9552,4333,363,3,0.2,217.47
9553,4334,7,2,0.05,196.64
9554,4335,55,4,0.15,51.4
9555,4335,551,2,0.2,31.38
9556,4336,236,3,0.0,13.37
9557,4336,235,3,0.0,94.56
9558,4337,257,4,0.0,369.09
9559,4338,310,1,0.0,292.98
9560,4338,531,4,0.0,354.2
9561,4339,82,2,0.0,207.86
9562,4339,574,3,0.0,274.31
9563,4339,41,2,0.1,296.57
9564,4339,490,2,0.0,173.78
9565,4340,450,1,0.0,6.91
9566,4340,327,3,0.05,224.46
9567,4341,585,2,0.0,6.62
9568,4341,301,4,0.1,46.48
9569,4342,294,1,0.0,21.48
9570,4342,280,4,0.0,244.19
9571,4343,184,2,0.05,381.82
9572,4344,117,1,0.15,173.88
9573,4345,507,1,0.2,194.07
9574,4345,486,1,0.15,280.39
9575,4346,175,3,0.1,124.06
9576,4346,69,2,0.05,185.0
9577,4347,444,2,0.0,167.77
9578,4347,405,1,0.0,100.21
9579,4348,213,4,0.05,23.22
9580,4349,318,2,0.0,37.3
9581,4349,11,4,0.2,134.94
9582,4349,259,1,0.2,144.86
9583,4349,509,3,0.2,66.69
9584,4350,431,3,0.0,229.29
9585,4350,530,1,0.1,170.47
9586,4351,380,2,0.1,345.71
9587,4352,566,4,0.05,218.17
9588,4352,338,2,0.0,177.33
9589,4352,17,2,0.15,35.74
9590,4352,155,2,0.15,206.74
9591,4353,192,1,0.0,257.54
9592,4353,513,4,0.05,284.16
9593,4353,526,2,0.0,281.49
9594,4353,3,1,0.15,37.88
9595,4353,95,1,0.0,138.32
9596,4354,66,3,0.05,106.92
9597,4354,129,4,0.2,324.95
9598,4355,100,4,0.2,326.73
9599,4355,405,2,0.15,100.05
9600,4356,66,1,0.0,105.37
9601,4356,365,3,0.05,48.47
9602,4357,457,3,0.1,187.62
9603,4357,407,1,0.0,57.06
9604,4357,211,4,0.1,282.99
9605,4358,441,3,0.2,85.77
9606,4359,173,1,0.0,
9607,4359,26,2,0.2,
9608,4360,462,1,0.0,323.55
9609,4360,222,1,0.0,106.47
9610,4360,585,3,0.05,6.98
9611,4360,492,3,0.0,26.66
9612,4360,547,1,0.1,190.25
9613,4361,308,1,0.0,369.74
9614,4361,75,4,0.15,17.59
9615,4361,165,1,0.15,111.6
9616,4362,563,1,0.15,203.24
9617,4362,138,1,0.15,155.29
9618,4362,105,1,0.1,5.64
9619,4363,283,3,0.0,123.61
9620,4364,487,3,0.0,178.58
9621,4364,352,4,0.0,77.99
9622,4364,157,1,0.0,18.45
9623,4364,172,3,0.1,56.25
9624,4365,350,1,0.15,51.54
9625,4365,584,1,0.15,270.26
9626,4365,320,4,0.2,76.55
9627,4365,555,1,0.1,160.84
9628,4366,435,1,0.0,
9629,4366,437,1,0.15,190.45
9630,4366,124,-1,0.0,189.73
9631,4367,364,3,0.2,57.47
9632,4368,569,1,0.05,273.65
9633,4368,130,2,0.05,129.6
9634,4369,576,1,0.05,282.27
9635,4369,105,1,0.05,5.51
9636,4369,507,1,0.1,201.19
9637,4370,598,1,0.1,26.2
9638,4370,379,1,1.72,201.38
9639,4371,342,4,0.15,62.35
9640,4371,583,3,0.0,66.75
9641,4372,390,1,0.0,254.57
9642,4372,41,1,0.0,288.46
9643,4373,338,2,0.0,174.53
9644,4374,3,3,0.0,38.87
9645,4374,265,1,0.0,28.0
9646,4375,303,1,0.15,41.33
9647,4375,332,1,0.05,156.6
9648,4376,369,2,0.0,147.82
9649,4377,478,1,0.05,125.8
9650,4377,333,1,0.2,27.62
9651,4377,56,2,0.1,72.49
9652,4378,369,1,0.05,155.8
9653,4379,275,3,0.15,188.29
9654,4380,358,1,0.15,152.2
9655,4381,394,1,0.05,
9656,4381,296,0,0.0,50.48
9657,4382,592,4,0.0,261.08
9658,4382,272,1,0.1,84.31
9659,4383,294,2,0.15,21.89
9660,4383,30,1,0.0,16.6
9661,4384,513,4,0.15,287.82
9662,4385,572,1,0.2,216.41
9663,4385,164,2,0.1,182.59
9664,4385,588,3,0.0,193.29
9665,4386,338,1,0.0,172.7
9666,4386,569,3,0.05,259.01
9667,4387,179,2,0.1,14.95
9668,4388,214,4,0.1,182.87
9669,4389,10,2,0.0,114.39
9670,4390,545,1,0.2,237.51
9671,4390,427,1,0.0,88.72
9672,4391,132,1,0.05,46.9
9673,4392,13,1,0.0,181.73
9674,4393,357,1,0.0,132.67
9675,4394,285,1,0.0,
9676,4394,400,1,0.0,280.85
9677,4395,247,4,0.2,72.27
9678,4395,1,3,0.05,153.2
9679,4395,588,1,0.0,200.95
9680,4395,324,1,0.15,219.52
9681,4396,585,2,0.0,6.89
9682,4396,108,4,0.15,180.36
9683,4396,126,1,0.0,91.02
9684,4397,258,3,0.2,12.94
9685,4397,53,1,0.05,
9686,4397,382,1,0.05,91.02
9687,4398,278,2,0.0,255.8
9688,4398,128,2,0.2,57.89
9689,4398,182,2,0.0,148.73
9690,4399,123,1,0.2,14.26
9691,4399,519,3,0.0,128.54
9692,4399,553,1,0.0,223.26
9693,4399,185,2,0.0,45.78
9694,4400,262,1,0.0,388.83
9695,4401,267,1,0.0,311.14
9696,4401,526,4,0.15,272.16
9697,4401,431,1,0.1,237.3
9698,4402,66,2,0.05,102.47
9699,4402,170,1,0.0,105.62
9700,4402,332,2,0.0,154.86
9701,4402,180,3,0.0,317.06
9702,4403,339,3,0.15,36.36
9703,4404,47,1,0.15,245.8
9704,4404,2,2,0.2,235.43
9705,4404,370,1,0.05,123.59
9706,4404,576,1,0.05,262.68
9707,4404,284,3,0.0,115.07
9708,4405,322,1,0.2,60.11
9709,4405,128,2,0.15,59.16
9710,4405,318,1,0.0,37.72
9711,4405,408,1,0.15,270.85
9712,4406,301,4,0.2,45.65
9713,4406,550,1,0.1,220.13
9714,4407,351,2,0.1,112.37
9715,4407,367,3,0.15,219.32
9716,4407,212,3,0.0,33.95
9717,4407,400,2,0.0,283.85
9718,4408,533,1,0.05,153.06
9719,4408,512,2,0.1,372.77
9720,4409,196,2,0.0,277.45
9721,4409,435,3,0.2,349.34
9722,4409,244,1,0.1,16.11
9723,4409,368,2,0.1,150.85
9724,4410,377,1,0.2,176.95
9725,4410,151,4,0.0,22.74
9726,4410,439,1,0.0,236.54
9727,4411,175,2,0.0,124.44
9728,4411,428,2,0.2,53.31
9729,4411,279,3,0.2,31.25
9730,4411,174,1,0.0,125.58
9731,4411,12,1,0.0,83.21
9732,4412,207,1,0.0,297.13
9733,4413,384,3,0.15,292.86
9734,4414,285,1,0.0,248.14
9735,4414,101,1,0.2,133.45
9736,4415,182,4,0.1,145.02
9737,4415,88,1,0.2,153.77
9738,4415,355,2,0.0,
9739,4416,294,3,0.15,21.89
9740,4416,562,2,0.0,314.78
9741,4417,403,1,0.0,155.1
9742,4417,244,2,0.1,17.37
9743,4418,590,1,0.1,249.77
9744,4419,365,1,0.0,50.93
9745,4419,249,2,0.0,129.17
9746,4420,523,1,0.05,294.77
9747,4420,452,1,0.2,67.17
9748,4421,565,3,0.0,98.61
9749,4421,191,1,0.05,48.7
9750,4422,167,1,0.0,7.66
9751,4422,302,1,0.2,42.31
9752,4422,558,1,0.2,198.42
9753,4422,510,1,0.0,177.94
9754,4422,144,1,0.05,152.59
9755,4423,371,3,0.2,127.94
9756,4424,504,3,0.0,
9757,4425,398,2,0.2,15.34
9758,4425,413,2,0.05,229.68
9759,4425,375,2,0.0,293.37
9760,4425,353,1,0.15,34.43
9761,4426,97,1,0.2,292.65
9762,4427,566,1,0.0,218.62
9763,4428,77,1,0.0,50.03
9764,4428,320,1,0.0,77.88
9765,4429,147,3,0.05,224.98
9766,4429,560,1,0.1,
9767,4429,189,2,0.05,171.07
9768,4430,219,1,0.0,34.76
9769,4431,250,3,0.0,399.3
9770,4431,397,2,0.1,
9771,4432,390,2,0.1,244.32
9772,4432,120,2,0.0,159.36
9773,4432,203,1,0.0,133.64
9774,4432,106,1,0.0,196.33
9775,4433,516,2,0.0,19.08
9776,4433,72,3,0.0,133.09
9777,4434,401,2,0.05,159.91
9778,4435,581,3,0.0,179.36
9779,4436,84,2,0.05,79.72
9780,4436,118,1,0.05,74.99
9781,4437,589,1,0.2,170.05
9782,4438,476,3,0.0,206.56
9783,4439,538,2,0.0,292.69
9784,4439,153,1,0.0,303.88
9785,4439,231,4,0.05,46.28
9786,4439,103,2,0.2,118.75
9787,4440,15,1,0.0,124.78
9788,4441,137,2,0.1,344.95
9789,4441,223,1,0.05,342.23
9790,4441,387,4,0.15,41.34
9791,4441,291,3,0.2,191.15
9792,4442,351,3,0.15,108.05
9793,4442,548,1,0.15,58.91
9794,4442,122,1,0.0,251.79
9795,4443,80,1,0.0,86.8
9796,4444,486,1,0.15,283.33
9797,4444,571,4,0.0,223.74
9798,4444,475,1,0.0,295.8
9799,4444,523,1,0.0,295.08
9800,4445,224,3,0.2,373.55
9801,4446,475,2,0.15,275.1
9802,4446,184,1,0.0,374.32
9803,4447,303,1,0.0,41.47
9804,4447,585,1,0.0,
9805,4448,217,2,0.0,139.59
9806,4449,272,4,0.05,86.07
9807,4450,562,1,0.0,310.7
9808,4451,514,2,0.05,336.32
9809,4451,205,1,0.0,202.12
9810,4452,80,1,0.2,
9811,4452,539,4,0.05,133.03
9812,4453,368,1,0.05,149.31
9813,4453,479,2,0.0,113.0
9814,4453,259,1,0.0,149.07
9815,4453,553,2,0.05,241.02
9816,4453,14,1,0.2,70.35
9817,4454,145,1,0.2,98.63
9818,4454,58,2,0.0,261.49
9819,4455,373,2,0.0,
9820,4455,82,4,0.15,207.2
9821,4456,493,2,0.0,233.87
9822,4457,392,1,0.0,72.91
9823,4457,383,4,0.15,17.31
9824,4458,565,2,0.1,
9825,4458,117,2,0.0,174.55
9826,4458,268,4,0.1,310.76
9827,4458,32,1,0.0,235.3
9828,4459,331,3,0.1,151.41
9829,4459,294,2,0.0,21.13
9830,4459,528,4,0.1,261.07
9831,4460,570,4,0.1,162.25
9832,4460,417,2,0.05,37.57
9833,4460,410,1,0.0,19.09
9834,4460,249,1,0.0,122.57
9835,4461,408,4,0.1,270.16
9836,4462,294,3,0.0,21.72
9837,4462,352,1,0.0,75.04
9838,4462,398,4,0.2,14.51
9839,4462,484,1,0.0,180.36
9840,4462,168,1,0.0,13.31
9841,4463,576,1,0.0,273.74
9842,4463,363,1,0.0,229.83
9843,4463,220,2,0.0,
9844,4463,250,3,0.0,416.97
9845,4464,46,1,0.05,50.68
9846,4465,560,4,0.0,
9847,4465,106,2,0.0,192.33
9848,4465,256,3,0.0,170.61
9849,4466,179,2,0.0,14.92
9850,4467,515,4,0.15,128.37
9851,4467,532,2,0.15,214.95
9852,4468,532,2,0.0,226.89
9853,4468,283,1,0.0,117.56
9854,4469,314,4,0.15,174.85
9855,4470,411,2,0.2,154.23
9856,4471,10,4,0.05,118.67
9857,4471,557,2,0.0,75.96
9858,4471,342,2,0.2,64.97
9859,4471,200,4,0.0,275.39
9860,4471,185,1,0.05,46.15
9861,4472,304,3,0.15,61.87
9862,4472,415,4,0.0,212.91
9863,4473,552,2,0.2,
9864,4473,378,4,0.2,58.54
9865,4474,416,1,0.2,68.2
9866,4474,326,1,0.05,33.5
9867,4475,555,2,0.15,154.45
9868,4475,89,2,0.2,201.02
9869,4475,371,1,0.0,126.34
9870,4476,35,3,0.0,38.78
9871,4477,234,1,0.05,120.04
9872,4477,289,1,0.0,64.77
9873,4477,388,2,0.2,182.31
9874,4477,43,4,0.15,
9875,4478,532,3,0.0,234.29
9876,4479,179,2,0.0,14.36
9877,4480,374,3,0.1,120.74
9878,4481,30,1,0.15,17.24
9879,4482,272,1,0.2,83.43
9880,4483,40,4,0.0,82.35
9881,4483,193,1,0.05,287.55
9882,4483,133,1,0.2,307.34
9883,4483,213,2,0.0,24.68
9884,4483,106,2,0.05,186.15
9885,4484,495,1,0.2,102.05
9886,4484,343,2,0.0,307.52
9887,4484,442,4,0.2,8.49
9888,4485,94,3,0.0,254.03
9889,4485,510,3,0.2,191.64
9890,4486,111,2,0.05,223.32
9891,4486,151,4,0.0,21.29
9892,4486,157,2,0.0,18.62
9893,4486,514,1,0.0,347.56
9894,4487,595,1,0.15,113.19
9895,4487,400,1,0.0,291.95
9896,4487,577,1,0.2,238.23
9897,4488,287,3,0.0,131.43
9898,4489,347,3,0.05,127.53
9899,4489,392,2,0.2,72.0
9900,4489,553,2,0.0,239.63
9901,4490,250,1,0.1,402.64
9902,4491,448,2,0.15,158.4
9903,4491,511,3,0.0,191.36
9904,4492,544,2,0.1,148.54
9905,4493,300,2,0.2,43.28
9906,4493,92,1,0.0,352.8
9907,4493,155,4,0.05,198.52
9908,4494,365,2,0.0,50.4
9909,4495,148,1,0.15,45.31
9910,4495,308,3,0.0,343.79
9911,4495,168,1,0.15,12.78
9912,4496,92,1,0.0,358.47
9913,4496,369,1,0.1,152.15
9914,4496,483,4,0.15,79.58
9915,4496,367,1,0.2,211.45
9916,4496,416,2,0.15,67.72
9917,4497,232,1,0.1,236.51
9918,4498,486,3,0.15,262.44
9919,4498,419,1,0.05,258.21
9920,4499,458,3,0.15,164.22
9921,4499,427,2,0.0,92.64
9922,4500,535,1,0.0,
9923,4500,540,2,0.0,92.82
9924,4501,46,1,0.2,50.25
9925,4502,257,2,0.0,362.13
9926,4503,138,2,0.0,156.81
9927,4503,522,1,0.0,110.72
9928,4504,402,1,0.0,192.4
9929,4504,460,2,0.15,175.31
9930,4505,179,2,0.0,14.34
9931,4506,488,4,0.0,12.52
9932,4507,165,1,0.1,107.76
9933,4507,82,2,0.05,203.09
9934,4507,409,2,0.1,164.88
9935,4508,389,1,0.05,84.79
9936,4508,560,2,0.05,
9937,4508,204,1,0.15,81.51
9938,4509,433,-1,0.0,126.82
9939,4509,156,2,0.15,100.43
9940,4510,508,1,0.05,284.93
9941,4510,124,3,0.0,182.88
9942,4510,114,2,0.1,278.53
9943,4511,80,1,0.1,89.34
9944,4511,58,1,0.05,251.7
9945,4511,556,1,0.0,202.87
9946,4511,379,1,0.0,202.89
9947,4511,359,1,0.2,349.28
9948,4512,258,1,0.1,12.86
9949,4512,487,1,0.0,174.04
9950,4513,88,2,0.0,145.53
9951,4513,334,1,0.1,
9952,4514,436,1,0.05,98.53
9953,4514,539,4,0.05,144.43
9954,4515,43,1,0.05,83.58
9955,4515,161,1,0.15,190.13
9956,4516,328,1,0.0,95.94
9957,4516,450,1,0.0,6.92
9958,4517,476,1,0.0,202.91
9959,4517,525,2,0.1,173.72
9960,4517,547,1,0.15,187.99
9961,4517,420,4,0.0,208.57
9962,4518,412,1,0.0,103.31
9963,4518,510,2,0.1,183.35
9964,4519,331,1,0.05,158.35
9965,4520,78,1,0.0,239.6
9966,4520,26,2,0.2,
9967,4521,535,2,0.05,
9968,4522,444,4,0.1,156.27
9969,4522,448,3,0.15,166.53
9970,4522,585,4,0.0,6.71
9971,4523,334,2,0.0,
9972,4524,384,3,0.0,312.2
9973,4524,17,1,0.1,33.54
9974,4524,485,2,0.1,170.07
9975,4525,58,3,0.0,245.77
9976,4525,585,3,0.05,6.8
9977,4525,23,3,0.05,89.58
9978,4525,332,1,0.1,144.96
9979,4526,526,2,0.15,281.94
9980,4527,206,3,0.15,140.28
9981,4528,574,2,0.2,266.88
9982,4528,319,1,0.0,136.51
9983,4529,136,1,0.1,298.09
9984,4529,490,3,0.0,170.68
9985,4529,408,4,0.05,269.82
9986,4530,354,4,0.0,130.81
9987,4530,600,1,0.1,176.84
9988,4530,158,2,0.0,296.72
9989,4531,100,3,0.15,342.67
9990,4531,364,1,0.0,55.97
9991,4532,335,3,0.0,52.37
9992,4533,586,4,0.2,259.78
9993,4533,44,1,0.0,246.67
9994,4533,381,1,0.0,43.89
9995,4533,489,4,0.2,127.38
9996,4534,181,2,0.1,136.75
9997,4535,213,1,0.1,23.32
9998,4535,567,1,0.0,25.41
9999,4535,406,1,0.15,
10000,4536,247,1,0.15,68.25
10001,4536,90,2,0.2,206.55
10002,4536,243,3,0.2,238.74
10003,4536,356,3,0.05,240.21
10004,4536,364,1,0.0,58.69
10005,4537,441,3,0.0,86.79
10006,4537,540,1,0.0,94.7
10007,4538,595,2,0.0,116.86
10008,4539,368,4,0.1,149.02
10009,4539,105,1,0.2,6.01
10010,4540,28,3,0.15,253.79
10011,4540,313,1,0.05,167.58
10012,4541,225,4,0.0,84.51
10013,4542,555,2,0.0,162.79
10014,4542,252,1,0.1,116.81
10015,4543,184,1,0.15,376.57
10016,4543,337,4,0.0,30.97
10017,4544,230,2,0.0,16.75
10018,4544,227,2,0.0,
10019,4545,315,3,0.2,14.2
10020,4546,315,4,0.2,14.03
10021,4547,567,4,0.0,24.92
10022,4547,563,1,0.0,212.68
10023,4547,466,4,0.05,62.26
10024,4548,437,1,0.05,194.43
10025,4548,228,4,0.05,39.86
10026,4549,65,3,0.2,8.36
10027,4550,231,3,0.1,47.04
10028,4550,578,1,0.0,233.34
10029,4550,89,4,0.15,201.07
10030,4550,539,1,0.2,139.68
10031,4551,325,2,0.0,250.09
10032,4551,498,2,0.0,77.71
10033,4552,555,1,0.0,166.41
10034,4552,39,1,0.1,161.11
10035,4552,118,4,0.15,78.47
10036,4553,481,1,0.0,32.22
10037,4553,305,1,0.0,170.91
10038,4554,487,2,0.15,170.88
10039,4555,432,3,0.2,152.52
10040,4556,501,1,0.15,
10041,4556,356,1,0.2,253.06
10042,4557,200,1,0.0,274.3
10043,4557,413,1,0.2,222.07
10044,4557,149,4,0.0,182.86
10045,4558,196,3,0.2,292.39
10046,4558,214,3,0.0,180.65
10047,4559,365,2,0.0,49.03
10048,4559,358,1,0.0,144.77
10049,4559,354,1,0.0,129.49
10050,4560,336,4,0.05,76.72
10051,4560,383,2,0.05,17.2
10052,4561,486,1,0.2,285.07
10053,4561,356,2,0.2,242.43
10054,4561,252,1,0.2,122.11
10055,4562,82,3,0.05,204.74
10056,4563,367,1,0.05,220.47
10057,4563,336,4,0.0,75.68
10058,4563,363,1,0.0,222.82
10059,4563,33,4,0.2,97.6
10060,4563,480,3,0.0,66.09
10061,4564,14,4,0.1,69.95
10062,4565,313,1,0.0,178.35
10063,4565,447,3,0.0,229.18
10064,4565,587,2,0.15,156.62
10065,4566,94,3,0.05,257.83
10066,4566,441,3,0.15,81.63
10067,4566,502,1,0.05,316.29
10068,4567,226,3,0.0,259.63
10069,4568,86,1,0.0,134.57
10070,4568,469,1,0.05,15.46
10071,4569,596,4,0.1,29.38
10072,4569,206,2,0.2,131.92
10073,4570,142,1,0.15,82.69
10074,4570,334,2,0.0,
10075,4570,440,1,0.1,11.09
10076,4571,532,4,0.0,229.62
10077,4571,336,2,0.05,76.54
10078,4572,364,3,0.0,60.38
10079,4572,529,1,0.15,218.67
10080,4572,171,1,0.0,154.88
10081,4573,328,3,0.1,100.09
10082,4573,379,4,0.15,194.34
10083,4573,198,2,0.05,141.91
10084,4573,560,4,0.0,
10085,4574,76,3,0.2,236.87
10086,4574,147,1,0.0,237.89
10087,4575,487,1,0.15,188.32
10088,4575,304,1,0.1,58.56
10089,4576,337,1,0.0,31.53
10090,4576,572,1,0.1,229.31
10091,4577,162,3,0.2,176.2
10092,4578,212,1,0.0,33.22
10093,4578,451,1,0.0,45.97
10094,4579,142,4,0.1,83.41
10095,4580,464,2,0.2,91.7
10096,4580,210,3,0.15,254.31
10097,4580,75,4,0.1,18.78
10098,4580,501,1,0.0,
10099,4581,286,4,0.15,187.86
10100,4582,116,1,0.15,256.89
10101,4582,338,2,0.2,170.62
10102,4582,380,1,0.0,328.95
10103,4583,137,3,0.0,345.84
10104,4583,507,2,0.05,196.79
10105,4584,558,1,0.15,199.6
10106,4584,483,4,0.0,87.16
10107,4584,397,3,0.2,
10108,4585,516,2,0.05,18.43
10109,4585,557,1,0.0,73.35
10110,4585,610,2,0.15,
10111,4586,463,1,0.0,84.86
10112,4587,492,1,0.1,27.35
10113,4588,505,2,0.0,84.66
10114,4588,292,1,0.0,132.74
10115,4589,305,2,0.0,184.14
10116,4590,371,2,0.0,124.82
10117,4591,330,1,0.05,208.23
10118,4591,388,1,0.0,177.63
10119,4591,247,1,0.0,70.79
10120,4592,555,3,0.15,155.73
10121,4593,331,1,0.1,150.48
10122,4593,598,3,0.1,26.4
10123,4594,208,2,0.05,189.3
10124,4594,442,4,0.15,8.89
10125,4594,104,3,0.0,42.23
10126,4594,330,1,0.0,208.59
10127,4594,579,4,0.1,67.03
10128,4595,150,2,0.05,129.63
10129,4595,515,1,0.2,132.79
10130,4595,134,1,0.0,243.87
10131,4596,375,1,0.15,309.97
10132,4597,214,2,0.05,182.79
10133,4598,552,3,0.0,
10134,4599,302,1,0.05,42.4
10135,4599,211,3,0.05,281.99
10136,4600,110,4,0.0,251.45
10137,4600,11,1,0.0,138.17
10138,4600,170,1,0.0,109.73
10139,4601,184,2,0.15,402.19
10140,4601,345,1,0.0,179.65
10141,4601,73,2,0.05,61.48
10142,4602,589,2,0.1,176.02
10143,4602,350,1,0.0,50.34
10144,4603,464,4,0.0,91.46
10145,4603,169,2,0.15,
10146,4604,333,2,0.2,26.56
10147,4604,351,2,0.15,115.93
10148,4605,535,1,0.0,
10149,4605,378,1,0.05,57.27
10150,4606,226,1,0.15,248.22
10151,4606,580,4,0.15,174.73
10152,4606,465,3,0.0,166.52
10153,4606,266,1,0.1,356.21
10154,4606,347,2,0.1,128.82
10155,4607,309,4,0.2,
10156,4608,442,4,0.0,8.79
10157,4608,215,3,0.0,83.8
10158,4608,388,1,0.05,176.22
10159,4608,189,2,0.15,174.84
10160,4608,609,1,0.15,
10161,4609,569,1,0.0,271.35
10162,4609,215,2,0.0,80.65
10163,4609,559,4,0.0,44.6
10164,4609,266,2,0.2,344.82
10165,4609,207,3,0.2,297.39
10166,4610,324,2,0.2,198.92
10167,4610,163,2,0.05,349.21
10168,4611,485,1,0.2,175.33
10169,4611,560,1,0.0,
10170,4612,77,2,0.1,51.16
10171,4612,320,3,0.15,82.37
10172,4612,507,1,0.05,198.56
10173,4612,382,1,0.0,99.67
10174,4612,552,2,0.0,
10175,4613,422,2,0.0,81.59
10176,4614,262,1,0.1,388.24
10177,4614,198,3,0.2,142.53
10178,4615,121,4,0.15,390.31
10179,4615,511,2,0.0,184.48
10180,4615,180,3,0.1,320.23
10181,4615,491,1,0.0,127.25
10182,4615,79,1,0.05,244.09
10183,4616,160,2,0.15,44.12
10184,4616,438,2,0.1,10.1
10185,4617,509,4,0.0,65.84
10186,4618,179,2,0.15,15.62
10187,4618,451,1,0.0,44.26
10188,4618,226,1,0.0,247.06
10189,4618,125,1,0.0,357.71
10190,4619,121,3,0.0,376.32
10191,4619,6,1,0.0,15.89
10192,4620,292,2,0.0,138.7
10193,4620,149,4,0.05,182.63
10194,4620,558,3,0.05,187.42
10195,4620,367,1,0.2,203.04
10196,4621,266,4,0.0,338.74
10197,4621,474,1,0.2,60.8
10198,4622,540,3,0.1,99.4
10199,4622,335,1,0.0,51.41
10200,4623,109,3,0.0,125.68
10201,4623,559,4,0.2,44.74
10202,4623,325,3,0.0,252.38
10203,4623,491,4,0.05,124.2
10204,4624,90,1,0.0,207.26
10205,4624,107,3,0.1,154.53
10206,4625,416,2,0.05,71.15
10207,4626,444,1,0.0,162.44
10208,4626,516,2,0.0,18.6
10209,4626,28,2,0.0,242.81
10210,4627,131,1,0.15,266.28
10211,4627,39,2,0.15,167.01
10212,4627,135,1,0.0,96.51
10213,4627,130,3,0.05,119.69
10214,4628,88,4,0.05,150.39
10215,4628,365,1,0.2,49.55
10216,4628,414,1,0.0,94.11
10217,4628,31,1,0.0,100.65
10218,4629,432,1,0.0,164.73
10219,4629,106,2,0.0,201.86
10220,4629,200,1,0.05,284.04
10221,4629,564,1,0.0,31.24
10222,4630,168,2,0.0,13.76
10223,4630,198,4,0.2,140.66
10224,4630,531,1,0.0,358.38
10225,4630,556,1,0.2,197.9
10226,4631,269,2,0.1,220.53
10227,4631,46,3,0.0,50.22
10228,4632,398,3,0.0,14.05
10229,4633,237,2,0.1,25.74
10230,4633,53,1,0.0,223.44
10231,4634,401,2,0.2,165.58
10232,4635,213,4,0.15,24.68
10233,4635,226,1,0.2,240.92
10234,4635,5,2,0.0,220.02
10235,4636,523,1,0.0,297.29
10236,4637,129,3,0.0,333.26
10237,4638,232,1,0.0,243.76
10238,4638,499,2,0.15,213.82
10239,4639,546,2,0.05,326.37
10240,4640,236,4,0.05,12.79
10241,4640,294,1,0.0,21.66
10242,4641,351,1,0.05,112.03
10243,4641,58,1,0.05,238.99
10244,4641,14,1,0.0,66.31
10245,4642,259,1,0.0,145.33
10246,4642,307,1,0.05,139.67
10247,4643,163,1,0.0,335.89
10248,4643,124,1,0.0,180.47
10249,4644,54,1,0.0,147.23
10250,4644,115,1,0.0,312.84
10251,4644,99,2,0.2,288.65
10252,4645,152,2,0.15,192.69
10253,4646,64,4,0.0,325.01
10254,4646,30,1,0.15,16.94
10255,4646,597,2,0.0,122.7
10256,4647,76,2,0.0,225.82
10257,4647,197,1,0.1,139.92
10258,4647,176,4,0.0,202.26
10259,4648,105,1,0.05,5.92
10260,4648,35,2,0.15,39.54
10261,4648,251,2,0.15,221.43
10262,4649,312,1,0.0,113.66
10263,4649,227,1,0.1,
10264,4649,495,1,0.0,97.65
10265,4649,394,1,0.0,
10266,4650,144,1,0.0,145.21
10267,4650,83,4,0.2,42.54
10268,4651,551,2,0.0,33.1
10269,4651,61,1,0.0,320.14
10270,4652,33,1,0.0,94.1
10271,4652,206,2,0.0,141.53
10272,4653,319,1,0.1,139.23
10273,4653,429,3,0.15,17.59
10274,4653,147,3,0.0,222.72
10275,4654,600,1,0.1,168.74
10276,4654,227,1,0.15,
10277,4654,264,1,0.1,109.12
10278,4654,147,2,0.15,237.47
10279,4654,250,4,0.0,394.48
10280,4655,164,2,0.05,194.76
10281,4655,185,3,0.2,44.94
10282,4656,188,2,0.2,24.03
10283,4656,343,2,0.15,295.62
10284,4657,46,1,0.1,
10285,4657,417,2,0.2,38.23
10286,4658,460,1,0.05,173.91
10287,4659,107,1,0.05,166.2
10288,4660,432,1,0.15,155.76
10289,4660,464,2,0.0,86.93
10290,4660,575,4,0.15,330.18
10291,4660,17,2,0.1,34.97
10292,4661,148,2,0.0,46.76
10293,4661,458,1,0.05,168.92
10294,4661,318,2,0.0,36.5
10295,4661,551,3,0.2,31.92
10296,4661,365,1,0.1,49.74
10297,4662,137,1,0.15,355.43
10298,4663,262,1,0.0,370.78
10299,4663,511,1,0.15,189.12
10300,4663,29,3,0.15,24.28
10301,4663,153,2,0.05,298.45
10302,4664,165,1,0.0,112.21
10303,4665,579,3,0.2,67.75
10304,4665,317,1,0.0,162.39
10305,4665,357,1,0.2,142.72
10306,4665,79,1,0.1,238.56
10307,4666,505,1,0.0,79.24
10308,4666,47,2,0.0,252.73
10309,4667,309,1,0.0,
10310,4667,442,2,0.0,8.83
10311,4668,101,1,0.05,134.33
10312,4668,12,2,0.1,87.84
10313,4668,258,3,0.0,12.9
10314,4669,223,3,0.0,342.68
10315,4670,370,1,0.0,122.73
10316,4671,165,2,0.0,106.4
10317,4671,147,4,0.0,237.21
10318,4671,586,4,0.05,270.36
10319,4672,435,2,0.2,345.04
10320,4672,478,1,0.1,115.99
10321,4672,591,2,0.1,273.3
10322,4672,175,1,0.0,127.42
10323,4672,458,1,0.1,158.2
10324,4673,97,3,0.05,299.88
10325,4673,145,3,0.0,96.49
10326,4673,26,4,0.15,
10327,4673,299,1,0.0,165.23
10328,4674,102,4,0.05,69.4
10329,4674,87,1,0.0,125.44
10330,4675,581,3,0.2,184.28
10331,4676,12,1,0.0,84.27
10332,4676,104,4,0.15,40.86
10333,4676,137,2,0.0,362.47
10334,4676,160,2,0.15,41.64
10335,4676,440,1,0.2,11.9
10336,4677,513,4,0.0,289.96
10337,4677,449,1,0.15,124.3
10338,4677,377,1,0.15,165.83
10339,4677,272,2,0.05,83.04
10340,4677,388,-1,0.0,175.08
10341,4678,151,4,0.0,22.57
10342,4678,59,1,0.0,188.32
10343,4678,261,2,0.0,169.93
10344,4679,580,1,0.2,180.71
10345,4679,382,2,0.2,96.01
10346,4679,107,2,0.2,154.81
10347,4680,359,3,0.0,328.65
10348,4680,537,2,0.0,12.64
10349,4681,47,1,0.1,240.13
10350,4681,122,4,0.0,251.57
10351,4682,366,4,0.0,66.54
10352,4683,501,4,0.05,
10353,4683,135,3,0.15,96.09
10354,4683,476,2,0.05,208.8
10355,4684,169,3,0.0,
10356,4685,192,3,0.15,252.79
10357,4686,248,1,0.0,
10358,4686,395,2,0.15,197.74
10359,4686,166,4,0.15,134.02
10360,4686,213,2,0.0,23.59
10361,4687,386,2,0.05,48.12
10362,4688,42,2,0.1,73.55
10363,4688,369,3,0.15,149.58
10364,4688,598,4,0.2,25.19
10365,4688,166,2,0.0,129.54
10366,4688,43,1,0.0,83.79
10367,4689,31,2,0.0,100.09
10368,4689,549,1,0.05,53.62
10369,4690,397,2,0.0,
10370,4690,408,2,0.05,273.83
10371,4691,466,2,0.0,61.43
10372,4691,116,3,2.73,234.65
10373,4692,245,4,0.15,379.88
10374,4692,323,1,0.1,53.58
10375,4692,447,2,0.1,230.57
10376,4693,46,-1,0.0,46.49
10377,4693,522,4,0.05,109.69
10378,4693,93,2,0.0,96.42
10379,4694,133,4,0.15,319.16
10380,4694,6,1,0.0,17.07
10381,4694,482,1,0.1,72.96
10382,4695,264,1,0.0,113.17
10383,4695,301,1,0.0,46.14
10384,4695,446,1,0.0,291.08
10385,4696,288,2,0.15,
10386,4696,226,2,0.2,256.78
10387,4697,20,1,0.1,197.77
10388,4698,186,3,0.2,23.61
10389,4698,606,3,0.1,
10390,4699,189,3,0.0,169.52
10391,4699,333,1,0.0,27.35
10392,4699,310,2,0.1,303.48
10393,4699,411,2,0.0,152.83
10394,4699,407,1,0.0,57.05
10395,4700,596,4,0.0,28.93
10396,4700,214,1,0.0,184.85
10397,4700,84,3,0.2,76.21
10398,4701,138,1,0.0,166.05
10399,4702,11,3,0.0,133.43
10400,4702,382,2,0.0,98.9
10401,4703,502,3,0.05,307.54
10402,4703,468,3,0.0,48.63
10403,4703,446,3,0.1,268.22
10404,4704,134,4,0.1,253.97
10405,4704,520,1,0.0,22.21
10406,4705,574,2,0.0,284.53
10407,4705,302,3,0.0,41.82
10408,4706,582,2,0.05,130.44
10409,4706,196,2,0.0,288.33
10410,4706,558,4,0.0,200.47
10411,4707,545,1,0.15,251.05
10412,4707,169,2,0.0,
10413,4707,218,4,0.0,36.4
10414,4708,497,4,0.0,97.5
10415,4708,370,2,0.1,130.78
10416,4709,134,1,0.15,245.36
10417,4709,596,4,0.0,27.54
10418,4710,57,4,0.1,356.28
10419,4710,50,2,0.0,10.12
10420,4711,429,3,0.0,16.03
10421,4711,69,3,0.0,179.03
10422,4712,250,1,0.05,417.78
10423,4712,374,2,0.0,124.92
10424,4712,159,1,0.0,100.11
10425,4712,459,4,0.05,130.07
10426,4713,547,4,0.0,195.96
10427,4713,21,2,0.05,44.1
10428,4714,491,3,0.15,128.23
10429,4715,119,3,0.15,57.15
10430,4715,316,2,0.0,284.29
10431,4715,52,4,0.2,106.21
10432,4716,537,1,0.0,11.95
10433,4717,329,1,0.0,81.82
10434,4718,188,2,0.1,24.58
10435,4719,557,1,0.1,72.38
10436,4719,291,2,0.1,200.28
10437,4720,199,1,0.0,245.41
10438,4720,282,1,0.15,29.76
10439,4721,594,1,0.0,147.15
10440,4722,159,2,0.0,96.05
10441,4723,321,1,0.1,10.76
10442,4724,498,3,0.15,83.87
10443,4724,489,4,0.2,123.41
10444,4724,348,1,0.0,46.0
10445,4725,169,2,0.15,
10446,4726,496,1,0.0,273.99
10447,4726,190,4,0.15,210.0
10448,4726,152,1,0.05,195.18
10449,4726,469,1,0.05,14.66
10450,4727,516,4,0.0,18.47
10451,4727,5,1,0.2,214.33
10452,4727,398,1,0.2,15.22
10453,4727,277,3,0.1,174.07
10454,4727,592,1,0.0,251.8
10455,4728,77,1,0.0,47.83
10456,4728,592,3,0.05,250.38
10457,4729,490,3,0.0,162.73
10458,4729,553,3,0.0,233.62
10459,4730,391,2,0.15,226.59
10460,4731,327,1,0.1,213.29
10461,4731,71,1,0.0,241.09
10462,4731,545,2,0.1,
10463,4731,273,3,0.2,172.87
10464,4732,598,2,0.2,25.57
10465,4733,216,2,0.05,58.77
10466,4734,120,1,0.05,157.69
10467,4734,492,1,0.05,25.55
10468,4734,223,1,0.2,349.29
10469,4735,36,1,0.0,193.28
10470,4735,482,1,0.0,72.88
10471,4735,478,1,0.0,120.0
10472,4735,436,4,0.0,102.2
10473,4735,1,4,0.0,157.42
10474,4736,20,4,0.0,203.21
10475,4737,543,1,0.0,290.9
10476,4737,174,2,0.0,130.34
10477,4737,361,1,0.0,220.52
10478,4737,341,3,0.0,
10479,4738,209,1,0.2,79.63
10480,4738,510,2,0.15,185.09
10481,4738,118,2,0.0,72.13
10482,4739,10,2,0.0,113.27
10483,4739,548,2,0.0,57.4
10484,4740,513,4,0.0,273.87
10485,4740,380,4,0.15,319.19
10486,4741,607,1,0.1,
10487,4741,132,1,0.0,48.94
10488,4742,173,2,0.1,132.1
10489,4743,220,1,0.05,154.76
10490,4743,68,2,0.0,252.57
10491,4744,231,2,0.2,43.89
10492,4744,74,2,0.05,181.83
10493,4744,407,2,0.0,59.58
10494,4745,189,1,0.1,163.42
10495,4746,302,2,0.05,42.66
10496,4747,508,2,0.05,279.57
10497,4748,245,1,0.0,369.39
10498,4748,251,1,0.05,211.7
10499,4748,572,4,0.05,221.84
10500,4749,23,1,0.0,93.83
10501,4750,21,3,0.0,43.83
10502,4750,395,4,0.0,200.77
10503,4751,580,4,0.2,177.1
10504,4751,353,1,0.0,35.86
10505,4752,419,1,0.0,244.54
10506,4752,518,1,0.2,33.03
10507,4752,334,2,0.0,
10508,4753,66,1,0.15,105.67
10509,4753,202,1,0.0,197.16
10510,4754,309,2,0.05,
10511,4755,198,1,0.2,136.27
10512,4756,505,1,0.0,77.37
10513,4756,225,1,0.0,79.7
10514,4757,391,2,0.2,215.11
10515,4757,459,4,0.0,120.92
10516,4757,166,2,0.1,129.53
10517,4758,471,1,0.05,93.52
10518,4758,266,2,0.2,329.86
10519,4758,27,2,0.0,371.55
10520,4759,217,4,0.0,130.33
10521,4759,258,1,0.1,12.63
10522,4759,441,2,0.15,88.94
10523,4760,267,4,0.15,303.97
10524,4761,189,1,0.15,176.2
10525,4761,15,3,0.0,126.58
10526,4762,508,2,0.15,298.92
10527,4762,457,1,0.1,186.56
10528,4763,200,1,0.05,284.71
10529,4763,166,3,0.0,129.54
10530,4764,73,1,0.0,62.85
10531,4765,609,1,0.1,
10532,4766,427,4,0.0,88.3
10533,4766,389,2,0.2,84.44
10534,4766,201,2,0.0,45.78
10535,4766,259,3,0.15,148.86
10536,4766,158,1,0.0,301.75
10537,4767,253,2,0.05,
10538,4767,70,1,0.0,150.44
10539,4768,43,2,0.05,83.98
10540,4769,312,3,0.2,112.6
10541,4769,391,2,0.1,212.15
10542,4769,508,3,0.0,282.82
10543,4769,439,1,0.0,250.6
10544,4769,107,3,0.05,160.88
10545,4770,335,2,0.15,50.6
10546,4770,385,1,0.0,139.19
10547,4770,255,3,0.05,333.41
10548,4770,405,4,0.05,102.87
10549,4770,204,2,0.05,77.23
10550,4771,122,2,0.1,257.5
10551,4771,245,1,0.15,362.17
10552,4771,412,4,0.2,100.23
10553,4771,240,2,0.1,305.52
10554,4772,348,2,0.1,44.13
10555,4772,497,4,0.0,91.33
10556,4772,216,2,0.0,58.83
10557,4772,390,2,0.0,255.97
10558,4773,162,1,0.15,165.63
10559,4774,446,2,0.15,287.8
10560,4774,61,2,0.2,309.34
10561,4775,289,1,0.0,65.15
10562,4775,238,2,0.15,228.88
10563,4776,313,2,0.0,175.04
10564,4776,250,3,0.0,413.7
10565,4776,261,-1,0.0,176.89
10566,4776,571,2,0.0,236.94
10567,4777,500,1,0.0,292.6
10568,4777,286,2,0.0,194.37
10569,4777,191,1,0.0,47.01
10570,4777,62,2,0.05,71.28
10571,4778,590,1,0.15,244.43
10572,4778,71,2,0.05,241.26
10573,4779,347,1,0.0,135.52
10574,4779,539,2,0.0,138.5
10575,4780,176,2,0.1,195.52
10576,4780,580,2,0.1,178.66
10577,4781,91,1,0.0,74.57
10578,4781,552,2,0.1,
10579,4781,167,2,0.0,7.67
10580,4781,222,1,0.0,103.62
10581,4781,173,2,0.0,140.44
10582,4782,291,1,0.2,186.71
10583,4783,27,2,0.05,376.35
10584,4783,61,1,0.05,327.51
10585,4784,364,2,0.0,
10586,4785,471,1,0.0,95.82
10587,4785,17,2,0.0,33.57
10588,4786,209,1,0.15,84.47
10589,4787,610,1,0.0,
10590,4787,216,2,0.0,60.59
10591,4788,349,3,0.0,102.52
10592,4788,281,3,0.2,176.76
10593,4789,257,3,0.15,356.2
10594,4789,470,2,0.0,42.05
10595,4789,283,2,0.0,118.23
10596,4790,312,4,0.05,113.79
10597,4790,565,2,0.0,97.93
10598,4790,529,4,0.0,217.98
10599,4790,345,2,0.05,176.86
10600,4790,268,2,0.0,325.92
10601,4791,325,1,0.2,252.58
10602,4791,388,1,0.2,189.03
10603,4792,443,4,0.1,183.58
10604,4793,127,1,0.0,225.83
10605,4794,173,3,0.15,132.44
10606,4795,275,3,0.15,198.65
10607,4796,307,2,0.1,139.71
10608,4796,29,1,0.1,25.73
10609,4796,488,2,0.0,12.9
10610,4797,413,2,0.0,224.46
10611,4797,20,3,0.0,195.19
10612,4797,544,3,0.1,140.81
10613,4798,1,3,0.15,155.33
10614,4798,463,4,0.1,87.65
10615,4798,363,1,0.0,234.78
10616,4798,4,1,0.0,
10617,4799,249,2,0.15,122.61
10618,4800,307,2,0.1,131.96
10619,4800,477,3,0.2,76.4
10620,4800,44,2,0.15,260.57
10621,4801,270,1,0.2,99.82
10622,4801,334,2,0.1,
10623,4801,56,2,0.1,68.11
10624,4802,218,2,0.0,37.52
10625,4803,520,2,0.15,23.1
10626,4803,111,3,0.15,222.74
10627,4803,136,2,0.15,318.82
10628,4803,457,1,0.05,176.25
10629,4804,299,4,0.15,162.0
10630,4804,195,1,0.15,289.69
10631,4804,507,1,0.0,200.0
10632,4805,158,1,0.2,294.79
10633,4805,299,1,0.2,156.25
10634,4805,302,4,0.0,42.53
10635,4805,405,2,0.0,99.48
10636,4806,201,2,0.05,49.73
10637,4807,513,2,0.2,279.13
10638,4807,280,2,0.2,242.68
10639,4808,266,1,0.2,344.72
10640,4809,593,3,0.1,50.53
10641,4809,218,1,0.2,36.81
10642,4810,146,2,0.15,10.64
10643,4810,299,1,0.0,151.95
10644,4810,349,2,0.05,97.14
10645,4811,63,1,0.15,70.0
10646,4811,50,2,0.0,9.41
10647,4812,286,1,0.1,185.58
10648,4813,258,2,0.0,12.32
10649,4813,121,2,0.0,382.23
10650,4814,353,1,0.2,35.49
10651,4814,433,1,0.05,135.23
10652,4814,150,1,0.0,134.31
10653,4815,554,1,3.78,145.77
10654,4815,392,2,0.2,69.24
10655,4816,576,3,0.2,
10656,4816,30,2,0.1,17.06
10657,4817,244,1,0.0,16.44
10658,4817,229,2,0.0,9.13
10659,4817,530,2,0.1,173.01
10660,4818,140,1,0.0,263.41
10661,4818,94,2,0.0,256.51
10662,4819,182,1,0.2,147.66
10663,4819,160,2,0.1,42.6
10664,4820,321,3,0.05,10.45
10665,4821,117,4,0.0,172.3
10666,4821,519,2,0.0,120.11
10667,4821,320,2,0.05,79.38
10668,4822,19,2,0.0,
10669,4823,160,2,0.0,42.07
10670,4824,176,2,0.15,205.54
10671,4825,18,1,0.2,352.98
10672,4825,405,1,0.0,104.57
10673,4825,337,4,0.05,29.9
10674,4825,31,1,0.0,100.41
10675,4826,340,1,0.05,369.37
10676,4827,303,1,0.0,40.16
10677,4828,589,4,0.2,179.59
10678,4828,260,1,0.15,220.64
10679,4829,446,2,0.0,281.63
10680,4830,194,1,0.2,71.27
10681,4830,78,2,0.0,241.5
10682,4830,140,1,0.2,251.87
10683,4831,236,3,0.1,13.55
10684,4831,440,1,0.05,11.15
10685,4831,574,1,0.2,285.28
10686,4831,454,1,0.0,223.06
10687,4832,4,2,0.15,
10688,4833,483,3,0.0,87.07
10689,4833,57,1,0.0,363.86
10690,4834,458,1,0.0,169.26
10691,4834,587,1,0.0,162.51
10692,4834,10,3,0.0,111.68
10693,4835,404,1,0.05,390.18
10694,4835,413,1,0.15,210.82
10695,4835,242,2,0.15,162.55
10696,4836,492,3,0.0,27.08
10697,4836,389,1,0.05,90.12
10698,4837,610,4,0.1,
10699,4838,534,2,0.15,53.52
10700,4838,32,1,0.1,234.26
10701,4838,497,2,0.0,98.48
10702,4839,278,4,0.1,260.24
10703,4839,31,3,0.0,106.16
10704,4840,14,2,0.2,67.9
10705,4841,521,1,0.0,
10706,4842,165,3,0.05,112.05
10707,4842,523,1,0.0,288.06
10708,4843,490,2,0.2,162.84
10709,4843,354,1,0.0,129.96
10710,4843,511,1,0.0,188.24
10711,4843,103,1,0.1,115.9
10712,4844,594,4,0.0,142.33
10713,4844,586,4,0.0,267.94
10714,4845,65,2,0.0,8.68
10715,4845,142,2,0.05,81.92
10716,4845,287,2,0.0,140.44
10717,4845,459,2,0.15,126.1
10718,4846,517,2,0.0,53.86
10719,4846,487,1,0.1,186.73
10720,4846,571,3,0.0,227.4
10721,4846,432,2,0.15,160.08
10722,4846,576,2,0.1,276.3
10723,4847,314,1,0.0,174.35
10724,4848,458,2,0.0,164.73
10725,4848,232,2,0.05,245.88
10726,4848,35,1,0.0,40.18
10727,4848,567,2,0.05,23.83
10728,4849,147,3,0.0,233.44
10729,4849,252,1,0.0,119.42
10730,4850,411,4,0.2,151.38
10731,4850,353,1,0.0,35.69
10732,4850,242,1,0.15,155.09
10733,4850,222,2,0.1,109.65
10734,4850,249,4,0.0,129.03
10735,4851,212,1,0.0,34.49
10736,4851,295,2,0.15,32.43
10737,4851,524,2,0.0,50.57
10738,4852,476,3,0.0,215.18
10739,4852,345,1,0.0,176.56
10740,4852,66,1,0.0,101.34
10741,4853,480,2,0.0,65.15
10742,4853,416,3,0.0,69.86
10743,4853,37,3,0.05,9.9
10744,4854,477,4,0.1,77.99
10745,4855,180,2,0.0,
10746,4856,503,2,0.2,267.2
10747,4857,135,1,0.1,93.43
10748,4857,550,1,0.1,215.01
10749,4858,464,1,0.0,93.22
10750,4859,526,3,0.0,283.03
10751,4859,351,4,0.0,116.27
10752,4859,355,2,0.0,94.5
10753,4860,414,2,0.05,95.41
10754,4860,351,1,0.0,106.76
10755,4861,394,1,0.2,
10756,4861,175,1,0.0,129.69
10757,4861,162,4,0.0,178.26
10758,4861,328,2,0.2,101.41
10759,4861,306,2,0.05,22.67
10760,4862,45,3,0.0,260.2
10761,4863,364,2,0.0,59.76
10762,4863,106,3,0.15,199.94
10763,4864,297,2,0.0,54.36
10764,4864,507,2,0.2,199.16
10765,4865,57,1,0.0,368.01
10766,4865,15,2,0.1,117.34
10767,4865,485,2,0.05,172.95
10768,4866,575,1,0.2,341.48
10769,4867,376,1,0.0,55.91
10770,4867,389,3,0.15,87.19
10771,4868,395,4,0.0,199.54
10772,4868,574,2,0.0,279.83
10773,4868,433,1,0.05,133.09
10774,4869,35,2,0.0,37.93
10775,4869,275,2,0.0,192.83
10776,4870,382,2,0.0,100.17
10777,4870,191,2,0.0,49.71
10778,4871,104,2,0.05,41.93
10779,4871,567,1,0.0,
10780,4871,67,1,0.15,35.89
10781,4871,377,2,0.15,167.72
10782,4871,68,2,0.15,262.48
10783,4872,377,1,0.0,171.21
10784,4873,537,2,0.05,12.3
10785,4873,180,4,0.2,317.19
10786,4873,198,1,0.1,141.79
10787,4874,95,2,0.05,134.21
10788,4874,33,1,0.0,90.02
10789,4875,468,2,0.0,50.62
10790,4876,429,2,0.0,17.61
10791,4877,123,4,0.2,13.9
10792,4877,576,4,0.0,283.42
10793,4878,162,2,0.0,176.16
10794,4878,173,1,0.15,132.1
10795,4879,432,1,0.15,149.59
10796,4879,166,1,0.05,128.28
10797,4879,80,1,0.05,86.8
10798,4880,257,1,0.2,368.8
10799,4881,64,2,0.05,319.1
10800,4881,230,2,0.0,17.5
10801,4882,562,2,0.05,319.22
10802,4883,567,3,0.15,24.86
10803,4883,88,2,0.05,151.06
10804,4883,595,1,0.2,107.11
10805,4884,470,2,0.0,45.63
10806,4884,227,1,0.0,
10807,4884,138,1,0.05,167.12
10808,4885,10,2,0.05,120.55
10809,4885,551,2,0.0,32.68
10810,4885,184,2,0.0,365.43
10811,4885,358,2,0.0,
10812,4886,455,1,0.0,74.02
10813,4886,383,1,0.0,17.83
10814,4886,171,0,0.0,152.92
10815,4886,237,1,0.1,24.33
10816,4886,198,3,0.0,146.33
10817,4887,430,1,0.2,120.4
10818,4887,115,4,0.0,310.22
10819,4888,79,1,0.15,248.98
10820,4888,97,2,0.0,300.52
10821,4889,165,4,0.0,106.62
10822,4889,580,2,0.0,173.69
10823,4890,446,2,0.0,281.29
10824,4890,279,3,0.0,29.3
10825,4890,549,2,0.0,56.84
10826,4891,6,2,0.15,16.35
10827,4892,453,2,0.0,172.45
10828,4892,174,2,0.05,132.17
10829,4892,225,4,0.15,86.08
10830,4893,467,4,0.1,319.66
10831,4893,6,1,0.15,17.42
10832,4894,54,2,0.2,150.12
10833,4894,32,4,0.0,218.4
10834,4894,543,2,0.05,281.79
10835,4895,91,2,0.0,81.23
10836,4895,535,4,0.0,
10837,4895,326,1,0.2,32.81
10838,4896,351,3,0.1,115.05
10839,4896,46,1,0.1,49.81
10840,4896,474,2,0.1,62.58
10841,4896,340,2,0.0,378.62
10842,4896,227,4,0.15,
10843,4897,49,2,0.05,155.86
10844,4897,352,2,0.0,79.22
10845,4898,599,2,0.15,390.45
10846,4898,454,2,0.1,217.58
10847,4898,369,1,0.15,151.31
10848,4898,324,1,0.0,216.72
10849,4898,366,4,0.15,68.21
10850,4899,122,2,0.0,265.95
10851,4899,211,1,0.05,305.24
10852,4900,36,4,0.1,192.94
10853,4900,513,1,0.0,274.79
10854,4900,290,1,0.15,122.67
10855,4900,436,4,0.0,96.15
10856,4901,262,1,0.2,379.22
10857,4901,89,4,0.0,196.13
10858,4901,84,2,0.05,76.61
10859,4901,213,4,0.15,24.94
10860,4901,347,2,0.0,129.36
10861,4902,406,3,0.0,
10862,4902,323,4,0.15,56.54
10863,4902,482,1,0.0,76.66
10864,4902,195,2,0.0,278.85
10865,4903,314,1,0.1,166.01
10866,4904,116,3,0.15,244.52
10867,4904,340,2,0.2,362.34
10868,4905,437,1,0.0,178.33
10869,4906,580,3,0.15,184.69
10870,4906,192,3,0.0,261.5
10871,4906,207,1,0.0,303.77
10872,4907,436,3,0.0,101.92
10873,4907,92,1,0.2,353.39
10874,4908,491,2,0.1,126.99
10875,4909,22,1,0.2,21.96
10876,4909,210,2,0.1,248.62
10877,4909,375,2,0.0,314.48
10878,4910,471,4,0.1,96.69
10879,4910,289,2,0.1,62.97
10880,4910,374,1,0.2,131.05
10881,4911,183,2,0.15,263.41
10882,4911,571,2,0.15,
10883,4912,284,3,0.05,112.73
10884,4912,537,2,0.0,12.6
10885,4912,130,1,0.0,128.74
10886,4913,198,4,0.1,148.8
10887,4913,150,1,0.0,130.54
10888,4914,542,1,0.0,163.79
10889,4915,268,2,0.05,309.11
10890,4916,553,1,0.05,233.66
10891,4916,314,1,0.05,169.22
10892,4916,231,2,0.0,45.19
10893,4917,556,2,0.0,194.81
10894,4918,272,2,0.2,81.6
10895,4919,513,4,0.05,284.46
10896,4919,518,1,0.1,33.37
10897,4920,582,1,0.05,129.82
10898,4921,488,2,0.0,13.26
10899,4922,17,3,0.15,34.9
10900,4922,216,2,0.0,60.6
10901,4923,470,2,0.0,42.25
10902,4924,213,4,0.2,24.24
10903,4925,151,1,0.0,21.76
10904,4925,144,1,0.0,147.27
10905,4926,33,2,0.0,95.64
10906,4926,247,2,0.15,71.56
10907,4926,192,2,0.1,240.1
10908,4927,167,1,0.2,7.27
10909,4927,367,1,0.15,213.02
10910,4928,511,4,0.05,177.69
10911,4929,268,3,0.0,323.76
10912,4929,460,4,0.0,
10913,4930,151,1,0.0,22.28
10914,4930,10,1,0.2,120.22
10915,4930,203,3,0.15,125.95
10916,4930,143,4,0.0,115.9
10917,4930,95,4,0.0,138.12
10918,4931,360,4,0.15,53.3
10919,4932,20,1,0.0,212.39
10920,4932,434,2,0.15,38.58
10921,4932,88,1,0.05,154.79
10922,4933,357,3,0.2,132.13
10923,4933,25,3,0.0,134.13
10924,4934,425,1,0.15,172.99
10925,4934,220,1,0.0,157.33
10926,4934,102,1,0.05,71.07
10927,4934,451,2,0.05,46.53
10928,4935,488,1,0.0,13.38
10929,4936,294,1,0.2,21.2
10930,4937,225,3,0.1,83.31
10931,4938,420,2,0.0,198.77
10932,4938,376,4,0.1,54.71
10933,4938,26,3,0.0,
10934,4938,235,2,0.05,94.2
10935,4938,573,2,0.1,110.08
10936,4939,80,4,0.0,90.96
10937,4939,16,3,0.0,
10938,4940,112,1,0.0,31.18
10939,4940,416,1,0.0,70.95
10940,4941,515,1,0.0,129.96
10941,4941,350,3,0.0,51.18
10942,4942,455,3,0.1,80.37
10943,4942,534,1,0.0,55.36
10944,4942,453,2,0.0,173.64
10945,4943,476,1,0.0,203.88
10946,4943,31,3,0.0,104.6
10947,4943,195,2,0.2,284.9
10948,4943,239,3,0.0,29.04
10949,4944,449,2,0.1,120.04
10950,4944,423,2,0.0,47.17
10951,4944,389,3,0.0,86.92
10952,4945,474,4,0.15,59.72
10953,4945,213,2,0.0,23.8
10954,4946,330,2,0.05,220.88
10955,4947,392,1,0.2,71.31
10956,4948,372,1,0.2,234.85
10957,4948,287,1,0.05,134.75
10958,4949,508,3,0.15,295.77
10959,4950,53,4,0.1,232.81
10960,4950,550,2,0.05,210.95
10961,4950,214,4,0.0,182.55
10962,4951,445,1,0.0,30.08
10963,4951,590,3,0.15,233.82
10964,4951,600,3,0.05,170.57
10965,4952,402,1,0.0,199.82
10966,4952,409,4,0.0,163.03
10967,4952,475,4,0.05,288.93
10968,4953,537,1,0.2,12.6
10969,4953,419,3,0.0,264.94
10970,4953,74,1,0.0,193.19
10971,4954,445,1,0.1,28.82
10972,4954,318,2,0.0,37.35
10973,4954,534,1,0.05,53.2
10974,4955,541,2,0.15,169.32
10975,4955,9,1,0.1,101.86
10976,4956,394,4,0.15,
10977,4956,513,4,0.1,288.17
10978,4956,145,3,0.0,99.51
10979,4956,127,1,0.0,220.4
10980,4957,312,2,0.0,117.27
10981,4958,430,1,0.15,119.23
10982,4959,142,4,0.15,83.7
10983,4959,316,2,0.0,280.07
10984,4960,442,2,0.0,8.86
10985,4960,195,3,0.05,280.69
10986,4961,590,1,0.15,249.64
10987,4961,524,3,0.2,47.68
10988,4961,208,2,0.0,184.95
10989,4961,586,-1,0.0,257.16
10990,4962,541,2,0.05,168.45
10991,4962,478,1,0.05,120.32
10992,4962,234,2,0.1,118.91
10993,4963,355,4,0.0,94.59
10994,4963,69,3,0.1,187.01
10995,4964,426,1,0.0,
10996,4964,466,1,0.05,58.14
10997,4964,273,1,0.0,178.65
10998,4965,548,2,0.05,59.56
10999,4966,398,3,0.05,14.31
11000,4966,204,1,0.2,80.23
11001,4966,231,4,0.1,44.83
11002,4967,405,3,0.1,106.33
11003,4967,191,2,0.0,47.74
11004,4968,523,1,0.0,287.52
11005,4969,355,2,0.0,95.17
11006,4969,434,3,0.1,41.45
11007,4969,524,1,0.2,50.31
11008,4969,329,1,0.0,
11009,4969,269,1,0.2,218.75
11010,4970,410,2,0.05,20.78
11011,4970,77,1,0.15,51.66
11012,4970,399,2,0.1,306.12
11013,4971,182,1,0.1,154.12
11014,4971,227,4,0.05,
11015,4971,426,4,0.0,
11016,4972,86,1,0.0,135.62
11017,4972,80,1,0.0,88.85
11018,4973,39,1,0.15,163.81
11019,4973,157,1,0.0,19.24
11020,4973,452,2,0.0,
11021,4974,444,2,0.0,170.63
11022,4975,507,1,0.05,186.86
11023,4975,285,2,0.15,255.18
11024,4975,104,1,0.05,42.44
11025,4975,455,1,0.0,77.52
11026,4976,316,2,0.0,291.18
11027,4977,311,1,0.0,50.58
11028,4978,218,3,0.0,37.9
11029,4978,376,4,0.15,52.17
11030,4978,314,4,0.0,167.71
11031,4978,189,2,0.2,177.18
11032,4979,442,3,0.15,8.44
11033,4979,421,1,0.1,10.85
11034,4979,356,1,0.0,247.0
11035,4980,472,2,0.2,251.77
11036,4980,72,2,0.15,131.76
11037,4981,510,1,0.05,191.22
11038,4981,594,1,0.15,147.57
11039,4982,25,2,0.0,130.64
11040,4983,556,1,0.0,211.19
11041,4984,440,1,0.05,11.84
11042,4984,35,3,0.2,40.22
11043,4985,174,1,0.0,132.71
11044,4985,344,1,0.0,153.88
11045,4986,45,1,0.0,263.55
11046,4986,483,2,0.05,81.89
11047,4986,56,2,0.15,73.05
11048,4986,464,1,0.1,90.65
11049,4987,121,2,0.15,379.71
11050,4987,363,1,0.0,231.85
11051,4987,340,2,0.15,375.9
11052,4987,329,4,0.0,81.66
11053,4988,289,1,0.15,63.08
11054,4989,175,2,0.0,132.34
11055,4989,451,1,0.0,45.11
11056,4989,463,1,0.1,85.73
11057,4989,115,1,0.1,290.48
11058,4990,239,2,0.05,28.57
11059,4990,9,2,0.2,96.86
11060,4991,358,1,0.2,151.59
11061,4991,164,1,0.0,187.0
11062,4991,545,4,0.05,249.77
11063,4991,583,1,0.0,67.03
11064,4991,469,3,0.1,15.19
11065,4992,369,2,0.0,158.18
11066,4992,33,4,0.05,96.19
11067,4992,127,2,0.05,221.37
11068,4993,252,3,0.0,123.79
11069,4994,414,1,0.2,99.91
11070,4995,88,1,0.0,151.33
11071,4995,346,1,0.15,93.8
11072,4996,381,4,0.0,44.14
11073,4996,454,3,0.05,220.1
11074,4997,283,2,0.2,121.43
11075,4997,191,1,0.0,49.25
11076,4998,227,1,0.0,
11077,4998,49,3,0.0,157.25
11078,4999,199,4,0.2,254.67
11079,5000,339,2,0.0,37.48
11080,5000,123,4,0.0,14.27
11081,5000,132,3,0.0,49.64
11082,5000,205,2,0.15,202.74
11083,5001,536,3,0.0,80.08
11084,5002,296,1,0.2,50.78
11085,5002,154,3,0.0,133.92
11086,5003,333,1,0.0,27.52
11087,5003,337,3,0.05,30.59
11088,5004,361,1,0.0,220.46
11089,5004,77,2,0.2,49.22
11090,5004,443,3,0.2,196.53
11091,5005,254,1,0.1,351.64
11092,5005,555,1,0.2,160.3
11093,5005,531,2,0.1,363.22
11094,5006,234,1,0.0,121.17
11095,5007,171,4,0.05,147.03
11096,5007,166,4,0.0,128.29
11097,5007,327,3,0.1,215.4
11098,5007,334,4,0.0,
11099,5007,193,3,0.15,
11100,5008,420,1,0.15,196.83
11101,5009,433,1,0.0,128.15
11102,5009,164,1,0.0,188.67
11103,5009,292,1,0.1,140.35
11104,5010,595,3,0.0,114.01
11105,5010,24,1,0.2,101.96
11106,5011,86,4,0.0,139.12
11107,5011,407,1,0.15,59.85
11108,5011,162,3,0.2,172.99
11109,5011,554,2,0.2,150.12
11110,5012,327,1,0.2,215.41
11111,5012,564,1,0.2,30.4
11112,5013,136,2,0.1,310.95
11113,5013,516,4,0.1,17.97
11114,5013,70,2,0.0,156.73
11115,5014,364,4,0.2,55.85
11116,5015,479,1,0.0,113.41
11117,5015,429,2,0.0,16.03
11118,5015,14,1,0.0,70.08
11119,5016,74,1,0.05,199.14
11120,5016,283,3,0.0,119.48
11121,5016,242,2,0.15,153.87
11122,5017,317,1,0.0,158.95
11123,5017,92,2,0.2,351.16
11124,5018,48,3,0.15,231.17
11125,5018,230,4,0.0,16.63
11126,5018,564,1,0.15,30.93
11127,5019,604,2,0.1,
11128,5020,158,3,0.0,303.37
11129,5020,143,2,0.0,119.93
11130,5020,12,4,0.2,80.9
11131,5021,318,1,0.0,35.6
11132,5021,568,4,0.1,147.34
11133,5021,420,1,0.0,191.92
11134,5022,157,2,0.15,
11135,5022,150,3,0.2,134.29
11136,5022,246,4,0.1,159.04
11137,5023,413,1,0.05,215.16
11138,5024,533,2,0.0,161.3
11139,5024,149,1,0.2,186.56
11140,5025,307,4,0.0,139.6
11141,5026,400,4,0.15,269.29
11142,5027,281,1,0.05,170.63
11143,5027,180,3,0.15,296.92
11144,5028,259,2,0.0,145.94
11145,5029,256,4,0.0,187.59
11146,5029,78,1,0.1,237.56
11147,5029,257,2,0.05,349.16
11148,5030,285,2,0.2,236.74
11149,5030,504,1,0.2,
11150,5030,52,2,0.2,97.06
11151,5031,132,1,0.0,49.92
11152,5032,196,2,0.0,274.24
11153,5033,34,2,0.2,57.58
11154,5033,597,3,0.1,121.89
11155,5033,138,4,0.05,159.57
11156,5034,520,1,0.15,21.36
11157,5034,455,1,0.0,80.53
11158,5035,609,2,0.0,
11159,5035,471,1,0.0,93.31
11160,5035,360,1,0.05,52.77
11161,5036,154,2,0.1,146.55
11162,5036,398,2,0.2,14.11
11163,5036,41,4,0.0,277.74
11164,5036,495,2,0.05,101.91
11165,5037,452,1,0.05,65.78
11166,5037,440,4,0.15,11.08
11167,5037,314,2,0.0,168.81
11168,5038,214,1,0.0,180.66
11169,5039,38,1,0.0,263.28
11170,5040,402,2,0.05,195.85
11171,5041,396,2,0.0,57.29
11172,5041,56,2,0.0,68.38
11173,5042,574,2,0.1,270.38
11174,5043,446,2,0.15,270.81
11175,5044,489,1,0.0,130.64
11176,5044,78,2,0.15,253.55
11177,5044,527,4,0.1,359.94
11178,5044,227,4,0.05,
11179,5045,27,1,0.1,380.26
11180,5045,583,2,0.0,69.73
11181,5045,225,2,0.0,85.69
11182,5046,138,1,0.0,164.52
11183,5046,59,2,0.05,189.22
11184,5046,32,4,0.1,235.18
11185,5047,3,2,0.1,39.72
11186,5047,254,2,0.15,343.59
11187,5047,161,2,0.15,207.85
11188,5047,489,3,0.2,120.2
11189,5047,217,2,0.2,141.25
11190,5048,235,3,0.0,96.71
11191,5049,202,2,0.05,196.56
11192,5049,37,1,0.2,9.48
11193,5049,106,2,0.0,195.64
11194,5049,9,1,0.0,102.77
11195,5049,47,4,0.0,238.18
11196,5050,587,3,0.2,166.14
11197,5051,521,2,0.15,203.52
11198,5051,337,2,0.05,32.2
11199,5051,181,3,0.0,136.67
11200,5052,77,2,0.15,47.16
11201,5052,597,2,0.0,125.07
11202,5053,509,1,0.2,
11203,5053,292,4,0.0,130.89
11204,5054,275,1,0.0,204.66
11205,5054,229,4,0.0,9.3
11206,5054,47,2,0.0,256.17
11207,5054,323,2,0.05,53.58
11208,5055,159,1,0.0,93.76
11209,5055,27,1,0.15,383.85
11210,5055,147,1,0.15,236.85
11211,5055,181,1,0.1,131.44
11212,5056,479,2,0.15,109.24
11213,5056,420,1,0.15,205.24
11214,5057,353,4,0.0,34.18
11215,5057,584,-1,0.0,265.76
11216,5057,579,1,0.0,69.92
11217,5058,322,1,0.1,62.4
11218,5059,101,2,0.05,144.7
11219,5060,408,1,0.2,269.72
11220,5060,420,2,0.05,204.03
11221,5060,581,2,0.0,189.72
11222,5061,156,1,0.05,95.16
11223,5062,26,3,0.05,
11224,5062,227,3,0.0,
11225,5063,126,3,0.05,84.33
11226,5063,241,4,0.05,219.8
11227,5064,179,4,0.1,15.74
11228,5064,352,1,0.0,77.06
11229,5064,336,1,0.2,78.17
11230,5064,350,1,0.1,51.27
11231,5064,184,1,0.0,385.51
11232,5065,205,4,0.1,193.56
11233,5066,297,3,0.05,52.57
11234,5066,259,1,0.15,149.57
11235,5067,549,2,0.0,58.55
11236,5067,184,1,0.0,398.62
11237,5067,322,4,0.1,64.01
11238,5068,161,2,0.0,202.42
11239,5068,503,4,0.0,265.2
11240,5068,360,3,0.0,51.25
11241,5068,377,1,0.0,173.81
11242,5069,374,2,0.0,120.93
11243,5069,570,2,0.05,166.48
11244,5070,75,1,0.05,18.58
11245,5071,537,1,0.0,12.13
11246,5072,145,1,0.0,96.59
11247,5072,303,2,0.0,40.13
11248,5073,508,3,0.05,300.17
11249,5073,575,1,0.2,343.08
11250,5073,255,1,0.05,347.25
11251,5074,519,4,0.1,132.09
11252,5075,199,4,0.1,243.64
11253,5076,478,3,0.0,125.36
11254,5076,244,4,0.2,16.8
11255,5077,339,1,0.0,38.53
11256,5078,540,1,0.2,97.13
11257,5079,16,2,0.0,
11258,5080,117,1,0.15,174.03
11259,5080,99,1,0.0,285.78
11260,5080,109,1,0.15,120.57
11261,5081,353,1,0.0,34.98
11262,5082,126,1,0.0,86.13
11263,5083,505,1,0.15,83.67
11264,5083,510,2,0.0,180.52
11265,5083,609,4,0.15,
11266,5083,83,4,0.05,42.84
11267,5083,259,3,0.1,148.65
11268,5084,590,2,0.0,234.06
11269,5084,254,2,0.05,340.89
11270,5084,93,2,0.15,92.75
11271,5085,194,1,0.0,69.39
11272,5085,112,1,0.0,31.79
11273,5086,532,1,0.05,219.77
11274,5086,4,2,0.15,
11275,5086,472,1,0.0,260.51
11276,5086,579,2,0.2,68.5
11277,5087,250,1,0.0,397.63
11278,5087,374,2,0.2,129.72
11279,5087,587,1,0.15,168.15
11280,5088,12,2,0.2,86.95
11281,5088,268,3,0.1,310.71
11282,5089,178,4,0.0,29.45
11283,5089,250,1,0.1,415.1
11284,5089,503,3,0.0,265.84
11285,5089,422,2,0.0,79.1
11286,5089,481,4,0.05,34.32
11287,5090,382,2,0.15,96.31
11288,5091,341,4,0.05,
11289,5092,268,2,0.05,317.6
11290,5092,385,4,0.0,131.41
11291,5092,552,4,0.05,
11292,5093,558,3,0.15,201.0
11293,5093,513,2,0.2,277.54
11294,5093,269,3,0.0,223.62
11295,5093,272,1,0.0,81.97
11296,5093,353,2,0.1,32.64
11297,5094,230,3,0.0,17.13
11298,5094,583,1,0.1,70.17
11299,5094,57,1,0.0,341.99
11300,5094,589,1,0.1,165.88
11301,5095,92,1,0.05,353.41
11302,5095,304,2,0.1,62.33
11303,5095,187,1,0.0,39.55
11304,5096,42,2,0.0,72.93
11305,5097,151,1,0.0,21.14
11306,5097,308,1,0.05,340.29
11307,5098,258,3,0.1,12.6
11308,5099,170,4,0.2,107.25
11309,5099,541,4,0.05,171.92
11310,5099,585,2,0.1,6.9
11311,5100,31,1,0.05,103.39
11312,5100,495,1,0.0,101.59
11313,5100,428,3,0.0,54.91
11314,5100,365,1,0.2,51.32
11315,5101,71,3,0.0,248.33
11316,5101,596,2,0.05,28.33
11317,5101,114,4,0.05,284.16
11318,5101,290,2,0.1,132.76
11319,5102,237,2,0.0,24.89
11320,5103,593,3,0.0,47.33
11321,5103,548,2,0.0,59.32
11322,5103,483,2,0.15,84.57
11323,5104,448,4,0.0,169.74
11324,5104,236,2,0.2,12.9
11325,5105,420,1,0.15,207.99
11326,5106,211,4,0.0,298.08
11327,5106,474,2,0.2,64.11
11328,5106,390,4,0.05,253.18
11329,5107,386,1,0.15,51.3
11330,5108,576,1,0.05,268.95
11331,5109,57,1,0.0,341.04
11332,5110,299,3,0.2,159.57
11333,5110,551,1,0.1,31.27
11334,5110,497,3,0.15,98.56
11335,5110,97,2,0.2,304.37
11336,5110,90,2,0.0,203.67
11337,5111,93,4,0.05,93.7
11338,5112,306,3,0.0,22.02
11339,5112,598,4,0.0,24.08
11340,5113,36,2,0.0,181.47
11341,5113,326,1,0.2,31.57
11342,5114,593,4,0.2,49.19
11343,5114,316,1,0.15,279.12
11344,5115,167,2,0.0,7.3
11345,5115,495,3,0.0,102.53
11346,5115,332,4,0.2,145.26
11347,5116,137,1,0.1,354.99
11348,5116,162,2,0.2,173.34
11349,5117,271,1,0.0,325.07
11350,5117,345,1,0.0,176.79
11351,5118,152,3,0.0,192.97
11352,5118,184,4,0.0,376.71
11353,5118,607,4,0.2,
11354,5119,587,2,0.2,164.55
11355,5119,408,4,0.05,281.75
11356,5119,465,1,0.1,159.77
11357,5120,239,3,0.1,29.59
11358,5120,453,3,0.1,
11359,5120,342,1,0.0,61.8
11360,5120,440,1,0.0,11.69
11361,5121,404,1,0.1,393.97
11362,5121,239,1,0.15,29.27
11363,5121,375,2,0.0,293.87
11364,5122,182,1,0.15,149.13
11365,5122,506,1,0.15,102.8
11366,5122,121,2,0.0,389.82
11367,5122,538,4,0.1,279.47
11368,5122,259,1,0.2,147.55
11369,5123,345,1,0.1,180.36
11370,5123,429,4,0.0,16.01
11371,5123,208,2,0.2,196.96
11372,5123,98,2,0.0,99.21
11373,5123,363,1,0.0,233.61
11374,5124,463,2,0.15,88.97
11375,5124,72,3,0.2,132.61
11376,5124,150,1,0.2,
11377,5125,295,1,0.0,32.36
11378,5125,294,1,0.0,20.89
11379,5125,309,3,0.2,
11380,5126,317,3,0.2,163.68
11381,5127,11,4,0.0,142.32
11382,5128,336,1,0.0,73.53
11383,5128,159,1,0.1,102.83
11384,5129,208,2,0.2,191.92
11385,5130,172,2,0.2,53.96
11386,5131,68,2,0.2,244.33
11387,5131,441,3,0.0,82.5
11388,5131,151,2,0.1,23.28
11389,5132,311,4,0.0,
11390,5133,592,4,0.2,250.42
11391,5134,275,1,0.05,188.85
11392,5134,20,1,0.05,199.88
11393,5134,579,1,0.0,69.77
11394,5135,557,2,0.1,72.41
11395,5136,24,1,0.05,98.09
11396,5136,426,1,0.05,
11397,5136,332,1,0.05,154.22
11398,5137,483,1,0.0,80.31
11399,5137,466,2,0.0,60.26
11400,5138,251,2,0.1,216.5
11401,5138,464,1,0.1,94.03
11402,5138,483,3,0.15,82.38
11403,5139,419,4,0.15,244.4
11404,5140,51,1,0.05,17.37
11405,5140,513,3,0.0,274.88
11406,5141,114,2,0.0,276.45
11407,5141,197,1,0.0,147.19
11408,5141,311,2,0.2,47.86
11409,5142,6,1,0.2,16.57
11410,5142,15,1,0.0,118.55
11411,5142,568,2,0.15,148.42
11412,5143,105,4,0.0,5.54
11413,5143,306,1,0.05,21.56
11414,5143,383,1,0.15,17.67
11415,5144,45,1,0.0,258.57
11416,5144,571,2,0.1,234.01
11417,5144,343,2,0.0,302.0
11418,5145,328,3,0.2,95.54
11419,5145,391,1,0.0,214.64
11420,5145,519,1,0.0,128.48
11421,5146,392,2,0.1,74.43
11422,5146,428,2,0.15,53.41
11423,5146,306,1,0.15,22.41
11424,5146,5,2,0.0,212.81
11425,5147,407,1,0.0,54.34
11426,5147,415,1,0.15,221.05
11427,5148,356,2,0.1,254.08
11428,5148,115,4,0.0,307.0
11429,5148,471,2,0.05,89.78
11430,5148,225,1,0.0,80.37
11431,5149,561,2,0.05,377.4
11432,5149,39,3,0.0,169.82
11433,5149,580,1,0.0,184.85
11434,5149,58,1,0.15,246.56
11435,5150,520,2,0.0,21.37
11436,5151,474,1,0.1,
11437,5151,276,1,0.2,204.46
11438,5152,59,4,0.0,
11439,5152,240,2,0.0,305.58
11440,5153,244,1,0.2,16.26
11441,5153,393,2,0.0,76.04
11442,5154,203,4,0.05,133.69
11443,5155,65,3,0.0,8.13
11444,5155,444,2,0.15,165.0
11445,5156,523,4,0.2,281.94
11446,5157,89,1,0.0,193.97
11447,5157,570,2,0.0,167.08
11448,5157,539,1,0.0,140.08
11449,5158,103,1,0.0,125.52
11450,5158,181,1,0.15,139.3
11451,5158,148,1,0.1,46.16
11452,5159,177,4,0.0,159.89
11453,5159,464,1,0.1,85.47
11454,5159,246,2,0.05,154.82
11455,5160,559,1,0.0,45.02
11456,5161,156,4,0.2,92.65
11457,5161,210,2,0.0,251.17
11458,5161,327,1,0.0,222.13
11459,5162,408,2,0.0,283.77
11460,5162,491,1,0.1,132.81
11461,5162,218,1,0.1,
11462,5162,39,4,0.0,167.69
11463,5163,218,1,0.05,35.55
11464,5163,530,2,0.2,160.27
11465,5163,557,1,0.1,79.06
11466,5163,420,2,0.0,208.1
11467,5163,338,1,0.2,174.33
11468,5164,277,1,0.0,178.55
11469,5164,265,1,0.2,29.18
11470,5164,573,1,0.0,110.18
11471,5164,271,2,0.0,327.31
11472,5164,569,2,0.05,259.92
11473,5165,261,1,0.1,175.52
11474,5166,506,2,0.05,100.73
11475,5166,512,2,0.0,400.68
11476,5166,324,4,0.0,212.93
11477,5166,200,1,0.0,273.3
11478,5166,472,1,0.05,261.81
11479,5167,302,2,0.0,40.47
11480,5167,559,4,0.15,45.04
11481,5168,439,3,0.0,236.41
11482,5169,83,1,0.0,42.13
11483,5169,76,1,0.05,215.62
11484,5169,118,4,0.15,73.32
11485,5169,331,1,0.0,153.31
11486,5169,19,1,0.15,
11487,5170,579,4,0.2,72.34
11488,5170,187,1,0.0,40.31
11489,5171,115,3,0.2,311.92
11490,5172,329,3,0.2,86.44
11491,5172,593,1,0.2,49.74
11492,5173,270,3,0.05,101.0
11493,5174,376,1,0.1,56.09
11494,5174,584,2,0.1,
11495,5175,543,1,0.15,277.32
11496,5175,36,4,0.05,183.74
11497,5176,461,4,0.1,268.25
11498,5176,283,2,0.05,117.91
11499,5176,125,2,0.1,363.25
11500,5177,173,1,0.1,135.98
11501,5178,464,4,0.05,87.39
11502,5178,459,2,0.15,
11503,5179,383,4,0.0,17.42
11504,5179,352,3,0.0,77.84
11505,5179,271,1,0.15,330.58
11506,5179,158,4,0.0,291.8
11507,5179,244,2,0.0,16.78
11508,5180,499,2,0.15,207.75
11509,5181,289,1,0.0,63.72
11510,5182,232,2,0.0,
11511,5182,448,4,0.2,155.82
11512,5182,541,1,0.0,164.47
11513,5182,386,2,0.2,50.91
11514,5182,51,1,0.0,16.84
11515,5183,15,3,0.2,118.31
11516,5183,444,2,0.05,167.58
11517,5184,299,3,0.1,162.38
11518,5184,527,2,0.0,355.09
11519,5185,287,1,0.0,142.56
11520,5185,124,2,0.2,187.67
11521,5185,415,1,0.2,221.57
11522,5186,44,4,0.0,254.66
11523,5186,228,2,0.0,38.78
11524,5187,497,4,0.05,95.27
11525,5188,113,4,0.0,73.28
11526,5188,324,3,0.1,215.56
11527,5189,490,2,0.05,164.68
11528,5189,544,1,0.0,150.71
11529,5190,197,2,0.05,146.8
11530,5190,63,3,0.0,67.57
11531,5191,461,1,0.0,271.92
11532,5191,161,1,0.05,208.08
11533,5192,59,2,0.0,187.89
11534,5192,545,3,0.15,239.48
11535,5192,412,1,0.2,100.08
11536,5192,257,3,0.0,349.96
11537,5193,277,2,0.15,183.31
11538,5194,560,3,0.1,
11539,5194,97,2,0.0,
11540,5195,497,3,0.1,97.67
11541,5196,162,4,0.0,177.19
11542,5197,104,4,0.0,39.52
11543,5197,40,3,0.1,84.23
11544,5198,429,1,0.0,16.66
11545,5198,567,4,0.2,25.51
11546,5198,464,2,0.1,87.98
11547,5199,438,2,0.2,10.3
11548,5199,211,1,0.1,291.83
11549,5199,160,1,0.1,43.94
11550,5200,561,4,0.0,356.78
11551,5200,105,1,0.0,6.0
11552,5201,117,1,0.15,181.09
11553,5202,40,1,0.1,85.71
11554,5202,532,1,0.0,227.41
11555,5203,397,1,0.05,
11556,5204,291,1,0.15,185.8
11557,5204,17,3,0.0,33.89
11558,5204,273,1,0.2,180.95
11559,5205,235,1,0.1,102.17
11560,5205,459,2,0.0,130.4
11561,5206,220,4,0.05,152.94
11562,5206,36,4,0.15,178.67
11563,5206,148,1,0.2,42.98
11564,5207,65,1,0.05,8.59
11565,5207,159,2,0.0,95.28
11566,5207,116,1,0.1,235.73
11567,5207,11,4,0.0,143.21
11568,5208,5,1,0.0,205.04
11569,5209,466,1,0.15,61.4
11570,5210,58,2,0.0,242.87
11571,5210,218,4,0.2,35.47
11572,5210,477,1,0.15,74.37
11573,5210,511,1,0.0,189.35
11574,5211,543,1,0.05,283.49
11575,5212,41,1,0.0,280.57
11576,5212,589,3,0.2,163.88
11577,5213,590,1,0.2,254.4
11578,5213,233,2,0.05,274.76
11579,5214,467,4,0.0,314.05
11580,5214,88,1,0.0,152.82
11581,5215,371,2,0.1,123.6
11582,5215,193,3,0.1,286.46
11583,5215,270,4,0.0,106.79
11584,5215,376,2,0.05,52.28
11585,5216,421,3,0.0,11.7
11586,5216,443,2,0.15,194.0
11587,5216,170,3,0.15,105.03
11588,5216,236,3,0.0,13.17
11589,5217,264,1,0.05,113.07
11590,5217,103,3,0.1,124.62
11591,5217,184,3,0.2,369.7
11592,5217,415,3,0.0,221.49
11593,5218,299,3,0.15,165.01
11594,5219,81,2,0.0,131.32
11595,5220,495,1,0.0,103.86
11596,5221,183,1,0.15,273.04
11597,5221,394,1,0.15,
11598,5222,86,1,0.0,137.36
11599,5222,331,4,0.0,157.08
11600,5223,23,4,0.05,96.29
11601,5223,305,1,0.15,184.29
11602,5223,232,2,0.0,255.6
11603,5223,56,4,0.15,68.95
11604,5223,267,3,0.2,329.44
11605,5224,273,1,0.1,173.64
11606,5224,575,4,0.2,345.85
11607,5224,169,3,0.0,
11608,5224,578,3,0.0,238.12
11609,5224,481,3,0.0,33.2
11610,5225,500,3,0.1,269.68
11611,5225,402,2,0.0,196.66
11612,5225,427,1,0.15,92.09
11613,5226,250,4,0.05,414.23
11614,5226,110,3,0.1,259.22
11615,5227,301,1,0.05,45.56
11616,5228,101,4,0.1,145.34
11617,5228,181,2,0.05,132.82
11618,5229,118,4,0.1,74.91
11619,5230,258,4,0.0,12.82
11620,5230,360,2,0.0,53.04
11621,5230,578,1,0.1,233.75
11622,5231,67,1,0.15,37.7
11623,5232,525,2,0.0,167.72
11624,5233,514,3,0.05,327.09
11625,5234,8,4,0.0,
11626,5234,223,1,0.0,320.42
11627,5234,508,3,0.2,288.9
11628,5235,247,1,0.1,67.29
11629,5235,488,4,0.0,13.26
11630,5236,514,2,0.0,343.92
11631,5236,335,4,0.0,53.09
11632,5236,113,2,0.1,68.96
11633,5237,538,2,0.1,274.64
11634,5237,35,4,0.05,39.31
11635,5238,420,1,0.1,204.3
11636,5239,509,1,0.0,65.42
11637,5239,492,2,0.05,26.34
11638,5239,9,4,0.0,96.02
11639,5239,127,1,0.15,217.56
11640,5240,113,1,0.15,66.83
11641,5240,157,1,0.05,18.01
11642,5241,42,3,0.0,69.48
11643,5242,371,2,0.0,120.29
11644,5243,54,1,0.1,157.17
11645,5244,128,1,0.0,57.7
11646,5245,81,4,0.15,130.77
11647,5245,454,4,0.0,219.95
11648,5246,431,4,0.2,238.02
11649,5246,388,4,0.0,177.04
11650,5246,199,4,0.15,239.11
11651,5247,514,4,0.0,319.29
11652,5247,351,1,0.2,117.22
11653,5247,518,1,0.2,33.68
11654,5247,469,1,0.1,15.39
11655,5247,588,4,0.0,212.46
11656,5248,418,1,0.15,151.12
11657,5248,453,4,0.15,164.76
11658,5249,549,1,0.15,55.5
11659,5250,206,1,0.05,140.46
11660,5250,93,1,0.2,95.26
11661,5251,486,1,0.0,264.31
11662,5251,582,2,0.0,130.08
11663,5251,206,3,0.0,136.89
11664,5252,21,1,0.1,44.01
11665,5252,120,1,0.1,155.19
11666,5253,132,1,0.1,48.83
11667,5254,108,2,0.0,182.39
11668,5255,561,1,0.0,378.69
11669,5255,46,3,0.0,48.6
11670,5255,574,2,0.05,262.09
11671,5256,492,1,0.15,26.63
11672,5256,152,4,0.0,178.44
11673,5257,118,4,0.1,74.23
11674,5258,330,2,0.0,212.25
11675,5259,586,2,0.0,255.67
11676,5259,202,1,0.2,191.94
11677,5260,67,3,0.0,35.46
11678,5260,93,3,0.15,91.55
11679,5260,460,2,0.15,172.04
11680,5261,601,0,0.0,
11681,5262,334,2,0.15,
11682,5262,207,2,0.15,313.45
11683,5263,471,2,0.15,94.84
11684,5264,175,2,0.2,125.93
11685,5264,54,3,0.0,155.93
11686,5264,51,1,0.15,17.06
11687,5264,56,2,0.2,69.05
11688,5265,524,2,0.15,49.7
11689,5265,44,1,0.0,248.29
11690,5265,318,4,0.0,37.48
11691,5265,8,1,0.2,47.11
11692,5265,363,4,0.2,227.05
11693,5266,245,1,0.1,394.17
11694,5266,6,1,0.1,17.13
11695,5266,376,2,0.05,53.54
11696,5266,243,4,0.1,236.5
11697,5266,562,1,0.0,317.35
11698,5267,598,3,0.0,25.39
11699,5267,319,2,0.15,138.11
11700,5268,291,1,0.2,186.78
11701,5268,445,2,0.2,28.27
11702,5268,443,1,0.2,179.75
11703,5269,509,3,0.0,62.8
11704,5270,518,2,0.0,34.45
11705,5271,80,2,0.0,90.28
11706,5271,599,1,0.05,405.11
11707,5272,283,2,0.2,120.23
11708,5272,176,3,0.1,190.76
11709,5273,11,1,0.0,135.7
11710,5273,366,1,0.0,71.31
11711,5273,584,2,0.0,257.24
11712,5273,24,2,0.0,100.72
11713,5274,492,4,0.2,27.04
11714,5274,327,4,0.1,206.05
11715,5275,190,3,0.0,218.65
11716,5275,534,1,0.2,56.79
11717,5276,140,1,0.05,255.4
11718,5277,143,1,0.1,113.98
11719,5277,210,1,0.0,235.07
11720,5278,236,1,0.0,12.93
11721,5279,383,3,0.0,16.79
11722,5279,61,1,0.2,311.37
11723,5280,434,1,0.2,39.75
11724,5280,71,1,0.0,243.89
11725,5280,280,1,0.2,244.46
11726,5281,534,4,0.15,54.17
11727,5282,511,1,0.1,185.38
11728,5283,73,2,0.0,62.05
11729,5283,593,4,0.05,51.0
11730,5283,594,2,0.15,146.1
11731,5284,516,2,0.0,17.8
11732,5284,173,3,0.0,138.19
11733,5284,299,1,0.0,165.42
11734,5284,592,1,0.2,268.93
11735,5285,36,4,0.0,191.43
11736,5286,256,2,0.05,183.78
11737,5286,532,1,0.15,229.09
11738,5287,260,1,0.1,216.74
11739,5287,275,1,0.0,195.81
11740,5288,342,1,0.1,65.99
11741,5288,606,1,0.05,
11742,5289,508,1,0.0,298.75
11743,5290,326,2,0.0,31.99
11744,5290,376,1,0.0,52.43
11745,5290,589,1,0.2,165.34
11746,5290,298,1,0.0,269.06
11747,5291,60,4,0.05,284.27
11748,5291,327,2,0.0,207.12
11749,5292,264,2,0.15,
11750,5292,28,2,0.0,236.53
11751,5293,62,4,0.0,73.33
11752,5294,454,1,0.0,223.06
11753,5295,522,2,0.15,116.16
11754,5295,275,1,0.0,203.11
11755,5295,389,3,0.15,85.18
11756,5296,561,1,0.0,366.73
11757,5296,423,2,0.15,50.08
11758,5297,288,2,0.0,347.59
11759,5297,369,2,0.0,146.71
11760,5297,352,2,0.1,80.53
11761,5297,370,2,0.05,126.05
11762,5297,285,4,0.1,258.57
11763,5298,178,4,0.0,
11764,5298,96,1,0.0,44.21
11765,5299,399,1,0.0,313.2
11766,5300,86,1,0.05,134.3
11767,5300,217,1,0.1,137.61
11768,5300,119,1,0.1,61.22
11769,5301,125,3,0.0,376.77
11770,5302,30,3,0.15,16.9
11771,5303,176,1,0.0,200.08
11772,5304,533,4,0.1,155.21
11773,5304,65,2,0.05,8.71
11774,5305,23,1,0.05,89.91
11775,5305,574,1,0.0,282.39
11776,5305,261,4,0.2,161.01
11777,5306,551,1,0.0,32.0
11778,5307,340,1,0.1,375.46
11779,5307,172,2,0.05,57.8
11780,5307,598,2,0.05,25.44
11781,5307,170,1,0.0,108.62
11782,5308,326,1,0.2,33.8
11783,5308,254,4,0.05,345.06
11784,5309,242,2,0.0,153.95
11785,5309,61,3,0.05,309.45
11786,5309,473,2,0.0,
11787,5310,250,2,0.05,386.18
11788,5310,275,1,0.1,190.06
11789,5311,404,1,0.0,379.61
11790,5311,527,4,0.0,369.09
11791,5311,398,2,0.0,15.06
11792,5312,278,1,0.0,240.45
11793,5312,505,1,0.15,81.93
11794,5312,117,2,0.2,178.74
11795,5312,102,3,0.05,71.82
11796,5313,561,2,0.1,369.83
11797,5313,526,2,0.2,265.64
11798,5313,587,1,0.15,168.81
11799,5314,550,4,0.0,215.81
11800,5314,529,3,0.0,224.74
11801,5315,186,2,0.0,23.37
11802,5315,245,1,0.0,361.89
11803,5316,102,3,0.0,72.21
11804,5317,413,4,0.0,229.46
11805,5318,144,1,0.2,152.25
11806,5318,172,3,0.0,53.85
11807,5318,268,1,0.0,319.19
11808,5318,585,1,0.1,6.77
11809,5319,541,3,0.0,168.35
11810,5320,346,1,0.15,102.08
11811,5320,583,3,0.05,68.89
11812,5320,494,1,0.0,203.6
11813,5321,339,1,0.2,36.63
11814,5322,559,3,0.0,41.93
11815,5322,126,2,0.0,85.54
11816,5323,486,1,0.0,273.14
11817,5324,249,3,0.0,120.11
11818,5324,451,3,0.15,44.32
11819,5324,315,3,0.05,14.07
11820,5325,447,2,0.15,239.62
11821,5326,146,3,0.0,10.39
11822,5326,260,4,0.0,215.0
11823,5326,383,1,0.15,16.74
11824,5327,394,1,0.0,
11825,5328,536,4,0.1,77.0
11826,5329,248,2,0.0,
11827,5329,584,1,0.0,247.46
11828,5329,548,1,0.05,59.27
11829,5330,407,1,0.2,58.26
11830,5330,245,1,0.0,388.18
11831,5330,417,2,0.05,35.66
11832,5331,451,4,0.1,44.99
11833,5331,29,1,0.0,25.78
11834,5331,208,4,0.05,180.61
11835,5332,101,2,0.1,145.26
11836,5332,264,1,0.05,112.63
11837,5332,159,2,0.0,95.94
11838,5332,570,3,0.0,163.27
11839,5333,533,3,0.0,150.7
11840,5334,393,1,0.05,82.0
11841,5335,229,3,0.05,8.97
11842,5336,9,1,0.0,103.62
11843,5336,480,3,0.15,68.22
11844,5336,525,1,0.1,173.97
11845,5337,280,4,0.15,258.18
11846,5338,412,1,0.15,96.19
11847,5339,71,2,0.2,239.59
11848,5340,535,4,0.05,
11849,5340,16,2,0.0,
11850,5341,107,2,0.05,158.81
11851,5341,375,2,0.15,300.18
11852,5341,595,3,0.2,110.95
11853,5341,364,1,0.2,60.9
11854,5341,460,1,0.0,174.9
11855,5342,343,1,0.1,307.25
11856,5342,271,1,0.15,327.51
11857,5342,200,1,0.2,268.7
11858,5342,127,1,0.05,233.78
11859,5342,361,1,0.0,224.83
11860,5343,361,1,0.0,221.7
11861,5343,212,3,0.0,32.12
11862,5344,138,1,0.15,161.59
11863,5344,300,1,0.2,41.1
11864,5344,462,1,0.0,346.85
11865,5345,143,1,0.15,124.34
11866,5345,25,3,0.15,131.21
11867,5345,173,2,0.1,136.13
11868,5345,11,2,0.2,140.11
11869,5346,64,4,0.0,305.53
11870,5347,384,1,0.2,293.03
11871,5347,433,1,0.05,138.29
11872,5348,373,2,0.2,
11873,5349,228,4,0.1,39.81
11874,5349,39,4,0.0,166.67
11875,5350,418,2,0.0,152.61
11876,5350,102,2,0.0,69.0
11877,5351,41,1,0.1,301.59
11878,5352,382,1,0.0,94.47
11879,5353,419,2,0.1,264.15
11880,5354,318,4,0.2,36.63
11881,5354,33,2,0.05,89.94
11882,5354,546,1,0.0,307.6
11883,5354,149,3,0.0,197.48
11884,5354,75,2,0.0,17.47
11885,5355,89,1,0.0,197.41
11886,5355,175,4,0.2,130.36
11887,5355,487,1,0.0,177.81
11888,5356,390,2,0.0,244.17
11889,5356,10,1,0.1,115.22
11890,5356,499,1,0.15,199.19
11891,5356,483,1,0.1,85.73
11892,5357,465,2,0.0,160.15
11893,5358,423,1,0.0,46.54
11894,5358,453,3,0.0,168.29
11895,5359,137,3,0.15,352.21
11896,5359,289,4,0.0,68.04
11897,5359,474,2,0.2,59.15
11898,5359,261,2,0.0,170.62
11899,5360,438,1,0.0,10.25
11900,5360,21,2,0.0,44.33
11901,5361,268,2,0.2,329.47
11902,5361,258,1,0.2,13.16
11903,5362,504,2,0.0,
11904,5362,265,4,0.15,30.14
11905,5362,197,1,0.0,142.12
11906,5363,524,4,0.0,47.58
11907,5363,562,1,0.15,332.74
11908,5364,18,1,0.0,367.13
11909,5365,139,2,0.2,264.25
11910,5365,200,2,0.05,267.81
11911,5366,377,1,0.0,167.09
11912,5366,356,1,0.0,257.55
11913,5367,71,1,0.1,242.84
11914,5368,394,4,0.2,
11915,5369,13,4,0.15,179.41
11916,5369,175,2,0.2,131.89
11917,5370,471,3,0.0,94.41
11918,5370,126,1,0.0,
11919,5370,298,1,0.0,264.64
11920,5371,177,1,0.0,155.56
11921,5371,240,3,0.05,311.19
11922,5371,39,1,0.2,164.43
11923,5371,444,1,0.0,163.76
11924,5372,272,1,0.05,88.1
11925,5372,326,1,0.2,32.38
11926,5372,189,1,0.0,172.4
11927,5373,470,1,0.2,46.04
11928,5374,526,1,0.05,267.74
11929,5374,503,4,0.0,277.1
11930,5375,250,4,0.15,425.77
11931,5375,132,1,0.05,46.74
11932,5375,51,1,0.1,17.4
11933,5376,12,2,0.0,84.18
11934,5377,420,3,0.2,204.04
11935,5377,173,2,0.05,134.52
11936,5378,284,1,0.15,117.15
11937,5378,308,3,0.0,352.93
11938,5378,603,1,0.05,
11939,5379,232,2,0.2,239.17
11940,5379,222,1,0.2,106.12
11941,5380,50,3,0.0,10.25
11942,5380,467,1,0.0,303.65
11943,5380,504,1,0.05,
11944,5380,452,3,0.1,62.62
11945,5381,366,2,0.0,69.65
11946,5381,307,1,0.0,138.9
11947,5381,428,3,0.2,50.55
11948,5381,471,1,0.1,92.67
11949,5382,102,2,0.0,67.41
11950,5383,281,2,0.0,179.86
11951,5384,565,2,0.15,97.88
11952,5384,392,4,0.05,69.39
11953,5384,134,2,0.0,252.77
11954,5384,540,2,0.0,99.28
11955,5385,295,3,0.0,34.13
11956,5386,271,2,0.2,304.89
11957,5386,311,3,0.0,48.8
11958,5387,163,1,0.0,353.11
11959,5387,178,4,0.2,31.17
11960,5387,265,3,0.0,27.9
11961,5387,359,1,0.1,336.29
11962,5388,336,1,0.0,78.26
11963,5389,564,4,0.05,29.47
11964,5390,190,4,0.1,210.86
11965,5390,494,1,0.15,207.42
11966,5390,580,1,0.05,184.82
11967,5391,502,2,0.0,312.61
11968,5392,549,1,0.2,55.96
11969,5393,69,2,0.1,187.71
11970,5393,476,1,0.0,204.14
11971,5394,102,1,0.1,69.93
11972,5394,98,1,0.05,95.74
11973,5394,305,1,0.0,171.2
11974,5395,162,3,0.05,163.61
11975,5396,259,2,0.1,142.72
11976,5396,478,4,0.0,121.18
11977,5396,534,1,0.05,58.38
11978,5396,366,4,0.0,71.71
11979,5397,18,4,0.0,369.56
11980,5398,508,2,0.15,296.23
11981,5398,1,4,0.0,164.62
11982,5399,102,2,0.15,
11983,5399,94,1,0.05,263.76
11984,5399,217,2,0.15,139.06
11985,5399,410,1,0.1,18.93
11986,5400,442,4,0.0,8.72
11987,5400,480,2,0.2,65.56
11988,5401,416,2,0.0,72.3
11989,5401,26,1,0.1,
11990,5401,405,4,0.2,97.73
11991,5401,351,2,0.05,116.19
11992,5402,225,4,0.15,80.42
11993,5403,422,4,0.2,76.06
11994,5403,153,4,0.0,301.17
11995,5403,67,1,0.15,35.72
11996,5404,151,2,0.15,23.24
11997,5404,145,1,0.15,96.51
11998,5405,559,2,0.1,41.85
11999,5405,558,1,0.05,191.0
12000,5406,82,3,0.0,197.85
12001,5406,256,2,0.2,171.72
12002,5406,137,4,0.0,349.7
12003,5407,464,4,0.0,85.45
12004,5407,428,2,0.0,53.89
12005,5407,510,1,0.0,190.84
12006,5408,398,1,0.0,14.61
12007,5409,221,1,0.0,45.03
12008,5409,525,3,0.0,179.26
12009,5410,356,2,0.15,242.21
12010,5410,2,1,0.2,254.77
12011,5410,15,4,0.2,127.64
12012,5410,393,4,0.0,80.66
12013,5411,311,1,0.15,49.36
12014,5411,60,1,0.0,286.01
12015,5412,288,1,0.05,370.86
12016,5412,242,2,0.15,156.15
12017,5413,246,2,0.15,150.85
12018,5413,97,1,0.0,298.25
12019,5414,119,1,0.05,58.43
12020,5414,111,3,0.15,210.6
12021,5415,411,3,0.0,150.74
12022,5416,265,1,0.0,28.07
12023,5416,56,2,0.05,66.81
12024,5416,585,1,0.2,6.94
12025,5416,124,1,0.15,184.31
12026,5416,126,1,0.15,83.15
12027,5417,30,3,0.0,16.93
12028,5418,394,1,0.0,
12029,5419,394,1,0.1,
12030,5420,217,4,0.1,134.35
12031,5421,537,2,0.15,12.58
12032,5421,430,1,0.0,124.92
12033,5422,57,1,0.05,340.57
12034,5422,484,2,0.0,182.57
12035,5422,483,2,0.05,86.14
12036,5423,238,4,0.0,224.78
12037,5424,402,4,0.05,190.45
12038,5425,132,1,0.1,46.81
12039,5425,89,1,0.0,198.69
12040,5425,445,3,0.05,28.47
12041,5425,349,3,0.05,94.11
12042,5426,509,2,0.2,63.22
12043,5427,83,2,0.0,41.94
12044,5427,442,2,0.05,8.31
12045,5428,396,1,0.0,56.5
12046,5428,245,1,0.2,364.4
12047,5428,406,3,0.0,
12048,5429,244,3,0.0,16.08
12049,5429,209,1,0.0,83.38
12050,5430,489,1,0.05,126.29
12051,5431,256,2,0.05,186.12
12052,5432,186,1,0.0,22.61
12053,5432,494,3,0.15,212.63
12054,5433,301,4,0.1,47.91
12055,5433,575,1,0.05,324.55
12056,5434,507,1,0.1,
12057,5434,193,2,0.0,265.87
12058,5435,597,1,0.15,115.46
12059,5435,499,1,0.0,215.43
12060,5435,274,2,0.15,43.64
12061,5436,583,2,0.2,64.3
12062,5437,105,2,0.1,5.82
12063,5437,212,1,0.15,33.11
12064,5437,593,1,0.0,48.43
12065,5437,436,1,0.05,95.0
12066,5438,545,2,0.1,233.81
12067,5439,302,2,0.2,43.11
12068,5440,90,1,0.0,209.59
12069,5441,330,1,0.0,202.97
12070,5441,210,3,0.15,239.96
12071,5441,164,2,0.0,179.92
12072,5442,140,1,0.0,264.22
12073,5442,328,2,0.0,102.11
12074,5442,49,4,0.0,153.34
12075,5443,144,4,0.0,152.83
12076,5443,531,1,0.1,371.27
12077,5443,266,1,0.0,350.22
12078,5444,94,3,0.0,265.38
12079,5444,503,3,0.0,279.65
12080,5445,497,1,0.1,93.79
12081,5446,81,2,0.05,127.96
12082,5446,565,1,0.1,96.01
12083,5446,460,1,0.0,174.13
12084,5446,584,3,0.1,257.77
12085,5447,59,1,0.15,187.92
12086,5448,48,2,0.15,232.67
12087,5449,416,2,0.15,70.89
12088,5449,372,1,0.0,238.94
12089,5449,268,1,0.2,307.35
12090,5449,354,1,0.0,131.1
12091,5450,364,2,0.2,60.02
12092,5451,483,2,0.2,81.33
12093,5452,425,2,0.15,160.28
12094,5452,96,2,0.05,42.29
12095,5453,153,2,0.15,314.91
12096,5454,198,2,0.15,147.55
12097,5454,151,2,0.0,21.96
12098,5454,565,4,0.1,93.36
12099,5455,146,1,0.15,10.46
12100,5455,591,4,0.1,255.65
12101,5455,321,2,0.1,11.09
12102,5456,239,3,0.05,29.58
12103,5456,151,2,0.0,22.71
12104,5457,397,1,0.0,
12105,5457,269,1,0.0,203.63
12106,5457,592,1,0.0,247.7
12107,5457,70,4,0.0,163.08
12108,5457,250,2,0.15,402.88
12109,5458,459,3,0.1,122.04
12110,5459,144,2,0.05,154.35
12111,5459,264,1,0.15,113.59
12112,5460,7,1,0.0,198.18
12113,5460,517,4,0.05,54.9
12114,5461,262,1,4.06,363.65
12115,5461,605,1,0.05,
12116,5461,225,1,0.15,79.68
12117,5462,443,4,0.2,186.65
12118,5463,422,1,0.2,79.01
12119,5463,68,4,0.0,256.21
12120,5463,267,3,0.05,308.67
12121,5464,308,2,0.0,351.5
12122,5464,459,2,0.0,126.69
12123,5465,431,2,0.0,240.7
12124,5465,477,2,0.15,77.09
12125,5465,581,1,0.0,178.93
12126,5466,538,1,0.15,276.28
12127,5466,473,2,0.0,
12128,5467,338,1,0.15,184.08
12129,5468,88,4,0.0,
12130,5468,52,1,0.0,104.06
12131,5469,521,1,0.2,199.53
12132,5470,582,3,0.0,130.42
12133,5470,84,1,0.2,76.03
12134,5470,481,1,0.05,33.24
12135,5470,361,1,0.0,223.67
12136,5471,467,4,0.05,319.37
12137,5471,358,1,0.05,151.47
12138,5472,112,3,0.0,30.07
12139,5472,146,1,0.2,10.61
12140,5472,331,3,0.2,155.99
12141,5473,433,2,0.0,134.55
12142,5474,28,2,0.2,253.33
12143,5475,394,2,0.0,
12144,5475,524,2,0.0,49.37
12145,5476,554,2,0.0,156.53
12146,5477,322,2,0.15,58.1
12147,5478,337,2,0.2,31.99
12148,5478,148,2,0.2,46.72
12149,5479,208,1,0.15,184.65
12150,5480,412,4,0.05,101.88
12151,5480,231,2,0.15,45.33
12152,5481,214,1,0.0,180.98
12153,5482,65,1,0.0,8.27
12154,5483,129,1,0.1,316.46
12155,5484,429,2,0.0,17.47
12156,5484,285,4,0.2,248.8
12157,5484,240,1,0.0,302.75
12158,5484,206,2,0.0,141.25
12159,5485,437,2,0.1,183.64
12160,5485,307,4,0.0,136.53
12161,5485,79,1,0.1,258.14
12162,5486,115,2,0.15,296.62
12163,5486,299,1,0.0,162.24
12164,5487,502,1,0.0,315.4
12165,5487,106,1,0.0,188.89
12166,5488,15,2,0.0,117.71
12167,5489,60,3,0.15,289.47
12168,5489,580,2,0.1,172.06
12169,5490,435,3,0.0,363.75
12170,5490,150,1,0.0,130.83
12171,5491,390,2,0.0,247.86
12172,5491,557,1,0.1,72.52
12173,5491,545,2,0.1,250.76
12174,5491,397,1,0.15,
12175,5492,534,4,0.0,58.17
12176,5492,509,2,0.0,63.96
12177,5493,85,2,0.05,18.89
12178,5494,538,2,0.1,297.18
12179,5494,15,1,0.05,121.08
12180,5494,155,4,0.0,212.73
12181,5495,414,1,0.2,102.83
12182,5495,148,2,0.1,43.51
12183,5495,398,2,0.0,14.14
12184,5495,491,1,0.0,133.14
12185,5495,276,1,0.0,213.04
12186,5496,172,1,0.05,55.99
12187,5497,335,1,0.05,54.61
12188,5497,547,2,0.05,199.28
12189,5497,152,2,0.1,187.09
12190,5497,476,1,0.0,213.63
12191,5497,234,4,0.1,118.46
12192,5498,476,1,0.0,202.9
12193,5499,255,4,0.1,338.49
12194,5499,542,4,0.2,171.65
12195,5499,492,4,0.15,26.67
12196,5500,387,3,0.15,40.05
12197,5500,174,3,0.1,137.22
12198,5500,503,2,0.0,286.05
12199,5501,94,1,0.0,251.28
12200,5502,44,3,0.1,244.88
12201,5502,467,4,0.0,323.79
12202,5502,226,1,0.0,247.85
12203,5503,112,1,0.0,31.56
12204,5504,533,1,0.15,150.03
12205,5504,61,1,0.0,315.69
12206,5505,454,4,0.2,231.79
12207,5505,503,1,0.0,278.44
12208,5506,173,2,0.05,141.39
12209,5506,98,1,0.05,91.63
12210,5507,258,3,0.0,13.14
12211,5507,148,2,0.0,44.27
12212,5507,356,1,0.2,260.78
12213,5508,423,1,0.0,
12214,5508,327,1,0.0,219.92
12215,5509,186,2,0.2,22.8
12216,5509,351,1,0.0,111.64
12217,5510,486,2,0.0,271.07
12218,5510,49,4,0.0,160.11
12219,5511,330,1,0.1,210.37
12220,5511,131,2,0.1,255.8
12221,5511,512,3,0.0,387.12
12222,5512,180,2,0.0,309.96
12223,5513,161,3,0.05,204.78
12224,5513,313,2,0.05,180.96
12225,5513,4,1,0.05,
12226,5513,98,1,0.15,97.59
12227,5513,94,2,0.1,263.25
12228,5514,422,2,0.0,82.38
12229,5514,457,1,0.2,177.86
12230,5514,353,4,0.0,35.19
12231,5515,475,2,0.15,288.88
12232,5515,344,3,0.15,144.06
12233,5515,376,2,0.1,56.06
12234,5516,268,4,0.2,319.98
12235,5516,584,1,0.15,247.52
12236,5516,468,1,0.0,48.01
12237,5517,441,2,0.1,85.2
12238,5517,554,3,0.2,151.58
12239,5518,610,2,0.15,
12240,5518,122,4,0.0,247.19
12241,5519,206,4,0.05,129.74
12242,5519,540,1,0.15,98.4
12243,5520,475,3,0.0,302.6
12244,5520,394,1,0.2,
12245,5520,61,2,0.0,321.8
12246,5520,576,3,0.05,274.56
12247,5520,542,3,0.15,175.85
12248,5521,407,1,0.0,57.44
12249,5522,300,2,0.2,41.62
12250,5522,134,1,0.05,252.63
12251,5523,474,0,0.05,61.13
12252,5523,171,2,0.15,155.62
12253,5524,318,2,0.2,38.01
12254,5524,338,4,0.0,183.31
12255,5525,499,3,0.1,199.98
12256,5526,493,4,0.0,225.32
12257,5526,580,1,0.15,181.3
12258,5527,114,4,0.15,274.15
12259,5527,264,2,0.2,110.8
12260,5527,561,1,0.0,376.91
12261,5527,100,1,0.1,328.59
12262,5527,205,1,0.0,193.76
12263,5528,571,1,0.0,219.08
12264,5528,47,2,0.0,253.96
12265,5529,346,3,0.2,100.93
12266,5530,2,2,0.05,249.01
12267,5530,348,1,0.0,43.58
12268,5530,389,3,0.05,88.2
12269,5530,24,1,0.05,97.73
12270,5531,591,4,0.0,257.33
12271,5531,333,1,0.15,27.29
12272,5532,583,4,0.0,64.22
12273,5532,225,1,0.05,79.82
12274,5532,232,1,0.0,253.14
12275,5532,501,4,0.1,
12276,5532,134,1,0.15,243.8
12277,5533,476,1,0.1,201.47
12278,5533,512,1,0.0,399.53
12279,5534,311,4,0.1,50.62
12280,5535,229,2,0.0,
12281,5535,439,4,0.2,243.72
12282,5536,200,3,0.1,265.04
12283,5537,363,2,0.0,233.96
12284,5537,396,1,0.0,58.0
12285,5537,568,2,0.0,149.84
12286,5538,452,3,0.2,67.32
12287,5539,579,2,0.1,66.49
12288,5540,45,4,0.0,257.48
12289,5540,306,1,0.05,21.26
12290,5541,284,1,0.0,115.28
12291,5541,259,3,0.2,151.57
12292,5542,359,1,0.2,358.22
12293,5542,221,3,0.0,41.79
12294,5543,117,3,0.1,
12295,5543,299,2,0.0,156.89
12296,5543,453,2,0.0,165.88
12297,5544,177,1,0.15,159.63
12298,5545,453,1,0.05,171.79
12299,5546,422,3,0.05,80.5
12300,5547,225,1,0.1,81.1
12301,5548,318,2,0.05,37.18
12302,5548,606,2,0.0,
12303,5548,241,1,0.05,219.49
12304,5549,467,1,0.15,296.57
12305,5550,180,4,0.0,308.04
12306,5550,470,2,0.15,44.57
12307,5551,511,2,0.0,178.75
12308,5551,572,1,0.0,215.05
12309,5551,528,1,0.0,263.88
12310,5551,118,1,0.0,78.74
12311,5551,101,1,0.1,134.89
12312,5552,328,1,0.0,94.25
12313,5553,452,3,0.1,66.71
12314,5553,207,2,0.15,317.69
12315,5553,436,1,0.0,98.32
12316,5553,158,1,0.0,303.85
12317,5554,221,2,0.0,42.79
12318,5555,1,1,0.15,153.92
12319,5555,283,2,0.05,118.28
12320,5555,243,4,0.05,235.4
12321,5556,26,1,0.0,
12322,5557,16,2,0.0,
12323,5557,539,2,0.2,143.18
12324,5557,261,1,0.1,167.24
12325,5557,112,1,0.1,30.53
12326,5557,198,1,0.2,148.72
12327,5558,163,4,0.0,333.15
12328,5558,343,1,0.05,289.67
12329,5559,207,1,0.05,318.45
12330,5559,282,2,0.05,29.8
12331,5559,342,1,0.0,65.62
12332,5560,45,2,0.1,274.37
12333,5561,59,1,0.0,186.07
12334,5561,288,3,0.0,344.81
12335,5561,302,1,0.0,41.66
12336,5561,465,4,0.1,166.88
12337,5562,337,4,0.05,31.03
12338,5562,574,2,0.0,263.12
12339,5563,465,2,0.0,159.72
12340,5563,595,2,0.1,109.7
12341,5563,475,1,0.1,297.58
12342,5563,521,2,0.0,200.33
12343,5564,592,3,0.15,269.4
12344,5565,558,1,0.05,192.43
12345,5565,595,4,4.77,108.18
12346,5565,255,2,0.05,342.02
12347,5565,18,1,0.2,360.06
12348,5566,173,3,0.05,138.96
12349,5566,253,3,0.15,
12350,5567,197,2,0.2,148.45
12351,5568,355,3,0.2,91.33
12352,5569,172,3,0.0,53.64
12353,5569,98,1,0.1,100.61
12354,5569,288,2,0.15,364.58
12355,5570,193,2,0.0,271.6
12356,5570,175,4,0.2,133.97
12357,5570,321,1,0.0,10.87
12358,5570,26,3,0.0,
12359,5570,497,3,0.15,97.8
12360,5571,454,2,0.0,219.28
12361,5571,407,1,0.15,57.08
12362,5572,518,2,0.2,33.92
12363,5572,392,2,0.05,70.51
12364,5573,568,1,0.0,147.91
12365,5574,504,1,0.05,
12366,5574,320,1,0.1,76.28
12367,5574,288,3,0.05,349.26
12368,5575,402,2,0.1,196.02
12369,5575,75,2,0.2,18.93
12370,5575,101,1,0.05,144.31
12371,5576,172,4,0.0,53.69
12372,5576,212,4,0.05,33.87
12373,5576,95,3,0.1,129.05
12374,5576,376,1,0.1,53.55
12375,5577,388,1,0.0,185.07
12376,5577,317,1,0.15,157.25
12377,5577,479,3,0.0,112.87
12378,5578,76,1,0.2,233.98
12379,5579,421,1,0.1,11.26
12380,5579,557,4,0.2,75.53
12381,5579,180,2,0.15,317.12
12382,5579,377,1,0.15,163.99
12383,5579,492,4,0.15,25.44
12384,5580,293,1,0.15,156.5
12385,5581,286,2,0.15,191.83
12386,5582,271,1,0.0,331.91
12387,5583,539,2,0.0,133.14
12388,5583,303,1,0.0,40.47
12389,5583,571,1,0.05,233.73
12390,5583,121,1,0.0,396.71
12391,5583,580,1,0.0,178.99
12392,5584,366,3,0.05,67.3
12393,5584,478,4,3.52,116.4
12394,5585,146,2,0.0,10.63
12395,5586,82,1,0.15,197.2
12396,5586,213,3,0.0,25.18
12397,5587,202,4,0.2,203.99
12398,5587,512,4,0.15,380.6
12399,5587,230,2,0.2,17.25
12400,5587,137,1,0.0,340.61
12401,5588,70,2,0.0,161.74
12402,5589,319,3,0.05,137.08
12403,5589,328,3,0.05,96.07
12404,5589,564,1,0.1,31.07
12405,5590,178,2,0.1,31.51
12406,5591,417,2,0.2,37.36
12407,5591,248,2,0.0,
12408,5591,120,4,0.0,157.77
12409,5591,369,2,0.15,157.64
12410,5592,63,3,0.05,70.53
12411,5593,130,1,0.1,128.5
12412,5593,316,1,0.0,286.43
12413,5594,340,1,0.15,374.84
12414,5594,557,1,0.05,73.06
12415,5594,209,2,0.1,
12416,5595,195,4,0.0,282.09
12417,5595,308,1,0.05,343.2
12418,5596,507,2,0.2,187.73
12419,5597,251,3,0.0,216.53
12420,5597,564,4,0.05,28.7
12421,5598,10,2,0.1,114.79
12422,5599,143,1,0.1,123.82
12423,5600,130,4,0.1,119.53
12424,5601,492,1,0.0,27.58
12425,5602,104,1,0.15,39.81
12426,5602,40,1,0.05,83.88
12427,5603,267,1,0.1,
12428,5604,409,1,0.1,174.72
12429,5604,332,3,0.05,149.97
12430,5604,153,3,0.0,309.48
12431,5605,417,4,0.05,37.0
12432,5606,211,2,0.0,286.23
12433,5606,49,3,0.1,150.35
12434,5606,449,4,0.0,116.11
12435,5606,103,1,0.1,119.04
12436,5607,136,1,0.05,313.79
12437,5608,214,1,0.05,187.06
12438,5609,265,2,0.0,28.25
12439,5610,199,2,0.2,247.4
12440,5610,313,3,0.0,168.45
12441,5611,176,1,0.0,204.11
12442,5612,407,4,0.0,59.59
12443,5613,75,1,0.1,17.46
12444,5613,256,4,0.2,186.82
12445,5613,499,4,0.0,202.76
12446,5613,305,3,0.15,174.86
12447,5614,297,4,0.15,51.68
12448,5614,348,4,0.2,42.2
12449,5615,237,2,0.05,23.57
12450,5615,588,2,0.0,201.89
12451,5616,97,1,0.1,309.34
12452,5616,274,4,0.0,44.0
12453,5617,177,2,0.05,149.83
12454,5617,48,2,0.0,229.62
12455,5618,258,2,0.15,13.33
12456,5618,137,2,0.1,335.67
12457,5619,215,1,0.0,77.1
12458,5620,380,1,0.1,318.24
12459,5620,479,2,0.15,103.65
12460,5621,344,1,0.1,150.39
12461,5622,42,2,0.0,69.13
12462,5622,63,3,0.0,68.88
12463,5622,389,1,0.1,
12464,5622,166,4,0.0,141.14
12465,5622,364,1,0.0,60.83
12466,5623,369,1,0.1,160.28
12467,5624,304,4,0.05,62.59
12468,5624,315,4,0.1,14.77
12469,5624,580,2,0.1,176.2
12470,5624,572,1,0.0,227.1
12471,5624,323,2,0.15,56.88
12472,5625,386,1,0.0,50.53
12473,5625,376,1,0.2,
12474,5626,206,1,0.2,132.74
12475,5626,386,2,0.0,48.5
12476,5626,94,2,0.0,259.91
12477,5627,24,4,0.15,101.19
12478,5627,319,1,0.0,140.61
12479,5627,262,1,0.0,387.62
12480,5628,152,2,0.0,189.0
12481,5628,398,2,0.05,14.36
12482,5628,85,1,0.0,19.15
12483,5628,498,1,0.1,81.64
12484,5628,259,4,0.15,146.82
12485,5629,190,2,0.0,206.33
12486,5630,365,1,0.05,48.77
12487,5631,504,2,0.05,
12488,5632,228,2,0.15,40.69
12489,5632,401,4,0.2,159.62
12490,5632,96,3,0.2,43.83
12491,5633,289,1,0.2,67.63
12492,5633,228,3,0.0,39.33
12493,5633,29,2,0.0,26.7
12494,5634,551,1,0.15,30.5
12495,5635,594,2,0.2,151.12
12496,5636,531,4,0.15,357.79
12497,5636,398,1,0.0,15.04
12498,5637,423,3,0.05,46.58
12499,5638,353,4,0.0,35.91
12500,5638,431,1,0.05,221.23
12501,5639,317,1,0.15,164.34
12502,5639,477,1,0.0,80.05
12503,5639,439,1,0.05,246.97
12504,5640,33,1,0.0,96.84
12505,5641,218,3,0.0,37.74
12506,5642,227,2,0.2,
12507,5642,283,1,0.0,119.03
12508,5643,140,4,0.2,269.74
12509,5644,33,4,0.05,96.76
12510,5644,293,2,0.05,154.19
12511,5644,50,1,0.0,9.92
12512,5644,422,2,0.0,77.27
12513,5645,548,1,0.0,59.24
12514,5645,150,3,0.0,132.12
12515,5646,415,4,0.2,215.31
12516,5647,450,4,0.0,7.2
12517,5647,212,4,0.1,34.65
12518,5647,296,2,0.0,52.11
12519,5648,486,1,0.0,
12520,5648,441,1,0.0,86.97
12521,5649,404,1,0.0,386.56
12522,5649,464,1,0.1,92.21
12523,5650,383,2,0.15,16.9
12524,5651,102,3,0.05,71.12
12525,5651,556,1,0.1,193.33
12526,5651,507,2,0.15,201.34
12527,5651,223,2,0.0,339.96
12528,5652,102,0,0.0,69.98
12529,5652,475,1,0.0,285.51
12530,5652,137,1,0.2,334.05
12531,5653,121,2,0.0,384.08
12532,5654,598,2,0.0,25.78
12533,5654,462,4,0.1,351.44
12534,5654,212,1,0.0,33.99
12535,5654,485,3,0.1,176.35
12536,5654,302,2,0.0,42.78
12537,5655,189,4,0.0,169.97
12538,5656,509,4,0.05,60.6
12539,5656,166,1,0.0,140.09
12540,5656,256,1,0.1,177.82
12541,5657,568,3,0.1,153.37
12542,5657,379,1,0.1,195.88
12543,5658,319,1,0.0,137.52
12544,5659,261,4,0.0,168.38
12545,5659,527,2,0.0,342.91
12546,5659,491,4,0.0,133.57
12547,5660,473,2,0.05,
12548,5660,57,4,0.0,349.14
12549,5661,170,1,0.0,101.44
12550,5661,543,4,0.0,298.09
12551,5662,57,2,0.2,364.74
12552,5662,283,1,0.15,118.24
12553,5662,151,4,0.05,21.5
12554,5662,286,1,0.05,185.32
12555,5662,402,2,0.0,187.1
12556,5663,407,1,0.0,57.39
12557,5663,601,2,0.15,
12558,5663,16,3,0.1,
12559,5664,592,1,0.0,257.3
12560,5664,419,1,0.2,
12561,5664,251,4,0.2,211.54
12562,5665,287,1,0.0,132.45
12563,5665,561,1,0.1,365.36
12564,5665,218,1,0.0,35.32
12565,5665,46,3,0.05,48.88
12566,5666,303,2,0.15,39.66
12567,5666,77,4,0.0,50.93
12568,5667,598,4,0.0,26.06
12569,5668,586,4,0.1,264.1
12570,5668,570,1,0.15,161.7
12571,5669,303,2,0.0,40.83
12572,5670,377,2,0.15,174.85
12573,5670,479,1,0.1,111.71
12574,5670,510,1,0.0,191.6
12575,5670,80,1,0.2,89.36
12576,5671,465,1,0.0,157.18
12577,5671,553,1,0.1,229.28
12578,5671,341,3,0.05,
12579,5671,562,2,0.15,323.68
12580,5671,330,2,0.1,
12581,5672,24,2,0.0,104.5
12582,5672,326,1,0.1,33.81
12583,5673,163,1,0.05,328.71
12584,5673,142,2,0.0,80.9
12585,5674,9,2,0.15,100.02
12586,5674,332,2,0.0,154.22
12587,5675,247,3,0.0,71.13
12588,5675,531,2,0.1,381.96
12589,5675,175,2,0.05,132.64
12590,5676,387,2,0.15,41.41
12591,5677,548,1,0.0,57.27
12592,5677,425,1,0.1,172.48
12593,5678,282,1,0.1,31.79
12594,5679,519,1,0.1,125.45
12595,5679,21,2,0.0,43.14
12596,5680,273,2,0.0,167.39
12597,5680,113,4,0.0,72.44
12598,5680,193,3,0.2,284.17
12599,5681,557,2,0.0,74.49
12600,5682,63,2,0.0,73.5
12601,5683,125,3,0.0,390.7
12602,5684,502,1,0.2,308.29
12603,5684,600,2,0.0,163.95
12604,5685,315,1,0.05,14.55
12605,5686,68,2,0.0,254.83
12606,5687,178,2,0.1,31.42
12607,5688,499,2,0.05,204.34
12608,5689,391,3,0.2,223.8
12609,5690,499,1,0.0,209.1
12610,5690,414,1,0.1,95.08
12611,5690,10,1,0.15,121.18
12612,5690,484,1,0.0,192.87
12613,5690,582,3,0.0,128.29
12614,5691,369,1,0.15,150.13
12615,5691,503,3,0.1,282.33
12616,5691,41,2,0.05,299.94
12617,5691,99,2,0.2,299.38
12618,5691,495,4,0.1,103.33
12619,5692,463,1,0.2,84.3
12620,5692,320,2,0.1,76.93
12621,5692,211,4,0.05,302.77
12622,5692,403,2,0.0,161.98
12623,5693,504,3,0.1,
12624,5693,4,1,0.2,
12625,5693,235,3,0.1,99.39
12626,5694,164,3,0.2,192.01
12627,5695,35,1,0.1,37.4
12628,5695,210,3,0.2,236.38
12629,5696,8,2,0.1,45.68
12630,5697,58,3,0.15,240.33
12631,5697,117,4,0.05,172.71
12632,5697,302,1,0.2,40.36
12633,5697,155,1,0.0,205.19
12634,5698,258,3,0.1,12.49
12635,5699,172,2,0.2,56.1
12636,5699,52,4,0.1,99.38
12637,5699,321,2,0.0,10.41
12638,5700,188,4,0.0,25.06
12639,5701,62,2,0.0,75.11
12640,5701,286,1,0.05,192.99
12641,5702,481,1,0.05,33.27
12642,5703,537,3,0.05,11.72
12643,5704,241,1,0.0,231.57
12644,5704,307,2,0.0,128.86
12645,5704,44,1,0.0,239.92
12646,5705,366,1,0.15,68.7
12647,5705,249,1,0.0,121.87
12648,5705,188,1,0.0,24.26
12649,5705,91,2,0.15,74.25
12650,5706,455,4,0.15,73.82
12651,5707,406,1,0.2,
12652,5708,136,3,0.2,309.15
12653,5709,597,1,0.1,114.37
12654,5709,479,2,0.1,105.45
12655,5710,372,2,0.0,225.86
12656,5711,469,1,0.15,15.76
12657,5712,581,2,0.0,187.3
12658,5713,359,1,0.0,345.14
12659,5714,56,2,0.05,67.38
12660,5714,560,1,0.0,
12661,5715,207,3,0.2,297.73
12662,5716,254,3,0.1,347.65
12663,5716,554,1,0.0,150.67
12664,5716,348,1,0.05,45.56
12665,5717,114,2,0.1,284.41
12666,5717,342,0,0.0,62.75
12667,5717,88,1,0.05,159.14
12668,5718,336,2,0.15,71.61
12669,5718,585,2,0.0,6.7
12670,5718,56,1,0.0,67.24
12671,5718,594,1,0.15,149.17
12672,5719,414,2,0.15,98.14
12673,5719,255,1,0.1,329.59
12674,5719,148,1,0.2,43.3
12675,5720,463,1,0.1,84.98
12676,5720,460,3,0.1,181.37
12677,5720,65,4,0.2,8.46
12678,5720,571,2,0.0,220.48
12679,5720,323,2,0.0,56.46
12680,5721,551,2,0.15,30.52
12681,5722,484,2,0.15,193.34
12682,5722,532,2,0.0,221.7
12683,5722,312,4,0.2,113.76
12684,5722,243,3,0.2,230.11
12685,5722,190,2,0.1,211.46
12686,5723,186,1,0.15,24.66
12687,5723,544,1,0.2,147.96
12688,5723,562,1,0.2,331.47
12689,5723,454,1,0.05,231.64
12690,5724,294,2,0.0,21.28
12691,5724,40,4,0.0,79.55
12692,5725,339,2,0.15,38.69
12693,5725,153,1,0.1,304.35
12694,5726,281,1,0.0,169.28
12695,5726,192,2,0.0,256.67
12696,5726,435,4,0.15,351.35
12697,5726,143,1,0.15,113.35
12698,5726,82,2,0.0,198.59
12699,5727,9,1,0.15,99.17
12700,5727,499,1,0.2,204.86
12701,5727,306,2,0.1,22.05
12702,5728,409,1,0.0,165.3
12703,5728,213,1,0.1,24.52
12704,5729,232,1,0.2,256.98
12705,5730,361,2,0.0,227.16
12706,5731,17,2,0.1,34.84
12707,5731,559,1,0.05,41.75
12708,5732,465,2,0.0,163.47
12709,5733,168,2,0.0,13.7
12710,5734,224,2,0.0,350.18
12711,5735,269,2,0.0,204.89
12712,5735,112,1,0.15,31.55
12713,5735,270,2,0.0,105.21
12714,5735,111,2,0.15,221.07
12715,5736,285,1,0.05,250.89
12716,5737,106,1,0.05,202.39
12717,5737,373,2,0.15,
12718,5738,358,1,0.15,139.45
12719,5738,47,2,0.05,251.71
12720,5738,450,1,0.1,6.93
12721,5739,127,1,0.15,220.86
12722,5739,223,2,0.0,318.31
12723,5740,423,4,0.0,48.98
12724,5740,208,2,0.15,195.31
12725,5740,492,2,0.0,26.09
12726,5741,505,1,0.1,83.87
12727,5741,18,3,0.0,361.12
12728,5741,406,2,0.1,
12729,5742,130,4,0.1,131.55
12730,5742,380,2,0.0,344.3
12731,5742,567,1,0.0,23.72
12732,5742,352,3,0.0,77.76
12733,5743,249,2,0.0,126.2
12734,5743,304,1,0.0,60.49
12735,5744,335,2,0.2,54.25
12736,5744,418,1,0.0,153.35
12737,5745,565,4,0.05,102.38
12738,5746,410,1,0.1,19.59
12739,5747,70,1,0.2,152.09
12740,5748,287,2,0.1,132.23
12741,5749,289,1,0.15,63.22
12742,5750,477,1,0.0,74.41
12743,5751,503,1,0.0,272.16
12744,5751,113,1,0.2,69.18
12745,5752,112,1,0.2,29.84
12746,5752,378,1,0.1,60.33
12747,5753,593,2,0.0,49.47
12748,5753,332,2,0.0,153.37
12749,5753,129,2,0.1,331.09
12750,5753,25,2,0.0,128.74
12751,5754,114,4,0.0,288.02
12752,5754,228,2,0.2,38.39
12753,5755,94,2,0.0,267.04
12754,5755,580,1,0.05,171.91
12755,5755,515,1,0.2,133.16
12756,5756,575,2,0.0,346.73
12757,5756,118,1,0.15,73.78
12758,5756,164,1,0.2,196.49
12759,5756,290,1,0.2,128.73
12760,5757,573,2,0.1,113.14
12761,5757,464,3,0.0,87.83
12762,5758,473,1,0.1,
12763,5758,381,2,0.05,46.32
12764,5758,378,2,0.2,57.15
12765,5758,477,2,0.0,80.1
12766,5758,269,2,0.2,210.87
12767,5759,328,1,0.05,94.24
12768,5760,121,1,0.15,389.3
12769,5760,26,1,0.0,
12770,5760,108,4,0.2,186.81
12771,5760,587,1,0.2,160.17
12772,5760,472,2,0.2,246.65
12773,5761,355,1,0.2,94.51
12774,5762,248,1,0.0,
12775,5763,150,4,0.2,141.33
12776,5763,203,2,0.05,126.61
12777,5763,157,4,0.2,18.32
12778,5763,202,2,0.05,199.45
12779,5763,179,1,0.0,14.29
12780,5764,442,1,0.0,8.58
12781,5764,221,1,0.05,44.33
12782,5765,80,1,0.05,86.66
12783,5765,15,1,0.1,121.41
12784,5766,431,3,0.05,229.35
12785,5766,81,1,0.05,131.07
12786,5766,546,2,0.0,315.44
12787,5767,38,3,0.0,249.4
12788,5768,37,2,0.0,9.24
12789,5768,495,1,0.15,104.09
12790,5769,548,-1,0.15,57.6
12791,5769,591,2,0.0,250.22
12792,5769,542,1,0.2,161.45
12793,5769,476,1,0.0,201.92
12794,5769,586,4,0.0,252.2
12795,5770,485,1,0.05,177.91
12796,5771,147,2,0.0,229.39
12797,5771,288,1,0.05,363.31
12798,5771,144,1,0.2,143.77
12799,5771,2,4,0.1,237.39
12800,5772,150,1,0.0,133.75
12801,5772,505,2,0.0,80.19
12802,5772,253,1,0.1,
12803,5772,300,4,0.05,42.62
12804,5773,531,2,0.2,357.08
12805,5774,67,3,0.0,36.1
12806,5774,84,4,0.0,80.59
12807,5774,212,1,0.15,32.11
12808,5774,230,1,0.0,17.28
12809,5775,172,2,0.0,57.74
12810,5775,159,3,0.0,96.74
12811,5776,421,1,0.1,11.84
12812,5776,277,4,0.0,
12813,5776,141,1,0.0,253.01
12814,5777,558,2,0.15,205.19
12815,5777,122,2,0.0,263.42
12816,5778,577,2,0.0,235.66
12817,5779,343,1,0.0,300.63
12818,5780,105,3,0.0,5.89
12819,5780,220,4,0.2,145.48
12820,5780,425,1,0.2,175.1
12821,5780,557,2,0.1,78.25
12822,5781,326,1,0.1,34.67
12823,5781,214,1,0.15,178.94
12824,5781,304,2,0.1,60.46
12825,5781,27,1,0.0,373.09
12826,5781,516,1,0.15,
12827,5782,439,2,0.0,245.64
12828,5782,580,2,0.15,173.65
12829,5782,539,4,0.2,132.17
12830,5783,189,1,0.0,168.9
12831,5783,597,1,0.2,118.85
12832,5783,408,4,0.05,276.42
12833,5784,599,2,0.0,399.8
12834,5784,127,3,0.0,216.18
12835,5784,514,1,0.0,332.45
12836,5785,500,2,0.05,288.63
12837,5785,287,3,0.15,142.96
12838,5785,308,1,0.0,341.56
12839,5785,549,1,0.05,55.51
12840,5786,365,4,0.2,52.19
12841,5786,42,2,0.05,68.77
12842,5787,467,1,0.05,303.87
12843,5788,479,3,0.05,109.64
12844,5789,144,2,0.15,148.64
12845,5789,126,3,0.05,86.81
12846,5790,110,1,0.0,264.65
12847,5790,256,1,0.0,171.02
12848,5791,582,2,0.1,120.89
12849,5792,149,1,0.0,182.94
12850,5792,41,1,0.15,286.93
12851,5792,415,2,0.05,219.77
12852,5793,333,2,0.2,26.2
12853,5794,180,2,0.05,317.16
12854,5795,37,1,0.0,9.86
12855,5795,337,3,0.1,30.14
12856,5796,157,4,0.0,18.02
12857,5797,384,2,0.0,286.67
12858,5797,168,2,0.05,13.15
12859,5798,18,2,0.05,355.26
12860,5798,542,2,0.1,170.59
12861,5798,78,1,0.05,247.13
12862,5799,256,1,0.15,187.78
12863,5799,238,1,0.1,231.39
12864,5800,571,2,0.2,216.82
12865,5800,155,4,0.0,208.74
12866,5801,334,4,0.1,
12867,5801,93,1,0.05,92.05
12868,5802,259,2,0.1,147.58
12869,5802,32,2,0.0,228.96
12870,5803,189,2,0.0,173.08
12871,5803,291,2,0.05,201.31
12872,5804,179,2,0.15,15.53
12873,5805,428,1,0.1,50.27
12874,5805,470,1,0.05,44.59
12875,5805,221,1,0.15,44.99
12876,5805,183,1,0.0,272.49
12877,5805,541,2,0.2,170.41
12878,5806,358,2,0.15,153.54
12879,5807,192,1,0.0,
12880,5808,526,4,0.1,264.11
12881,5809,271,2,0.2,324.97
12882,5809,43,3,0.0,87.51
12883,5810,597,2,0.0,115.63
12884,5810,498,3,0.0,79.58
12885,5810,427,1,0.2,85.72
12886,5810,12,2,0.0,85.21
12887,5810,154,1,0.15,135.22
12888,5811,9,2,0.0,94.69
12889,5811,93,3,0.0,92.05
12890,5812,143,1,0.0,115.99
12891,5813,82,2,0.0,199.44
12892,5813,34,2,0.1,58.49
12893,5813,310,4,0.2,298.17
12894,5813,517,1,0.0,55.49
12895,5814,208,1,0.1,182.09
12896,5814,35,4,0.05,38.77
12897,5814,104,1,0.15,42.73
12898,5815,519,2,0.2,121.98
12899,5815,389,2,0.0,91.55
12900,5815,376,2,0.15,52.05
12901,5816,551,1,0.0,30.4
12902,5816,309,2,0.05,
12903,5817,80,2,0.1,90.47
12904,5817,190,2,0.1,207.19
12905,5818,49,2,0.05,153.72
12906,5818,501,1,0.15,
12907,5818,551,1,0.2,31.17
12908,5819,491,1,0.05,132.51
12909,5819,504,3,0.0,
12910,5820,110,2,0.0,261.43
12911,5820,390,2,0.0,256.08
12912,5820,388,3,0.05,179.35
12913,5821,164,1,0.15,188.24
12914,5821,329,4,0.15,79.91
12915,5821,327,1,0.0,207.04
12916,5821,555,2,0.0,165.59
12917,5822,91,1,0.2,79.14
12918,5822,278,2,0.1,257.58
12919,5823,364,1,0.15,58.36
12920,5824,469,1,0.0,14.85
12921,5824,411,1,0.1,157.01
12922,5824,325,4,0.1,233.08
12923,5825,371,1,0.0,121.72
12924,5825,17,1,0.2,33.52
12925,5826,450,1,0.05,7.16
12926,5826,472,1,0.2,240.08
12927,5826,1,1,0.2,154.25
12928,5827,548,2,0.05,56.47
12929,5827,342,4,0.0,65.09
12930,5828,460,2,0.05,169.61
12931,5828,193,2,0.0,268.0
12932,5829,388,1,0.05,178.85
12933,5829,413,2,0.0,218.02
12934,5830,189,3,0.1,170.23
12935,5831,301,2,0.2,45.59
12936,5831,577,4,0.0,240.19
12937,5831,425,4,0.2,172.92
12938,5832,152,1,0.05,187.88
12939,5832,557,2,0.05,75.26
12940,5832,516,1,0.15,18.43
12941,5833,225,1,0.0,82.02
12942,5834,217,1,0.2,134.13
12943,5834,561,1,0.05,361.7
12944,5834,37,2,0.0,9.96
12945,5834,67,2,0.2,37.13
12946,5834,17,2,0.0,34.79
12947,5835,605,3,0.1,
12948,5835,398,2,0.05,14.66
12949,5836,181,2,0.0,140.64
12950,5836,23,2,0.1,98.78
12951,5837,391,2,0.2,222.09
12952,5838,564,2,0.05,29.91
12953,5839,291,1,0.05,201.23
12954,5840,6,1,0.15,16.86
12955,5840,224,2,0.0,363.57
12956,5840,474,1,0.05,63.64
12957,5840,23,1,0.15,95.55
12958,5841,16,1,2.02,
12959,5842,39,1,0.1,159.41
12960,5842,351,4,0.15,114.11
12961,5843,449,1,0.15,126.92
12962,5843,216,2,0.05,59.11
12963,5843,197,2,0.0,147.92
12964,5843,247,2,0.0,68.16
12965,5844,145,2,0.05,94.13
12966,5844,22,3,0.05,21.35
12967,5845,564,2,0.0,28.7
12968,5846,502,2,0.0,304.08
12969,5847,530,4,0.2,159.72
12970,5847,504,2,0.0,
12971,5847,464,3,0.0,93.82
12972,5848,160,1,0.05,41.47
12973,5848,540,1,0.0,93.07
12974,5849,496,2,0.1,295.49
12975,5850,424,1,0.2,45.13
12976,5850,134,2,0.2,256.53
12977,5850,59,2,0.0,183.57
12978,5850,84,2,0.0,80.37
12979,5850,32,4,0.2,222.26
12980,5851,429,2,0.2,17.06
12981,5851,484,2,0.1,188.38
12982,5851,255,1,0.05,345.28
12983,5851,558,1,0.05,194.27
12984,5852,388,1,0.1,190.76
12985,5853,260,2,0.2,215.26
12986,5853,198,1,0.2,138.74
12987,5854,267,1,0.0,329.55
12988,5854,409,1,0.05,174.75
12989,5855,450,1,0.05,6.79
12990,5856,75,2,0.2,17.47
12991,5856,458,2,0.2,161.35
12992,5856,373,2,0.0,
12993,5857,434,1,0.0,38.77
12994,5858,523,1,0.0,306.54
12995,5858,405,1,0.05,102.03
12996,5859,326,3,0.2,34.62
12997,5859,484,2,0.1,186.45
12998,5860,261,4,0.0,161.43
12999,5860,382,1,0.0,99.05
13000,5861,114,0,0.15,266.28
13001,5861,55,4,0.0,51.0
13002,5861,498,4,0.0,80.29
13003,5862,1,1,0.2,158.15
13004,5863,254,2,0.0,330.37
13005,5863,52,4,0.2,101.78
13006,5864,186,2,0.0,22.64
13007,5864,28,2,0.0,239.62
13008,5864,302,2,0.15,43.57
13009,5864,235,2,0.1,96.3
13010,5865,432,2,0.0,161.98
13011,5866,415,4,0.15,220.64
13012,5866,112,2,0.05,30.13
13013,5866,340,1,0.05,386.46
13014,5867,409,3,0.15,171.65
13015,5868,22,1,0.1,21.54
13016,5868,40,1,0.15,78.22
13017,5868,193,1,0.15,273.61
13018,5868,557,3,0.0,77.36
13019,5869,505,3,0.0,83.15
13020,5869,108,3,0.1,183.93
13021,5869,71,1,0.15,231.18
13022,5870,73,2,0.05,58.76
13023,5871,414,4,0.2,102.91
13024,5872,212,1,0.15,32.35
13025,5872,255,2,0.15,330.88
13026,5872,518,2,0.0,34.57
13027,5873,553,1,0.0,230.48
13028,5873,395,1,0.2,185.54
13029,5873,371,2,0.0,119.75
13030,5873,402,1,0.0,185.78
13031,5874,206,3,0.15,131.74
13032,5874,481,3,0.0,33.44
13033,5875,100,1,0.05,313.49
13034,5876,292,3,0.2,130.04
13035,5876,514,4,0.15,346.53
13036,5876,7,2,0.0,210.55
13037,5876,176,1,0.1,205.55
13038,5877,432,1,0.2,160.31
13039,5877,223,2,0.1,338.63
13040,5877,71,4,0.0,236.95
13041,5877,283,1,0.2,117.19
13042,5878,347,1,0.2,125.72
13043,5878,548,4,0.05,60.53
13044,5878,308,2,0.0,357.11
13045,5878,97,3,0.05,318.69
13046,5879,76,1,0.1,221.36
13047,5879,268,2,0.2,319.12
13048,5879,185,3,0.0,
13049,5880,576,2,0.0,262.68
13050,5880,289,2,0.0,67.33
13051,5880,438,2,0.0,9.99
13052,5881,187,1,0.05,38.57
13053,5881,305,4,0.0,183.73
13054,5882,516,2,0.1,18.41
13055,5882,182,4,0.05,155.33
13056,5882,97,1,0.2,296.63
13057,5882,116,1,0.0,237.63
13058,5883,458,4,0.0,161.77
13059,5883,10,2,0.0,119.56
13060,5884,362,1,0.0,31.87
13061,5885,448,1,0.2,160.56
13062,5885,160,1,0.2,44.91
13063,5885,57,1,0.0,336.07
13064,5885,469,3,0.2,14.48
13065,5885,116,4,0.2,255.13
13066,5886,35,3,0.0,40.26
13067,5886,289,1,0.15,63.86
13068,5887,403,1,0.0,153.96
13069,5887,388,2,0.05,189.72
13070,5888,350,2,0.0,49.78
13071,5888,584,2,0.0,267.69
13072,5889,162,3,0.0,173.37
13073,5889,7,4,0.1,206.1
13074,5889,449,4,0.2,123.05
13075,5889,191,1,0.1,48.16
13076,5889,85,1,0.1,19.04
13077,5890,130,4,0.0,122.18
13078,5890,287,2,0.0,137.97
13079,5891,238,1,0.05,222.53
13080,5891,442,1,0.0,8.63
13081,5891,410,1,0.0,19.43
13082,5892,453,2,0.0,170.78
13083,5893,505,2,0.0,77.88
13084,5894,386,3,0.0,47.21
13085,5895,202,1,0.05,205.09
13086,5895,301,3,0.0,48.88
13087,5896,361,3,0.15,221.5
13088,5897,485,4,0.2,174.62
13089,5897,199,2,0.1,251.36
13090,5898,294,1,0.1,21.97
13091,5898,96,4,0.2,45.37
13092,5898,10,2,0.05,113.48
13093,5899,483,3,0.0,80.96
13094,5899,560,1,0.05,
13095,5899,4,3,0.15,
13096,5899,218,4,1.83,36.08
13097,5900,111,1,0.1,208.16
13098,5901,345,1,0.1,180.1
13099,5902,351,1,0.0,107.89
13100,5902,41,1,0.0,302.54
13101,5903,485,2,0.0,165.63
13102,5903,121,1,0.0,380.02
13103,5903,37,3,0.05,9.38
13104,5903,162,1,0.1,
13105,5904,411,1,0.1,164.95
13106,5904,231,1,0.2,45.25
13107,5905,217,2,0.2,136.31
13108,5905,163,4,0.0,347.92
13109,5906,263,3,0.0,255.63
13110,5907,181,2,0.2,135.49
13111,5908,556,2,0.0,203.08
13112,5908,488,2,0.0,13.16
13113,5908,519,2,0.05,132.14
13114,5908,320,2,0.15,80.7
13115,5909,155,1,0.2,203.79
13116,5909,90,4,0.0,210.76
13117,5909,204,4,0.15,80.91
13118,5910,423,1,0.0,48.37
13119,5910,559,1,0.1,42.7
13120,5911,376,2,0.05,53.78
13121,5912,15,2,0.0,129.46
13122,5912,538,1,0.0,295.43
13123,5912,297,1,0.0,52.49
13124,5912,299,1,0.15,154.33
13125,5912,310,2,0.0,305.93
13126,5913,77,1,0.15,50.22
13127,5913,521,3,0.0,200.76
13128,5913,181,1,0.1,134.18
13129,5914,536,3,0.0,75.91
13130,5915,275,2,0.05,189.29
13131,5916,472,1,0.1,251.59
13132,5916,232,4,0.0,251.57
13133,5917,494,1,0.15,204.72
13134,5918,129,1,0.0,334.74
13135,5918,10,1,0.0,116.6
13136,5919,89,1,0.2,187.93
13137,5919,65,1,0.2,8.05
13138,5920,530,2,0.0,162.35
13139,5920,193,1,0.0,289.06
13140,5921,489,1,0.2,
13141,5921,193,4,0.0,273.42
13142,5922,156,2,0.15,91.72
13143,5923,375,2,0.1,319.08
13144,5924,330,2,0.0,217.08
13145,5924,393,1,0.05,81.15
13146,5924,110,2,0.0,250.57
13147,5925,333,2,0.0,26.31
13148,5926,497,1,0.0,91.77
13149,5927,268,1,0.2,326.43
13150,5927,226,1,0.05,242.6
13151,5927,44,2,0.05,258.57
13152,5927,121,3,0.1,387.12
13153,5927,381,1,0.0,45.68
13154,5928,419,1,0.1,252.28
13155,5929,276,4,0.1,213.73
13156,5929,317,1,0.15,159.85
13157,5929,471,2,0.0,92.93
13158,5929,442,1,0.0,8.22
13159,5930,209,1,0.0,82.5
13160,5931,556,1,0.1,210.7
13161,5931,260,4,0.0,216.68
13162,5932,120,2,0.1,153.35
13163,5933,372,3,0.0,234.28
13164,5933,114,1,0.0,287.86
13165,5933,271,1,0.1,310.07
13166,5933,518,1,0.2,33.56
13167,5934,158,2,0.0,309.46
13168,5934,541,1,0.0,174.65
13169,5935,393,2,0.0,81.5
13170,5936,550,1,0.0,220.66
13171,5937,68,1,0.2,253.13
13172,5937,503,2,0.0,276.32
13173,5937,426,1,0.15,
13174,5938,63,1,0.1,70.61
13175,5938,340,2,0.1,359.94
13176,5938,119,3,0.0,56.79
13177,5938,225,1,0.0,81.34
13178,5939,556,1,0.05,197.84
13179,5940,373,3,0.15,
13180,5941,130,2,0.1,121.37
13181,5941,339,2,0.05,38.02
13182,5941,384,1,0.2,310.0
13183,5942,430,1,0.0,121.37
13184,5942,438,1,0.0,10.32
13185,5942,136,4,0.0,305.8
13186,5942,490,1,0.0,165.44
13187,5943,43,2,0.0,83.5
13188,5943,35,2,0.1,39.41
13189,5944,91,3,0.0,
13190,5944,102,2,0.15,67.43
13191,5945,58,2,0.1,243.13
13192,5945,31,1,0.2,102.01
13193,5945,188,4,0.0,24.9
13194,5945,242,4,0.15,164.16
13195,5946,548,2,0.2,59.21
13196,5946,507,2,0.2,197.5
13197,5946,214,2,0.0,177.17
13198,5947,434,2,0.0,40.9
13199,5947,497,2,0.0,91.48
13200,5947,305,1,0.2,184.12
13201,5947,212,1,0.0,32.03
13202,5948,256,1,0.15,178.08
13203,5948,439,2,0.15,255.93
13204,5949,265,2,0.2,30.73
13205,5949,591,3,0.0,267.21
13206,5949,260,2,0.0,219.15
13207,5950,209,1,0.1,83.25
13208,5950,599,2,0.0,404.69
13209,5950,163,2,0.1,361.14
13210,5950,73,2,0.2,62.88
13211,5951,431,2,0.2,221.2
13212,5951,202,1,0.15,190.75
13213,5951,266,2,0.2,354.68
13214,5952,301,2,0.15,50.07
13215,5952,297,2,0.0,52.97
13216,5952,542,3,0.0,171.81
13217,5952,563,1,0.2,207.12
13218,5952,256,1,0.0,171.33
13219,5953,318,1,0.05,38.18
13220,5953,559,4,0.0,44.07
13221,5953,195,2,0.1,271.8
13222,5954,293,1,0.1,153.9
13223,5954,268,2,0.15,331.05
13224,5955,209,1,0.15,83.91
13225,5955,15,1,0.0,127.09
13226,5955,352,2,0.05,77.93
13227,5956,263,2,0.15,253.3
13228,5956,302,1,0.0,42.09
13229,5956,359,3,0.0,354.24
13230,5956,447,1,0.0,233.23
13231,5956,147,3,0.1,231.98
13232,5957,553,3,0.05,239.38
13233,5957,132,1,0.05,50.51
13234,5957,8,1,0.0,46.83
13235,5957,29,2,0.15,25.45
13236,5958,426,2,0.0,
13237,5959,546,1,0.0,321.95
13238,5959,228,1,0.0,40.25
13239,5960,236,1,0.2,13.76
13240,5961,288,1,0.1,340.28
13241,5961,380,3,0.0,349.35
13242,5962,384,4,0.15,292.95
13243,5963,400,3,0.0,273.72
13244,5964,340,1,0.0,363.5
13245,5965,103,1,0.2,127.0
13246,5965,564,2,0.0,30.38
13247,5966,424,2,0.1,42.47
13248,5966,291,1,0.2,191.7
13249,5967,405,2,0.0,106.4
13250,5968,574,3,0.1,286.02
13251,5968,361,4,0.0,218.22
13252,5969,555,3,0.2,154.19
13253,5970,367,1,0.0,217.1
13254,5971,490,2,0.15,173.68
13255,5971,21,2,0.1,44.22
13256,5972,317,4,0.1,170.9
13257,5972,534,1,0.0,56.26
13258,5973,328,1,0.2,102.47
13259,5974,531,1,0.0,381.07
13260,5974,161,2,0.15,206.36
13261,5975,124,2,0.05,182.91
13262,5976,121,1,0.0,395.25
13263,5977,327,2,0.15,220.65
13264,5977,502,2,0.15,324.49
13265,5978,6,2,0.0,16.16
13266,5978,584,4,0.15,245.45
13267,5979,196,1,0.0,285.43
13268,5980,145,1,0.1,101.26
13269,5981,191,2,0.0,45.98
13270,5982,308,1,0.1,353.54
13271,5982,419,1,0.0,248.76
13272,5982,85,4,0.15,20.32
13273,5982,459,3,0.0,120.99
13274,5983,558,1,0.15,202.47
13275,5983,284,1,0.0,119.97
13276,5984,11,2,0.0,146.15
13277,5984,90,1,0.15,221.16
13278,5985,266,3,0.2,353.54
13279,5986,479,1,0.2,108.98
13280,5986,358,2,0.15,141.02
13281,5987,261,1,0.1,164.42
13282,5987,194,2,0.0,69.06
13283,5987,126,4,0.15,88.89
13284,5987,281,2,0.0,173.24
13285,5988,196,2,0.15,283.39
13286,5988,412,1,0.1,98.48
13287,5988,472,1,0.1,257.38
13288,5989,386,2,0.2,47.19
13289,5990,10,3,0.2,114.84
13290,5991,265,3,0.0,29.53
13291,5992,327,1,0.0,217.79
13292,5993,320,3,0.2,80.39
13293,5993,530,1,0.2,157.46
13294,5993,384,2,0.15,302.69
13295,5994,70,1,0.15,156.46
13296,5994,309,1,0.0,
13297,5995,381,1,0.0,45.88
13298,5996,399,2,0.15,286.62
13299,5997,463,1,0.0,87.86
13300,5998,260,1,0.1,230.31
13301,5998,199,2,0.2,253.09
13302,5999,89,1,0.1,200.07
13303,6000,367,2,0.0,202.04
13304,6000,84,1,0.2,76.61
13305,6001,102,2,0.0,71.45
13306,6001,439,1,0.15,255.17
13307,6001,122,4,0.05,242.99
13308,6002,248,3,0.2,
13309,6002,448,2,0.0,170.7
13310,6002,344,1,0.2,153.67
13311,6002,49,2,0.0,154.22
13312,6002,299,2,0.0,151.27
13313,6003,451,2,0.0,44.33
13314,6004,194,3,0.15,67.22
13315,6004,453,2,0.0,178.61
13316,6004,60,2,0.0,288.3
13317,6004,166,3,0.2,139.63
13318,6004,491,3,0.2,133.14
13319,6005,88,3,0.0,154.41
13320,6006,30,1,0.15,16.4
13321,6006,366,4,0.05,68.85
13322,6007,323,1,0.0,
13323,6008,217,2,0.0,133.75
13324,6008,308,2,0.15,367.45
13325,6008,509,1,0.0,66.73
13326,6008,401,2,0.1,164.33
13327,6008,422,4,0.0,80.22
13328,6009,138,2,0.0,162.92
13329,6009,231,3,0.2,46.42
13330,6009,223,1,0.1,321.93
13331,6010,168,1,0.0,12.98
13332,6010,76,1,0.05,219.77
13333,6011,432,2,0.0,150.35
13334,6012,281,4,0.15,166.27
13335,6012,598,4,0.05,26.54
13336,6012,270,1,0.0,103.98
13337,6012,137,1,0.2,335.28
13338,6013,506,1,0.05,100.91
13339,6013,33,1,0.2,93.43
13340,6013,45,4,0.0,260.57
13341,6014,600,3,0.1,176.76
13342,6015,575,2,0.1,323.85
13343,6016,167,3,0.0,7.25
13344,6016,542,4,0.2,163.63
13345,6016,130,2,0.1,130.66
13346,6016,366,2,0.0,70.92
13347,6016,335,2,0.0,54.64
13348,6017,136,1,0.0,319.57
13349,6017,46,1,0.05,46.71
13350,6018,438,3,0.0,10.55
13351,6019,69,1,0.1,189.69
13352,6019,35,2,0.15,40.72
13353,6019,273,4,0.1,176.14
13354,6020,90,4,0.0,218.12
13355,6020,18,1,0.0,372.03
13356,6020,225,1,0.05,84.11
13357,6021,539,3,0.15,138.74
13358,6021,39,4,0.0,171.93
13359,6021,123,2,0.15,14.81
13360,6022,39,2,0.15,163.2
13361,6022,326,2,0.0,32.51
13362,6022,593,2,0.2,48.93
13363,6023,460,2,0.05,178.33
13364,6023,58,1,0.1,248.1
13365,6023,418,1,0.05,
13366,6023,501,3,0.0,
13367,6024,92,4,0.2,360.81
13368,6024,172,1,0.0,58.06
13369,6024,595,3,0.1,108.41
13370,6025,17,2,0.0,35.88
13371,6025,477,1,0.0,74.7
13372,6025,546,4,0.05,316.2
13373,6026,429,1,0.0,16.12
13374,6026,275,1,0.0,200.35
13375,6026,401,1,0.0,155.63
13376,6026,433,2,0.0,136.26
13377,6026,220,1,0.0,153.07
13378,6027,534,3,0.0,57.23
13379,6027,442,1,0.2,8.83
13380,6027,461,2,0.0,255.42
13381,6027,177,4,0.0,146.8
13382,6028,87,1,0.1,124.11
13383,6028,320,4,0.0,78.53
13384,6028,32,1,0.1,219.29
13385,6029,177,1,0.15,153.51
13386,6030,542,2,0.15,164.97
13387,6030,161,2,0.15,195.92
13388,6030,549,1,0.0,58.4
13389,6031,220,1,0.0,155.31
13390,6031,166,1,0.1,136.96
13391,6032,363,4,0.05,227.55
13392,6032,306,1,0.0,22.06
13393,6033,376,1,0.15,54.75
13394,6033,212,4,0.15,34.78
13395,6033,159,4,0.2,94.28
13396,6033,275,3,0.0,191.29
13397,6034,43,2,0.0,83.63
13398,6035,202,2,0.1,186.64
13399,6035,370,2,0.2,119.88
13400,6035,404,2,0.1,359.35
13401,6036,52,4,0.0,103.35
13402,6036,82,1,0.15,194.37
13403,6037,296,1,0.0,51.36
13404,6037,37,1,0.0,9.53
13405,6037,534,2,0.1,54.55
13406,6038,453,2,0.15,176.83
13407,6038,341,2,0.15,
13408,6039,41,2,0.0,
13409,6039,441,1,0.1,83.77
13410,6039,222,3,0.1,109.66
13411,6040,444,3,0.05,158.59
13412,6040,307,3,0.05,132.6
13413,6040,285,2,0.0,244.05
13414,6040,43,2,0.0,86.69
13415,6041,267,1,0.2,309.06
13416,6041,192,4,0.1,241.16
13417,6041,236,2,0.05,13.85
13418,6041,74,2,0.0,198.08
13419,6041,99,1,0.1,290.97
13420,6042,90,4,0.0,217.56
13421,6042,7,4,0.0,
13422,6042,213,2,0.0,23.31
13423,6043,93,2,0.1,93.88
13424,6044,118,3,0.0,73.17
13425,6044,477,1,0.15,77.54
13426,6045,13,2,0.15,165.94
13427,6046,49,2,0.2,149.77
13428,6046,70,3,0.0,160.06
13429,6046,569,2,0.2,270.71
13430,6047,280,1,0.0,264.66
13431,6047,413,1,0.0,228.46
13432,6048,133,2,0.05,331.15
13433,6048,100,1,0.1,316.12
13434,6048,168,1,0.05,13.49
13435,6049,148,1,0.2,46.08
13436,6049,8,2,0.1,45.74
13437,6049,202,1,0.1,205.91
13438,6050,441,1,0.05,83.49
13439,6050,104,1,0.0,41.44
13440,6050,523,2,0.0,307.33
13441,6050,456,1,0.0,149.58
13442,6050,548,3,0.1,58.38
13443,6051,233,2,0.0,274.91
13444,6051,492,1,0.0,26.71
13445,6052,133,4,0.05,315.21
13446,6052,534,2,0.0,58.32
13447,6053,305,1,0.15,181.86
13448,6053,496,3,0.2,274.46
13449,6054,372,2,0.1,239.01
13450,6054,224,2,0.05,365.1
13451,6055,160,4,0.0,41.86
13452,6055,366,1,0.0,66.95
13453,6055,69,1,0.2,180.24
13454,6056,518,1,0.2,32.12
13455,6056,56,1,0.15,68.39
13456,6056,492,1,0.2,25.79
13457,6057,182,2,0.05,148.55
13458,6058,178,4,0.0,31.68
13459,6058,226,2,0.1,261.72
13460,6059,30,1,0.2,17.69
13461,6060,528,3,0.2,277.37
13462,6061,82,2,0.1,211.28
13463,6061,505,4,0.15,77.87
13464,6062,518,1,0.0,32.98
13465,6062,273,3,0.05,173.36
13466,6062,531,1,0.0,376.32
13467,6062,425,1,0.0,170.56
13468,6062,6,1,0.2,17.12
13469,6063,575,1,0.1,321.47
13470,6063,83,2,0.05,40.26
13471,6064,310,2,0.0,301.42
13472,6064,372,1,0.1,228.39
13473,6065,22,3,0.0,21.33
13474,6065,285,1,0.15,254.9
13475,6065,354,1,0.1,121.27
13476,6065,571,1,0.0,218.8
13477,6066,530,1,0.0,161.45
13478,6066,56,3,0.2,72.99
13479,6066,572,3,0.1,218.5
13480,6066,102,3,0.0,69.1
13481,6066,444,1,0.05,166.92
13482,6067,374,3,0.0,119.81
13483,6068,185,2,0.0,45.85
13484,6068,221,1,0.1,43.86
13485,6069,419,1,0.2,242.18
13486,6069,59,4,0.0,191.34
13487,6069,414,1,0.1,97.2
13488,6069,308,3,0.0,340.33
13489,6070,117,2,0.0,172.81
13490,6070,44,1,0.0,240.31
13491,6071,532,1,0.2,225.61
13492,6071,25,2,0.15,127.18
13493,6071,401,4,0.0,156.32
13494,6072,182,4,0.2,155.87
13495,6072,483,1,0.15,79.47
13496,6072,350,1,0.0,52.79
13497,6072,228,1,0.1,41.17
13498,6073,298,4,0.0,258.61
13499,6073,497,3,0.0,98.37
13500,6073,88,2,0.2,152.82
13501,6073,357,2,0.05,142.64
13502,6073,242,1,0.15,158.45
13503,6074,181,1,0.15,137.62
13504,6074,38,1,0.15,263.28
13505,6075,424,4,0.0,41.58
13506,6076,535,2,0.05,
13507,6077,498,2,0.15,84.36
13508,6078,38,3,0.0,244.49
13509,6078,200,2,0.05,269.18
13510,6079,187,1,0.15,39.92
13511,6080,65,2,0.0,7.98
13512,6080,210,1,0.1,248.28
13513,6080,92,4,0.15,371.19
13514,6081,550,4,0.0,220.17
13515,6081,574,1,0.15,276.7
13516,6082,32,2,0.1,229.07
13517,6083,262,2,0.2,381.13
13518,6084,287,1,0.1,132.01
13519,6085,357,1,0.15,141.19
13520,6085,332,1,0.0,158.81
13521,6085,478,2,0.0,123.24
13522,6086,571,2,0.2,216.05
13523,6086,2,2,0.0,243.25
13524,6087,16,2,0.15,
13525,6088,67,1,0.2,35.55
13526,6089,51,2,0.2,17.63
13527,6089,219,4,0.05,33.94
13528,6089,243,4,0.2,237.8
13529,6089,413,1,0.0,229.99
13530,6090,112,2,0.0,32.59
13531,6090,199,4,0.2,254.45
13532,6090,115,1,0.05,301.09
13533,6090,188,2,0.0,23.17
13534,6090,412,1,0.0,95.82
13535,6091,427,3,0.0,89.0
13536,6091,9,3,0.2,101.61
13537,6091,455,1,0.0,78.98
13538,6091,470,2,0.05,42.75
13539,6091,481,2,0.15,33.57
13540,6092,193,3,0.0,280.78
13541,6092,331,3,0.1,159.91
13542,6092,237,4,0.1,25.56
13543,6092,92,2,0.0,374.98
13544,6093,518,1,0.0,33.61
13545,6093,212,2,0.0,32.04
13546,6093,266,1,0.05,337.27
13547,6094,202,2,0.2,198.63
13548,6095,297,2,0.15,54.82
13549,6096,52,1,0.15,105.05
13550,6096,556,1,0.0,198.76
13551,6096,303,1,0.0,43.08
13552,6097,461,2,0.15,256.45
13553,6097,370,4,0.2,120.34
13554,6098,360,1,0.1,49.32
13555,6098,460,2,0.0,173.39
13556,6098,32,3,0.0,236.46
13557,6098,123,2,0.0,13.7
13558,6099,356,2,0.1,252.91
13559,6099,466,1,0.0,61.62
13560,6100,597,1,0.1,114.55
13561,6100,483,1,0.05,
13562,6101,251,2,0.2,222.05
13563,6101,310,1,0.2,285.0
13564,6102,412,2,0.1,98.21
13565,6102,319,1,0.1,129.07
13566,6102,451,2,0.1,47.1
13567,6102,527,3,0.1,357.77
13568,6103,2,1,0.0,247.64
13569,6103,573,2,0.0,110.72
13570,6104,503,4,0.0,287.19
13571,6104,293,1,0.0,164.88
13572,6104,247,1,0.0,66.91
13573,6105,56,1,0.2,72.18
13574,6105,568,3,0.0,147.26
13575,6106,52,2,0.0,104.17
13576,6106,161,3,0.2,206.94
13577,6106,74,2,0.15,187.08
13578,6107,211,1,0.2,298.64
13579,6108,199,2,0.05,258.3
13580,6109,482,2,0.0,77.19
13581,6109,484,1,0.0,191.9
13582,6109,305,1,0.0,183.82
13583,6110,73,3,0.2,62.92
13584,6110,235,4,0.0,100.93
13585,6110,309,3,0.0,
13586,6111,436,3,0.15,96.08
13587,6111,470,2,0.05,45.76
13588,6112,328,1,0.1,96.2
13589,6113,441,1,0.1,85.88
13590,6114,450,4,0.2,
13591,6114,221,4,0.0,44.44
13592,6115,250,3,0.1,402.33
13593,6115,457,1,0.2,174.89
13594,6116,429,1,0.0,17.16
13595,6117,20,4,0.0,205.21
13596,6117,166,3,0.15,139.24
13597,6118,508,2,0.0,294.27
13598,6118,441,3,0.1,88.69
13599,6118,14,2,0.05,69.28
13600,6119,518,1,0.1,34.17
13601,6119,511,1,0.2,183.61
13602,6119,2,1,0.0,231.44
13603,6120,88,4,0.15,149.84
13604,6121,452,1,0.0,65.99
13605,6121,403,3,0.0,150.22
13606,6122,100,2,0.0,337.92
13607,6123,547,3,0.0,191.36
13608,6123,224,1,0.1,372.72
13609,6123,232,1,0.0,248.98
13610,6123,171,4,0.1,155.83
13611,6123,445,3,0.0,28.37
13612,6124,146,4,0.1,9.81
13613,6125,455,1,0.0,74.69
13614,6125,258,4,0.15,12.71
13615,6125,560,1,0.15,
13616,6126,483,1,0.2,85.6
13617,6126,278,1,0.0,247.84
13618,6126,223,1,0.2,347.2
13619,6126,137,2,0.0,358.03
13620,6126,412,1,0.15,100.24
13621,6127,414,2,0.2,97.52
13622,6127,478,2,0.05,122.87
13623,6128,316,1,0.1,287.71
13624,6129,416,2,0.0,73.28
13625,6130,144,2,0.15,146.88
13626,6130,258,3,0.0,13.43
13627,6131,483,3,0.1,84.08
13628,6131,471,3,0.05,95.09
13629,6131,167,3,0.0,7.43
13630,6131,27,2,0.1,368.82
13631,6131,146,4,0.0,10.58
13632,6132,548,2,0.0,58.46
13633,6133,51,2,0.2,16.87
13634,6134,66,1,0.0,100.72
13635,6135,187,1,0.05,38.98
13636,6136,363,2,0.1,231.93
13637,6136,81,1,0.2,125.11
13638,6137,585,2,0.0,7.07
13639,6137,289,4,0.0,63.98
13640,6138,439,2,0.05,238.55
13641,6138,434,1,0.05,41.04
13642,6138,145,1,0.0,101.64
13643,6139,171,1,0.0,155.55
13644,6139,560,1,0.15,
13645,6139,47,2,0.0,249.39
13646,6139,247,1,0.0,67.6
13647,6140,291,4,0.0,196.26
13648,6140,234,1,0.0,113.71
13649,6141,154,2,0.0,146.82
13650,6141,298,1,0.0,275.97
13651,6141,171,2,0.15,152.29
13652,6141,28,1,0.0,237.67
13653,6141,521,1,0.1,202.77
13654,6142,215,1,0.2,82.8
13655,6142,415,1,0.1,214.67
13656,6142,199,3,0.0,
13657,6143,54,2,0.1,151.13
13658,6143,178,3,0.05,31.15
13659,6143,193,1,0.1,288.89
13660,6144,160,2,0.0,43.19
13661,6144,132,3,0.2,50.39
13662,6145,118,3,0.1,74.29
13663,6145,132,2,0.05,49.05
13664,6146,181,2,0.0,129.5
13665,6146,205,4,0.2,199.7
13666,6146,452,2,0.0,65.93
13667,6147,474,3,0.1,58.82
13668,6147,73,1,0.0,59.95
13669,6147,286,4,0.0,194.15
13670,6148,590,3,0.0,249.24
13671,6148,573,1,0.0,114.19
13672,6148,287,2,0.0,139.87
13673,6149,54,1,0.05,149.72
13674,6149,143,2,0.0,117.45
13675,6149,47,2,0.0,239.76
13676,6150,197,2,0.1,144.13
13677,6150,150,2,0.15,137.02
13678,6150,337,2,0.0,29.37
13679,6150,380,1,0.15,
13680,6151,88,1,0.2,148.65
13681,6152,237,2,0.15,25.37
13682,6153,570,3,0.05,166.55
13683,6153,223,2,0.05,343.15
13684,6153,507,3,0.05,190.93
13685,6153,398,1,0.1,14.54
13686,6153,328,2,0.0,98.46
13687,6154,375,1,0.0,305.53
13688,6154,450,1,0.05,6.83
13689,6154,155,4,0.0,213.39
13690,6154,451,1,0.1,44.98
13691,6154,236,1,0.2,12.64
13692,6155,574,4,0.0,288.69
13693,6155,76,1,0.2,226.17
13694,6155,389,3,0.15,91.38
13695,6156,108,1,0.1,176.36
13696,6157,400,2,0.0,275.1
13697,6158,415,1,0.0,225.63
13698,6159,329,4,0.0,81.93
13699,6159,552,2,0.05,
13700,6159,566,1,0.05,222.68
13701,6159,198,1,0.0,140.85
13702,6159,548,2,0.0,60.46
13703,6160,588,1,0.0,209.69
13704,6160,303,2,0.1,40.06
13705,6160,398,2,0.05,14.74
13706,6161,492,4,0.1,25.36
13707,6161,244,4,0.0,16.01
13708,6162,299,1,0.0,163.18
13709,6163,140,4,0.2,276.23
13710,6163,381,2,0.15,45.79
13711,6164,10,2,0.1,
13712,6164,114,4,0.0,263.4
13713,6164,139,1,0.0,269.18
13714,6165,252,3,0.0,117.75
13715,6165,357,1,0.0,142.6
13716,6165,19,4,0.0,
13717,6165,311,1,0.0,48.35
13718,6166,482,2,0.15,76.03
13719,6166,201,2,0.0,49.87
13720,6167,281,1,0.1,166.26
13721,6167,447,2,0.0,234.13
13722,6168,264,4,0.1,106.0
13723,6168,399,3,0.0,305.83
13724,6169,12,1,0.05,84.03
13725,6170,436,2,0.0,100.41
13726,6170,435,1,0.2,365.87
13727,6171,137,1,0.1,345.27
13728,6171,429,3,0.15,17.6
13729,6171,567,2,0.0,24.09
13730,6171,340,4,0.2,367.25
13731,6172,590,1,0.05,243.3
13732,6172,513,2,0.05,282.35
13733,6173,228,4,0.0,37.97
13734,6174,81,1,0.0,122.18
13735,6175,543,2,0.0,290.85
13736,6175,502,1,0.1,328.58
13737,6175,63,2,0.15,70.43
13738,6175,412,1,0.2,
13739,6176,349,2,0.05,101.04
13740,6177,436,1,0.0,102.37
13741,6178,434,1,0.2,39.89
13742,6178,297,1,0.0,52.58
13743,6179,229,4,0.2,9.2
13744,6180,3,3,0.2,41.4
13745,6181,46,2,0.1,48.37
13746,6181,98,2,0.2,97.86
13747,6181,581,2,0.0,177.86
13748,6181,162,1,0.1,168.32
13749,6182,547,4,0.2,185.85
13750,6183,216,2,0.0,56.09
13751,6183,54,3,0.05,148.25
13752,6183,39,2,0.0,162.85
13753,6183,5,1,0.1,217.05
13754,6183,518,2,0.0,32.92
13755,6184,255,3,0.0,337.92
13756,6185,528,1,0.05,280.45
13757,6185,246,2,0.05,152.12
13758,6186,140,2,0.2,252.46
13759,6186,282,2,0.0,29.73
13760,6187,545,3,0.1,255.3
13761,6188,529,1,0.0,209.7
13762,6189,211,4,0.05,285.54
13763,6189,311,2,0.1,46.5
13764,6190,464,1,0.0,88.68
13765,6190,24,1,0.2,103.05
13766,6191,316,2,0.15,296.75
13767,6191,255,2,0.05,350.68
13768,6192,60,2,0.1,275.99
13769,6192,320,1,0.0,80.52
13770,6192,179,4,0.15,15.28
13771,6192,436,4,0.1,94.71
13772,6193,256,2,0.1,178.26
13773,6194,144,2,0.0,148.17
13774,6195,546,2,0.05,310.98
13775,6195,16,2,0.0,
13776,6195,215,2,0.1,76.73
13777,6196,274,1,0.0,47.06
13778,6197,384,2,0.15,295.85
13779,6197,415,2,0.1,220.26
13780,6197,3,1,0.0,38.95
13781,6197,115,2,0.15,291.28
13782,6198,110,4,0.1,247.47
13783,6198,474,1,0.0,59.25
13784,6198,348,3,0.05,45.19
13785,6198,345,1,0.2,191.02
13786,6199,59,1,0.1,190.13
13787,6200,535,2,0.2,
13788,6200,544,4,0.2,143.39
13789,6200,364,1,0.0,58.4
13790,6201,3,1,0.05,39.72
13791,6202,206,2,0.1,140.45
13792,6202,79,1,0.1,259.49
13793,6203,170,1,0.0,107.75
13794,6204,521,1,0.0,212.58
13795,6204,184,4,0.0,389.02
13796,6205,279,1,0.0,31.52
13797,6206,366,4,0.0,68.86
13798,6206,34,1,0.1,61.0
13799,6206,318,1,0.0,37.72
13800,6207,204,1,0.0,81.23
13801,6207,310,1,0.0,286.52
13802,6207,439,1,0.05,239.14
13803,6207,94,1,0.0,266.63
13804,6208,239,1,0.1,29.46
13805,6208,256,1,0.0,184.32
13806,6209,164,1,0.0,180.74
13807,6210,198,1,0.0,149.57
13808,6210,273,1,0.1,175.96
13809,6210,396,3,0.0,53.0
13810,6211,140,1,0.0,
13811,6212,32,1,1.98,224.77
13812,6213,288,2,0.15,345.56
13813,6214,566,2,0.1,232.46
13814,6215,57,2,0.0,362.67
13815,6215,194,1,0.05,66.22
13816,6216,477,2,0.0,74.44
13817,6217,352,4,0.2,80.54
13818,6218,587,1,0.05,167.65
13819,6218,228,1,0.15,40.31
13820,6219,235,3,0.0,98.71
13821,6219,132,1,0.0,51.38
13822,6220,325,2,0.1,250.93
13823,6221,241,2,0.0,223.14
13824,6221,341,1,0.2,
13825,6221,469,1,0.05,14.54
13826,6221,235,2,0.0,103.04
13827,6221,437,1,0.0,184.29
13828,6222,556,2,0.05,204.44
13829,6222,561,2,0.0,371.43
13830,6223,22,3,0.0,20.52
13831,6223,152,2,0.0,181.7
13832,6223,500,4,0.1,285.33
13833,6223,583,1,0.0,70.06
13834,6224,220,1,0.2,156.13
13835,6225,549,4,0.1,56.39
13836,6225,471,1,0.0,89.79
13837,6226,395,2,0.15,201.6
13838,6226,40,2,0.1,81.29
13839,6226,256,1,0.05,173.28
13840,6226,504,1,0.15,
13841,6227,597,1,0.05,125.55
13842,6227,543,1,0.0,291.81
13843,6228,224,1,0.0,349.3
13844,6228,425,1,0.15,162.44
13845,6229,440,2,0.2,11.92
13846,6230,170,2,0.1,102.45
13847,6230,112,1,0.15,30.93
13848,6230,231,1,0.05,46.62
13849,6230,423,1,0.0,45.67
13850,6231,591,4,0.2,257.98
13851,6232,124,1,0.0,189.37
13852,6232,289,4,0.0,67.55
13853,6232,211,1,0.05,292.62
13854,6233,220,4,0.15,156.33
13855,6234,87,2,0.0,132.69
13856,6234,168,1,0.15,12.82
13857,6234,316,3,0.05,287.52
13858,6234,136,4,0.0,302.71
13859,6235,101,4,0.05,138.98
13860,6235,251,4,0.05,221.57
13861,6236,505,1,0.0,80.79
13862,6236,283,2,0.2,119.42
13863,6237,484,1,0.15,181.59
13864,6237,379,3,0.0,191.36
13865,6238,21,2,0.0,43.06
13866,6239,390,1,0.0,256.92
13867,6240,464,2,0.0,91.99
13868,6240,80,1,0.0,88.37
13869,6240,4,2,0.0,
13870,6241,62,1,0.0,71.69
13871,6241,332,1,0.0,156.53
13872,6241,166,1,0.05,141.2
13873,6241,444,3,0.2,161.62
13874,6242,503,2,0.05,264.65
13875,6243,323,1,0.15,56.69
13876,6244,542,2,0.0,172.86
13877,6244,37,2,0.0,9.93
13878,6245,117,2,0.0,173.79
13879,6245,491,1,0.05,129.92
13880,6246,40,3,0.0,79.89
13881,6247,291,2,0.2,185.72
13882,6247,178,1,0.05,29.22
13883,6247,56,1,0.0,73.26
13884,6248,231,1,0.0,44.8
13885,6248,288,2,0.0,356.54
13886,6248,100,2,0.0,344.89
13887,6249,450,4,0.0,6.71
13888,6249,173,2,0.15,141.16
13889,6249,320,1,0.1,80.23
13890,6249,303,1,0.0,40.55
13891,6249,535,2,0.0,
13892,6250,35,2,0.05,36.97
13893,6250,294,1,0.0,20.61
13894,6251,79,1,0.05,246.74
13895,6251,522,2,0.1,114.05
13896,6252,203,4,0.05,129.32
13897,6253,577,1,0.1,246.82
13898,6253,503,1,0.1,284.59
13899,6254,27,3,0.15,380.25
13900,6255,60,2,0.05,285.61
13901,6255,594,4,0.15,147.12
13902,6256,522,2,0.0,114.1
13903,6257,82,2,0.0,198.9
13904,6257,417,1,0.05,36.92
13905,6258,76,2,0.2,237.09
13906,6258,441,1,0.0,86.76
13907,6258,171,2,0.0,151.61
13908,6258,80,1,0.0,91.45
13909,6259,424,3,0.15,41.75
13910,6259,449,1,0.0,123.01
13911,6260,501,1,0.0,
13912,6261,56,2,0.0,70.46
13913,6261,34,1,0.0,57.46
13914,6262,22,1,0.0,21.36
13915,6263,343,4,0.1,291.49
13916,6263,21,2,0.15,42.18
13917,6263,510,1,0.05,180.75
13918,6264,517,1,0.05,53.6
13919,6264,565,1,0.15,100.78
13920,6264,180,3,0.1,313.34
13921,6264,599,1,0.0,401.88
13922,6265,104,2,0.2,42.29
13923,6265,62,1,0.0,76.36
13924,6265,398,1,0.0,14.62
13925,6265,178,4,0.15,31.71
13926,6265,458,2,0.0,160.27
13927,6266,113,2,0.15,73.12
13928,6266,464,1,0.0,93.05
13929,6267,409,3,0.0,165.57
13930,6267,489,1,0.1,122.73
13931,6268,589,3,0.0,175.38
13932,6268,119,4,0.05,57.35
13933,6268,437,2,0.0,188.54
13934,6269,538,1,0.1,288.75
13935,6269,297,1,0.0,52.95
13936,6269,376,1,0.1,53.59
13937,6270,554,1,0.0,149.53
13938,6271,98,1,0.05,94.44
13939,6271,329,4,0.1,79.85
13940,6271,425,1,0.0,
13941,6272,41,1,0.0,292.64
13942,6272,464,4,0.0,89.22
13943,6272,97,2,0.0,294.8
13944,6272,136,3,0.1,309.7
13945,6272,211,1,0.2,300.35
13946,6273,35,4,0.0,38.73
13947,6273,486,1,0.0,268.58
13948,6273,229,2,0.1,9.69
13949,6273,581,2,0.15,189.57
13950,6274,146,3,0.15,9.99
13951,6274,373,4,0.0,
13952,6274,579,1,0.0,67.13
13953,6274,468,4,0.0,45.89
13954,6275,330,2,0.0,218.99
13955,6275,285,3,0.0,255.58
13956,6275,473,1,0.0,
13957,6276,547,2,0.0,197.0
13958,6276,283,1,0.0,122.51
13959,6276,197,1,0.2,147.3
13960,6276,567,1,0.1,25.26
13961,6277,409,1,0.0,176.15
13962,6277,253,2,0.0,
13963,6278,279,1,0.0,30.5
13964,6278,389,1,0.05,89.29
13965,6279,514,1,0.0,327.42
13966,6280,54,3,0.0,159.67
13967,6280,567,2,0.15,25.18
13968,6280,336,3,0.0,72.09
13969,6281,75,2,0.0,17.88
13970,6281,242,1,0.2,151.35
13971,6282,14,4,0.0,64.57
13972,6283,452,2,0.2,63.97
13973,6283,119,3,0.0,59.91
13974,6284,88,1,0.15,150.39
13975,6284,464,2,0.2,88.07
13976,6285,152,2,0.15,178.51
13977,6286,48,2,0.15,234.61
13978,6286,399,1,0.05,299.85
13979,6286,445,1,0.15,29.03
13980,6286,599,3,0.2,409.5
13981,6286,91,1,0.05,76.47
13982,6287,431,1,0.0,236.65
13983,6287,590,2,0.2,251.88
13984,6287,553,2,0.0,235.09
13985,6288,560,0,0.05,
13986,6288,91,4,0.0,75.63
13987,6289,131,3,0.1,271.4
13988,6289,517,2,0.0,55.88
13989,6290,23,2,0.1,91.75
13990,6290,148,2,0.2,43.59
13991,6291,37,1,0.0,9.18
13992,6291,559,1,0.1,41.71
13993,6291,245,2,0.0,384.84
13994,6292,377,4,0.05,173.93
13995,6292,22,2,0.05,22.47
13996,6292,470,3,0.05,43.19
13997,6293,22,3,0.0,22.09
13998,6293,567,2,0.15,23.39
13999,6293,323,1,0.0,54.66
14000,6294,351,1,0.0,
14001,6294,506,1,0.0,102.14
14002,6295,487,2,0.05,183.2
14003,6295,328,1,0.1,96.07
14004,6296,593,3,0.2,51.26
14005,6296,130,1,0.0,129.55
14006,6297,357,1,0.0,136.67
14007,6297,489,2,0.0,128.66
14008,6297,136,4,0.2,320.82
14009,6297,6,1,0.2,17.26
14010,6298,45,1,0.0,269.46
14011,6299,184,3,0.15,386.51
14012,6299,336,1,0.0,72.4
14013,6299,423,4,0.1,46.16
14014,6299,40,1,0.2,86.04
14015,6300,259,3,0.15,150.73
14016,6301,395,2,0.05,183.79
14017,6302,585,2,0.2,6.85
14018,6302,116,4,0.0,242.34
14019,6303,164,1,0.15,183.83
14020,6303,3,4,0.15,40.01
14021,6303,311,1,0.2,47.74
14022,6304,160,1,0.0,42.48
14023,6304,272,2,0.0,88.18
14024,6304,209,1,0.05,78.86
14025,6304,547,1,0.0,189.83
14026,6304,151,2,0.0,22.25
14027,6305,224,4,0.15,357.34
14028,6305,311,1,0.05,49.37
14029,6306,62,1,0.05,69.43
14030,6307,447,4,0.0,
14031,6307,57,1,0.0,350.89
14032,6307,344,1,0.15,150.49
14033,6308,118,3,0.05,75.28
14034,6308,517,2,0.2,54.21
14035,6309,350,3,0.0,50.31
14036,6309,315,1,0.15,14.09
14037,6310,525,1,0.1,172.98
14038,6310,491,4,0.15,127.64
14039,6310,467,1,0.0,293.5
14040,6311,357,2,0.0,133.57
14041,6312,179,1,0.0,15.43
14042,6312,223,1,0.0,330.55
14043,6312,343,1,0.0,305.35
14044,6312,182,3,0.15,144.15
14045,6312,474,1,0.0,62.48
14046,6313,417,3,0.2,36.32
14047,6313,451,1,0.1,45.88
14048,6314,286,2,0.05,186.43
14049,6314,91,1,0.1,76.83
14050,6314,525,3,0.2,167.71
14051,6315,152,4,0.0,188.47
14052,6315,268,4,0.1,311.91
14053,6316,103,2,0.0,115.92
14054,6316,47,3,0.0,246.63
14055,6317,5,3,0.05,205.55
14056,6318,189,4,0.0,175.21
14057,6318,175,2,0.15,135.71
14058,6319,318,2,0.0,38.11
14059,6320,180,1,0.15,319.26
14060,6320,200,3,0.05,286.67
14061,6320,549,1,0.0,58.15
14062,6320,366,2,0.0,66.73
14063,6321,464,1,0.05,87.37
14064,6321,277,0,4.57,185.73
14065,6321,236,4,0.2,13.19
14066,6321,234,1,0.2,122.31
14067,6321,196,1,0.2,296.48
14068,6322,233,4,0.15,279.57
14069,6323,112,1,0.1,30.51
14070,6324,321,3,0.0,10.22
14071,6325,348,1,0.1,
14072,6326,417,3,0.2,36.88
14073,6326,285,2,0.0,258.43
14074,6327,513,1,0.05,295.32
14075,6328,358,3,0.1,152.52
14076,6328,418,1,0.05,148.06
14077,6329,151,2,0.2,22.29
14078,6330,31,0,0.0,106.22
14079,6330,402,2,0.15,194.08
14080,6330,329,4,0.0,85.79
14081,6330,453,1,0.05,163.42
14082,6331,201,1,0.0,47.51
14083,6331,496,2,0.05,291.69
14084,6332,505,2,0.1,78.42
14085,6333,134,4,0.1,245.71
14086,6334,503,2,0.0,264.52
14087,6334,426,3,0.0,
14088,6334,269,1,0.2,209.84
14089,6335,89,2,0.15,201.17
14090,6336,58,1,0.0,255.02
14091,6336,497,1,0.0,93.47
14092,6336,152,1,0.1,190.31
14093,6337,437,4,0.0,185.51
14094,6337,47,1,0.0,244.37
14095,6337,220,4,0.05,154.11
14096,6338,406,4,0.05,
14097,6338,66,1,0.0,108.76
14098,6338,288,2,0.15,362.42
14099,6338,109,2,0.0,125.09
14100,6339,40,3,0.0,82.58
14101,6339,274,1,0.0,44.56
14102,6340,93,1,0.0,91.47
14103,6340,143,1,0.0,123.25
14104,6340,104,4,0.0,42.02
14105,6340,28,2,0.1,247.87
14106,6340,11,2,0.15,136.89
14107,6341,598,3,0.05,26.53
14108,6341,370,2,0.2,120.73
14109,6341,570,3,0.05,166.64
14110,6342,25,2,0.1,127.7
14111,6342,426,0,0.05,
14112,6343,383,1,0.1,
14113,6343,237,1,0.0,25.03
14114,6343,253,2,0.05,
14115,6344,61,1,0.0,311.67
14116,6344,84,2,0.2,75.51
14117,6345,277,2,0.1,184.07
14118,6345,587,2,0.0,162.09
14119,6346,503,1,0.0,274.31
14120,6346,586,1,0.15,254.09
14121,6346,450,1,0.0,7.24
14122,6347,78,1,0.05,253.22
14123,6347,314,1,0.0,177.48
14124,6348,537,3,0.1,11.85
14125,6348,361,1,0.2,229.34
14126,6349,144,2,0.0,158.35
14127,6349,566,1,0.0,225.69
14128,6349,224,2,0.2,343.22
14129,6350,71,2,0.2,247.29
14130,6351,78,2,0.15,246.89
14131,6351,212,3,0.0,34.21
14132,6352,105,3,0.2,5.58
14133,6352,392,1,0.2,73.53
14134,6352,565,2,0.0,98.02
14135,6352,57,1,0.15,354.48
14136,6353,106,2,0.15,200.03
14137,6354,183,1,0.0,266.88
14138,6355,239,2,0.0,28.98
14139,6356,393,2,0.05,77.54
14140,6356,431,1,0.05,236.17
14141,6357,325,4,0.0,247.68
14142,6357,440,4,0.2,11.31
14143,6358,301,2,0.15,47.11
14144,6359,525,1,0.2,176.44
14145,6359,50,1,0.2,9.66
14146,6359,186,2,0.0,24.74
14147,6360,337,2,0.0,31.16
14148,6360,188,1,0.15,24.16
14149,6360,325,1,0.0,234.83
14150,6361,555,1,0.2,163.0
14151,6361,420,3,0.0,194.58
14152,6362,125,2,0.1,371.33
14153,6362,61,3,0.15,323.0
14154,6362,157,1,0.0,18.43
14155,6362,488,4,0.05,13.24
14156,6363,537,4,0.2,11.7
14157,6363,259,4,0.0,141.89
14158,6363,6,2,0.1,
14159,6364,164,3,0.05,193.3
14160,6364,481,1,0.0,32.17
14161,6365,358,2,0.2,153.14
14162,6366,334,1,0.15,
14163,6367,49,3,0.15,162.61
14164,6368,284,1,0.15,124.35
14165,6368,207,1,0.15,297.52
14166,6368,9,1,0.15,101.17
14167,6369,459,1,0.15,124.77
14168,6370,432,4,0.1,160.71
14169,6371,225,3,0.0,82.33
14170,6371,201,2,0.0,47.63
14171,6371,455,1,0.1,80.02
14172,6372,169,1,0.1,
14173,6373,140,1,0.0,271.15
14174,6374,18,2,0.1,369.66
14175,6374,595,1,0.0,113.35
14176,6374,381,1,0.0,44.05
14177,6375,25,2,0.15,128.24
14178,6375,305,2,0.0,186.77
14179,6376,345,4,0.0,174.81
14180,6377,68,2,0.0,244.48
14181,6378,53,2,0.05,219.96
14182,6378,586,2,0.1,271.36
14183,6379,362,4,0.0,29.28
14184,6379,327,1,0.0,205.25
14185,6379,36,2,0.05,181.12
14186,6380,427,3,0.0,87.65
14187,6380,161,1,0.0,199.81
14188,6381,128,1,0.0,62.36
14189,6382,350,3,0.2,51.76
14190,6383,60,1,0.15,277.07
14191,6383,198,4,0.05,147.7
14192,6384,87,1,0.05,126.89
14193,6385,503,2,0.0,
14194,6386,351,4,0.2,115.3
14195,6386,452,1,0.2,61.31
14196,6386,262,2,0.2,362.15
14197,6387,474,2,0.1,62.1
14198,6387,28,1,0.0,234.15
14199,6387,61,2,0.15,313.91
14200,6387,419,1,0.0,250.76
14201,6388,230,2,0.0,16.5
14202,6388,188,2,0.2,25.07
14203,6388,399,2,0.2,306.0
14204,6389,86,1,0.0,129.64
14205,6389,46,2,0.05,47.41
14206,6389,402,3,0.1,196.11
14207,6389,328,4,0.05,101.22
14208,6390,255,1,0.0,336.59
14209,6391,341,1,0.0,
14210,6392,170,2,0.2,109.84
14211,6392,113,1,0.0,70.74
14212,6392,43,2,0.2,87.62
14213,6393,183,1,0.1,272.37
14214,6394,249,2,0.15,129.34
14215,6394,336,4,0.0,73.22
14216,6394,167,1,0.15,
14217,6395,509,4,0.0,63.24
14218,6396,340,1,0.2,394.76
14219,6397,263,4,0.0,243.02
14220,6397,97,4,0.15,318.01
14221,6397,524,1,0.0,50.15
14222,6398,426,1,0.0,
14223,6398,582,1,0.0,130.88
14224,6398,369,1,0.15,146.35
14225,6399,484,2,0.2,186.32
14226,6399,448,1,0.05,166.8
14227,6399,333,2,0.0,28.37
14228,6400,509,1,0.15,61.46
14229,6401,551,2,0.0,33.07
14230,6401,541,2,0.2,162.48
14231,6402,358,2,0.0,145.28
14232,6403,212,3,0.2,32.15
14233,6404,447,4,0.0,227.51
14234,6404,284,2,0.2,123.57
14235,6404,274,4,0.05,47.27
14236,6405,397,2,0.05,
14237,6405,124,2,0.2,189.79
14238,6406,240,2,0.05,303.03
14239,6406,50,1,0.1,10.13
14240,6406,68,1,0.0,242.57
14241,6407,511,1,0.0,182.32
14242,6407,365,1,0.0,50.52
14243,6408,429,1,0.0,17.28
14244,6408,36,1,0.05,183.13
14245,6408,324,2,0.0,219.33
14246,6408,99,2,0.15,297.1
14247,6408,116,4,0.1,246.96
14248,6409,461,4,0.0,260.9
14249,6409,79,1,0.05,252.17
14250,6409,502,2,0.2,320.4
14251,6410,187,3,0.0,39.94
14252,6411,178,3,0.0,30.52
14253,6412,144,3,0.1,149.52
14254,6413,477,1,0.2,79.32
14255,6413,328,2,0.0,96.7
14256,6414,563,2,0.0,213.83
14257,6415,260,1,0.05,225.35
14258,6416,371,3,0.0,129.3
14259,6417,570,3,0.0,162.65
14260,6417,442,2,0.0,8.9
14261,6418,448,4,0.0,170.07
14262,6418,510,1,0.1,178.93
14263,6418,11,4,0.0,141.04
14264,6418,409,1,0.0,177.26
14265,6419,395,2,0.0,200.12
14266,6419,73,4,0.0,58.96
14267,6419,530,3,0.2,164.51
14268,6420,52,4,0.15,98.7
14269,6420,326,4,0.0,34.55
14270,6421,27,2,0.05,354.33
14271,6422,312,2,0.15,113.18
14272,6423,283,1,0.2,118.08
14273,6424,243,2,0.1,229.14
14274,6425,554,1,0.15,156.36
14275,6425,149,4,0.2,183.83
14276,6426,115,2,0.2,297.2
14277,6426,134,1,0.0,240.13
14278,6426,200,1,0.2,287.48
14279,6427,487,1,0.15,177.99
14280,6427,425,1,0.15,164.46
14281,6428,586,4,0.0,253.1
14282,6428,51,4,0.1,17.33
14283,6429,20,1,0.15,212.74
14284,6429,103,3,0.0,126.81
14285,6429,445,2,0.0,30.74
14286,6430,171,4,0.15,149.59
14287,6430,189,3,0.2,176.84
14288,6431,342,2,0.05,64.4
14289,6431,40,1,0.05,82.17
14290,6432,51,2,0.0,17.21
14291,6432,435,1,0.0,337.23
14292,6432,203,4,0.0,128.03
14293,6433,435,4,0.0,366.23
14294,6433,419,1,0.15,
14295,6433,553,2,0.0,226.02
14296,6434,367,1,0.05,205.94
14297,6435,216,2,0.0,60.59
14298,6435,39,1,0.15,159.36
14299,6435,303,3,0.15,42.85
14300,6435,362,1,0.0,31.8
14301,6436,126,2,0.0,89.57
14302,6437,130,4,0.05,130.41
14303,6437,221,2,0.1,44.67
14304,6438,275,3,0.15,203.57
14305,6438,280,3,0.0,263.95
14306,6438,210,2,0.0,250.01
14307,6438,62,1,0.0,70.4
14308,6439,523,1,0.2,299.53
14309,6439,494,2,0.0,212.42
14310,6439,62,1,0.05,76.3
14311,6440,107,1,0.05,165.44
14312,6440,226,2,0.1,255.47
14313,6441,161,4,0.2,207.33
14314,6441,62,1,0.2,71.37
14315,6441,100,2,0.0,317.97
14316,6441,166,4,0.0,132.0
14317,6441,465,2,0.0,
14318,6442,191,3,0.05,46.4
14319,6442,342,1,0.2,62.98
14320,6443,273,1,0.05,167.15
14321,6443,334,2,0.0,
14322,6443,465,1,0.05,166.95
14323,6444,413,1,0.05,217.14
14324,6445,518,1,0.15,32.21
14325,6446,254,2,0.15,355.23
14326,6447,324,2,0.0,211.58
14327,6447,364,2,0.1,58.59
14328,6448,503,2,0.0,291.06
14329,6448,101,2,0.0,138.47
14330,6448,236,1,0.2,13.51
14331,6449,408,2,0.0,262.69
14332,6450,461,1,0.05,263.17
14333,6451,200,1,0.05,267.79
14334,6452,103,1,0.0,119.23
14335,6453,238,2,0.15,224.29
14336,6453,49,1,0.0,149.95
14337,6453,418,1,0.0,151.52
14338,6453,530,3,0.0,162.78
14339,6454,390,1,0.0,255.95
14340,6454,493,2,0.15,228.77
14341,6454,32,1,0.1,221.65
14342,6455,399,3,0.1,304.99
14343,6455,603,1,0.1,
14344,6456,37,2,0.1,9.91
14345,6456,481,1,0.0,35.04
14346,6457,26,1,0.0,
14347,6458,380,4,0.0,347.93
14348,6458,214,1,0.0,175.01
14349,6459,49,4,0.1,153.81
14350,6459,14,2,0.2,66.5
14351,6459,169,1,0.2,
14352,6460,536,1,0.15,79.12
14353,6460,69,1,0.05,186.53
14354,6460,491,1,0.0,127.93
14355,6461,16,1,0.0,
14356,6461,500,1,0.05,271.7
14357,6462,361,1,0.0,228.41
14358,6462,534,1,0.2,55.09
14359,6462,551,1,0.2,30.34
14360,6463,46,2,0.15,47.26
14361,6464,537,2,0.0,11.89
14362,6465,403,2,0.2,152.08
14363,6466,444,1,0.0,159.76
14364,6466,199,2,0.1,263.53
14365,6467,302,1,0.2,41.75
14366,6467,75,3,0.1,18.35
14367,6468,593,2,0.2,47.26
14368,6469,398,1,0.0,14.09
14369,6469,578,1,0.0,223.86
14370,6470,416,2,0.0,73.19
14371,6470,61,1,0.05,323.66
14372,6471,249,3,0.1,119.64
14373,6471,26,1,0.15,
14374,6472,498,1,0.15,77.39
14375,6472,119,1,0.15,
14376,6472,352,1,0.0,82.75
14377,6473,413,1,0.15,211.42
14378,6474,253,1,0.0,
14379,6475,435,2,0.05,363.17
14380,6476,324,4,0.0,208.13
14381,6477,279,3,0.05,31.98
14382,6477,489,2,0.0,122.21
14383,6478,62,1,0.1,71.55
14384,6478,181,1,0.15,131.3
14385,6478,558,2,0.0,193.11
14386,6479,607,2,0.0,
14387,6479,424,1,0.1,43.92
14388,6480,324,2,0.15,199.67
14389,6480,236,4,0.1,12.95
14390,6481,395,1,0.15,183.38
14391,6481,482,3,0.2,69.98
14392,6481,549,4,0.0,57.73
14393,6481,570,1,0.05,165.22
14394,6481,122,4,0.2,261.31
14395,6482,181,2,0.2,134.04
14396,6483,83,4,0.15,42.37
14397,6483,57,2,0.0,342.34
14398,6483,378,3,0.15,57.35
14399,6484,137,1,0.1,350.49
14400,6484,275,1,0.0,199.32
14401,6485,557,2,0.0,73.82
14402,6485,570,1,0.0,164.08
14403,6486,9,1,0.2,104.21
14404,6487,483,1,0.15,83.26
14405,6487,548,2,0.1,57.22
14406,6487,93,1,0.0,91.2
14407,6487,398,1,0.0,14.55
14408,6488,20,1,0.0,203.63
14409,6488,442,2,0.0,8.97
14410,6489,561,1,0.15,356.59
14411,6490,272,1,0.15,82.21
14412,6490,394,2,0.1,
14413,6490,53,2,0.0,230.76
14414,6490,377,3,0.0,175.75
14415,6490,173,1,0.0,141.45
14416,6491,16,1,0.0,
14417,6491,236,1,0.05,13.18
14418,6491,459,1,0.0,121.49
14419,6492,349,1,0.15,99.9
14420,6492,389,3,0.0,91.44
14421,6493,564,1,0.05,28.86
14422,6493,472,4,0.0,245.63
14423,6493,185,4,0.0,46.85
14424,6493,493,1,0.0,213.72
14425,6494,401,1,0.2,157.63
14426,6495,502,1,0.0,301.75
14427,6496,118,2,0.05,77.56
14428,6496,66,2,0.0,107.75
14429,6496,195,1,0.15,292.41
14430,6496,37,1,0.0,9.87
14431,6496,136,4,0.0,317.08
14432,6497,235,1,0.0,101.15
14433,6497,512,1,0.0,382.23
14434,6497,525,1,0.0,178.63
14435,6497,449,3,0.0,123.08
14436,6497,162,2,0.0,169.78
14437,6498,157,1,0.0,19.09
14438,6498,280,2,0.05,261.62
14439,6498,359,1,0.0,332.5
14440,6498,446,2,0.15,268.64
14441,6499,432,4,0.0,154.18
14442,6499,187,2,0.0,38.86
14443,6500,59,2,0.0,185.15
14444,6501,132,4,0.2,50.75
14445,6501,33,4,0.0,89.28
14446,6501,174,1,0.15,131.6
14447,6501,147,1,0.0,217.91
14448,6502,383,2,0.1,17.15
14449,6502,29,1,0.15,25.43
14450,6502,131,4,0.2,267.44
14451,6502,110,1,0.05,258.33
14452,6503,444,3,0.0,169.63
14453,6504,157,3,0.05,18.55
14454,6504,64,4,0.0,329.65
14455,6504,419,4,0.0,259.01
14456,6505,363,3,0.05,230.37
14457,6505,335,2,0.0,53.1
14458,6506,389,2,0.15,89.39
14459,6506,160,1,0.15,43.13
14460,6506,556,1,0.05,192.84
14461,6507,531,3,0.0,361.83
14462,6508,408,3,0.0,263.1
14463,6508,119,2,0.2,59.94
14464,6509,148,3,0.05,44.1
14465,6509,195,2,0.0,297.54
14466,6510,361,1,0.0,216.47
14467,6511,203,1,0.0,126.98
14468,6511,33,2,0.0,97.21
14469,6511,264,2,0.0,108.47
14470,6511,176,2,0.0,196.05
14471,6512,64,2,0.05,331.66
14472,6512,34,1,0.05,60.29
14473,6513,144,1,0.0,151.51
14474,6513,443,1,0.05,185.79
14475,6513,535,4,0.2,
14476,6514,8,2,0.1,47.2
14477,6514,242,2,0.0,156.51
14478,6515,131,4,0.0,254.32
14479,6515,67,4,0.1,36.07
14480,6515,377,1,0.1,177.17
14481,6515,436,3,0.0,100.6
14482,6515,386,2,0.2,51.93
14483,6516,130,2,0.0,125.69
14484,6517,171,1,0.0,158.79
14485,6517,418,1,0.0,146.48
14486,6517,417,0,0.1,37.23
14487,6517,473,1,0.05,
14488,6517,213,2,0.0,23.49
14489,6518,38,1,0.0,267.15
14490,6518,95,4,0.0,140.92
14491,6519,563,2,0.0,212.18
14492,6520,272,3,0.2,82.56
14493,6520,517,1,0.0,56.97
14494,6521,331,4,0.15,158.43
14495,6521,522,2,0.1,108.06
14496,6522,94,2,0.2,257.31
14497,6522,259,4,0.1,139.49
14498,6523,350,3,0.2,52.37
14499,6524,185,2,0.15,44.74
14500,6524,245,1,0.0,363.46
14501,6525,390,1,0.0,242.23
14502,6526,216,3,0.05,61.24
14503,6527,394,1,0.0,
14504,6527,4,4,0.15,
14505,6527,412,1,0.05,102.04
14506,6528,495,1,0.0,103.34
14507,6529,186,1,0.15,22.56
14508,6529,567,3,0.1,23.73
14509,6529,249,2,0.05,124.73
14510,6530,354,1,0.0,128.5
14511,6530,45,2,0.0,270.85
14512,6530,177,1,0.0,150.27
14513,6531,513,4,0.0,276.47
14514,6532,321,4,0.15,10.54
14515,6532,376,2,0.0,53.32
14516,6532,486,1,0.05,284.69
14517,6532,333,2,0.1,28.75
14518,6532,72,2,0.15,128.13
14519,6533,87,1,0.15,130.99
14520,6533,189,1,0.05,165.19
14521,6533,534,2,0.0,57.05
14522,6534,210,2,0.1,253.98
14523,6535,164,2,0.1,178.89
14524,6536,546,3,0.0,328.31
14525,6537,544,2,0.2,150.19
14526,6537,374,4,0.15,122.14
14527,6537,437,1,0.1,179.67
14528,6537,533,3,0.15,157.31
14529,6538,399,3,0.05,301.25
14530,6538,556,1,0.0,208.95
14531,6539,119,1,0.0,58.88
14532,6540,250,1,0.0,402.94
14533,6540,497,1,0.0,96.0
14534,6540,171,3,0.1,144.92
14535,6540,280,2,0.2,243.04
14536,6540,595,-1,0.2,111.64
14537,6541,275,1,0.0,187.39
14538,6541,519,2,0.0,131.97
14539,6541,223,3,0.1,338.39
14540,6541,376,3,0.0,56.07
14541,6542,396,1,0.0,54.15
14542,6543,67,3,0.1,37.23
14543,6544,220,1,0.0,146.34
14544,6545,376,2,0.0,53.06
14545,6545,237,2,0.0,24.8
14546,6545,218,2,0.1,35.33
14547,6546,91,1,0.0,81.39
14548,6547,39,1,0.0,172.35
14549,6548,531,4,0.15,346.77
14550,6548,31,1,0.0,105.32
14551,6549,22,1,0.05,20.64
14552,6549,65,1,0.2,8.37
14553,6549,338,1,0.15,170.88
14554,6550,584,4,0.0,270.32
14555,6550,233,1,0.0,279.1
14556,6550,371,1,0.15,125.6
14557,6550,498,3,0.1,77.97
14558,6550,355,4,0.0,
14559,6551,219,1,0.0,34.77
14560,6552,6,4,0.0,16.8
14561,6552,324,4,0.05,213.84
14562,6553,578,4,0.0,226.28
14563,6554,565,1,0.0,92.83
14564,6554,579,1,0.2,68.03
14565,6555,481,1,0.2,33.16
14566,6555,108,1,0.0,175.95
14567,6555,313,3,0.15,
14568,6555,276,1,0.0,201.44
14569,6555,474,1,0.15,60.76
14570,6556,191,1,0.0,45.68
14571,6556,139,1,0.0,279.73
14572,6556,177,1,0.0,149.79
14573,6557,378,4,0.2,56.91
14574,6557,379,1,0.0,199.45
14575,6557,349,2,0.0,103.44
14576,6557,213,1,0.2,24.12
14577,6557,29,3,0.0,25.08
14578,6558,265,1,0.0,27.96
14579,6559,571,1,0.0,232.81
14580,6559,282,2,0.05,29.74
14581,6559,400,1,0.2,290.5
14582,6560,580,3,0.0,172.42
14583,6560,204,1,0.0,75.52
14584,6561,365,4,0.0,50.43
14585,6561,506,2,0.05,102.81
14586,6561,345,1,0.0,178.23
14587,6562,255,3,0.0,328.87
14588,6563,277,1,0.15,174.48
14589,6563,526,3,0.1,280.69
14590,6564,559,1,0.15,42.47
14591,6565,381,3,0.15,43.63
14592,6565,28,1,0.0,239.88
14593,6565,532,1,0.0,219.12
14594,6566,500,1,0.0,282.17
14595,6566,427,1,0.05,86.34
14596,6567,467,1,0.05,308.77
14597,6567,180,2,0.0,
14598,6568,35,4,0.0,40.49
14599,6568,59,3,0.1,189.88
14600,6569,532,4,0.2,214.45
14601,6569,340,1,0.15,394.46
14602,6569,489,1,0.0,130.05
14603,6569,397,4,0.15,
14604,6570,325,1,0.05,251.4
14605,6570,466,4,0.1,62.13
14606,6570,41,2,0.0,286.08
14607,6571,5,2,0.0,208.45
14608,6571,280,1,0.15,261.89
14609,6572,150,2,0.1,128.66
14610,6573,154,3,0.1,142.47
14611,6573,481,2,0.0,32.92
14612,6574,403,4,0.0,158.65
14613,6574,5,1,0.0,222.03
14614,6575,371,1,0.05,128.5
14615,6575,563,1,0.15,221.71
14616,6576,102,4,0.0,71.85
14617,6577,137,3,0.0,338.68
14618,6577,58,2,0.15,244.97
14619,6577,37,1,0.2,9.55
14620,6578,429,1,0.0,17.4
14621,6579,286,3,0.0,191.88
14622,6580,235,1,0.2,100.31
14623,6580,132,3,0.05,46.78
14624,6580,352,2,0.0,78.26
14625,6581,243,4,0.2,227.86
14626,6582,546,1,0.05,336.14
14627,6582,4,1,0.05,
14628,6582,519,1,0.1,121.85
14629,6583,503,4,0.05,275.42
14630,6583,104,1,0.05,39.4
14631,6583,219,3,0.05,35.56
14632,6584,378,2,0.1,56.66
14633,6584,563,1,0.0,217.61
14634,6585,271,1,0.2,303.0
14635,6585,138,4,0.05,161.6
14636,6586,337,1,0.15,31.19
14637,6586,424,1,0.1,42.75
14638,6587,284,4,0.15,114.68
14639,6587,367,1,0.0,206.39
14640,6587,586,1,0.0,259.57
14641,6587,29,3,0.05,26.72
14642,6588,204,2,0.0,78.83
14643,6589,519,3,0.15,122.49
14644,6589,39,1,0.15,156.43
14645,6589,62,1,0.05,69.31
14646,6589,20,4,0.05,201.35
14647,6590,367,1,0.0,205.81
14648,6590,557,1,0.2,
14649,6591,592,2,0.0,250.52
14650,6591,368,2,0.1,143.64
14651,6592,445,3,0.0,29.88
14652,6592,530,1,0.15,166.63
14653,6592,514,2,0.2,318.98
14654,6593,75,1,0.15,17.51
14655,6593,70,2,0.05,162.03
14656,6593,9,1,0.05,95.33
14657,6594,516,4,0.0,17.96
14658,6595,343,2,0.0,292.68
14659,6595,364,1,0.1,57.13
14660,6596,445,4,0.15,28.72
14661,6596,530,2,0.0,168.57
14662,6596,15,1,0.05,118.38
14663,6596,548,4,0.05,56.91
14664,6597,396,2,0.05,56.28
14665,6597,332,4,0.2,145.54
14666,6597,112,2,0.15,29.64
14667,6597,192,2,0.2,249.68
14668,6597,135,1,0.15,101.09
14669,6598,395,1,0.0,191.87
14670,6599,11,1,0.05,138.96
14671,6600,346,3,0.2,93.23
14672,6600,209,2,0.05,84.58
14673,6600,288,1,0.1,341.65
14674,6601,325,2,0.1,248.53
14675,6602,115,2,0.2,296.78
14676,6602,130,-1,0.05,119.78
14677,6603,317,1,0.05,161.3
14678,6603,323,4,0.1,
14679,6603,168,1,0.0,13.64
14680,6603,358,2,0.2,148.23
14681,6604,365,3,0.2,
14682,6604,175,4,0.0,126.58
14683,6605,471,2,0.2,96.55
14684,6605,242,2,0.15,152.22
14685,6606,166,4,0.0,130.38
14686,6606,463,2,0.0,85.18
14687,6607,526,2,0.1,288.45
14688,6607,250,1,0.0,388.77
14689,6608,50,4,0.1,10.12
14690,6608,247,1,0.1,66.54
14691,6609,223,3,0.2,342.36
14692,6610,72,1,0.15,130.31
14693,6610,549,2,0.0,57.21
14694,6611,283,2,0.0,113.79
14695,6611,78,1,0.0,241.88
14696,6612,59,1,0.15,190.7
14697,6612,442,2,0.0,8.18
14698,6612,176,3,0.2,192.57
14699,6612,530,1,0.0,159.36
14700,6613,390,1,0.0,245.73
14701,6614,98,3,0.0,92.83
14702,6615,607,1,0.0,
14703,6616,348,1,0.0,45.75
14704,6616,598,2,0.0,24.64
14705,6617,42,2,0.1,70.14
14706,6618,581,1,0.0,194.08
14707,6618,408,1,0.0,266.53
14708,6618,476,3,0.0,208.11
14709,6618,428,4,0.0,53.65
14710,6619,518,3,0.1,33.03
14711,6620,35,1,0.0,40.37
14712,6620,137,1,0.1,351.41
14713,6620,194,2,0.2,70.1
14714,6620,554,1,0.15,150.1
14715,6621,465,1,0.15,155.85
14716,6622,539,1,0.0,142.02
14717,6622,109,1,0.0,123.89
14718,6622,337,1,0.0,
14719,6622,79,1,0.1,257.35
14720,6623,297,3,0.0,55.32
14721,6623,124,1,0.0,177.5
14722,6624,426,2,0.0,
14723,6624,127,4,0.15,227.57
14724,6624,591,3,0.0,249.15
14725,6625,204,2,0.0,81.7
14726,6625,445,4,0.15,
14727,6626,104,1,0.1,40.91
14728,6626,36,2,0.1,186.89
14729,6626,30,2,0.05,
14730,6626,121,3,0.0,377.16
14731,6626,344,3,0.15,149.57
14732,6627,352,3,0.2,75.74
14733,6627,300,1,0.1,43.43
14734,6628,456,1,0.0,157.27
14735,6628,304,2,0.0,58.87
14736,6629,186,3,0.0,24.54
14737,6629,284,4,0.2,117.17
14738,6630,223,1,0.0,347.32
14739,6630,226,4,0.0,260.64
14740,6630,340,4,0.15,389.07
14741,6631,464,1,0.2,92.74
14742,6631,545,1,0.05,239.82
14743,6631,270,1,0.1,102.04
14744,6631,209,4,0.0,80.51
14745,6631,173,1,0.1,134.95
14746,6632,35,2,0.05,39.05
14747,6632,315,4,0.0,14.59
14748,6632,459,1,0.0,126.62
14749,6632,578,1,0.0,232.68
14750,6633,208,1,0.0,182.25
14751,6633,250,1,0.15,424.32
14752,6633,324,4,0.0,211.02
14753,6634,544,3,0.15,148.44
14754,6634,357,1,0.05,145.6
14755,6634,58,4,0.0,259.59
14756,6634,49,1,0.0,155.06
14757,6634,178,3,0.0,31.37
14758,6635,267,4,0.15,324.0
14759,6635,73,4,0.0,62.21
14760,6636,159,1,0.0,99.81
14761,6637,132,1,0.0,47.97
14762,6637,376,4,0.1,53.77
14763,6637,213,1,0.05,24.48
14764,6637,31,4,0.15,
14765,6638,535,2,0.0,
14766,6638,114,3,0.1,277.07
14767,6638,124,4,0.0,178.96
14768,6638,112,3,0.0,29.55
14769,6638,560,3,0.05,
14770,6639,476,4,0.2,211.1
14771,6640,39,4,0.0,172.07
14772,6640,105,2,0.0,5.76
14773,6640,251,3,0.0,223.04
14774,6641,536,3,0.15,75.17
14775,6641,153,2,0.2,291.16
14776,6641,372,1,0.1,236.72
14777,6641,21,2,0.0,44.1
14778,6642,63,2,0.1,73.47
14779,6643,217,2,0.2,134.98
14780,6643,181,1,0.15,138.8
14781,6643,199,2,0.0,245.12
14782,6644,481,2,0.05,32.62
14783,6644,170,1,0.05,110.39
14784,6645,82,3,0.1,209.3
14785,6645,2,1,0.0,237.17
14786,6645,221,1,0.2,42.72
14787,6645,105,2,0.0,5.8
14788,6646,35,1,0.0,36.92
14789,6646,521,1,0.0,214.03
14790,6646,383,4,0.0,16.42
14791,6647,499,1,0.05,214.08
14792,6648,188,2,0.1,25.08
14793,6648,457,1,0.15,185.06
14794,6649,464,4,0.05,93.97
14795,6649,555,2,0.2,153.49
14796,6650,244,1,0.1,16.42
14797,6650,286,3,0.0,194.01
14798,6651,62,1,0.0,74.95
14799,6651,309,4,0.0,
14800,6652,589,1,0.0,175.86
14801,6652,20,3,0.0,195.83
14802,6652,570,2,0.15,166.75
14803,6653,310,3,0.0,303.82
14804,6653,210,4,0.15,254.02
14805,6653,453,1,0.15,176.85
14806,6653,22,1,0.1,20.86
14807,6654,217,3,0.05,131.38
14808,6655,551,4,0.0,
14809,6655,184,2,0.05,401.08
14810,6655,518,1,0.0,33.3
14811,6656,537,1,0.05,12.13
14812,6657,194,1,0.1,71.31
14813,6657,452,2,0.0,64.49
14814,6658,535,2,0.15,
14815,6659,228,1,0.0,38.23
14816,6659,495,1,4.07,94.44
14817,6659,296,1,0.0,53.4
14818,6659,239,3,0.2,28.45
14819,6660,142,1,0.2,86.89
14820,6660,35,1,0.15,40.68
14821,6661,224,1,0.0,357.98
14822,6662,5,1,0.0,207.5
14823,6662,576,1,0.2,276.04
14824,6662,223,1,0.0,335.71
14825,6662,76,1,0.0,218.22
14826,6663,378,1,0.1,59.32
14827,6664,222,4,0.05,105.7
14828,6664,178,4,0.0,31.31
14829,6665,139,1,0.15,276.2
14830,6665,197,1,0.0,141.23
14831,6665,225,1,0.05,86.96
14832,6666,420,2,0.1,198.48
14833,6666,373,2,0.0,
14834,6667,586,3,0.15,253.57
14835,6668,207,2,0.05,306.54
14836,6668,45,3,0.0,256.8
14837,6668,116,1,0.15,244.25
14838,6668,448,1,0.2,169.11
14839,6669,550,1,0.2,221.71
14840,6670,33,1,0.0,98.1
14841,6671,554,1,0.0,153.02
14842,6671,326,3,0.1,32.47
14843,6672,505,2,0.05,78.02
14844,6672,274,1,0.2,43.97
14845,6673,572,2,0.05,224.16
14846,6673,168,2,0.15,13.12
14847,6674,292,1,0.0,134.06
14848,6675,56,4,0.0,72.82
14849,6676,554,1,0.05,152.67
14850,6676,305,2,0.0,174.61
14851,6677,303,1,0.15,39.92
14852,6677,384,4,0.15,310.64
14853,6678,72,1,0.0,139.33
14854,6679,559,2,0.2,41.68
14855,6680,114,2,0.15,288.42
14856,6680,543,2,0.0,281.93
14857,6680,76,2,0.0,235.72
14858,6681,256,3,0.0,184.07
14859,6682,392,1,0.2,75.71
14860,6682,136,4,0.1,311.25
14861,6682,247,3,0.0,66.89
14862,6682,331,1,0.2,147.1
14863,6682,126,1,0.2,88.0
14864,6683,471,2,0.0,88.19
14865,6684,435,1,0.0,343.31
14866,6685,159,1,0.0,95.57
14867,6686,193,1,0.0,276.2
14868,6686,520,2,0.05,22.58
14869,6687,395,1,0.1,200.87
14870,6688,206,1,0.0,
14871,6688,314,3,0.0,180.17
14872,6689,425,2,0.15,172.91
14873,6689,202,1,0.0,204.51
14874,6690,458,1,0.05,169.23
14875,6691,535,1,0.2,
14876,6691,392,1,0.0,69.88
14877,6692,83,3,0.15,43.46
14878,6693,494,4,0.2,198.02
14879,6694,56,1,0.1,70.77
14880,6695,492,1,0.2,26.42
14881,6696,303,1,0.1,41.55
14882,6696,464,3,0.15,91.59
14883,6697,578,2,0.0,229.09
14884,6697,324,2,0.0,213.23
14885,6698,289,2,0.15,66.45
14886,6698,441,1,0.1,81.16
14887,6698,501,4,0.0,
14888,6698,479,2,0.2,109.25
14889,6698,544,1,0.0,145.7
14890,6699,264,1,0.0,103.96
14891,6700,566,1,0.15,222.77
14892,6700,448,3,0.0,168.79
14893,6701,164,1,0.15,184.22
14894,6701,435,3,0.2,350.68
14895,6701,535,4,0.0,
14896,6702,115,2,0.1,299.85
14897,6703,13,4,0.2,171.73
14898,6703,441,2,0.0,88.59
14899,6704,131,1,0.1,248.06
14900,6704,518,2,0.2,35.06
14901,6704,576,2,0.05,275.86
14902,6704,497,0,0.2,94.27
14903,6704,254,2,0.05,360.3
14904,6705,543,2,0.2,275.15
14905,6706,61,3,0.05,312.41
14906,6706,189,1,0.2,176.16
14907,6707,28,2,0.15,254.31
14908,6707,459,4,0.2,130.29
14909,6707,543,1,0.0,270.9
14910,6707,75,2,0.0,18.44
14911,6707,23,4,0.0,93.68
14912,6708,561,1,0.1,376.58
14913,6708,49,2,0.1,149.69
14914,6709,530,1,0.05,171.75
14915,6710,496,1,0.0,277.59
14916,6711,240,2,0.0,297.94
14917,6712,186,1,0.2,22.88
14918,6712,428,3,0.15,50.0
14919,6713,384,1,0.15,295.31
14920,6713,399,1,0.0,290.14
14921,6714,200,2,0.1,282.29
14922,6714,592,2,0.2,265.66
14923,6714,37,1,0.15,9.93
14924,6714,300,3,0.0,40.46
14925,6715,282,3,0.1,30.02
14926,6716,207,2,0.0,293.1
14927,6716,197,2,0.2,142.29
14928,6716,509,1,0.0,66.17
14929,6717,247,1,0.15,68.63
14930,6717,464,3,0.2,93.13
14931,6718,251,1,0.1,232.21
14932,6719,91,1,0.0,76.08
14933,6720,127,1,0.0,216.32
14934,6721,358,2,0.05,149.75
14935,6721,479,1,0.2,109.51
14936,6722,533,2,0.05,153.88
14937,6723,444,1,0.0,161.82
14938,6724,534,1,0.0,53.5
14939,6725,155,1,0.1,212.15
14940,6725,159,2,0.0,95.92
14941,6726,172,1,0.15,53.28
14942,6727,165,1,0.1,111.14
14943,6727,293,1,0.15,159.32
14944,6728,526,1,0.05,282.69
14945,6729,395,1,0.0,200.69
14946,6729,454,1,0.0,220.63
14947,6730,238,2,0.05,214.74
14948,6730,375,2,0.05,297.18
14949,6731,41,3,0.0,277.24
14950,6732,60,1,0.0,273.12
14951,6732,431,2,0.0,239.73
14952,6733,433,4,0.0,138.3
14953,6733,604,2,0.2,
14954,6733,349,1,0.1,100.96
14955,6733,154,4,0.15,144.05
14956,6733,200,4,0.15,265.34
14957,6734,220,4,0.0,145.02
14958,6734,524,4,0.15,50.78
14959,6734,168,2,0.1,12.67
14960,6734,481,3,0.0,34.49
14961,6735,484,3,0.05,191.49
14962,6736,287,2,0.05,131.58
14963,6737,271,1,0.0,321.52
14964,6737,177,1,0.0,155.82
14965,6738,351,4,0.05,110.61
14966,6738,605,2,0.1,
14967,6739,163,1,0.05,338.33
14968,6740,311,4,0.2,48.02
14969,6741,40,1,0.05,83.69
14970,6742,575,2,0.15,341.41
14971,6742,173,3,0.1,133.84
14972,6742,551,1,0.1,30.14
14973,6743,592,3,0.0,250.63
14974,6744,132,1,0.15,47.85
14975,6745,89,2,0.15,204.56
14976,6746,88,1,0.05,158.79
14977,6747,347,2,0.2,131.21
14978,6748,151,2,0.0,22.7
14979,6749,424,1,0.15,
14980,6749,251,4,0.05,228.47
14981,6749,214,2,0.0,176.02
14982,6749,235,4,0.0,98.92
14983,6749,215,3,0.0,81.91
14984,6750,569,1,0.0,260.9
14985,6750,485,2,0.0,178.47
14986,6750,232,4,0.0,255.66
14987,6750,259,1,0.2,149.17
14988,6751,157,1,0.05,17.68
14989,6751,541,3,0.1,171.94
14990,6752,113,2,0.0,71.31
14991,6753,76,3,0.0,221.62
14992,6754,495,4,0.05,97.4
14993,6755,94,2,0.05,265.11
14994,6755,127,1,0.0,232.17
14995,6756,162,3,0.0,178.47
14996,6756,585,4,0.1,7.0
14997,6756,143,1,0.0,114.8
14998,6756,188,1,0.1,23.58
14999,6757,396,1,0.1,53.71
15000,6757,262,1,0.2,382.74
15001,6758,155,3,0.0,199.78
15002,6758,483,2,0.0,80.17
15003,6759,442,4,0.2,8.24
15004,6760,400,2,0.1,271.98
15005,6760,58,2,0.0,244.24
15006,6760,25,2,0.1,135.21
15007,6760,199,4,0.1,244.49
15008,6761,74,3,0.2,186.06
15009,6761,372,1,0.05,240.74
15010,6761,352,2,0.0,78.36
15011,6761,132,1,0.05,49.05
15012,6762,125,4,0.2,354.58
15013,6762,12,3,0.05,81.44
15014,6762,294,3,0.0,21.64
15015,6763,295,3,0.0,32.78
15016,6763,462,2,0.0,324.44
15017,6764,463,2,0.0,86.75
15018,6764,429,4,0.0,16.05
15019,6764,430,1,0.05,122.84
15020,6764,67,2,0.15,35.69
15021,6764,61,3,0.2,307.45
15022,6765,111,1,0.1,212.82
15023,6766,105,1,0.0,5.81
15024,6767,247,2,0.0,71.1
15025,6768,325,3,0.0,233.23
15026,6768,423,4,0.05,46.97
15027,6769,231,2,0.0,45.04
15028,6769,59,2,0.2,196.05
15029,6770,151,1,0.0,21.94
15030,6771,94,4,0.0,265.97
15031,6771,365,1,0.0,50.39
15032,6771,129,2,0.0,331.9
15033,6772,578,2,0.15,225.12
15034,6773,56,3,0.0,68.46
15035,6773,1,1,0.2,151.31
15036,6773,80,1,0.1,87.78
15037,6773,48,1,0.0,229.62
15038,6773,171,2,0.05,157.89
15039,6774,553,2,0.15,243.15
15040,6774,485,4,0.0,169.49
15041,6775,161,1,0.0,190.79
15042,6776,573,1,0.0,108.2
15043,6777,186,2,0.0,24.34
15044,6777,593,4,2.06,50.7
15045,6778,87,2,0.05,128.37
15046,6778,67,4,0.2,37.4
15047,6778,475,2,0.05,287.51
15048,6779,108,3,0.0,172.66
15049,6779,29,1,0.05,24.37
15050,6779,147,1,0.0,230.82
15051,6779,458,1,0.0,169.36
15052,6779,450,4,0.0,7.18
15053,6780,445,3,0.2,30.5
15054,6781,306,2,0.05,22.63
15055,6781,550,1,0.0,
15056,6781,475,1,0.0,277.64
15057,6782,480,2,0.0,65.59
15058,6782,209,3,0.1,81.41
15059,6782,189,4,0.0,173.68
15060,6782,421,2,0.0,10.8
15061,6783,482,1,0.2,76.87
15062,6784,264,2,0.05,114.41
15063,6784,359,1,0.1,329.57
15064,6784,276,2,0.05,203.52
15065,6784,391,3,0.0,230.86
15066,6784,290,4,0.2,123.15
15067,6785,72,2,0.2,135.84
15068,6785,562,3,0.0,333.07
15069,6786,119,1,0.2,57.59
15070,6786,411,1,0.0,150.36
15071,6787,312,3,0.0,118.38
15072,6788,193,4,0.05,
15073,6788,401,3,0.0,165.97
15074,6789,245,2,0.0,363.18
15075,6789,510,3,0.05,187.79
15076,6789,225,1,0.0,83.46
15077,6789,179,4,0.2,14.96
15078,6789,261,2,0.1,173.74
15079,6790,437,1,0.0,184.76
15080,6790,308,2,0.0,347.21
15081,6790,307,1,0.15,136.14
15082,6791,300,4,0.05,44.46
15083,6792,434,3,0.0,39.98
15084,6793,501,2,0.0,
15085,6793,452,2,0.15,63.01
15086,6793,590,2,0.15,246.95
15087,6794,560,1,0.0,
15088,6794,504,2,0.0,
15089,6794,165,2,0.1,104.29
15090,6795,5,1,0.05,210.7
15091,6796,528,4,0.1,265.33
15092,6796,510,2,0.2,191.02
15093,6796,165,4,0.0,103.68
15094,6796,30,1,0.05,16.82
15095,6796,321,2,0.0,10.62
15096,6797,506,2,0.2,94.73
15097,6797,18,1,0.05,346.39
15098,6797,254,2,0.1,353.53
15099,6798,245,3,0.05,380.37
15100,6799,247,1,0.0,65.86
15101,6799,474,1,0.2,58.5
15102,6799,584,4,0.1,251.06
15103,6800,225,2,0.2,86.49
15104,6800,534,1,0.0,56.69
15105,6800,1,2,0.05,163.11
15106,6800,416,1,0.0,73.12
15107,6801,413,3,0.2,230.35
15108,6801,504,3,0.05,
15109,6802,128,2,0.15,57.03
15110,6803,142,3,0.0,79.88
15111,6804,151,2,0.0,22.22
15112,6804,109,3,0.1,120.19
15113,6804,267,1,0.15,319.08
15114,6804,208,3,0.1,181.4
15115,6804,340,2,0.05,393.53
15116,6805,472,1,0.0,258.2
15117,6806,29,1,0.2,25.65
15118,6807,292,2,0.0,134.75
15119,6807,248,4,0.0,
15120,6808,146,2,0.0,10.26
15121,6808,275,2,0.0,196.31
15122,6808,250,2,0.2,405.73
15123,6809,178,4,0.0,30.8
15124,6809,467,2,0.05,316.67
15125,6810,166,1,0.1,136.76
15126,6811,328,1,0.1,98.02
15127,6812,529,2,0.0,218.43
15128,6813,143,1,0.0,114.38
15129,6813,418,1,0.0,145.8
15130,6813,210,1,0.0,254.44
15131,6813,26,4,0.2,
15132,6814,527,1,0.1,340.91
15133,6815,450,1,0.0,7.25
15134,6816,361,4,0.0,223.05
15135,6817,412,4,0.1,100.39
15136,6818,414,2,0.0,96.39
15137,6819,507,4,0.0,192.48
15138,6819,311,4,0.15,49.88
15139,6819,534,2,0.0,57.94
15140,6820,196,2,0.0,298.67
15141,6820,341,2,0.2,
15142,6821,299,1,0.0,150.79
15143,6821,2,1,0.0,239.29
15144,6821,403,3,0.1,161.05
15145,6821,498,2,0.0,79.92
15146,6822,109,1,0.0,122.22
15147,6823,490,4,0.0,171.68
15148,6823,152,2,0.2,
15149,6824,196,3,0.2,293.46
15150,6825,140,2,0.0,260.95
15151,6826,181,3,0.05,132.33
15152,6826,254,2,0.15,342.0
15153,6826,26,1,0.05,
15154,6827,192,1,0.1,246.34
15155,6827,6,3,0.0,15.87
15156,6828,72,2,0.15,137.29
15157,6828,256,4,0.0,171.73
15158,6828,63,2,0.2,74.37
15159,6829,509,1,0.0,65.87
15160,6829,51,4,0.0,17.96
15161,6830,323,1,0.0,56.13
15162,6830,215,2,0.15,77.33
15163,6830,270,1,0.0,102.57
15164,6831,423,4,0.05,49.71
15165,6831,91,3,0.0,74.93
15166,6831,35,1,0.0,38.05
15167,6832,173,2,0.2,136.49
15168,6832,59,4,0.1,190.42
15169,6832,363,3,0.15,234.06
15170,6833,540,2,0.0,94.59
15171,6834,213,2,0.05,23.7
15172,6834,277,1,0.15,179.17
15173,6834,82,2,0.1,200.13
15174,6834,72,1,0.05,134.92
15175,6835,233,2,0.0,282.28
15176,6835,182,2,0.0,149.82
15177,6836,112,3,0.0,30.93
15178,6836,93,1,0.1,94.59
15179,6836,511,2,0.2,193.08
15180,6837,390,1,0.15,249.26
15181,6837,458,2,0.05,158.25
15182,6837,574,3,0.0,286.37
15183,6837,76,2,0.2,228.59
15184,6837,71,3,0.0,234.1
15185,6838,87,1,0.05,124.9
15186,6839,588,1,0.2,195.28
15187,6839,512,3,0.05,400.5
15188,6840,278,2,0.2,240.46
15189,6840,415,1,0.0,226.24
15190,6841,372,1,0.1,228.15
15191,6841,85,1,0.0,18.84
15192,6842,367,2,0.0,208.7
15193,6842,589,1,0.05,163.22
15194,6843,154,2,0.05,145.26
15195,6843,66,1,0.0,105.55
15196,6843,205,3,0.05,194.61
15197,6843,537,2,0.15,12.59
15198,6844,297,1,0.0,54.18
15199,6844,511,1,0.1,186.0
15200,6844,64,1,0.0,329.4
15201,6845,318,3,0.0,37.78
15202,6845,486,1,0.05,276.37
15203,6846,271,2,0.0,322.94
15204,6846,543,3,0.1,277.19
15205,6847,158,2,0.2,283.79
15206,6847,6,4,0.05,16.81
15207,6847,462,2,0.0,326.94
15208,6847,182,3,0.0,142.31
15209,6847,396,1,0.15,54.29
15210,6848,224,3,0.05,367.42
15211,6848,148,2,0.0,46.11
15212,6849,186,4,0.0,24.59
15213,6849,182,2,0.05,151.66
15214,6849,43,2,0.05,86.56
15215,6850,24,2,0.0,99.12
15216,6850,407,1,0.2,58.67
15217,6850,519,3,0.1,125.31
15218,6851,601,4,0.0,
15219,6852,96,1,0.0,45.71
15220,6852,347,1,0.1,127.21
15221,6852,183,2,0.15,261.56
15222,6852,72,3,0.05,138.79
15223,6853,348,2,0.0,43.6
15224,6853,408,1,0.05,277.6
15225,6854,348,3,0.0,43.51
15226,6854,37,1,0.0,9.83
15227,6855,412,1,0.2,95.48
15228,6855,380,2,0.0,344.91
15229,6856,35,1,0.05,40.69
15230,6856,383,1,0.0,17.54
15231,6857,422,2,0.0,78.84
15232,6858,433,2,0.1,133.18
15233,6859,213,3,0.1,24.75
15234,6859,377,4,0.2,166.44
15235,6860,244,2,0.05,16.3
15236,6861,610,1,0.15,
15237,6862,387,2,0.0,43.06
15238,6862,288,1,0.2,345.48
15239,6863,498,1,0.1,77.74
15240,6863,396,2,0.0,58.34
15241,6863,344,3,0.05,147.0
15242,6864,76,1,0.05,232.84
15243,6865,364,2,0.0,58.0
15244,6865,591,1,0.05,273.83
15245,6866,177,1,0.05,155.71
15246,6866,354,3,0.1,125.64
15247,6866,519,4,0.05,122.35
15248,6867,98,2,0.0,94.01
15249,6868,563,1,0.05,218.72
15250,6869,155,4,0.15,195.5
15251,6869,253,3,0.2,
15252,6869,366,1,0.05,
15253,6870,200,1,0.0,263.88
15254,6871,229,1,0.15,9.52
15255,6871,538,4,0.0,301.6
15256,6871,198,3,0.15,137.99
15257,6871,551,2,0.1,32.62
15258,6871,230,4,0.15,16.13
15259,6872,160,0,0.2,45.62
15260,6873,227,4,0.0,
15261,6873,328,1,0.0,102.54
15262,6873,439,1,0.0,239.56
15263,6873,279,1,0.1,31.66
15264,6874,517,1,0.15,52.23
15265,6875,245,4,0.05,358.16
15266,6875,377,2,0.0,175.3
15267,6876,368,2,0.0,140.09
15268,6876,346,2,0.0,101.62
15269,6877,546,2,0.05,325.93
15270,6877,59,1,0.0,188.15
15271,6878,224,1,0.1,351.49
15272,6879,551,2,0.0,30.35
15273,6879,63,2,0.0,72.17
15274,6880,550,1,0.15,223.59
15275,6881,431,2,0.2,
15276,6881,598,1,0.1,25.64
15277,6882,581,1,0.0,178.69
15278,6882,101,4,0.15,143.43
15279,6882,356,1,0.2,263.41
15280,6882,13,3,0.2,169.42
15281,6883,297,1,0.0,53.65
15282,6883,540,1,0.05,90.94
15283,6884,432,4,0.15,162.28
15284,6884,9,1,0.15,94.83
15285,6884,437,4,0.2,186.6
15286,6885,183,2,0.15,267.74
15287,6885,261,1,0.0,161.55
15288,6885,316,3,0.05,275.8
15289,6885,573,1,0.2,113.83
15290,6886,501,1,0.05,
15291,6886,436,1,0.1,100.97
15292,6887,386,1,0.05,50.72
15293,6888,142,2,0.0,83.1
15294,6888,249,1,0.15,120.3
15295,6888,317,3,0.05,156.09
15296,6889,544,1,0.1,144.35
15297,6889,461,2,0.0,254.02
15298,6889,127,2,0.15,232.61
15299,6889,82,2,0.0,199.82
15300,6889,19,2,0.0,
15301,6890,581,3,0.2,184.06
15302,6891,450,3,0.1,7.1
15303,6891,447,1,0.0,244.94
15304,6892,386,1,0.2,51.39
15305,6893,329,2,0.2,78.5
15306,6894,429,2,0.05,17.05
15307,6895,229,4,0.0,9.41
15308,6896,45,3,0.1,271.62
15309,6897,365,1,0.2,48.21
15310,6897,77,1,0.2,47.3
15311,6897,166,1,0.0,134.79
15312,6897,59,1,0.0,182.9
15313,6898,160,4,0.05,44.76
15314,6899,504,2,0.15,
15315,6899,50,1,0.2,9.47
15316,6899,13,2,0.2,172.76
15317,6900,385,1,0.15,136.2
15318,6900,290,2,0.05,131.7
15319,6901,242,3,0.15,164.13
15320,6901,193,4,0.1,264.8
15321,6902,125,3,0.05,372.25
15322,6902,510,1,0.1,191.5
15323,6903,544,2,0.2,148.73
15324,6904,599,1,0.0,403.94
15325,6904,327,3,0.0,209.01
15326,6905,363,3,0.2,225.43
15327,6905,342,2,0.1,64.06
15328,6906,102,1,0.0,70.22
15329,6907,227,1,0.2,
15330,6907,32,3,0.05,220.92
15331,6907,350,1,0.0,53.18
15332,6907,3,2,0.1,40.61
15333,6907,297,2,0.1,54.31
15334,6908,139,2,0.0,269.81
15335,6909,235,1,0.05,101.64
15336,6909,79,2,0.2,240.18
15337,6909,67,2,0.15,37.01
15338,6910,503,2,0.0,282.42
15339,6911,361,4,0.0,228.66
15340,6911,253,2,0.0,
15341,6911,453,2,0.15,164.85
15342,6912,478,1,0.15,116.2
15343,6913,493,2,0.2,214.73
15344,6914,379,3,0.15,198.92
15345,6915,366,3,0.0,66.71
15346,6916,269,1,0.1,206.44
15347,6917,484,2,0.05,181.88
15348,6917,387,1,0.0,41.8
15349,6917,214,1,0.0,183.21
15350,6918,211,2,0.1,307.15
15351,6918,503,1,0.1,280.8
15352,6919,45,1,0.15,264.04
15353,6919,293,4,0.05,159.09
15354,6919,308,2,0.0,357.18
15355,6920,573,2,0.0,112.97
15356,6921,396,-1,0.1,56.47
15357,6921,306,3,0.0,22.95
15358,6921,199,4,0.2,257.36
15359,6921,66,4,0.0,107.74
15360,6921,231,1,0.0,47.58
15361,6922,259,1,0.0,146.19
15362,6922,129,1,0.2,321.82
15363,6922,319,1,0.1,139.52
15364,6922,495,1,0.0,98.81
15365,6922,388,4,0.0,185.25
15366,6923,575,3,0.0,330.68
15367,6923,319,2,0.0,133.83
15368,6924,253,4,0.2,
15369,6924,162,1,0.15,174.93
15370,6924,125,1,0.1,366.0
15371,6925,438,2,0.0,10.01
15372,6925,14,1,0.1,64.54
15373,6925,437,1,0.15,179.63
15374,6926,565,1,0.0,100.74
15375,6927,443,3,0.0,185.02
15376,6927,424,1,0.1,44.25
15377,6927,273,1,0.15,168.77
15378,6927,493,3,0.0,228.59
15379,6928,228,1,0.0,41.36
15380,6928,435,2,0.05,337.31
15381,6928,493,1,0.0,228.3
15382,6928,281,1,0.1,168.72
15383,6929,588,3,0.15,194.51
15384,6929,426,3,0.2,
15385,6929,510,2,0.0,183.47
15386,6930,596,1,0.0,28.14
15387,6930,203,2,0.0,134.25
15388,6930,531,1,0.1,367.33
15389,6930,33,2,0.1,97.38
15390,6931,151,1,0.1,21.46
15391,6932,570,1,0.05,166.49
15392,6932,259,1,0.0,147.18
15393,6932,331,4,0.1,159.41
15394,6933,129,1,0.05,327.18
15395,6933,361,1,0.0,221.14
15396,6934,141,3,0.0,239.95
15397,6935,502,2,0.0,302.24
15398,6935,267,1,0.0,307.61
15399,6935,182,1,0.0,149.31
15400,6936,26,2,0.0,
15401,6936,345,2,0.1,182.95
15402,6937,50,2,0.0,9.37
15403,6937,323,2,0.15,54.35
15404,6937,92,3,0.0,350.13
15405,6938,334,3,0.0,
15406,6938,361,3,0.15,216.85
15407,6939,135,4,0.0,101.98
15408,6939,343,1,0.15,293.91
15409,6939,299,2,0.2,162.67
15410,6940,102,1,0.0,69.06
15411,6940,479,1,0.2,105.28
15412,6940,12,1,0.2,82.62
15413,6940,238,2,0.2,221.0
15414,6941,97,2,0.15,315.13
15415,6942,126,1,0.0,89.19
15416,6942,481,1,0.0,33.23
15417,6942,228,1,0.0,38.22
15418,6942,114,2,0.0,263.5
15419,6943,446,1,0.0,285.39
15420,6943,37,4,0.0,9.81
15421,6943,437,1,0.0,188.83
15422,6944,389,3,0.1,87.48
15423,6944,195,2,0.0,297.96
15424,6944,516,1,0.05,17.64
15425,6945,338,1,0.2,184.23
15426,6945,124,1,0.0,177.27
15427,6945,392,2,0.0,71.91
15428,6946,194,3,0.2,71.39
15429,6946,294,1,0.2,20.55
15430,6946,1,2,0.15,161.6
15431,6947,193,4,0.0,273.57
15432,6948,8,1,0.1,48.89
15433,6948,244,1,0.1,16.11
15434,6949,424,4,0.15,45.35
15435,6950,571,4,0.2,232.9
15436,6950,434,2,0.1,39.27
15437,6950,147,2,0.15,225.49
15438,6951,541,1,0.0,163.34
15439,6951,487,3,0.0,181.37
15440,6951,433,2,0.15,138.55
15441,6952,244,2,0.15,15.96
15442,6952,239,2,0.05,28.8
15443,6953,455,2,0.05,78.87
15444,6953,607,2,0.2,
15445,6953,185,1,0.0,43.9
15446,6954,11,1,0.2,141.69
15447,6954,468,1,0.0,47.26
15448,6954,374,2,0.1,123.56
15449,6955,496,1,0.15,290.88
15450,6955,570,2,0.0,159.44
15451,6955,534,1,0.05,56.96
15452,6956,24,3,0.0,98.0
15453,6957,226,1,0.2,248.07
15454,6957,24,3,0.15,102.08
15455,6957,104,4,0.0,40.17
15456,6958,32,3,0.0,227.26
15457,6959,27,1,0.0,382.54
15458,6960,293,2,0.0,154.16
15459,6960,312,1,0.0,116.47
15460,6961,317,2,0.0,160.21
15461,6962,487,1,0.2,177.97
15462,6962,265,1,0.0,28.95
15463,6962,560,1,0.0,
15464,6962,597,2,0.0,123.35
15465,6963,71,2,0.05,242.38
15466,6963,453,3,0.15,165.69
15467,6963,24,4,0.2,105.29
15468,6963,538,2,0.0,278.72
15469,6964,142,2,0.1,84.54
15470,6964,542,1,0.1,169.05
15471,6965,588,2,0.05,198.65
15472,6966,46,1,0.0,50.98
15473,6966,259,1,0.0,149.36
15474,6967,177,4,0.05,153.72
15475,6967,528,2,0.05,271.82
15476,6967,526,2,0.0,264.22
15477,6968,607,1,0.1,
15478,6968,496,2,0.1,270.49
15479,6968,61,2,0.0,312.14
15480,6968,457,1,0.0,175.28
15481,6969,9,4,0.0,95.3
15482,6970,204,1,0.15,81.86
15483,6971,286,3,0.05,202.37
15484,6971,339,3,0.05,37.39
15485,6972,93,3,0.2,97.25
15486,6972,511,1,0.1,187.47
15487,6973,348,1,0.0,44.86
15488,6973,253,4,0.15,
15489,6973,574,3,0.05,263.8
15490,6974,479,3,0.2,103.81
15491,6974,513,1,0.15,272.5
15492,6975,182,3,0.05,147.83
15493,6975,222,2,0.05,112.49
15494,6975,82,2,0.15,209.71
15495,6976,400,3,0.2,290.87
15496,6976,22,1,0.05,21.26
15497,6977,337,1,0.2,31.86
15498,6978,70,2,0.0,151.29
15499,6978,252,2,0.2,123.29
15500,6978,501,2,0.0,
15501,6979,470,4,0.15,42.18
15502,6979,160,1,0.0,45.19
15503,6979,320,2,0.05,81.26
15504,6979,291,4,0.1,195.91
15505,6980,370,3,0.15,120.5
15506,6981,518,1,0.1,34.2
15507,6981,55,2,0.2,51.58
15508,6981,185,2,0.2,
15509,6981,121,2,0.15,367.86
15510,6982,216,3,0.0,59.1
15511,6982,584,2,0.05,256.94
15512,6982,591,2,0.15,260.22
15513,6982,385,3,0.1,135.16
15514,6983,178,2,0.2,29.12
15515,6983,551,1,0.1,33.05
15516,6983,189,3,0.0,173.28
15517,6983,3,1,0.05,38.13
15518,6984,380,3,0.0,319.67
15519,6984,379,3,0.0,192.01
15520,6985,530,3,0.2,160.53
15521,6986,445,1,0.0,29.31
15522,6987,341,2,0.0,
15523,6987,98,2,0.0,92.96
15524,6988,165,2,0.15,113.24
15525,6988,476,2,0.1,216.53
15526,6988,598,1,0.1,25.68
15527,6988,202,2,0.05,191.88
15528,6989,10,1,0.0,120.24
15529,6990,480,4,0.2,64.83
15530,6990,151,2,0.2,21.83
15531,6990,409,2,0.0,168.2
15532,6991,539,3,0.0,131.77
15533,6991,411,2,0.2,151.24
15534,6991,119,1,0.2,59.03
15535,6991,478,1,0.2,125.65
15536,6992,527,4,0.05,367.93
15537,6992,464,2,0.0,92.26
15538,6993,498,4,0.05,79.81
15539,6993,181,1,0.2,
15540,6994,24,4,0.0,98.66
15541,6994,272,1,0.0,84.8
15542,6994,237,4,0.2,24.59
15543,6994,533,4,0.05,155.75
15544,6995,314,1,0.2,168.72
15545,6995,328,2,0.15,99.91
15546,6996,536,2,0.0,77.67
15547,6996,453,1,0.0,177.83
15548,6996,394,2,0.05,
15549,6997,274,3,0.0,44.66
15550,6998,96,2,0.15,43.63
15551,6998,428,1,0.1,51.22
15552,6998,154,1,0.2,136.16
15553,6998,192,2,0.0,239.95
15554,6999,107,1,0.05,154.2
15555,6999,313,1,0.05,172.56
15556,6999,295,3,0.2,34.87
15557,7000,455,1,0.15,77.2
15558,7001,131,1,0.0,266.45
15559,7001,228,1,0.0,39.05
15560,7002,386,2,0.15,48.92
15561,7002,282,1,0.0,29.33
15562,7002,62,1,0.0,71.43
15563,7002,461,2,0.15,276.77
15564,7003,607,3,0.0,
15565,7003,8,2,0.0,45.45
15566,7003,150,1,0.05,137.24
15567,7003,102,1,0.05,70.19
15568,7004,275,1,0.2,201.82
15569,7004,554,2,0.2,143.21
15570,7005,433,1,0.1,132.74
15571,7005,98,2,0.05,99.27
15572,7005,460,1,0.2,180.21
15573,7005,128,1,0.0,58.99
15574,7005,214,4,0.15,182.99
15575,7006,205,1,0.2,204.66
15576,7006,559,1,0.15,43.56
15577,7006,547,4,0.0,197.0
15578,7007,33,2,0.2,94.34
15579,7008,448,1,0.15,167.41
15580,7008,329,3,0.0,86.13
15581,7008,311,2,0.1,49.64
15582,7009,168,4,0.0,12.82
15583,7010,25,2,0.0,126.0
15584,7010,576,1,0.0,282.31
15585,7011,26,3,0.0,
15586,7012,166,2,0.0,139.89
15587,7013,496,1,0.0,273.66
15588,7013,219,1,1.61,36.13
15589,7013,267,1,0.1,328.66
15590,7013,300,3,0.1,44.19
15591,7013,251,1,0.0,216.32
15592,7014,129,4,0.05,342.08
15593,7014,43,1,0.15,87.84
15594,7014,213,4,0.15,23.33
15595,7015,199,2,0.05,261.9
15596,7015,221,1,0.15,41.7
15597,7016,418,1,0.0,142.85
15598,7017,444,2,0.05,167.34
15599,7017,544,3,0.0,145.66
15600,7018,186,1,0.15,24.59
15601,7018,115,2,0.1,295.53
15602,7018,593,1,0.15,46.65
15603,7018,83,2,0.0,
15604,7019,230,1,0.0,16.36
15605,7020,424,4,0.2,42.0
15606,7021,166,4,0.1,141.36
15607,7022,315,3,0.2,14.17
15608,7023,260,1,0.2,218.05
15609,7024,191,2,0.05,49.37
15610,7025,47,1,0.2,256.94
15611,7026,597,1,0.0,124.72
15612,7026,318,1,0.1,
15613,7027,592,3,0.1,247.42
15614,7027,111,1,0.05,211.78
15615,7027,76,4,0.0,223.24
15616,7027,447,1,0.0,234.82
15617,7028,221,1,0.1,44.3
15618,7028,559,3,0.0,40.93
15619,7029,336,1,0.05,76.68
15620,7029,533,3,0.2,163.85
15621,7030,252,1,0.2,121.02
15622,7030,1,1,0.05,158.04
15623,7030,248,1,0.05,
15624,7031,38,4,0.1,250.4
15625,7031,22,2,0.0,21.94
15626,7032,212,1,0.0,32.51
15627,7033,312,1,0.0,111.39
15628,7033,575,3,0.0,343.05
15629,7034,84,1,0.2,76.67
15630,7034,48,1,0.2,242.89
15631,7034,194,1,0.2,72.22
15632,7034,129,3,0.05,314.63
15633,7035,480,1,0.0,67.42
15634,7036,527,2,0.2,357.49
15635,7036,564,1,0.1,30.57
15636,7036,347,2,0.0,126.49
15637,7036,450,4,0.0,6.69
15638,7036,319,2,0.0,129.81
15639,7037,180,2,0.0,298.53
15640,7038,58,4,0.1,248.23
15641,7039,492,2,0.2,27.48
15642,7039,146,1,0.15,10.33
15643,7040,30,1,0.2,16.43
15644,7040,230,2,0.05,17.37
15645,7041,537,2,0.1,12.46
15646,7042,490,4,0.05,166.65
15647,7042,465,1,0.0,161.54
15648,7043,265,1,0.05,30.59
15649,7043,48,2,0.0,238.58
15650,7044,237,1,0.15,24.64
15651,7045,597,2,0.1,123.44
15652,7045,353,1,0.0,34.63
15653,7046,56,1,0.2,68.52
15654,7046,450,1,0.0,7.36
15655,7046,451,4,0.0,43.97
15656,7047,75,3,0.1,18.49
15657,7047,276,4,0.15,204.66
15658,7047,261,4,0.1,162.67
15659,7048,201,3,0.05,50.4
15660,7049,398,1,0.05,14.52
15661,7049,496,1,0.2,286.67
15662,7050,160,1,0.2,44.6
15663,7050,498,3,0.05,79.73
15664,7051,517,3,0.05,53.21
15665,7051,533,4,0.1,149.38
15666,7052,522,2,0.0,116.67
15667,7053,78,2,0.2,247.97
15668,7054,253,1,0.0,
15669,7054,410,4,0.1,19.86
15670,7055,357,2,0.0,134.99
15671,7055,41,1,0.0,304.65
15672,7055,419,1,0.0,265.31
15673,7055,341,2,0.15,
15674,7056,3,4,0.15,
15675,7056,199,3,0.15,252.96
15676,7056,527,3,0.0,347.68
15677,7056,82,3,0.0,199.06
15678,7056,345,4,0.05,191.5
15679,7057,123,2,0.2,14.84
15680,7057,244,1,0.05,16.56
15681,7058,57,1,0.2,354.64
15682,7058,44,4,0.1,256.35
15683,7059,114,1,0.0,281.54
15684,7059,514,2,0.05,345.28
15685,7059,194,2,0.05,70.39
15686,7060,191,1,0.2,48.16
15687,7060,435,1,0.0,348.24
15688,7060,124,-1,0.0,173.59
15689,7060,450,1,0.0,6.7
15690,7061,111,4,0.1,207.07
15691,7061,249,2,0.15,120.23
15692,7062,93,1,0.05,94.04
15693,7062,65,1,0.1,8.23
15694,7063,593,4,0.2,46.57
15695,7064,191,1,0.1,45.49
15696,7064,75,2,0.05,
15697,7064,312,1,0.2,117.03
15698,7064,215,1,0.0,76.81
15699,7065,284,4,0.1,120.68
15700,7066,233,4,0.0,258.93
15701,7066,509,1,0.0,63.54
15702,7066,54,4,0.2,148.84
15703,7066,279,2,0.0,29.08
15704,7067,284,1,0.0,115.25
15705,7068,371,1,0.2,123.96
15706,7069,19,2,0.0,
15707,7069,217,1,0.15,133.09
15708,7069,39,2,0.2,167.26
15709,7069,164,3,0.0,194.16
15710,7070,83,1,0.0,40.58
15711,7070,279,1,0.2,30.56
15712,7070,298,1,0.0,268.68
15713,7071,196,3,0.0,271.68
15714,7072,532,1,0.0,220.96
15715,7072,36,3,0.1,183.92
15716,7072,571,2,0.15,229.07
15717,7073,20,2,0.0,210.48
15718,7074,414,1,0.15,99.83
15719,7074,257,2,0.15,358.89
15720,7075,378,1,0.0,58.16
15721,7075,17,1,0.2,35.53
15722,7076,32,1,0.1,
15723,7076,550,1,0.2,212.28
15724,7076,418,1,0.2,148.53
15725,7076,154,1,0.0,142.82
15726,7077,261,1,0.0,168.76
15727,7078,355,2,0.15,97.32
15728,7079,465,4,0.2,167.21
15729,7079,571,2,0.2,226.86
15730,7079,591,1,0.2,274.07
15731,7079,487,2,0.0,187.72
15732,7080,184,1,0.0,401.43
15733,7080,47,4,0.0,239.11
15734,7080,59,2,0.05,183.79
15735,7081,341,1,0.0,
15736,7081,106,4,0.0,200.03
15737,7082,126,2,0.0,85.22
15738,7082,196,4,0.0,286.22
15739,7082,77,4,0.05,50.16
15740,7082,441,1,0.0,85.01
15741,7082,363,1,0.1,225.04
15742,7083,20,1,0.1,194.41
15743,7084,134,1,0.1,260.48
15744,7084,206,1,0.15,134.44
15745,7084,586,2,0.15,252.04
15746,7084,300,1,0.0,42.48
15747,7085,574,2,0.0,270.0
15748,7085,104,2,0.0,40.68
15749,7086,338,1,0.2,176.75
15750,7087,46,2,0.1,47.69
15751,7088,213,3,0.0,24.75
15752,7089,549,2,0.1,55.56
15753,7090,127,1,0.0,218.0
15754,7091,406,1,0.2,
15755,7092,288,1,0.15,352.73
15756,7092,574,4,0.1,286.65
15757,7093,507,1,0.15,190.4
15758,7093,450,1,0.05,7.04
15759,7093,490,1,0.0,173.0
15760,7094,576,2,0.05,272.74
15761,7095,397,3,0.0,
15762,7095,55,2,0.0,50.54
15763,7095,382,4,0.05,93.0
15764,7096,582,2,0.05,126.76
15765,7096,283,2,0.0,120.51
15766,7096,251,3,0.1,225.72
15767,7096,24,2,0.15,104.28
15768,7097,553,3,0.05,242.8
15769,7097,431,2,0.2,225.63
15770,7097,190,1,0.0,213.97
15771,7098,315,2,0.05,14.0
15772,7099,111,2,0.2,205.73
15773,7099,575,2,0.1,331.47
15774,7099,514,2,0.2,342.65
15775,7099,256,4,0.0,172.01
15776,7100,483,2,0.0,84.19
15777,7101,577,2,0.15,242.65
15778,7101,551,1,0.05,32.16
15779,7102,559,1,0.0,44.42
15780,7102,416,2,0.1,71.57
15781,7103,551,2,0.0,31.05
15782,7104,553,1,0.05,223.41
15783,7104,250,2,0.2,397.86
15784,7104,506,2,0.05,97.46
15785,7105,475,3,0.0,292.78
15786,7106,126,3,0.2,85.93
15787,7107,525,2,0.0,172.65
15788,7107,346,4,0.05,95.98
15789,7107,214,4,0.15,176.23
15790,7107,461,1,0.05,259.18
15791,7108,197,1,0.0,145.51
15792,7108,440,3,0.1,11.95
15793,7108,325,2,0.05,249.41
15794,7108,45,3,0.2,256.53
15795,7108,82,1,0.05,204.91
15796,7109,509,1,0.1,64.86
15797,7109,279,2,0.1,31.34
15798,7109,366,3,0.2,70.27
15799,7110,216,4,0.0,58.71
15800,7110,181,3,0.0,
15801,7111,466,4,0.05,57.69
15802,7112,265,3,0.0,27.88
15803,7112,77,1,0.05,46.97
15804,7113,486,2,0.0,283.91
15805,7113,318,4,0.0,37.36
15806,7114,128,2,0.1,60.05
15807,7114,502,1,0.05,311.07
15808,7114,490,1,0.1,171.75
15809,7114,285,1,0.0,240.75
15810,7114,158,2,0.0,302.11
15811,7115,197,4,0.0,140.23
15812,7116,351,1,0.1,114.33
15813,7117,418,3,0.0,150.1
15814,7117,312,4,0.05,114.31
15815,7118,318,4,0.0,38.57
15816,7118,356,4,0.0,251.89
15817,7118,293,4,0.2,155.69
15818,7119,149,1,0.05,191.94
15819,7119,288,4,0.0,362.4
15820,7120,215,0,0.2,84.17
15821,7120,275,2,0.15,187.08
15822,7121,387,1,0.0,41.38
15823,7122,587,2,0.0,161.85
15824,7123,199,4,0.1,246.32
15825,7124,202,1,0.2,201.5
15826,7124,423,4,0.05,46.3
15827,7125,588,2,0.15,199.48
15828,7126,304,1,0.15,63.18
15829,7127,314,2,0.0,171.49
15830,7127,315,1,0.0,13.57
15831,7127,353,4,0.05,35.66
15832,7128,387,3,0.1,42.17
15833,7129,431,3,0.1,233.1
15834,7129,494,1,0.1,205.64
15835,7130,599,3,0.0,407.33
15836,7130,453,1,0.0,171.39
15837,7131,409,3,0.1,174.89
15838,7132,352,1,0.0,80.51
15839,7132,501,1,0.2,
15840,7132,359,2,0.0,330.33
15841,7132,105,1,0.1,5.49
15842,7133,69,2,0.0,180.44
15843,7133,339,2,0.0,35.35
15844,7134,12,1,0.0,82.39
15845,7135,409,1,0.15,171.37
15846,7136,461,2,0.0,269.89
15847,7137,195,4,0.15,296.42
15848,7137,502,4,0.0,322.49
15849,7138,393,1,0.1,75.35
15850,7139,285,1,0.1,246.9
15851,7140,21,2,0.0,43.53
15852,7141,527,2,0.2,345.83
15853,7141,68,1,0.1,249.44
15854,7142,201,3,0.2,49.65
15855,7143,409,1,0.15,162.98
15856,7144,386,1,0.2,49.69
15857,7144,161,3,0.05,204.67
15858,7145,332,2,0.0,156.95
15859,7145,247,1,0.0,66.64
15860,7146,192,4,0.2,
15861,7147,203,1,0.0,126.71
15862,7147,12,2,0.0,88.59
15863,7147,80,2,0.0,88.17
15864,7147,189,2,0.0,163.27
15865,7148,314,1,0.0,164.56
15866,7149,346,3,0.15,96.49
15867,7149,283,2,0.0,117.36
15868,7149,186,3,0.0,23.7
15869,7150,184,2,0.15,392.48
15870,7150,8,1,0.15,46.88
15871,7150,506,1,0.15,103.53
15872,7150,507,1,0.15,187.12
15873,7150,551,2,0.05,30.75
15874,7151,494,3,0.15,207.59
15875,7151,169,1,0.2,
15876,7152,51,4,0.05,16.62
15877,7152,433,1,0.0,136.32
15878,7153,388,2,0.1,178.27
15879,7153,468,3,0.05,49.45
15880,7154,261,3,0.05,164.1
15881,7154,106,4,0.05,204.17
15882,7155,534,1,0.05,54.7
15883,7155,442,1,0.1,8.8
15884,7155,580,2,0.0,
15885,7156,66,4,0.0,101.14
15886,7156,104,1,0.0,39.35
15887,7156,354,3,0.0,127.97
15888,7156,320,1,0.0,80.4
15889,7157,396,3,0.0,56.34
15890,7158,163,3,0.0,343.56
15891,7159,51,1,0.15,17.93
15892,7159,550,1,0.15,218.76
15893,7160,74,1,0.0,182.12
15894,7161,290,4,0.0,130.75
15895,7161,169,4,0.2,
15896,7162,371,1,0.2,127.18
15897,7162,248,1,0.0,
15898,7163,547,1,0.0,196.15
15899,7163,378,2,0.0,58.71
15900,7164,580,1,0.1,180.15
15901,7165,220,1,0.0,151.81
15902,7165,268,3,0.2,324.79
15903,7165,293,3,0.1,166.69
15904,7166,364,2,0.0,60.13
15905,7166,222,2,0.1,110.31
15906,7166,345,1,0.0,178.34
15907,7166,600,2,0.1,166.79
15908,7167,82,2,0.2,194.65
15909,7167,225,1,0.0,83.38
15910,7167,258,2,0.0,12.86
15911,7168,339,3,0.05,36.17
15912,7169,166,1,0.0,129.02
15913,7169,102,4,0.0,73.92
15914,7170,176,1,0.0,201.02
15915,7170,492,1,0.0,25.92
15916,7170,390,2,0.0,242.44
15917,7170,62,1,0.2,72.13
15918,7171,126,1,0.0,89.61
15919,7171,499,2,0.1,201.49
15920,7171,165,1,0.0,111.97
15921,7171,516,2,0.15,18.17
15922,7172,451,2,0.2,46.63
15923,7173,500,4,0.15,292.06
15924,7173,342,2,0.2,66.03
15925,7173,91,2,0.0,81.21
15926,7173,162,1,0.1,176.33
15927,7174,416,3,0.1,68.74
15928,7174,322,1,0.0,63.83
15929,7175,310,1,0.05,285.22
15930,7175,192,1,0.1,249.59
15931,7176,459,1,0.15,124.56
15932,7177,223,1,0.15,328.19
15933,7177,150,2,0.05,138.86
15934,7178,56,2,0.1,68.82
15935,7178,141,4,0.0,242.74
15936,7178,218,4,0.0,35.53
15937,7179,507,4,0.0,200.28
15938,7179,465,4,0.05,156.55
15939,7179,581,1,0.0,179.74
15940,7180,114,2,0.15,265.22
15941,7180,418,2,0.05,
15942,7181,185,4,0.1,43.11
15943,7182,47,3,0.1,246.79
15944,7183,442,2,0.05,8.82
15945,7184,557,4,0.15,72.68
15946,7184,27,4,0.15,388.9
15947,7185,487,1,0.15,
15948,7185,450,1,0.0,7.21
15949,7186,512,3,0.0,394.1
15950,7186,284,1,0.1,116.86
15951,7187,415,2,0.15,221.52
15952,7187,579,3,0.05,69.87
15953,7188,196,4,0.1,282.74
15954,7188,122,1,0.15,251.45
15955,7188,54,1,0.2,159.53
15956,7188,238,1,0.0,218.05
15957,7189,546,3,0.1,331.52
15958,7190,428,1,0.2,51.03
15959,7191,77,1,0.0,50.42
15960,7191,69,4,0.0,182.66
15961,7192,281,3,0.2,179.84
15962,7192,317,1,0.15,165.85
15963,7192,244,1,0.0,16.72
15964,7192,463,2,0.2,85.58
15965,7192,254,3,0.05,347.2
15966,7193,306,1,0.0,20.99
15967,7193,272,2,0.05,81.47
15968,7193,534,1,0.1,54.7
15969,7193,96,1,0.0,46.14
15970,7193,203,4,0.0,131.87
15971,7194,481,2,0.2,33.12
15972,7194,220,1,0.0,156.04
15973,7194,16,1,0.0,
15974,7195,102,1,0.0,72.02
15975,7195,112,2,0.15,31.38
15976,7195,592,2,0.2,249.43
15977,7196,69,4,0.2,184.58
15978,7197,594,2,0.0,151.81
15979,7197,274,3,0.1,47.52
15980,7197,300,1,0.2,42.28
15981,7198,191,1,0.0,45.39
15982,7198,16,2,0.0,
15983,7198,372,1,0.15,225.58
15984,7198,519,2,0.15,122.48
15985,7199,69,1,0.2,182.59
15986,7199,272,4,0.1,81.29
15987,7199,227,1,0.05,
15988,7199,99,0,0.1,288.67
15989,7199,568,2,0.0,142.81
15990,7200,107,1,0.1,157.8
15991,7200,216,2,0.2,57.03
15992,7200,9,1,0.0,99.57
15993,7201,417,2,0.15,37.97
15994,7202,7,2,0.0,206.09
15995,7202,14,2,0.15,70.2
15996,7202,524,1,0.0,51.85
15997,7202,298,1,0.05,268.9
15998,7203,191,1,0.0,49.27
15999,7203,534,1,0.1,54.08
16000,7204,343,3,0.05,289.53
16001,7205,264,3,0.15,111.61
16002,7206,463,3,0.2,84.89
16003,7207,359,3,0.15,342.04
16004,7208,589,1,0.2,168.75
16005,7208,562,1,0.0,317.46
16006,7208,279,2,0.0,29.44
16007,7209,385,3,0.05,136.43
16008,7210,229,1,0.2,8.94
16009,7210,143,4,0.0,121.57
16010,7211,365,4,0.2,52.43
16011,7211,541,1,0.2,167.41
16012,7211,282,2,0.2,30.21
16013,7211,352,4,0.15,79.52
16014,7212,428,1,0.0,53.46
16015,7212,470,2,0.15,44.17
16016,7212,393,3,0.0,80.55
16017,7212,453,1,0.0,176.69
16018,7213,421,1,0.15,11.84
16019,7213,292,4,0.15,133.77
16020,7214,415,1,0.05,222.28
16021,7215,256,2,0.15,177.35
16022,7215,179,1,0.2,
16023,7215,484,4,0.1,199.2
16024,7216,7,3,0.0,193.05
16025,7217,282,2,0.1,29.14
16026,7217,202,2,0.15,197.87
16027,7218,44,1,0.0,253.98
16028,7219,383,1,0.0,17.48
16029,7219,252,1,0.0,124.74
16030,7219,98,2,0.0,99.15
16031,7219,457,1,0.1,185.8
16032,7219,74,1,0.0,191.09
16033,7220,508,1,0.1,285.99
16034,7220,553,1,0.1,238.09
16035,7220,498,4,0.2,82.45
16036,7220,145,1,0.0,96.99
16037,7220,483,3,0.05,79.17
16038,7221,410,1,0.15,19.55
16039,7221,529,1,0.2,
16040,7221,143,2,0.15,119.47
16041,7221,452,4,0.05,63.74
16042,7222,6,2,0.0,17.33
16043,7222,382,1,0.2,95.27
16044,7222,286,3,0.1,187.45
16045,7222,346,2,0.2,95.03
16046,7222,79,1,0.1,238.56
16047,7223,185,4,0.2,43.59
16048,7224,3,1,0.2,39.0
16049,7224,301,1,0.0,47.02
16050,7225,386,4,0.0,51.15
16051,7225,9,1,0.05,102.24
16052,7225,375,2,0.1,304.58
16053,7226,156,3,0.0,95.21
16054,7226,299,2,0.0,155.69
16055,7227,460,1,0.0,165.58
16056,7227,13,4,0.0,180.82
16057,7228,318,2,0.0,36.19
16058,7228,42,1,0.05,74.52
16059,7229,578,2,0.0,233.69
16060,7229,524,1,0.05,47.87
16061,7230,444,2,0.0,160.93
16062,7231,184,4,0.05,382.96
16063,7231,284,2,0.05,115.84
16064,7232,153,1,0.15,300.33
16065,7232,404,2,0.1,369.1
16066,7233,494,1,0.1,206.18
16067,7233,316,1,0.0,281.08
16068,7234,22,3,0.15,21.14
16069,7234,189,1,0.0,165.92
16070,7234,101,2,0.0,143.07
16071,7235,168,1,0.15,13.47
16072,7235,584,2,0.15,264.02
16073,7235,117,1,0.1,177.1
16074,7235,307,3,0.0,140.18
16075,7236,356,1,0.2,249.6
16076,7236,39,3,0.05,158.91
16077,7237,43,2,0.05,87.17
16078,7238,376,3,0.0,54.38
16079,7239,39,1,0.05,157.52
16080,7240,77,1,0.2,50.23
16081,7240,320,1,0.0,81.93
16082,7240,271,4,0.2,311.93
16083,7241,381,3,0.05,45.88
16084,7242,354,4,0.15,127.81
16085,7243,371,2,0.0,121.59
16086,7243,244,3,0.15,16.4
16087,7243,443,2,0.0,197.49
16088,7243,66,2,0.0,102.12
16089,7243,40,4,0.0,79.22
16090,7244,420,3,0.0,190.22
16091,7244,513,3,0.0,295.94
16092,7244,165,3,0.2,109.98
16093,7244,287,3,0.2,131.62
16094,7244,167,3,0.15,7.75
16095,7245,563,4,0.0,213.91
16096,7246,561,1,0.05,383.09
16097,7247,213,4,0.05,24.37
16098,7247,124,4,0.2,181.63
16099,7247,269,1,0.05,208.36
16100,7247,310,1,0.0,285.24
16101,7248,442,1,0.0,8.79
16102,7249,18,2,0.2,359.56
16103,7249,464,1,0.2,91.79
16104,7249,340,1,0.0,388.45
16105,7250,93,2,0.0,97.49
16106,7251,140,4,0.0,262.88
16107,7251,202,3,0.0,188.31
16108,7252,350,3,0.05,49.46
16109,7253,222,1,0.1,105.44
16110,7253,223,4,0.0,347.66
16111,7253,262,1,0.05,382.4
16112,7254,238,1,0.2,226.08
16113,7254,130,2,0.1,122.22
16114,7254,355,1,0.0,95.89
16115,7255,116,1,0.0,252.08
16116,7256,400,3,0.1,275.26
16117,7257,47,2,0.1,251.1
16118,7257,77,2,0.2,47.55
16119,7258,370,1,0.1,120.99
16120,7259,285,1,0.0,236.66
16121,7260,64,2,0.0,329.26
16122,7260,396,2,0.15,54.38
16123,7260,576,1,0.05,276.62
16124,7261,314,2,0.0,165.77
16125,7262,71,3,0.15,240.99
16126,7262,574,1,0.15,262.03
16127,7262,423,1,0.0,49.48
16128,7262,123,4,0.1,14.25
16129,7263,237,4,0.0,25.59
16130,7263,429,2,0.1,16.76
16131,7263,414,1,0.0,96.34
16132,7263,424,4,0.0,43.04
16133,7264,48,1,0.0,231.31
16134,7264,301,4,0.15,49.65
16135,7264,35,1,0.15,38.02
16136,7265,450,1,0.0,6.86
16137,7265,469,2,0.0,15.43
16138,7266,69,2,0.0,179.58
16139,7266,277,1,0.2,175.1
16140,7266,30,2,0.0,17.13
16141,7267,527,1,0.0,341.16
16142,7267,576,1,0.0,267.13
16143,7268,41,3,0.1,296.07
16144,7269,276,4,0.0,200.36
16145,7269,298,1,0.2,274.86
16146,7269,343,2,0.0,297.94
16147,7270,597,2,0.0,123.36
16148,7270,267,1,0.0,326.93
16149,7271,36,1,0.1,180.58
16150,7272,99,3,0.0,303.15
16151,7272,189,1,0.0,174.93
16152,7272,76,2,0.0,227.27
16153,7273,4,1,0.0,
16154,7274,75,2,0.05,18.76
16155,7275,504,4,0.0,
16156,7275,379,2,0.0,197.3
16157,7276,425,2,0.05,170.66
16158,7277,281,1,0.0,165.37
16159,7277,233,4,0.0,271.2
16160,7277,88,1,0.1,148.56
16161,7278,162,4,0.2,165.48
16162,7279,436,1,0.0,101.86
16163,7280,402,4,0.05,191.56
16164,7280,502,4,0.1,315.04
16165,7280,594,1,0.15,142.94
16166,7280,1,1,4.72,150.86
16167,7281,279,1,0.1,30.31
16168,7282,166,1,0.0,138.2
16169,7282,333,2,0.05,28.18
16170,7283,149,3,0.2,196.62
16171,7283,17,1,0.05,35.37
16172,7284,239,2,0.0,30.93
16173,7284,241,2,0.0,225.46
16174,7284,10,2,0.05,110.31
16175,7284,593,1,0.05,50.67
16176,7285,97,3,0.15,318.27
16177,7285,208,2,0.2,188.46
16178,7286,95,2,0.1,129.26
16179,7286,539,2,0.0,131.45
16180,7286,171,3,0.2,153.03
16181,7287,506,4,0.0,100.46
16182,7287,251,3,0.1,211.51
16183,7288,122,1,0.0,266.54
16184,7288,279,1,0.1,30.62
16185,7288,143,4,0.05,120.5
16186,7289,348,3,0.05,44.33
16187,7290,74,4,0.0,186.74
16188,7291,379,2,0.0,205.65
16189,7291,14,1,0.0,63.69
16190,7291,264,2,0.15,112.11
16191,7291,154,1,0.1,138.83
16192,7292,279,1,0.05,29.55
16193,7292,270,4,0.0,102.75
16194,7292,506,4,0.1,95.82
16195,7292,135,1,0.0,100.79
16196,7293,437,2,0.0,192.37
16197,7294,387,2,0.0,
16198,7295,374,3,0.0,129.93
16199,7295,369,2,0.1,158.22
16200,7295,115,2,0.05,303.8
16201,7296,64,2,0.05,332.19
16202,7296,574,2,0.1,262.9
16203,7296,153,2,0.0,296.81
16204,7297,414,1,0.2,95.32
16205,7298,73,3,0.0,58.51
16206,7298,275,2,0.2,185.77
16207,7299,504,2,0.2,
16208,7300,146,1,0.15,10.37
16209,7300,505,1,0.0,81.93
16210,7300,23,1,0.05,95.56
16211,7300,272,1,0.1,87.76
16212,7300,17,1,0.0,35.77
16213,7301,251,3,0.2,226.27
16214,7302,462,1,0.0,322.26
16215,7302,505,1,0.0,82.19
16216,7302,392,4,0.0,73.16
16217,7302,174,2,0.0,126.08
16218,7303,482,1,0.15,71.82
16219,7304,468,3,0.2,46.98
16220,7304,34,1,0.2,61.0
16221,7305,245,2,0.2,370.28
16222,7305,415,3,0.05,220.42
16223,7306,252,3,0.0,125.74
16224,7306,478,2,0.2,126.31
16225,7306,524,2,0.05,49.98
16226,7306,453,4,0.0,172.35
16227,7307,17,2,0.1,32.83
16228,7308,413,3,0.0,219.62
16229,7308,331,1,0.05,156.73
16230,7309,288,3,0.0,342.54
16231,7309,293,2,0.15,153.36
16232,7309,508,4,0.0,297.27
16233,7310,340,1,0.15,363.51
16234,7310,354,1,0.2,131.95
16235,7310,321,1,0.0,10.37
16236,7310,273,3,0.0,169.51
16237,7310,270,3,0.0,103.67
16238,7311,473,1,0.0,
16239,7311,60,1,0.1,288.39
16240,7311,75,1,0.2,18.2
16241,7311,19,1,0.0,
16242,7312,328,2,0.05,103.18
16243,7313,555,1,0.05,165.58
16244,7313,269,1,0.0,206.98
16245,7314,498,2,0.15,78.27
16246,7315,40,2,0.2,80.18
16247,7315,292,2,0.1,139.74
16248,7315,168,3,0.0,13.48
16249,7315,428,3,0.0,50.88
16250,7316,207,1,0.05,307.05
16251,7316,12,1,0.2,89.03
16252,7316,64,3,3.51,326.77
16253,7317,293,1,0.15,166.49
16254,7318,232,3,0.05,252.63
16255,7318,449,4,0.0,124.63
16256,7319,37,1,0.0,9.93
16257,7320,301,2,0.05,48.73
16258,7321,462,1,0.1,338.49
16259,7321,43,1,0.0,89.13
16260,7322,518,1,0.0,32.64
16261,7322,114,1,0.2,275.68
16262,7322,118,1,0.0,78.97
16263,7323,52,1,0.1,104.64
16264,7323,455,2,0.15,80.19
16265,7323,362,3,0.0,32.24
16266,7324,295,1,0.15,33.63
16267,7324,469,1,0.0,14.77
16268,7324,538,2,0.0,294.69
16269,7324,490,1,0.15,158.55
16270,7324,420,1,0.15,190.49
16271,7325,167,1,0.0,7.39
16272,7325,60,3,0.15,269.33
16273,7326,233,2,0.0,273.92
16274,7326,535,3,0.15,
16275,7326,467,1,0.0,316.33
16276,7326,406,2,0.1,
16277,7327,448,3,0.0,167.63
16278,7328,123,1,0.1,14.66
16279,7328,397,3,0.15,
16280,7329,348,1,0.2,44.02
16281,7330,271,1,0.15,322.43
16282,7330,94,1,0.0,260.16
16283,7331,215,3,0.0,83.68
16284,7331,603,2,0.2,
16285,7332,95,4,0.05,129.37
16286,7332,537,3,0.05,12.23
16287,7332,412,2,0.0,99.46
16288,7332,385,1,0.0,141.04
16289,7333,585,1,0.0,6.77
16290,7333,314,1,0.15,178.64
16291,7334,462,1,0.15,330.17
16292,7334,55,1,0.1,51.6
16293,7334,279,2,0.2,31.02
16294,7334,396,3,0.0,57.81
16295,7335,166,1,0.05,138.53
16296,7336,491,4,0.1,123.64
16297,7336,58,2,0.0,242.9
16298,7336,89,3,0.05,188.11
16299,7336,298,3,0.1,274.43
16300,7336,468,4,0.05,47.96
16301,7337,206,4,0.0,141.2
16302,7337,237,2,0.0,25.84
16303,7337,60,2,0.2,293.77
16304,7338,274,4,0.1,43.37
16305,7338,87,3,0.1,134.06
16306,7338,139,1,0.15,262.92
16307,7339,334,2,0.0,
16308,7339,13,1,0.0,170.02
16309,7340,267,2,0.05,307.97
16310,7341,476,3,0.1,202.83
16311,7341,313,1,0.15,171.31
16312,7342,421,1,0.0,10.75
16313,7342,259,4,0.0,140.38
16314,7342,131,4,0.15,265.72
16315,7343,577,3,0.0,247.94
16316,7343,36,3,0.0,178.75
16317,7344,564,2,0.2,30.0
16318,7344,314,1,0.2,173.73
16319,7344,202,1,0.2,188.34
16320,7345,571,3,0.0,236.99
16321,7345,495,2,0.05,102.63
16322,7346,132,2,0.0,47.67
16323,7346,503,1,0.1,278.67
16324,7346,62,2,0.15,72.95
16325,7346,380,2,0.15,
16326,7347,204,3,0.15,81.31
16327,7348,41,2,0.05,294.86
16328,7348,66,3,0.15,108.94
16329,7349,13,3,0.05,164.95
16330,7349,349,1,0.1,99.7
16331,7349,410,1,0.05,20.9
16332,7349,464,1,0.0,92.38
16333,7349,525,1,0.0,171.64
16334,7350,587,2,0.0,156.44
16335,7351,142,4,0.2,83.28
16336,7351,132,3,0.2,48.64
16337,7352,326,2,0.05,33.51
16338,7353,160,1,0.0,41.67
16339,7354,254,3,0.2,342.99
16340,7355,541,4,0.1,176.1
16341,7355,362,4,0.1,31.24
16342,7355,339,1,0.05,36.69
16343,7355,453,3,0.0,168.15
16344,7356,217,4,0.2,133.28
16345,7356,215,1,0.15,82.54
16346,7356,419,3,0.0,251.65
16347,7356,63,1,0.0,69.05
16348,7356,451,2,0.2,46.37
16349,7357,359,1,0.1,335.66
16350,7357,409,2,0.1,163.27
16351,7357,486,4,0.15,273.35
16352,7358,220,1,0.2,148.54
16353,7359,462,3,0.0,319.57
16354,7360,496,4,0.15,282.28
16355,7360,255,1,0.15,354.1
16356,7361,565,1,0.2,99.05
16357,7362,456,1,0.0,145.44
16358,7362,460,1,0.0,171.94
16359,7363,488,4,0.0,12.52
16360,7363,575,1,0.15,338.7
16361,7363,581,4,0.2,184.97
16362,7363,376,1,0.1,52.89
16363,7364,214,1,0.1,177.9
16364,7364,569,3,0.05,273.02
16365,7365,590,1,0.15,240.43
16366,7366,564,4,0.0,31.32
16367,7366,202,1,0.0,195.76
16368,7366,398,1,0.0,15.14
16369,7366,393,1,0.05,81.31
16370,7367,146,3,0.15,10.4
16371,7368,417,1,0.15,37.61
16372,7368,257,1,0.0,380.64
16373,7369,82,1,0.0,210.9
16374,7369,37,3,0.1,9.42
16375,7370,275,4,0.0,199.22
16376,7370,81,1,0.05,130.41
16377,7370,64,2,0.05,309.78
16378,7371,159,1,0.0,96.15
16379,7371,398,4,0.0,14.48
16380,7371,310,2,0.2,289.38
16381,7372,331,4,0.0,159.31
16382,7372,320,3,0.1,81.49
16383,7373,120,4,0.05,157.97
16384,7373,310,4,0.05,306.5
16385,7373,405,2,0.2,101.97
16386,7373,439,2,0.0,256.03
16387,7373,347,2,0.15,131.65
16388,7374,97,1,0.05,303.44
16389,7374,105,1,0.1,5.58
16390,7374,82,3,1.97,200.82
16391,7374,386,1,0.0,48.04
16392,7375,194,1,0.15,68.15
16393,7375,287,1,0.05,
16394,7375,319,1,0.0,138.77
16395,7375,303,2,0.2,41.31
16396,7376,301,3,0.2,49.21
16397,7376,141,3,0.05,250.96
16398,7376,205,1,0.0,197.73
16399,7376,154,2,0.05,139.48
16400,7376,385,2,0.05,139.73
16401,7377,457,1,0.0,182.58
16402,7377,422,2,0.1,82.82
16403,7378,186,3,0.05,
16404,7378,407,3,0.1,57.57
16405,7379,279,1,0.1,29.61
16406,7380,263,2,0.0,257.86
16407,7380,568,4,0.1,147.55
16408,7380,396,3,0.15,55.97
16409,7381,460,1,0.05,176.47
16410,7381,541,2,0.1,167.95
16411,7382,514,2,0.0,322.71
16412,7383,162,1,0.2,177.35
16413,7383,386,1,0.0,
16414,7383,223,1,0.2,349.54
16415,7383,297,4,0.0,53.98
16416,7384,566,2,0.05,223.25
16417,7384,224,3,0.1,365.89
16418,7384,11,1,0.15,142.61
16419,7385,227,1,0.0,
16420,7386,13,1,0.2,169.59
16421,7386,307,1,0.0,131.94
16422,7387,8,1,0.2,44.74
16423,7388,578,1,0.1,217.29
16424,7388,33,1,0.15,95.01
16425,7388,328,1,0.1,99.09
16426,7389,427,3,0.15,93.17
16427,7389,582,2,0.05,123.71
16428,7389,514,2,0.15,342.54
16429,7390,27,1,0.2,358.05
16430,7390,143,4,0.2,122.93
16431,7391,561,1,0.0,380.72
16432,7392,10,4,0.0,116.97
16433,7392,81,3,0.1,131.33
16434,7392,398,3,0.0,15.48
16435,7392,532,1,0.0,220.66
16436,7393,205,2,0.05,186.35
16437,7393,529,2,0.1,224.34
16438,7394,551,1,0.05,30.13
16439,7394,449,1,0.05,122.72
16440,7394,200,1,0.0,278.41
16441,7394,262,1,0.0,376.3
16442,7394,401,2,0.1,158.06
16443,7395,191,3,0.0,45.75
16444,7396,11,2,0.0,145.99
16445,7397,524,2,0.1,50.0
16446,7398,51,1,0.0,16.88
16447,7398,132,2,0.05,50.34
16448,7398,127,1,0.15,237.05
16449,7398,50,3,0.0,9.76
16450,7399,37,2,0.0,9.22
16451,7399,321,2,0.0,10.81
16452,7399,533,2,0.0,162.64
16453,7399,425,1,0.1,176.56
16454,7400,489,1,0.0,128.51
16455,7400,187,1,0.2,38.33
16456,7401,362,1,0.1,30.36
16457,7401,340,4,0.0,364.34
16458,7401,10,3,0.05,117.96
16459,7401,391,2,0.1,214.66
16460,7402,157,4,0.2,18.34
16461,7402,37,1,0.0,9.64
16462,7402,309,1,0.0,
16463,7402,336,4,0.0,72.72
16464,7403,58,2,0.05,245.31
16465,7403,418,1,0.0,149.01
16466,7404,434,1,0.0,41.53
16467,7404,330,2,0.0,213.62
16468,7404,282,3,0.0,31.89
16469,7405,423,1,0.0,48.3
16470,7406,574,1,0.0,267.47
16471,7407,478,1,0.0,120.92
16472,7408,81,3,0.0,132.61
16473,7408,192,1,0.0,245.37
16474,7408,1,1,0.15,162.03
16475,7409,557,1,0.1,77.75
16476,7409,477,1,0.1,80.23
16477,7409,536,2,0.2,76.08
16478,7409,287,4,0.1,133.58
16479,7410,463,1,0.0,87.44
16480,7410,456,1,0.0,160.34
16481,7410,162,3,0.1,179.0
16482,7411,47,1,0.2,240.67
16483,7411,347,4,0.0,125.21
16484,7412,327,3,0.05,215.37
16485,7413,37,1,0.05,9.29
16486,7414,332,1,0.0,156.35
16487,7414,255,2,0.0,324.87
16488,7414,564,1,0.2,29.37
16489,7415,488,2,0.05,12.22
16490,7416,50,4,0.0,9.58
16491,7416,9,4,0.0,95.14
16492,7416,606,4,0.1,
16493,7416,539,1,0.0,138.98
16494,7417,492,3,0.1,25.63
16495,7418,347,2,0.0,125.32
16496,7418,468,2,0.0,47.24
16497,7418,418,3,0.15,151.45
16498,7419,55,3,0.1,50.04
16499,7419,308,1,0.0,339.05
16500,7419,446,4,0.0,282.28
16501,7420,389,4,0.1,90.66
16502,7420,61,2,0.0,312.89
16503,7421,319,4,0.1,129.92
16504,7421,129,1,0.0,329.33
16505,7421,135,2,0.15,99.46
16506,7421,70,4,0.05,157.51
16507,7422,475,4,0.0,286.34
16508,7422,219,1,0.2,33.11
16509,7423,349,1,0.0,96.7
16510,7424,447,4,0.1,246.99
16511,7424,231,1,0.0,44.83
16512,7424,261,1,0.1,170.99
16513,7424,461,1,0.0,276.2
16514,7425,393,1,0.2,78.96
16515,7425,167,2,0.2,7.51
16516,7426,442,4,0.0,8.28
16517,7426,586,2,0.2,272.17
16518,7427,590,1,0.05,234.75
16519,7428,245,1,0.0,375.4
16520,7428,139,1,0.1,264.79
16521,7429,262,4,0.15,367.49
16522,7430,566,2,0.0,232.05
16523,7431,300,3,0.1,43.18
16524,7432,416,1,0.15,67.78
16525,7432,63,2,0.2,74.16
16526,7433,261,1,0.0,173.86
16527,7434,30,1,0.05,18.11
16528,7434,211,4,0.0,304.34
16529,7435,443,1,0.15,194.07
16530,7435,482,2,0.1,75.08
16531,7435,224,3,0.0,356.74
16532,7435,538,2,0.2,282.43
16533,7436,186,3,0.0,23.7
16534,7436,276,1,0.0,198.28
16535,7436,16,4,0.0,
16536,7437,226,1,0.1,263.07
16537,7437,51,1,0.05,17.35
16538,7438,460,3,0.1,180.25
16539,7438,116,3,0.0,238.08
16540,7439,442,1,0.0,8.87
16541,7439,487,1,0.15,186.9
16542,7440,163,4,0.0,356.76
16543,7440,467,3,0.0,312.43
16544,7441,413,2,0.0,229.11
16545,7441,194,3,0.15,72.84
16546,7441,582,1,0.2,130.2
16547,7442,426,4,0.15,
16548,7442,48,2,0.2,245.35
16549,7442,131,2,0.0,256.82
16550,7443,141,1,0.0,238.12
16551,7444,55,1,0.0,51.06
16552,7444,344,1,0.1,145.19
16553,7445,207,1,0.15,312.13
16554,7446,160,4,0.05,44.26
16555,7446,506,1,0.0,102.35
16556,7447,108,1,0.05,181.79
16557,7448,513,3,0.15,293.21
16558,7448,271,1,0.05,322.46
16559,7448,223,1,0.0,339.82
16560,7448,575,2,0.1,327.71
16561,7449,209,2,0.15,86.51
16562,7449,398,3,0.0,14.96
16563,7449,469,1,0.05,15.36
16564,7449,362,2,0.0,31.87
16565,7449,267,4,0.2,316.41
16566,7450,473,1,0.2,
16567,7450,199,1,0.15,244.55
16568,7450,495,2,0.2,102.23
16569,7450,579,2,0.0,70.57
16570,7451,483,3,0.05,80.12
16571,7451,368,3,0.0,139.55
16572,7451,86,2,0.15,137.59
16573,7451,546,1,0.0,336.15
16574,7452,357,1,0.15,134.18
16575,7452,171,1,0.15,152.05
16576,7453,63,2,0.15,73.06
16577,7454,549,2,0.05,56.1
16578,7454,9,1,0.1,98.12
16579,7454,413,4,0.0,226.13
16580,7454,417,2,0.1,38.11
16581,7455,536,1,0.0,79.38
16582,7455,336,2,0.0,78.71
16583,7455,141,1,0.0,233.38
16584,7456,330,4,0.0,207.84
16585,7456,525,4,0.0,182.82
16586,7456,328,1,0.0,100.04
16587,7457,254,1,0.05,352.8
16588,7457,271,1,0.1,328.64
16589,7457,179,1,0.0,15.32
16590,7458,588,2,0.2,206.7
16591,7458,1,2,0.05,152.02
16592,7458,51,1,0.0,17.19
16593,7458,48,4,0.15,241.5
16594,7459,267,4,0.05,328.73
16595,7459,200,1,0.0,273.33
16596,7459,246,1,0.0,150.19
16597,7459,232,2,0.15,241.77
16598,7459,1,4,0.2,157.17
16599,7460,275,1,0.0,200.33
16600,7460,294,4,0.2,20.12
16601,7460,13,2,0.0,171.56
16602,7460,598,1,0.05,25.21
16603,7461,381,1,0.0,44.94
16604,7462,102,4,0.0,74.19
16605,7462,36,4,0.0,190.69
16606,7463,444,2,0.0,159.44
16607,7463,579,1,0.0,69.89
16608,7463,284,3,0.2,116.83
16609,7464,82,1,0.0,208.53
16610,7464,282,1,0.2,29.47
16611,7464,268,2,0.0,304.09
16612,7465,197,2,0.0,136.51
16613,7466,92,4,0.2,365.04
16614,7466,447,1,0.05,228.12
16615,7466,110,2,0.0,241.9
16616,7467,120,2,0.1,150.68
16617,7467,89,1,0.1,202.46
16618,7468,59,1,0.0,184.8
16619,7469,125,1,0.2,367.83
16620,7470,103,1,0.15,120.29
16621,7470,287,1,0.0,142.02
16622,7470,100,4,4.57,328.69
16623,7471,478,1,0.0,121.17
16624,7472,132,1,0.0,47.81
16625,7472,178,2,0.0,30.77
16626,7473,40,3,0.0,78.19
16627,7474,594,1,0.0,152.73
16628,7475,554,2,0.0,149.26
16629,7475,585,1,0.2,6.52
16630,7475,584,1,0.0,259.84
16631,7475,4,4,0.1,
16632,7476,529,4,0.1,214.61
16633,7477,423,2,0.05,46.37
16634,7478,2,4,0.0,237.53
16635,7479,457,1,0.0,174.64
16636,7480,1,4,0.0,158.78
16637,7481,135,1,0.0,100.88
16638,7481,518,2,0.0,34.97
16639,7481,477,2,0.1,80.37
16640,7481,391,2,0.0,224.23
16641,7481,9,3,0.2,100.81
16642,7482,401,4,0.0,160.42
16643,7482,65,3,0.2,8.63
16644,7482,297,3,0.15,54.02
16645,7483,146,1,0.15,9.92
16646,7483,383,4,0.15,17.89
16647,7484,29,3,0.15,26.04
16648,7485,75,1,0.1,18.1
16649,7486,558,1,0.05,187.22
16650,7486,246,3,0.15,
16651,7486,556,2,0.0,195.08
16652,7486,182,3,0.0,155.05
16653,7486,48,1,0.2,248.59
16654,7487,535,1,0.0,
16655,7488,283,1,0.0,119.14
16656,7489,445,1,0.0,30.19
16657,7490,89,1,0.0,194.33
16658,7490,433,1,0.0,132.35
16659,7490,382,2,0.1,99.2
16660,7491,42,3,0.15,69.95
16661,7492,116,1,0.0,258.31
16662,7492,75,1,0.15,18.08
16663,7493,237,1,0.0,24.03
16664,7493,310,1,0.0,305.89
16665,7494,272,4,0.0,80.9
16666,7495,8,1,0.15,47.5
16667,7496,521,4,0.15,195.66
16668,7496,319,3,0.2,141.27
16669,7496,509,4,0.05,64.46
16670,7496,86,1,0.2,134.54
16671,7497,108,3,0.2,176.97
16672,7498,218,2,0.05,34.91
16673,7499,27,3,0.1,367.63
16674,7499,104,4,0.2,42.79
16675,7499,189,1,0.0,174.99
16676,7500,188,2,0.15,24.33
16677,7501,120,1,0.05,160.42
16678,7501,496,2,0.15,284.31
16679,7501,51,3,0.2,16.62
16680,7502,146,2,0.15,10.36
16681,7503,352,3,0.1,79.53
16682,7503,304,1,0.0,61.15
16683,7504,5,3,0.1,208.18
16684,7504,16,2,0.0,
16685,7505,597,1,0.2,119.47
16686,7505,578,1,0.0,229.98
16687,7505,482,3,0.05,72.25
16688,7506,552,4,0.0,
16689,7506,112,4,0.2,30.62
16690,7507,470,2,0.0,45.52
16691,7507,493,2,0.0,217.19
16692,7508,439,3,0.05,247.01
16693,7508,102,1,0.0,69.43
16694,7509,191,3,0.1,49.98
16695,7509,547,1,0.05,183.12
16696,7510,515,4,0.0,123.71
16697,7511,82,1,0.0,201.21
16698,7511,475,1,0.2,281.4
16699,7512,477,1,0.0,78.48
16700,7512,222,4,0.1,106.29
16701,7512,299,1,0.0,162.04
16702,7513,399,2,0.0,302.26
16703,7513,600,1,0.15,168.01
16704,7514,591,2,0.1,258.52
16705,7515,455,4,0.1,74.77
16706,7516,143,4,0.0,116.21
16707,7517,395,-1,0.1,186.7
16708,7518,572,1,0.1,228.36
16709,7518,151,1,0.1,22.34
16710,7518,312,3,0.0,116.26
16711,7519,181,1,0.0,133.61
16712,7520,189,1,0.2,170.09
16713,7520,373,1,0.2,
16714,7521,547,3,0.0,197.85
16715,7521,46,2,0.0,49.25
16716,7521,386,1,0.2,49.64
16717,7522,66,3,0.05,102.23
16718,7522,176,2,0.0,202.76
16719,7523,468,4,0.15,49.95
16720,7524,554,1,0.15,146.39
16721,7524,29,3,0.15,25.36
16722,7525,179,4,0.0,14.44
16723,7525,276,2,0.0,212.21
16724,7526,441,1,0.05,81.89
16725,7526,367,4,0.15,214.38
16726,7527,32,1,0.2,221.89
16727,7527,463,3,0.0,89.41
16728,7527,101,1,0.0,140.86
16729,7527,340,1,0.2,
16730,7527,69,3,0.15,189.15
16731,7528,532,2,0.0,221.07
16732,7528,203,2,0.0,133.89
16733,7529,259,4,0.0,142.88
16734,7529,142,4,0.0,81.98
16735,7529,2,2,0.1,232.53
16736,7529,572,2,0.0,223.09
16737,7529,516,1,0.15,19.15
16738,7530,288,2,0.0,349.23
16739,7530,467,2,0.15,299.51
16740,7530,84,2,0.15,81.8
16741,7531,557,2,0.0,76.68
16742,7532,100,3,0.0,342.44
16743,7532,406,4,0.15,
16744,7533,526,2,0.0,272.73
16745,7534,560,4,0.1,
16746,7535,589,3,0.0,174.82
16747,7535,123,1,0.1,14.15
16748,7536,425,2,0.05,167.03
16749,7536,58,1,0.1,260.48
16750,7537,55,4,0.0,53.57
16751,7537,380,1,0.1,317.43
16752,7537,524,1,0.1,47.9
16753,7538,192,4,0.1,250.03
16754,7538,605,1,0.0,
16755,7539,494,1,0.05,198.84
16756,7540,288,1,0.15,365.37
16757,7541,112,3,0.05,30.7
16758,7541,21,2,0.2,42.57
16759,7541,392,1,0.0,70.39
16760,7542,207,3,0.0,311.49
16761,7542,71,1,0.15,233.19
16762,7543,571,2,0.2,229.26
16763,7543,41,2,0.15,297.43
16764,7543,201,2,0.2,49.99
16765,7543,323,2,0.1,54.77
16766,7543,560,1,0.0,
16767,7544,582,2,0.0,130.66
16768,7545,371,2,0.2,125.61
16769,7545,507,1,0.2,189.97
16770,7546,394,1,0.1,
16771,7546,302,3,0.15,40.84
16772,7547,600,2,0.0,161.74
16773,7548,9,1,0.0,95.63
16774,7548,386,4,0.0,47.46
16775,7548,327,3,0.15,211.82
16776,7549,46,1,0.1,48.64
16777,7550,66,2,0.15,101.41
16778,7550,402,1,0.0,200.21
16779,7550,481,1,0.2,32.0
16780,7550,237,3,0.05,25.73
16781,7551,127,1,0.1,217.78
16782,7551,528,2,0.0,284.15
16783,7551,250,1,0.1,396.72
16784,7551,553,3,0.15,244.3
16785,7552,438,1,0.0,10.35
16786,7552,455,2,0.15,73.21
16787,7552,40,3,0.05,80.3
16788,7553,347,2,0.0,134.81
16789,7554,475,2,0.0,282.92
16790,7554,485,3,0.1,171.29
16791,7554,504,2,0.0,
16792,7554,324,4,0.0,204.12
16793,7554,123,2,0.15,13.85
16794,7555,229,2,0.2,9.55
16795,7556,176,3,0.15,199.03
16796,7557,24,1,0.15,98.11
16797,7557,391,4,0.0,228.56
16798,7558,184,3,0.0,
16799,7558,366,4,0.0,66.88
16800,7558,59,3,0.0,186.09
16801,7559,263,2,0.1,263.58
16802,7560,340,2,0.2,383.25
16803,7560,127,2,0.15,234.45
16804,7561,50,2,0.15,9.58
16805,7561,128,1,0.0,60.14
16806,7562,264,1,0.05,104.52
16807,7562,56,1,0.2,70.96
16808,7562,163,1,0.15,334.84
16809,7562,92,2,0.2,369.59
16810,7563,89,1,0.15,205.09
16811,7563,464,3,0.15,89.41
16812,7564,465,4,0.2,158.98
16813,7564,128,1,0.1,57.36
16814,7564,431,1,0.15,235.6
16815,7565,313,1,0.2,175.45
16816,7565,106,4,0.0,196.45
16817,7566,562,1,0.0,340.4
16818,7566,125,2,0.0,390.97
16819,7566,255,3,0.05,348.05
16820,7567,181,2,0.0,131.89
16821,7567,570,2,0.0,168.39
16822,7567,249,4,0.0,123.84
16823,7567,349,2,0.2,94.52
16824,7568,352,1,0.0,76.77
16825,7568,603,2,0.0,
16826,7568,529,1,0.2,213.79
16827,7569,322,2,0.0,60.41
16828,7570,403,2,0.0,153.58
16829,7570,257,1,0.2,347.69
16830,7571,192,2,0.1,251.26
16831,7572,514,3,0.1,337.26
16832,7573,330,2,0.1,217.35
16833,7573,594,2,0.05,144.7
16834,7574,227,2,0.05,
16835,7574,552,2,0.0,
16836,7574,469,1,0.15,15.82
16837,7575,261,4,0.0,162.63
16838,7575,229,3,0.0,9.05
16839,7575,38,3,0.05,251.52
16840,7575,519,2,0.1,128.32
16841,7576,215,1,0.15,80.73
16842,7577,192,3,0.05,255.02
16843,7577,527,3,0.0,335.83
16844,7577,250,3,0.0,419.07
16845,7577,122,1,0.2,267.51
16846,7578,266,3,0.0,327.4
16847,7578,595,1,0.0,111.54
16848,7578,574,1,0.0,281.62
16849,7578,524,4,0.0,49.67
16850,7579,422,1,0.1,80.71
16851,7579,7,1,0.0,211.45
16852,7579,156,3,0.2,96.12
16853,7579,205,1,0.2,190.4
16854,7580,254,3,0.1,355.18
16855,7580,360,4,0.1,50.34
16856,7581,259,1,0.1,143.62
16857,7581,24,1,0.2,99.0
16858,7582,291,1,0.15,187.05
16859,7582,521,1,0.2,213.49
16860,7583,53,1,0.0,229.79
16861,7584,468,2,0.2,50.45
16862,7584,316,1,0.05,295.36
16863,7584,513,3,0.1,271.83
16864,7585,432,4,0.0,153.1
16865,7586,263,3,0.05,248.17
16866,7587,319,1,0.2,135.1
16867,7587,35,4,0.0,39.65
16868,7588,45,4,0.15,272.79
16869,7588,296,2,0.1,55.52
16870,7588,399,1,0.1,313.45
16871,7588,316,3,0.05,276.11
16872,7589,569,4,0.0,271.15
16873,7590,237,1,0.0,25.47
16874,7591,20,2,0.0,204.56
16875,7592,393,1,0.0,77.77
16876,7593,535,2,0.05,
16877,7594,535,2,0.05,
16878,7595,407,3,0.2,56.26
16879,7595,176,1,0.0,199.0
16880,7595,322,1,0.0,61.56
16881,7595,41,2,0.0,285.19
16882,7596,389,1,0.0,86.22
16883,7596,210,3,0.0,235.34
16884,7597,282,-1,0.2,28.95
16885,7598,265,1,0.0,30.51
16886,7598,421,2,0.2,10.74
16887,7599,60,1,0.1,269.84
16888,7599,397,1,0.0,
16889,7600,350,1,0.05,53.2
16890,7600,188,3,0.0,24.37
16891,7601,432,1,0.0,159.38
16892,7601,514,2,0.0,335.47
16893,7602,110,2,0.0,245.96
16894,7602,336,1,0.2,74.59
16895,7602,235,1,0.1,98.24
16896,7602,518,1,0.2,33.83
16897,7603,482,1,0.0,71.39
16898,7603,103,1,0.15,123.84
16899,7603,486,2,0.0,266.84
16900,7604,125,3,0.0,379.11
16901,7605,387,3,0.15,41.28
16902,7606,18,2,0.0,367.56
16903,7606,309,2,0.2,
16904,7606,463,1,0.0,86.89
16905,7607,498,2,0.05,83.55
16906,7607,280,2,0.15,253.69
16907,7607,36,1,0.1,191.68
16908,7608,446,2,0.0,279.09
16909,7608,547,1,0.05,194.88
16910,7608,300,2,0.15,41.43
16911,7608,51,2,0.0,17.9
16912,7609,352,4,0.0,82.49
16913,7609,437,3,0.2,194.35
16914,7610,329,2,0.0,81.22
16915,7611,576,1,0.0,267.65
16916,7612,386,1,0.1,47.92
16917,7612,244,2,0.1,17.28
16918,7613,32,2,0.0,220.32
16919,7614,233,1,0.0,272.82
16920,7615,555,4,0.2,158.51
16921,7615,485,4,0.05,168.31
16922,7615,442,1,0.0,8.32
16923,7616,78,4,0.0,255.07
16924,7616,484,1,0.2,196.59
16925,7617,392,2,0.05,71.1
16926,7618,564,2,0.05,28.79
16927,7619,450,2,0.1,7.27
16928,7619,199,1,0.0,239.97
16929,7619,586,1,0.05,248.91
16930,7619,105,2,0.1,5.95
16931,7619,77,1,0.2,51.0
16932,7620,557,4,0.0,73.34
16933,7620,400,1,0.05,269.83
16934,7620,479,2,0.1,103.9
16935,7620,588,1,0.05,202.03
16936,7620,490,4,0.0,165.41
16937,7621,14,4,0.0,64.88
16938,7621,126,1,0.15,90.45
16939,7622,526,3,0.0,276.89
16940,7623,287,2,0.0,141.08
16941,7623,442,1,0.15,8.25
16942,7624,503,1,0.0,291.32
16943,7624,35,1,0.0,40.01
16944,7625,544,4,0.05,
16945,7625,129,1,0.0,313.81
16946,7625,41,1,0.0,280.53
16947,7626,43,1,0.0,86.37
16948,7627,360,2,0.05,48.44
16949,7627,592,1,0.0,247.12
16950,7628,193,1,0.05,267.06
16951,7628,566,1,0.0,230.39
16952,7629,512,4,0.0,384.65
16953,7630,447,3,0.0,229.72
16954,7631,229,1,0.1,9.13
16955,7632,219,3,0.0,35.19
16956,7633,161,1,0.2,195.02
16957,7634,109,1,0.0,125.24
16958,7635,229,1,0.0,9.61
16959,7636,400,2,0.05,277.42
16960,7637,81,1,0.0,126.59
16961,7637,411,3,0.05,151.05
16962,7638,552,1,0.0,
16963,7639,306,1,0.05,22.17
16964,7639,328,2,0.0,102.95
16965,7640,82,3,0.0,195.94
16966,7641,398,2,0.0,15.44
16967,7642,52,4,0.15,103.61
16968,7642,560,2,0.15,
16969,7643,284,1,0.0,118.22
16970,7644,314,1,0.0,175.3
16971,7645,471,1,0.05,87.8
16972,7645,451,1,0.05,46.22
16973,7646,122,1,0.0,266.5
16974,7646,64,3,0.05,305.99
16975,7647,1,2,0.15,164.58
16976,7647,84,1,0.15,78.95
16977,7647,438,3,0.0,10.35
16978,7647,118,2,0.0,78.13
16979,7647,120,4,0.0,154.62
16980,7648,412,2,0.15,97.23
16981,7648,62,1,0.15,74.59
16982,7649,124,2,0.15,174.77
16983,7649,238,3,0.15,228.49
16984,7649,335,1,0.0,54.01
16985,7649,373,1,0.2,
16986,7649,24,4,0.1,106.33
16987,7650,19,2,0.2,
16988,7651,84,2,0.0,76.03
16989,7652,175,2,0.0,136.07
16990,7653,130,2,0.2,128.55
16991,7654,237,2,0.2,25.11
16992,7654,172,2,0.0,54.15
16993,7654,181,2,0.0,135.66
16994,7654,401,4,0.05,170.08
16995,7655,310,1,0.2,288.69
16996,7655,467,3,0.1,306.13
16997,7656,352,4,0.05,76.89
16998,7656,365,1,0.1,49.01
16999,7657,253,4,0.0,
17000,7657,317,1,0.0,168.01
17001,7658,594,1,0.15,139.98
17002,7658,209,1,0.15,82.92
17003,7659,505,2,0.05,77.12
17004,7659,436,1,0.0,103.53
17005,7660,74,3,0.15,194.2
17006,7660,411,2,0.05,160.23
17007,7660,536,2,0.0,74.43
17008,7660,483,2,0.05,83.54
17009,7660,356,3,0.0,251.79
17010,7661,41,4,0.0,286.17
17011,7661,561,2,0.0,352.77
17012,7662,261,1,0.1,166.81
17013,7662,419,3,0.0,256.23
17014,7662,319,2,0.1,135.07
17015,7663,288,4,0.1,356.01
17016,7664,530,3,0.15,166.01
17017,7665,281,2,0.0,168.07
17018,7665,540,1,0.1,91.87
17019,7665,541,1,0.2,170.44
17020,7666,489,2,0.15,129.49
17021,7666,233,4,0.1,
17022,7666,39,2,0.0,168.92
17023,7667,164,2,0.0,182.13
17024,7667,312,2,0.15,117.98
17025,7668,347,1,0.0,125.76
17026,7668,57,2,0.15,353.56
17027,7669,238,1,0.0,224.32
17028,7669,472,4,0.15,248.33
17029,7670,259,1,0.05,148.85
17030,7671,194,3,0.0,72.12
17031,7671,412,1,0.0,97.1
17032,7671,403,2,0.0,156.92
17033,7671,131,1,0.0,259.0
17034,7672,214,1,0.15,174.2
17035,7672,43,2,0.0,86.39
17036,7672,199,1,0.1,239.07
17037,7673,315,1,0.0,14.1
17038,7673,355,1,0.05,95.96
17039,7673,307,1,0.15,133.79
17040,7674,594,1,0.2,149.55
17041,7674,202,-1,0.1,201.16
17042,7675,390,1,0.05,258.11
17043,7676,105,2,0.05,
17044,7676,554,4,0.05,147.86
17045,7676,486,1,0.0,275.84
17046,7677,289,2,0.0,
17047,7678,55,1,0.2,54.38
17048,7679,451,1,0.05,45.89
17049,7680,165,2,0.1,106.03
17050,7680,114,3,0.05,267.33
17051,7680,164,2,0.0,192.84
17052,7681,46,4,0.15,47.21
17053,7681,92,1,0.1,368.07
17054,7681,425,3,0.1,162.28
17055,7682,43,1,0.0,88.98
17056,7683,104,1,0.0,42.29
17057,7684,98,1,0.0,101.1
17058,7684,407,1,0.0,59.79
17059,7684,31,1,0.0,104.85
17060,7684,14,1,0.0,65.52
17061,7684,24,2,0.0,96.92
17062,7685,144,2,0.2,151.85
17063,7685,153,2,0.0,311.37
17064,7685,511,2,0.15,175.22
17065,7685,38,2,0.15,256.52
17066,7685,417,1,0.1,38.52
17067,7686,284,1,0.15,120.29
17068,7686,413,2,0.1,223.78
17069,7686,425,4,0.2,168.04
17070,7687,553,3,0.0,243.28
17071,7688,235,3,0.05,97.23
17072,7688,458,1,0.0,162.46
17073,7689,208,1,0.0,189.48
17074,7689,418,3,0.0,148.32
17075,7689,506,1,0.0,99.17
17076,7689,436,1,0.05,
17077,7689,81,2,0.15,132.59
17078,7690,215,2,0.0,77.57
17079,7691,531,1,0.0,368.38
17080,7691,461,4,0.2,278.23
17081,7691,365,1,0.0,50.94
17082,7691,456,4,0.05,155.68
17083,7692,39,1,0.0,170.15
17084,7693,68,2,0.1,262.02
17085,7694,496,1,0.1,268.61
17086,7695,118,1,0.05,73.59
17087,7696,416,2,0.05,73.86
17088,7696,2,3,0.1,247.16
17089,7696,119,4,0.1,59.95
17090,7697,482,4,0.0,76.26
17091,7698,481,2,0.15,34.48
17092,7699,41,2,0.1,297.57
17093,7699,590,1,0.0,231.61
17094,7699,504,3,0.2,
17095,7700,84,1,0.0,76.86
17096,7700,545,3,0.0,233.37
17097,7700,409,3,0.05,170.57
17098,7700,239,1,0.1,30.82
17099,7701,426,4,0.1,
17100,7701,497,1,0.1,98.52
17101,7702,366,1,0.1,66.73
17102,7702,383,1,0.05,17.42
17103,7702,495,2,0.05,94.77
17104,7703,204,1,0.15,81.65
17105,7704,2,1,0.05,243.68
17106,7704,279,2,0.2,32.0
17107,7705,138,1,0.2,156.26
17108,7706,15,1,0.0,126.89
17109,7706,292,1,0.1,130.77
17110,7707,480,1,0.05,64.64
17111,7707,409,2,0.15,167.22
17112,7707,598,3,0.0,25.54
17113,7707,399,2,0.15,296.66
17114,7708,64,1,0.2,317.39
17115,7708,189,3,0.0,170.17
17116,7709,370,2,0.0,120.42
17117,7709,390,1,0.0,250.26
17118,7709,261,3,0.05,171.58
17119,7710,131,4,0.1,272.24
17120,7710,102,3,0.15,68.26
17121,7710,72,2,0.1,127.03
17122,7711,29,1,0.2,24.58
17123,7711,78,1,0.0,244.04
17124,7712,4,2,0.0,
17125,7712,416,4,0.05,69.25
17126,7712,505,1,0.05,83.74
17127,7712,607,1,0.05,
17128,7712,248,1,0.0,
17129,7713,158,1,0.15,300.51
17130,7713,357,1,0.05,136.47
17131,7714,388,2,0.05,184.29
17132,7714,214,2,0.05,179.09
17133,7715,117,3,0.05,174.73
17134,7715,514,3,0.1,340.2
17135,7715,269,1,0.05,220.86
17136,7716,223,1,0.0,342.7
17137,7716,568,2,0.0,144.75
17138,7716,31,1,0.1,107.1
17139,7717,275,3,0.15,203.22
17140,7718,133,3,0.0,310.78
17141,7719,584,4,0.0,248.6
17142,7719,526,3,0.1,286.3
17143,7719,334,2,0.15,
17144,7720,374,1,0.2,123.33
17145,7720,118,3,0.2,74.09
17146,7721,290,2,0.0,124.87
17147,7722,369,4,0.0,158.78
17148,7722,309,2,0.0,
17149,7723,86,2,0.0,137.98
17150,7723,320,4,0.15,82.11
17151,7723,27,1,0.15,368.65
17152,7724,473,3,0.0,
17153,7725,338,4,0.0,180.2
17154,7725,43,1,0.05,82.9
17155,7726,417,2,0.05,38.33
17156,7727,579,4,0.15,68.01
17157,7727,28,2,0.2,251.19
17158,7727,110,2,0.15,254.67
17159,7728,188,2,0.05,23.6
17160,7728,308,1,0.0,366.45
17161,7728,171,2,0.2,155.35
17162,7729,568,4,0.15,140.15
17163,7730,332,1,0.15,158.98
17164,7731,67,4,0.05,37.13
17165,7732,119,2,0.15,57.09
17166,7733,53,1,0.1,234.53
17167,7733,583,4,0.1,67.41
17168,7734,575,1,0.0,338.77
17169,7734,522,2,0.0,113.8
17170,7734,177,3,0.0,149.51
17171,7734,267,2,0.1,333.95
17172,7735,60,2,0.15,271.88
17173,7735,496,2,0.0,285.23
17174,7736,542,2,0.05,162.63
17175,7737,68,1,0.15,262.29
17176,7737,150,2,0.0,130.62
17177,7738,302,4,0.0,41.34
17178,7738,16,3,0.1,
17179,7739,56,1,0.1,69.92
17180,7739,545,3,0.05,232.83
17181,7739,538,2,0.0,286.12
17182,7740,466,1,0.05,61.09
17183,7740,314,0,0.05,166.43
17184,7741,277,1,0.15,181.11
17185,7741,266,4,0.15,342.07
17186,7741,93,4,0.1,92.16
17187,7741,577,1,0.0,249.03
17188,7742,607,2,0.15,
17189,7742,106,4,0.1,204.14
17190,7743,448,1,0.15,170.34
17191,7743,27,1,0.1,354.96
17192,7744,61,2,0.05,313.93
17193,7744,357,2,0.2,144.55
17194,7744,131,2,0.0,248.4
17195,7745,299,2,0.1,155.48
17196,7746,217,1,0.05,138.35
17197,7746,177,1,0.0,161.63
17198,7746,139,1,0.05,267.65
17199,7746,236,1,0.15,
17200,7747,72,2,0.1,135.42
17201,7748,285,3,0.0,250.49
17202,7749,147,2,0.0,233.59
17203,7749,514,0,0.05,324.78
17204,7750,308,1,0.15,346.7
17205,7750,296,4,0.05,53.26
17206,7750,385,3,0.15,134.1
17207,7751,539,2,0.0,141.07
17208,7752,469,4,0.2,15.69
17209,7752,369,1,0.0,153.67
17210,7753,541,3,0.15,168.27
17211,7753,96,1,0.05,45.98
17212,7753,470,4,0.15,45.07
17213,7753,151,2,0.0,22.62
17214,7754,537,3,0.0,11.65
17215,7754,235,2,0.0,98.73
17216,7754,506,1,0.0,95.06
17217,7755,66,2,0.1,106.8
17218,7755,467,1,0.1,302.32
17219,7756,521,1,0.05,209.51
17220,7756,4,2,0.0,
17221,7756,9,2,0.15,97.61
17222,7756,468,2,0.0,50.55
17223,7757,300,4,0.0,42.64
17224,7757,286,2,0.15,188.98
17225,7757,1,1,0.0,162.64
17226,7757,117,4,0.0,183.67
17227,7758,284,1,0.2,117.64
17228,7758,368,2,0.1,148.14
17229,7758,158,1,0.2,280.97
17230,7759,345,2,0.0,179.71
17231,7759,599,4,0.15,417.61
17232,7759,335,3,0.1,51.16
17233,7760,597,1,0.0,125.01
17234,7761,360,2,0.0,51.38
17235,7761,342,1,0.2,67.37
17236,7761,359,4,0.2,331.03
17237,7761,454,1,0.0,222.45
17238,7761,587,2,0.0,158.71
17239,7762,186,1,0.0,24.55
17240,7762,569,1,0.2,257.58
17241,7763,590,1,0.1,244.74
17242,7763,307,4,0.1,140.02
17243,7764,35,1,0.1,37.76
17244,7764,303,1,0.1,39.4
17245,7764,127,3,0.2,227.33
17246,7765,381,2,0.15,45.54
17247,7765,128,2,0.15,60.92
17248,7765,240,2,0.0,
17249,7766,550,1,0.05,205.6
17250,7766,65,2,0.0,8.23
17251,7767,405,2,0.0,97.97
17252,7768,289,1,0.0,63.39
17253,7768,495,2,0.2,97.22
17254,7769,21,2,0.05,43.97
17255,7770,249,1,0.15,129.17
17256,7770,410,1,0.2,20.14
17257,7771,590,4,0.05,250.5
17258,7772,5,4,0.0,215.82
17259,7772,378,1,0.05,56.96
17260,7772,283,2,0.0,119.99
17261,7772,318,4,0.15,38.52
17262,7773,572,1,0.2,210.37
17263,7773,280,2,0.15,266.12
17264,7773,178,4,0.15,31.0
17265,7773,565,1,0.05,99.46
17266,7774,233,1,0.1,272.05
17267,7774,123,1,0.2,13.85
17268,7774,193,1,0.05,
17269,7775,163,1,0.0,361.34
17270,7775,184,1,0.0,399.82
17271,7775,231,1,0.2,44.31
17272,7776,218,1,0.0,36.97
17273,7777,83,2,4.61,41.78
17274,7778,153,1,0.2,312.05
17275,7778,365,1,0.2,49.69
17276,7778,293,1,0.0,166.85
17277,7779,79,1,0.0,243.98
17278,7779,421,4,0.05,11.56
17279,7780,333,3,0.0,27.48
17280,7780,189,2,0.0,171.78
17281,7780,165,3,0.0,103.96
17282,7780,410,4,0.0,20.14
17283,7781,518,1,0.0,33.76
17284,7781,84,3,0.0,80.96
17285,7781,21,4,0.2,41.87
17286,7782,340,2,0.1,390.63
17287,7782,371,4,0.05,129.95
17288,7783,586,1,0.0,269.61
17289,7783,179,4,0.0,14.87
17290,7783,99,3,0.05,297.89
17291,7783,5,1,0.0,212.89
17292,7784,210,4,0.15,256.35
17293,7785,433,1,0.1,130.8
17294,7785,261,4,0.0,163.75
17295,7785,603,2,0.2,
17296,7786,581,2,0.15,178.99
17297,7787,399,2,0.15,303.33
17298,7788,237,2,0.0,24.82
17299,7788,226,3,0.1,250.38
17300,7789,142,1,0.05,84.75
17301,7789,50,4,0.2,10.32
17302,7789,244,3,0.0,16.47
17303,7789,414,4,0.0,97.38
17304,7790,419,1,0.0,247.73
17305,7790,345,4,0.05,177.75
17306,7791,552,1,0.05,
17307,7792,169,1,0.0,
17308,7793,277,2,0.0,178.94
17309,7793,497,2,0.0,91.48
17310,7793,86,1,0.1,136.17
17311,7794,249,2,0.1,123.1
17312,7794,16,1,0.0,
17313,7794,114,4,0.05,265.72
17314,7794,425,1,0.0,162.81
17315,7795,158,2,0.0,298.45
17316,7795,171,3,0.05,152.3
17317,7796,351,4,0.0,108.32
17318,7796,229,2,0.15,9.16
17319,7796,165,3,0.0,105.11
17320,7796,347,1,0.2,132.97
17321,7797,439,2,0.05,244.37
17322,7798,235,1,0.2,97.53
17323,7799,498,1,0.0,81.91
17324,7799,573,2,0.1,108.68
17325,7800,110,1,0.0,250.42
17326,7800,102,3,0.0,72.97
17327,7800,165,1,0.1,111.3
17328,7801,61,1,0.15,325.13
17329,7801,380,4,0.0,335.67
17330,7802,211,3,0.2,287.08
17331,7803,174,2,0.1,131.47
17332,7803,366,2,0.0,66.93
17333,7804,595,2,0.05,114.15
17334,7804,394,1,0.0,
17335,7804,263,3,0.15,249.75
17336,7804,259,2,0.0,147.29
17337,7805,303,1,0.0,40.95
17338,7805,587,2,0.1,156.28
17339,7805,421,2,0.05,11.61
17340,7806,394,4,0.0,
17341,7807,124,1,0.0,189.13
17342,7808,6,2,0.1,
17343,7809,509,4,0.05,65.61
17344,7809,349,1,0.0,94.29
17345,7809,94,1,0.2,270.01
17346,7810,460,3,0.15,170.63
17347,7810,495,1,0.15,95.58
17348,7810,425,1,0.0,168.84
17349,7810,563,1,0.0,212.67
17350,7811,83,1,0.2,41.48
17351,7812,55,1,0.15,52.64
17352,7813,513,1,0.2,291.34
17353,7813,223,2,0.1,321.16
17354,7814,8,3,0.1,47.38
17355,7815,115,2,0.0,287.92
17356,7815,189,1,0.1,168.93
17357,7816,290,1,0.0,122.05
17358,7817,119,4,0.0,58.87
17359,7818,405,1,0.15,98.52
17360,7818,99,2,0.0,297.09
17361,7818,370,2,0.05,131.05
17362,7819,545,1,0.0,236.88
17363,7819,566,4,0.2,228.76
17364,7820,129,3,0.0,317.94
17365,7820,456,2,0.0,151.79
17366,7820,460,4,0.0,176.23
17367,7820,27,1,0.2,374.26
17368,7820,183,2,0.1,253.94
17369,7821,82,1,0.2,199.45
17370,7821,38,4,0.15,255.13
17371,7822,94,2,0.05,259.76
17372,7822,220,1,0.1,154.41
17373,7822,585,2,0.0,7.08
17374,7823,212,1,0.0,34.06
17375,7823,507,2,0.2,194.43
17376,7823,407,4,0.0,55.18
17377,7824,584,4,0.2,254.41
17378,7825,508,1,0.05,288.24
17379,7826,597,1,0.2,125.35
17380,7827,534,1,0.1,54.75
17381,7827,520,1,0.1,22.0
17382,7827,136,3,0.0,309.55
17383,7828,20,4,0.05,211.16
17384,7828,568,4,0.05,146.91
17385,7829,112,3,0.1,30.04
17386,7829,63,1,0.05,67.84
17387,7829,24,4,0.1,105.5
17388,7829,559,4,0.0,43.77
17389,7830,178,1,0.0,29.41
17390,7830,507,1,0.2,197.03
17391,7830,482,1,0.2,75.23
17392,7830,68,1,0.0,
17393,7831,341,2,0.2,
17394,7831,244,1,0.05,16.08
17395,7832,298,4,0.1,283.52
17396,7832,168,2,0.1,13.94
17397,7833,204,1,0.0,75.4
17398,7833,43,1,0.0,83.52
17399,7833,349,1,0.0,98.02
17400,7833,336,2,0.15,71.85
17401,7834,198,3,0.05,146.52
17402,7834,387,1,0.15,41.84
17403,7834,290,2,0.0,130.64
17404,7834,560,1,0.05,
17405,7835,175,4,0.0,135.64
17406,7835,553,1,0.15,228.3
17407,7835,19,4,0.0,
17408,7835,349,1,0.2,101.39
17409,7835,202,4,0.1,194.05
17410,7836,449,1,0.0,124.31
17411,7836,56,1,0.15,73.23
17412,7836,395,2,0.15,191.12
17413,7837,339,3,0.15,37.15
17414,7837,369,1,0.05,158.47
17415,7838,236,1,0.0,13.17
17416,7839,203,1,0.0,129.51
17417,7840,171,2,0.1,147.65
17418,7840,497,4,0.2,89.97
17419,7841,361,1,0.0,217.78
17420,7841,243,1,0.15,240.09
17421,7841,212,1,0.0,32.02
17422,7842,206,2,0.0,133.02
17423,7843,300,1,0.15,40.92
17424,7843,111,2,0.2,212.49
17425,7843,265,2,0.0,28.13
17426,7844,109,1,0.0,126.03
17427,7845,460,3,0.2,181.5
17428,7845,84,3,0.1,76.79
17429,7845,212,4,0.05,32.66
17430,7846,414,3,0.15,94.8
17431,7846,308,4,0.05,341.37
17432,7846,594,1,0.0,143.2
17433,7846,382,2,0.0,93.41
17434,7847,417,1,0.15,36.67
17435,7847,433,4,0.2,132.78
17436,7847,122,3,0.15,260.88
17437,7848,183,3,0.1,275.93
17438,7849,504,2,0.0,
17439,7850,3,2,0.1,41.41
17440,7851,432,2,0.05,159.89
17441,7852,89,1,0.05,201.1
17442,7852,337,1,0.2,30.93
17443,7852,95,1,0.0,134.76
17444,7853,567,2,0.05,24.39
17445,7853,7,1,0.1,202.75
17446,7854,189,3,0.15,169.1
17447,7854,570,2,0.1,165.62
17448,7854,578,1,0.2,225.63
17449,7854,536,3,0.1,74.59
17450,7855,119,1,0.0,57.01
17451,7856,287,3,0.05,142.07
17452,7857,107,1,0.0,167.61
17453,7858,204,2,0.0,77.22
17454,7858,123,3,0.0,13.65
17455,7859,46,1,0.0,51.02
17456,7859,44,3,0.0,248.31
17457,7859,582,1,0.2,121.09
17458,7860,407,1,0.2,55.56
17459,7860,477,1,0.1,78.46
17460,7860,496,1,0.0,270.42
17461,7860,61,4,0.0,319.62
17462,7861,57,1,0.1,348.34
17463,7862,245,1,0.05,383.08
17464,7862,100,1,0.0,319.57
17465,7862,515,2,0.15,133.08
17466,7863,253,1,0.0,
17467,7864,358,2,0.05,
17468,7864,354,2,0.05,124.54
17469,7864,4,1,0.0,
17470,7865,40,2,0.0,82.4
17471,7866,265,4,0.1,
17472,7866,517,1,0.0,55.49
17473,7866,290,2,0.1,121.19
17474,7867,600,1,0.1,169.43
17475,7867,240,1,0.0,294.78
17476,7868,458,1,0.2,171.85
17477,7869,324,4,0.0,213.69
17478,7870,150,4,0.1,138.48
17479,7871,271,2,0.2,322.98
17480,7871,382,1,0.0,97.08
17481,7872,277,1,0.0,173.64
17482,7872,434,2,0.0,42.63
17483,7872,80,3,0.15,92.17
17484,7873,425,1,0.1,175.16
17485,7874,411,1,0.0,158.23
17486,7875,365,3,0.05,49.36
17487,7875,380,2,0.05,331.61
17488,7875,370,1,0.1,124.74
17489,7876,256,1,0.05,170.88
17490,7877,5,1,0.0,219.58
17491,7877,582,2,0.2,129.22
17492,7878,217,1,0.05,130.02
17493,7878,588,1,0.2,197.82
17494,7879,25,3,0.0,133.66
17495,7879,556,3,0.0,197.61
17496,7879,91,4,0.15,81.52
17497,7879,320,1,0.0,76.37
17498,7880,578,2,0.0,237.96
17499,7880,185,1,0.0,46.47
17500,7881,152,3,0.0,194.54
17501,7881,180,2,0.1,292.56
17502,7882,32,2,0.0,223.85
17503,7883,475,2,0.05,281.52
17504,7884,443,3,0.15,196.34
17505,7885,419,4,0.0,261.25
17506,7885,296,2,0.0,51.13
17507,7886,199,3,0.2,242.08
17508,7886,369,1,0.0,152.84
17509,7887,189,3,0.15,164.25
17510,7888,541,2,0.0,169.66
17511,7888,416,1,0.0,73.73
17512,7889,459,2,0.1,126.03
17513,7889,53,1,0.05,233.46
17514,7889,262,3,0.2,363.82
17515,7890,1,3,0.05,154.57
17516,7890,356,2,0.0,254.06
17517,7891,326,1,0.0,34.4
17518,7892,112,2,0.15,31.15
17519,7892,569,1,0.2,253.83
17520,7893,208,2,0.0,183.8
17521,7893,4,4,0.0,
17522,7893,196,2,0.15,273.84
17523,7894,419,1,0.2,242.45
17524,7895,81,2,0.15,123.2
17525,7895,453,1,0.15,169.55
17526,7895,355,3,0.1,92.52
17527,7896,370,2,0.0,119.74
17528,7897,256,2,0.0,173.49
17529,7897,455,3,0.2,75.74
17530,7898,360,4,0.2,
17531,7898,301,1,0.05,47.34
17532,7899,13,1,0.15,170.41
17533,7899,74,1,0.0,
17534,7899,134,1,0.1,246.14
17535,7899,140,1,0.2,268.63
17536,7900,435,4,0.0,364.34
17537,7900,183,1,0.0,275.11
17538,7900,315,1,0.15,14.58
17539,7901,165,1,0.0,108.06
17540,7901,36,2,0.0,189.21
17541,7902,339,4,0.15,36.25
17542,7903,589,2,0.05,178.03
17543,7904,527,1,0.15,342.24
17544,7904,539,1,0.0,141.98
17545,7905,564,1,0.05,30.11
17546,7905,600,2,0.0,165.84
17547,7906,443,2,0.2,186.78
17548,7907,378,1,0.05,58.98
17549,7907,206,1,0.0,141.94
17550,7908,77,3,0.0,47.44
17551,7908,47,1,0.15,256.3
17552,7908,28,2,0.2,251.54
17553,7909,394,1,0.0,
17554,7909,199,2,0.1,241.8
17555,7910,186,1,0.0,24.38
17556,7910,138,4,0.1,163.49
17557,7911,223,1,0.2,333.16
17558,7912,337,3,0.05,32.05
17559,7913,383,1,0.05,17.37
17560,7913,411,1,0.05,154.83
17561,7913,504,1,0.05,
17562,7914,221,2,0.0,44.13
17563,7915,231,4,0.2,44.98
17564,7915,196,2,0.0,278.89
17565,7915,68,1,0.15,251.48
17566,7916,452,2,0.05,66.13
17567,7917,159,1,0.1,102.64
17568,7918,49,2,0.2,150.59
17569,7918,197,1,4.0,147.61
17570,7918,37,3,0.0,9.71
17571,7918,581,1,0.0,192.38
17572,7919,279,3,0.15,31.55
17573,7919,262,4,0.05,369.13
17574,7919,108,1,0.0,181.5
17575,7919,92,1,0.0,379.67
17576,7920,593,2,0.0,49.73
17577,7920,315,2,0.0,14.02
17578,7921,202,1,0.0,193.73
17579,7921,153,1,0.0,292.48
17580,7921,90,2,0.0,222.5
17581,7921,70,2,0.1,158.13
17582,7921,64,1,0.05,312.21
17583,7922,154,3,0.05,134.8
17584,7923,439,1,0.0,254.01
17585,7924,531,1,0.2,377.83
17586,7924,281,1,0.05,171.22
17587,7924,130,1,0.15,131.21
17588,7925,266,1,0.0,337.07
17589,7925,153,1,0.15,311.07
17590,7926,311,1,0.05,47.46
17591,7927,117,1,0.15,176.06
17592,7927,385,1,0.1,136.34
17593,7928,501,1,0.1,
17594,7928,297,2,0.15,52.52
17595,7928,383,2,0.2,16.54
17596,7929,149,4,0.0,185.41
17597,7930,300,2,0.15,43.75
17598,7930,288,4,0.2,367.94
17599,7930,117,2,0.0,170.28
17600,7931,417,2,0.15,36.2
17601,7931,244,1,0.05,15.87
17602,7931,71,1,0.15,251.15
17603,7931,449,1,0.05,118.22
17604,7932,488,1,0.0,13.19
17605,7932,514,3,0.0,317.43
17606,7933,26,1,0.0,
17607,7934,312,1,0.0,114.81
17608,7934,266,3,0.15,337.1
17609,7934,573,1,0.1,111.39
17610,7934,43,2,0.2,86.13
17611,7934,436,1,0.0,97.79
17612,7935,188,1,0.15,23.2
17613,7936,299,2,0.1,156.26
17614,7936,362,4,0.0,31.54
17615,7936,394,2,0.0,
17616,7936,584,1,0.1,267.53
17617,7937,234,4,0.0,113.22
17618,7937,529,2,0.05,227.96
17619,7937,158,2,0.2,298.5
17620,7938,243,2,0.15,233.91
17621,7939,52,1,0.0,96.79
17622,7940,341,3,0.0,
17623,7940,580,1,0.2,174.75
17624,7941,366,1,0.0,71.06
17625,7942,256,3,0.2,187.77
17626,7943,530,2,0.0,171.9
17627,7943,153,4,0.0,296.45
17628,7944,164,2,0.2,182.8
17629,7944,157,2,0.0,18.91
17630,7944,550,4,0.05,224.1
17631,7945,598,3,0.15,24.41
17632,7945,326,1,0.15,32.82
17633,7945,505,3,0.0,83.48
17634,7945,481,1,0.1,33.42
17635,7946,19,2,0.0,
17636,7947,386,2,0.0,47.59
17637,7947,308,1,0.0,362.14
17638,7948,545,1,0.05,242.28
17639,7948,283,1,0.05,121.46
17640,7949,451,3,0.2,44.03
17641,7950,340,1,0.15,385.33
17642,7950,100,1,0.05,336.13
17643,7950,255,3,0.1,337.91
17644,7951,418,1,0.15,153.96
17645,7951,227,2,0.0,
17646,7952,398,4,0.1,15.02
17647,7953,380,3,0.1,347.34
17648,7954,515,4,0.0,131.48
17649,7955,188,1,0.0,24.09
17650,7955,90,2,0.0,220.32
17651,7956,24,1,0.0,97.57
17652,7956,33,3,0.0,94.06
17653,7956,395,2,0.0,202.23
17654,7957,4,1,0.0,
17655,7957,246,1,0.15,158.87
17656,7958,264,2,0.15,105.77
17657,7958,567,2,0.1,
17658,7958,500,2,0.2,292.81
17659,7959,101,2,0.15,144.17
17660,7959,135,2,0.05,95.41
17661,7959,466,1,0.05,62.55
17662,7959,509,2,0.0,61.22
17663,7960,378,2,0.05,57.26
17664,7961,191,3,0.15,48.46
17665,7962,577,1,0.0,236.79
17666,7962,518,1,0.15,35.19
17667,7962,489,2,0.0,121.14
17668,7963,456,1,0.0,148.91
17669,7963,148,1,0.15,45.06
17670,7964,341,4,0.0,
17671,7964,432,3,0.2,151.11
17672,7964,284,4,0.0,120.65
17673,7965,443,1,0.1,181.49
17674,7966,360,2,0.05,48.9
17675,7967,473,4,0.1,
17676,7968,469,2,0.0,15.3
17677,7968,150,4,0.1,134.17
17678,7969,244,1,0.15,16.34
17679,7969,552,1,0.1,
17680,7970,541,2,0.0,170.1
17681,7970,408,2,0.0,271.27
17682,7971,516,4,0.0,17.91
17683,7971,308,3,0.2,366.37
17684,7972,570,2,0.05,163.12
17685,7972,531,1,0.1,351.27
17686,7972,225,3,0.2,81.08
17687,7973,388,1,0.0,188.14
17688,7973,127,4,0.05,233.75
17689,7974,319,1,0.2,138.29
17690,7974,173,1,0.2,140.92
17691,7974,59,1,0.0,193.26
17692,7974,141,3,0.15,236.72
17693,7974,298,1,0.0,267.28
17694,7975,496,1,0.1,282.51
17695,7975,249,2,0.0,122.6
17696,7976,75,1,0.0,18.8
17697,7976,33,3,0.0,95.96
17698,7976,276,4,0.0,214.7
17699,7977,478,2,0.15,120.0
17700,7978,467,3,0.0,319.94
17701,7978,576,4,0.0,281.41
17702,7978,389,3,0.15,90.37
17703,7978,108,1,0.0,181.68
17704,7979,442,1,0.05,8.46
17705,7980,457,1,0.1,176.72
17706,7980,551,4,0.0,30.95
17707,7980,490,2,0.0,167.89
17708,7981,408,1,0.1,282.31
17709,7982,597,1,0.1,119.53
17710,7982,230,2,0.0,16.83
17711,7982,46,4,0.1,49.91
17712,7983,239,4,0.05,30.56
17713,7983,362,4,0.2,31.26
17714,7984,433,1,0.05,134.16
17715,7984,412,1,0.2,103.51
17716,7985,261,4,0.0,175.19
17717,7986,368,1,0.1,149.23
17718,7987,292,1,0.2,139.71
17719,7987,223,4,0.0,349.91
17720,7987,87,4,0.0,128.43
17721,7988,334,4,0.0,
17722,7989,230,2,0.2,17.19
17723,7989,409,1,0.05,169.76
17724,7990,82,2,0.0,211.43
17725,7990,168,2,0.0,13.12
17726,7990,325,1,0.2,237.43
17727,7990,410,2,0.05,20.27
17728,7991,197,1,0.2,136.22
17729,7992,430,2,0.15,115.83
17730,7992,92,1,0.0,380.54
17731,7992,170,1,0.0,102.88
17732,7993,27,1,0.0,355.44
17733,7993,114,4,0.15,275.25
17734,7994,401,1,0.0,169.53
17735,7994,366,1,0.05,67.33
17736,7995,9,2,0.0,98.8
17737,7996,568,3,0.0,141.26
17738,7997,104,1,0.1,40.5
17739,7997,148,1,0.1,47.27
17740,7997,460,1,0.0,180.62
17741,7998,483,1,0.1,85.31
17742,7998,63,1,0.0,72.88
17743,7999,504,3,0.0,
17744,7999,273,4,0.05,165.85
17745,7999,60,4,0.2,272.22
17746,8000,444,4,0.2,164.6
17747,8000,585,1,0.15,6.89
17748,8000,358,2,0.15,153.15
17749,8001,246,1,0.0,155.31
17750,8001,353,1,0.15,35.74
17751,8001,430,4,0.1,126.22
17752,8001,300,2,0.05,44.04
17753,8002,112,4,0.15,30.74
17754,8002,334,4,0.0,
17755,8003,38,1,0.0,257.05
17756,8003,412,4,0.0,95.73
17757,8004,146,2,0.15,9.76
17758,8004,327,1,0.0,206.59
17759,8004,164,2,0.0,184.11
17760,8005,161,1,0.05,202.37
17761,8005,129,2,0.0,343.24
17762,8006,238,2,0.2,220.71
17763,8007,360,1,0.05,51.13
17764,8007,590,2,0.15,241.83
17765,8007,214,3,0.0,171.69
17766,8008,113,4,0.0,71.76
17767,8009,156,2,0.0,95.93
17768,8009,401,1,0.0,170.34
17769,8010,180,3,0.1,315.72
17770,8010,557,1,0.2,73.91
17771,8011,296,2,0.05,51.95
17772,8011,405,2,0.0,102.2
17773,8011,270,1,0.15,99.53
17774,8012,313,2,0.1,169.66
17775,8013,184,1,0.2,395.87
17776,8013,121,-1,0.0,372.35
17777,8014,435,3,0.0,354.25
17778,8014,559,2,0.05,42.58
17779,8015,224,4,0.0,348.75
17780,8015,39,2,0.15,171.93
17781,8015,306,1,0.1,22.65
17782,8016,117,1,0.2,174.82
17783,8016,524,2,0.0,51.21
17784,8017,348,1,0.2,41.88
17785,8018,560,1,0.2,
17786,8019,262,4,0.2,358.52
17787,8020,331,1,0.0,152.69
17788,8021,62,2,0.2,73.9
17789,8021,308,4,0.0,340.8
17790,8022,555,1,0.0,157.02
17791,8022,337,2,0.05,30.53
17792,8022,469,2,0.05,15.43
17793,8023,349,2,0.0,96.8
17794,8024,330,4,0.0,213.34
17795,8024,575,1,0.15,328.0
17796,8024,106,1,0.2,190.84
17797,8024,526,1,0.15,285.23
17798,8024,246,4,0.05,154.24
17799,8025,525,4,0.0,181.64
17800,8026,345,1,0.2,179.97
17801,8026,404,4,0.15,
17802,8026,440,2,0.05,10.89
17803,8026,200,4,0.05,280.69
17804,8026,593,1,0.05,50.33
17805,8027,246,3,0.1,163.43
17806,8027,290,1,0.05,131.41
17807,8027,495,1,0.0,97.31
17808,8028,387,1,0.1,41.45
17809,8028,73,1,0.1,61.37
17810,8028,596,3,0.1,26.79
17811,8028,508,2,0.2,274.59
17812,8028,337,2,0.05,30.32
17813,8029,597,3,0.05,123.08
17814,8029,270,1,0.2,101.19
17815,8029,468,1,0.15,50.06
17816,8029,136,1,0.05,311.25
17817,8030,504,2,0.0,
17818,8030,295,2,0.2,33.48
17819,8030,113,1,0.1,68.76
17820,8030,423,1,0.0,50.02
17821,8031,153,1,0.0,293.47
17822,8032,483,1,0.0,86.31
17823,8033,595,1,0.2,113.58
17824,8033,93,1,0.05,95.69
17825,8033,362,1,0.1,31.83
17826,8034,263,-1,0.0,243.64
17827,8034,118,1,0.15,77.03
17828,8034,427,1,0.0,92.11
17829,8034,337,3,0.0,32.36
17830,8035,121,2,0.0,395.29
17831,8035,420,1,0.05,207.62
17832,8035,115,1,0.0,311.89
17833,8036,242,2,0.1,162.37
17834,8036,130,2,0.2,130.72
17835,8036,422,2,0.1,80.22
17836,8037,92,2,0.1,371.11
17837,8037,143,3,0.15,114.68
17838,8038,316,1,0.05,280.96
17839,8038,475,3,0.0,299.65
17840,8039,281,1,0.2,180.71
17841,8039,398,4,0.2,14.19
17842,8039,373,2,0.1,
17843,8039,417,1,0.2,37.97
17844,8040,389,1,0.0,87.61
17845,8041,178,1,0.15,29.45
17846,8041,331,1,0.0,146.81
17847,8042,24,2,0.1,106.13
17848,8042,512,2,2.36,372.78
17849,8042,538,2,0.0,281.97
17850,8042,128,3,0.0,60.46
17851,8043,399,4,0.2,298.57
17852,8043,313,2,0.2,172.66
17853,8044,201,3,0.05,46.18
17854,8045,472,1,0.0,263.67
17855,8046,314,1,0.1,168.17
17856,8047,363,2,0.15,215.37
17857,8048,538,1,0.15,292.97
17858,8048,457,3,0.0,185.93
17859,8049,14,1,0.0,63.83
17860,8050,341,4,0.15,
17861,8050,138,1,0.05,155.53
17862,8051,184,1,0.0,394.63
17863,8051,322,4,0.15,59.12
17864,8051,223,1,0.1,324.43
17865,8052,60,2,0.15,296.83
17866,8053,401,3,0.0,166.82
17867,8054,376,3,0.0,54.07
17868,8055,326,3,0.15,34.07
17869,8055,460,4,0.15,173.47
17870,8056,297,2,0.15,52.53
17871,8056,506,1,0.1,98.68
17872,8057,472,1,0.0,258.15
17873,8057,252,2,0.2,118.32
17874,8058,494,1,0.15,203.13
17875,8058,312,4,0.0,
17876,8058,79,4,0.0,257.16
17877,8059,307,1,0.15,139.9
17878,8059,10,3,0.0,117.5
17879,8060,232,3,0.0,255.35
17880,8060,531,1,0.0,361.22
17881,8060,365,2,0.2,48.58
17882,8060,234,3,0.15,122.7
17883,8061,306,1,0.2,21.97
17884,8061,366,1,0.15,68.3
17885,8061,541,1,0.2,162.65
17886,8061,29,3,0.2,25.7
17887,8062,337,2,0.15,31.31
17888,8063,157,2,0.0,18.42
17889,8063,83,1,0.0,43.24
17890,8064,79,3,0.1,254.67
17891,8064,33,2,0.05,89.33
17892,8064,12,2,0.15,85.35
17893,8065,441,1,0.1,89.53
17894,8066,309,1,0.2,
17895,8066,64,1,0.1,323.09
17896,8066,120,1,0.15,149.78
17897,8066,184,1,0.0,378.62
17898,8067,54,2,0.05,146.91
17899,8067,183,1,0.2,270.7
17900,8067,142,1,0.2,86.11
17901,8068,506,2,0.0,101.5
17902,8068,524,1,0.0,52.13
17903,8069,320,1,0.0,
17904,8070,578,2,0.05,221.52
17905,8070,97,1,2.3,296.31
17906,8070,544,1,0.15,148.33
17907,8070,477,2,0.15,79.02
17908,8070,475,3,0.0,277.82
17909,8071,4,1,0.0,
17910,8071,415,2,0.15,218.24
17911,8071,370,4,0.15,128.46
17912,8071,104,1,0.05,42.64
17913,8072,559,1,0.1,41.6
17914,8073,130,1,0.1,129.45
17915,8074,81,1,0.05,130.67
17916,8074,424,4,0.2,42.02
17917,8075,29,2,0.1,26.47
17918,8075,417,2,0.1,38.71
17919,8076,11,1,0.15,136.98
17920,8076,190,2,0.2,204.01
17921,8076,444,3,0.0,171.66
17922,8077,183,4,0.15,253.03
17923,8077,368,4,0.0,152.37
17924,8077,122,3,0.05,247.84
17925,8077,535,4,0.05,
17926,8078,437,1,0.2,183.27
17927,8079,589,1,0.0,165.86
17928,8079,190,3,0.05,208.32
17929,8080,28,3,0.05,244.8
17930,8080,484,2,0.0,182.05
17931,8080,560,3,0.2,
17932,8080,360,1,0.0,52.5
17933,8080,119,1,0.2,60.93
17934,8081,100,4,0.1,335.61
17935,8082,13,2,0.0,
17936,8082,409,3,0.0,176.41
17937,8083,211,3,0.0,306.97
17938,8083,165,1,0.0,105.8
17939,8083,326,2,0.1,33.17
17940,8083,241,1,0.15,217.21
17941,8084,115,1,0.0,293.99
17942,8084,376,2,0.15,53.25
17943,8085,397,1,0.0,
17944,8085,401,1,0.05,159.45
17945,8085,144,1,0.0,151.72
17946,8085,183,4,0.0,269.12
17947,8086,360,2,0.0,52.22
17948,8087,177,1,0.0,146.92
17949,8088,559,4,0.1,42.94
17950,8088,450,3,0.15,6.86
17951,8088,562,1,0.15,337.07
17952,8088,37,2,0.0,9.16
17953,8089,251,3,0.2,
17954,8090,6,4,0.05,16.3
17955,8091,259,1,0.0,140.57
17956,8091,461,1,0.05,262.61
17957,8091,103,1,0.2,124.02
17958,8091,217,-1,0.2,132.36
17959,8091,6,1,0.0,17.03
17960,8092,129,1,0.1,330.56
17961,8093,386,1,0.2,48.72
17962,8093,474,4,0.05,60.47
17963,8094,595,3,0.1,107.31
17964,8094,499,2,0.0,202.31
17965,8094,51,4,0.15,17.58
17966,8095,166,2,0.15,139.72
17967,8095,104,3,0.05,40.17
17968,8096,38,2,0.1,258.16
17969,8097,284,1,0.15,113.14
17970,8098,150,4,0.15,129.32
17971,8098,299,4,0.05,164.93
17972,8098,375,1,0.05,316.78
17973,8099,63,4,0.05,67.88
17974,8100,192,1,0.15,257.77
17975,8101,73,3,0.05,58.39
17976,8102,215,4,0.0,83.19
17977,8103,161,1,0.0,206.83
17978,8104,317,1,0.0,158.43
17979,8105,150,1,0.0,130.27
17980,8105,498,2,0.1,84.02
17981,8105,301,2,0.2,46.86
17982,8105,562,3,0.0,325.29
17983,8106,314,3,0.1,168.52
17984,8106,558,2,0.15,200.54
17985,8107,145,2,0.1,95.79
17986,8108,356,1,0.0,251.55
17987,8109,61,1,0.05,333.05
17988,8109,51,4,0.05,17.94
17989,8109,315,3,0.2,13.87
17990,8110,405,2,0.0,97.89
17991,8110,380,4,0.0,344.03
17992,8111,351,3,0.0,107.64
17993,8112,278,4,0.05,258.26
17994,8112,259,4,0.15,149.54
17995,8112,436,1,0.0,99.52
17996,8112,78,1,0.1,256.76
17997,8113,138,3,0.0,157.58
17998,8114,479,1,0.0,104.23
17999,8115,185,4,0.15,46.77
18000,8115,198,3,0.1,142.32
18001,8115,236,1,0.05,13.11
18002,8116,131,1,0.15,249.47
18003,8116,216,3,0.0,60.09
18004,8117,278,3,0.0,256.77
18005,8117,42,3,0.15,69.5
18006,8118,43,1,0.2,84.76
18007,8118,303,1,0.0,39.28
18008,8119,7,2,0.2,210.82
18009,8119,568,1,0.15,
18010,8119,72,4,0.0,138.97
18011,8120,175,2,0.15,130.94
18012,8121,256,3,0.15,178.23
18013,8122,241,4,0.0,212.84
18014,8122,306,4,0.0,21.05
18015,8122,551,2,0.0,30.59
18016,8123,110,1,0.0,243.52
18017,8123,13,3,0.2,
18018,8123,76,3,0.0,218.71
18019,8124,48,1,0.0,241.28
18020,8124,516,4,0.0,18.14
18021,8125,286,1,0.0,198.72
18022,8125,386,1,0.15,47.69
18023,8125,441,3,0.0,82.84
18024,8126,512,1,0.1,393.87
18025,8127,363,2,0.1,227.11
18026,8128,541,3,0.15,163.21
18027,8128,471,4,0.0,96.5
18028,8128,389,2,0.05,89.77
18029,8129,73,1,0.2,61.13
18030,8130,192,3,0.0,245.8
18031,8130,259,1,0.0,140.81
18032,8130,177,3,0.0,151.99
18033,8131,164,2,0.2,184.04
18034,8131,278,1,0.0,240.65
18035,8131,507,1,0.1,198.17
18036,8131,538,1,0.2,285.31
18037,8132,553,1,0.0,242.03
18038,8132,495,1,0.15,95.78
18039,8133,457,3,0.0,178.05
18040,8133,396,3,0.15,54.43
18041,8134,27,3,0.0,386.47
18042,8134,351,1,0.0,112.09
18043,8134,511,2,0.1,177.64
18044,8135,198,4,0.1,141.12
18045,8135,456,1,0.1,159.57
18046,8136,52,2,0.15,102.03
18047,8137,552,3,0.15,
18048,8138,259,3,0.05,
18049,8138,509,2,0.15,61.89
18050,8138,346,3,0.15,99.22
18051,8139,195,1,0.2,277.26
18052,8140,397,2,0.0,
18053,8140,222,0,0.0,109.07
18054,8141,496,1,0.0,276.62
18055,8141,482,1,0.2,72.83
18056,8141,353,4,0.0,33.88
18057,8141,31,1,0.0,100.75
18058,8142,270,4,0.1,104.75
18059,8142,192,1,0.05,242.27
18060,8142,531,1,0.15,357.28
18061,8143,170,1,0.1,100.82
18062,8144,281,2,0.15,170.33
18063,8144,267,2,0.0,305.04
18064,8144,439,4,0.05,235.78
18065,8145,171,4,0.0,153.52
18066,8145,597,4,0.1,116.08
18067,8145,118,2,0.05,72.05
18068,8145,423,4,0.0,45.7
18069,8145,535,2,0.0,
18070,8146,318,3,0.1,37.78
18071,8146,280,2,0.1,241.89
18072,8147,486,2,0.1,278.2
18073,8147,425,1,0.0,170.11
18074,8148,199,1,0.05,251.43
18075,8148,162,1,0.0,179.12
18076,8149,538,4,0.0,297.23
18077,8149,39,1,0.15,162.89
18078,8150,209,1,0.15,78.58
18079,8150,363,4,0.0,228.83
18080,8150,506,4,0.15,94.33
18081,8151,348,1,0.0,43.07
18082,8152,64,1,0.2,319.13
18083,8153,225,1,0.0,79.78
18084,8153,238,1,0.0,228.78
18085,8154,185,4,0.0,43.82
18086,8154,125,2,0.0,367.97
18087,8155,495,3,0.0,100.64
18088,8156,336,3,0.1,74.59
18089,8157,102,3,0.0,68.91
18090,8157,544,1,0.15,139.79
18091,8158,449,1,0.2,124.62
18092,8158,263,1,0.0,259.18
18093,8158,57,1,0.0,340.2
18094,8158,331,2,0.0,151.08
18095,8158,367,1,0.0,219.68
18096,8159,206,1,0.0,142.68
18097,8159,222,2,0.0,108.6
18098,8160,289,1,0.1,67.92
18099,8160,286,2,0.1,199.3
18100,8161,539,1,0.2,136.57
18101,8162,375,1,0.0,290.94
18102,8162,185,1,0.0,45.69
18103,8163,535,-1,0.2,
18104,8163,224,1,0.05,351.97
18105,8164,321,3,0.15,10.41
18106,8164,429,4,0.2,16.56
18107,8165,367,2,0.15,209.37
18108,8166,234,2,0.05,117.15
18109,8166,31,1,0.15,102.49
18110,8166,510,1,0.2,179.59
18111,8167,361,4,0.0,224.84
18112,8167,479,4,0.0,111.8
18113,8168,255,3,0.15,339.36
18114,8169,486,1,0.0,281.24
18115,8169,544,1,0.2,143.65
18116,8169,511,2,0.1,185.5
18117,8170,501,2,0.15,
18118,8170,245,1,0.2,362.82
18119,8170,411,2,0.15,162.4
18120,8171,446,2,0.15,274.98
18121,8171,265,4,0.2,28.13
18122,8171,229,2,0.05,9.41
18123,8172,516,2,0.0,17.77
18124,8172,191,4,0.0,48.65
18125,8172,266,1,0.05,349.44
18126,8173,338,2,0.0,174.83
18127,8173,46,2,0.0,49.68
18128,8173,80,2,0.0,93.46
18129,8173,218,1,0.0,35.03
18130,8173,417,4,0.1,37.65
18131,8174,494,4,0.05,207.33
18132,8175,18,2,0.0,353.07
18133,8176,221,2,0.05,
18134,8177,218,1,0.0,36.91
18135,8177,522,3,0.05,107.8
18136,8177,249,1,0.15,123.49
18137,8178,452,1,0.0,67.37
18138,8179,136,3,0.0,293.64
18139,8180,141,1,0.0,235.28
18140,8181,442,1,0.0,8.66
18141,8182,346,2,0.1,102.62
18142,8182,259,1,0.0,143.21
18143,8183,217,2,0.1,140.6
18144,8184,468,4,0.0,47.61
18145,8184,280,3,0.0,250.55
18146,8184,139,2,0.1,287.37
18147,8185,330,2,0.1,217.9
18148,8185,83,3,0.1,40.5
18149,8185,568,2,0.1,141.68
18150,8186,567,1,0.0,
18151,8187,112,1,0.0,31.0
18152,8188,571,2,0.2,222.56
18153,8188,288,2,0.15,349.32
18154,8188,128,1,0.2,59.2
18155,8188,333,2,0.1,28.82
18156,8189,452,1,0.0,61.31
18157,8189,155,4,0.0,203.05
18158,8190,313,1,0.0,166.42
18159,8190,125,1,0.2,379.59
18160,8190,97,2,0.15,290.82
18161,8191,581,2,0.0,190.73
18162,8191,139,2,0.0,283.86
18163,8192,159,1,0.15,103.1
18164,8193,370,2,0.0,121.23
18165,8194,237,2,0.0,25.81
18166,8195,250,1,0.0,402.89
18167,8195,447,1,0.05,240.19
18168,8195,325,2,0.2,231.51
18169,8195,600,3,0.0,167.05
18170,8195,192,3,0.0,246.05
18171,8196,216,2,0.2,58.68
18172,8196,503,3,0.0,267.93
18173,8196,322,3,0.0,62.21
18174,8196,172,4,0.1,56.05
18175,8197,97,4,0.05,295.75
18176,8197,449,2,0.0,127.79
18177,8198,137,2,0.15,331.09
18178,8199,380,4,0.15,328.22
18179,8199,213,2,0.05,23.76
18180,8200,494,1,0.0,204.64
18181,8201,156,2,0.1,99.46
18182,8202,402,4,0.0,196.91
18183,8203,43,4,0.2,83.14
18184,8203,388,2,0.05,189.95
18185,8203,452,1,0.15,63.0
18186,8204,184,1,0.0,368.6
18187,8204,605,4,0.0,
18188,8204,436,2,0.15,102.69
18189,8205,362,2,0.05,29.37
18190,8205,114,1,0.1,279.42
18191,8205,14,3,0.0,65.89
18192,8205,200,3,0.1,279.1
18193,8206,115,3,0.2,294.31
18194,8206,52,1,0.0,106.25
18195,8206,182,2,0.0,143.29
18196,8207,402,1,0.15,187.22
18197,8208,121,2,0.1,368.21
18198,8208,445,4,0.0,30.2
18199,8208,315,2,0.15,13.51
18200,8208,398,1,0.0,14.43
18201,8209,283,1,0.15,115.65
18202,8209,444,1,0.0,161.59
18203,8210,449,2,0.15,125.13
18204,8210,564,2,0.1,31.56
18205,8210,117,1,0.0,185.78
18206,8211,58,1,0.0,259.13
18207,8211,423,1,0.0,47.37
18208,8212,45,2,0.1,276.04
18209,8212,384,1,0.0,309.29
18210,8213,306,1,0.0,21.39
18211,8213,367,1,0.0,205.1
18212,8213,5,1,0.0,215.78
18213,8214,488,4,0.2,13.44
18214,8214,560,1,0.0,
18215,8215,25,2,0.1,137.92
18216,8216,212,1,0.05,32.36
18217,8217,175,1,0.0,129.82
18218,8218,596,4,0.0,27.48
18219,8219,299,1,0.05,156.35
18220,8219,590,1,0.0,253.7
18221,8219,498,2,0.1,81.64
18222,8219,86,4,0.0,133.18
18223,8219,32,3,0.0,232.0
18224,8220,349,4,0.0,98.2
18225,8220,214,2,0.15,
18226,8220,358,3,0.0,144.1
18227,8221,123,1,0.2,14.31
18228,8221,72,1,0.1,137.94
18229,8221,85,3,0.0,20.56
18230,8221,144,1,0.05,155.54
18231,8222,132,1,0.0,51.14
18232,8222,394,1,0.0,
18233,8222,320,3,0.0,81.55
18234,8222,288,1,0.0,339.2
18235,8223,182,1,0.0,150.45
18236,8224,163,1,0.15,328.28
18237,8224,478,1,0.0,118.13
18238,8224,547,2,0.2,194.21
18239,8224,122,1,0.1,
18240,8225,428,1,0.15,51.01
18241,8225,303,4,0.05,39.47
18242,8226,470,4,0.1,45.06
18243,8227,308,1,0.15,350.55
18244,8227,268,1,0.2,327.53
18245,8227,115,4,0.0,297.2
18246,8228,430,2,0.2,119.54
18247,8229,358,2,0.05,146.18
18248,8230,520,1,0.15,23.17
18249,8230,122,3,0.0,249.78
18250,8230,116,2,0.0,235.11
18251,8231,363,2,0.2,226.96
18252,8231,8,4,0.15,48.36
18253,8231,117,4,0.0,180.01
18254,8231,311,1,0.0,47.74
18255,8232,379,3,0.1,200.31
18256,8233,276,2,0.0,214.93
18257,8234,506,4,0.0,99.53
18258,8234,433,4,0.0,130.0
18259,8234,465,1,0.0,157.98
18260,8235,430,1,0.0,126.31
18261,8235,217,2,0.0,141.06
18262,8236,11,1,0.0,137.18
18263,8237,481,3,0.0,32.66
18264,8238,203,3,0.15,136.32
18265,8239,8,3,0.05,49.14
18266,8239,456,1,0.15,152.27
18267,8240,572,3,0.0,214.58
18268,8240,517,1,0.05,53.04
18269,8240,186,2,0.0,24.34
18270,8240,607,1,0.0,
18271,8241,502,2,0.0,319.16
18272,8241,386,1,0.15,47.98
18273,8241,405,3,0.0,98.06
18274,8242,167,3,0.2,7.18
18275,8242,480,1,0.0,68.79
18276,8243,114,4,0.15,271.95
18277,8243,59,1,0.0,196.32
18278,8243,289,1,0.05,68.77
18279,8244,280,1,0.05,256.81
18280,8245,333,1,0.15,27.26
18281,8245,85,1,0.15,18.75
18282,8245,440,1,0.2,11.21
18283,8246,363,1,0.15,220.11
18284,8246,578,2,0.0,229.7
18285,8247,583,2,0.2,69.07
18286,8247,465,3,0.0,165.56
18287,8247,65,1,0.05,8.62
18288,8248,529,2,0.15,210.34
18289,8248,72,3,0.2,134.68
18290,8249,45,1,0.0,259.62
18291,8250,314,2,0.15,180.0
18292,8251,392,2,0.1,72.1
18293,8252,72,2,0.1,134.93
18294,8252,128,2,0.1,58.73
18295,8252,585,4,0.15,6.63
18296,8253,322,2,0.0,62.2
18297,8253,451,1,0.0,46.93
18298,8254,533,2,0.1,149.39
18299,8254,151,2,0.0,22.95
18300,8255,375,1,0.0,299.87
18301,8255,10,1,0.1,111.12
18302,8255,496,1,0.05,288.26
18303,8256,388,1,0.0,175.64
18304,8256,502,1,0.15,322.12
18305,8257,333,1,0.15,27.29
18306,8258,534,3,0.0,53.97
18307,8258,529,1,0.0,212.77
18308,8258,471,1,0.0,94.55
18309,8258,587,2,0.15,167.33
18310,8259,539,3,0.2,140.57
18311,8259,324,1,0.0,213.9
18312,8260,241,0,0.15,231.65
18313,8260,537,1,0.05,12.1
18314,8260,167,1,0.2,7.3
18315,8261,44,1,0.0,245.71
18316,8261,76,3,0.2,237.39
18317,8261,37,1,0.1,9.56
18318,8261,483,1,0.2,86.84
18319,8262,267,2,0.0,325.4
18320,8263,200,2,0.15,282.28
18321,8264,152,1,0.0,180.3
18322,8264,543,2,0.0,280.19
18323,8265,432,1,0.05,160.72
18324,8265,486,4,0.05,276.27
18325,8265,452,2,0.1,66.86
18326,8266,399,2,0.2,292.0
18327,8266,427,1,0.2,91.86
18328,8267,502,1,0.0,300.44
18329,8267,197,3,0.2,139.33
18330,8267,109,4,0.2,124.61
18331,8267,460,1,0.0,182.41
18332,8268,244,1,0.1,17.48
18333,8268,75,1,0.0,18.05
18334,8269,120,1,0.1,157.31
18335,8269,46,1,0.0,49.26
18336,8269,245,2,0.0,383.96
18337,8270,77,4,0.0,50.58
18338,8270,400,1,0.0,284.23
18339,8270,503,1,0.05,286.88
18340,8270,543,4,0.0,286.32
18341,8270,85,2,0.0,18.87
18342,8271,77,2,0.15,51.85
18343,8271,78,2,0.0,241.13
18344,8272,229,4,0.05,9.78
18345,8273,222,3,0.0,105.45
18346,8273,178,2,0.0,31.33
18347,8273,140,1,0.0,269.82
18348,8273,404,1,0.0,371.91
18349,8274,413,1,0.0,229.36
18350,8274,32,2,0.0,230.96
18351,8274,158,3,0.0,304.81
18352,8275,371,1,0.2,128.1
18353,8275,552,1,0.0,
18354,8275,426,3,0.0,
18355,8275,436,1,0.05,98.48
18356,8276,332,2,0.15,159.02
18357,8277,11,1,0.15,134.13
18358,8277,193,1,0.2,269.48
18359,8277,68,2,0.0,255.9
18360,8278,118,1,0.0,76.71
18361,8278,31,3,0.2,99.21
18362,8279,277,2,0.15,188.24
18363,8279,253,1,0.15,
18364,8280,430,3,0.2,116.5
18365,8280,355,3,0.2,95.16
18366,8280,18,1,0.15,361.34
18367,8281,548,1,0.0,55.02
18368,8282,580,3,0.05,183.67
18369,8282,144,4,0.2,144.6
18370,8283,425,2,0.15,162.68
18371,8283,302,3,0.15,43.24
18372,8283,16,3,0.0,
18373,8284,554,1,0.1,154.03
18374,8284,515,4,0.0,122.76
18375,8284,286,3,0.2,185.68
18376,8285,281,1,0.05,167.89
18377,8286,81,2,0.05,131.41
18378,8286,17,2,0.1,34.77
18379,8287,337,2,0.0,30.28
18380,8287,265,1,0.1,29.71
18381,8287,568,4,0.15,148.69
18382,8288,371,4,0.05,125.21
18383,8289,295,4,0.0,34.79
18384,8290,138,3,0.05,165.14
18385,8290,259,1,0.2,151.41
18386,8291,250,1,0.0,403.44
18387,8292,210,1,0.0,251.92
18388,8292,354,1,0.0,122.71
18389,8293,223,2,0.05,326.45
18390,8293,585,1,0.2,6.82
18391,8293,448,1,0.05,167.84
18392,8293,530,3,0.2,162.13
18393,8293,233,4,0.2,267.37
18394,8294,260,2,0.2,236.33
18395,8295,485,1,0.2,169.98
18396,8296,543,4,0.0,287.27
18397,8296,549,4,0.1,53.71
18398,8297,106,2,0.0,193.85
18399,8298,272,2,0.0,83.04
18400,8298,63,1,0.05,67.4
18401,8299,285,3,0.05,249.79
18402,8299,270,1,0.05,101.67
18403,8300,187,1,0.2,38.27
18404,8300,205,2,0.0,203.23
18405,8300,308,2,0.0,342.85
18406,8301,275,3,0.0,193.57
18407,8301,248,2,0.1,
18408,8301,68,1,0.0,242.14
18409,8302,427,2,0.15,93.56
18410,8303,528,2,0.15,270.36
18411,8303,18,3,0.0,374.8
18412,8303,110,1,0.0,249.87
18413,8303,111,4,0.15,212.73
18414,8303,189,1,0.0,168.74
18415,8304,123,1,0.2,14.82
18416,8305,394,-1,0.1,
18417,8306,436,1,0.0,95.95
18418,8306,191,3,0.0,48.3
18419,8306,112,4,0.05,32.26
18420,8307,588,3,0.15,197.18
18421,8308,268,1,0.15,310.18
18422,8309,405,1,0.0,102.55
18423,8310,440,1,0.2,11.96
18424,8310,567,1,0.0,24.23
18425,8310,565,1,0.0,98.46
18426,8310,501,3,0.2,
18427,8311,404,1,0.15,387.05
18428,8311,592,1,0.0,251.75
18429,8311,170,1,0.2,103.37
18430,8312,362,2,0.2,31.45
18431,8312,599,2,0.0,410.81
18432,8313,94,2,0.0,257.85
18433,8313,573,2,0.0,114.48
18434,8314,479,2,0.0,
18435,8315,68,2,0.0,255.68
18436,8316,518,2,0.2,32.47
18437,8316,390,1,0.0,256.16
18438,8317,460,2,0.05,174.53
18439,8317,320,0,0.2,78.47
18440,8317,388,1,0.15,191.12
18441,8317,235,1,0.2,103.1
18442,8318,411,2,0.15,161.61
18443,8318,482,1,0.0,75.75
18444,8319,209,2,0.0,80.57
18445,8319,190,3,0.2,206.34
18446,8319,364,4,0.1,59.12
18447,8320,589,1,0.0,180.11
18448,8320,441,1,0.0,
18449,8321,53,1,0.2,233.96
18450,8322,348,1,0.0,42.98
18451,8322,110,3,0.0,251.49
18452,8323,100,1,0.0,324.28
18453,8324,315,1,0.05,13.8
18454,8325,182,3,0.0,152.49
18455,8325,581,1,0.05,178.34
18456,8326,34,2,0.0,57.39
18457,8326,320,2,0.05,78.75
18458,8326,174,2,0.2,129.22
18459,8326,82,3,0.1,210.39
18460,8327,389,1,0.0,84.85
18461,8327,222,1,0.15,104.98
18462,8327,596,1,0.05,27.13
18463,8327,441,1,0.2,88.38
18464,8328,545,2,0.15,237.68
18465,8328,211,3,0.05,292.15
18466,8328,407,1,0.15,58.16
18467,8328,190,3,0.0,202.51
18468,8328,560,1,0.2,
18469,8329,219,3,0.0,35.42
18470,8329,25,3,0.0,128.36
18471,8329,412,1,0.0,97.63
18472,8329,269,1,0.0,216.29
18473,8330,154,1,0.2,147.08
18474,8330,68,1,0.0,256.02
18475,8331,479,3,0.15,105.97
18476,8331,86,1,0.05,135.69
18477,8332,106,3,0.0,194.59
18478,8332,502,1,0.0,315.98
18479,8332,293,4,0.2,159.86
18480,8332,150,1,0.0,133.19
18481,8333,549,1,0.0,58.02
18482,8333,116,1,0.0,241.97
18483,8333,437,1,0.15,187.41
18484,8333,460,4,0.1,169.89
18485,8334,313,2,0.0,172.86
18486,8335,599,1,0.0,409.56
18487,8335,501,1,0.2,
18488,8336,359,3,0.2,354.25
18489,8336,296,2,0.0,54.19
18490,8336,307,4,0.15,135.13
18491,8336,372,1,0.0,
18492,8336,438,4,0.0,10.36
18493,8337,553,2,0.0,222.6
18494,8338,584,1,0.1,270.36
18495,8339,146,1,0.05,10.02
18496,8339,386,1,0.0,49.51
18497,8340,495,3,0.0,95.5
18498,8340,150,3,0.0,141.72
18499,8340,39,1,0.1,164.09
18500,8341,287,1,0.05,134.11
18501,8341,165,3,0.0,104.8
18502,8341,49,3,0.0,157.31
18503,8342,423,1,0.0,47.46
18504,8343,114,2,0.05,270.91
18505,8343,403,1,0.05,149.43
18506,8343,386,1,0.0,47.2
18507,8343,476,1,0.15,213.78
18508,8344,155,4,0.0,204.16
18509,8345,77,2,0.1,51.15
18510,8345,54,1,0.05,158.01
18511,8346,552,3,0.0,
18512,8347,63,1,0.0,71.28
18513,8348,516,1,0.0,18.97
18514,8348,440,2,0.05,11.67
18515,8348,233,2,0.0,264.54
18516,8349,569,1,0.05,251.4
18517,8349,192,3,0.1,256.51
18518,8350,16,1,0.15,
18519,8351,341,3,0.2,
18520,8351,177,1,0.05,156.0
18521,8351,470,1,0.05,43.35
18522,8352,403,1,0.0,162.68
18523,8352,154,4,0.2,143.48
18524,8353,544,4,0.0,145.11
18525,8354,150,1,0.1,132.34
18526,8354,410,1,0.15,
18527,8354,481,4,0.0,34.58
18528,8354,53,2,0.2,220.04
18529,8355,550,1,0.05,221.21
18530,8355,150,2,0.0,129.9
18531,8356,527,1,0.15,343.45
18532,8357,120,2,0.1,160.26
18533,8358,160,3,0.0,45.17
18534,8358,315,1,0.15,14.23
18535,8359,173,1,0.15,139.67
18536,8359,405,2,0.0,97.64
18537,8360,589,1,0.0,168.93
18538,8361,47,-1,0.2,241.61
18539,8362,537,4,0.0,11.62
18540,8363,17,4,0.0,34.91
18541,8364,240,1,0.0,297.46
18542,8364,566,1,0.2,226.44
18543,8364,355,1,0.15,89.45
18544,8364,481,1,0.15,31.78
18545,8365,573,1,0.2,106.96
18546,8365,337,3,0.2,31.49
18547,8366,261,1,0.15,170.82
18548,8366,6,1,0.2,16.11
18549,8366,466,1,0.1,60.1
18550,8367,472,1,0.0,254.31
18551,8368,255,1,4.56,355.61
18552,8369,88,1,0.05,156.79
18553,8369,50,1,0.1,9.49
18554,8369,433,3,0.0,129.41
18555,8369,451,1,0.0,44.53
18556,8370,514,1,0.15,319.83
18557,8370,248,2,0.1,
18558,8370,298,4,0.05,282.18
18559,8370,408,2,0.05,266.71
18560,8371,437,1,0.0,
18561,8371,50,1,0.1,9.6
18562,8371,549,1,0.0,55.78
18563,8372,19,1,0.1,
18564,8372,158,1,0.0,289.42
18565,8372,371,1,0.0,122.89
18566,8372,314,3,0.0,163.84
18567,8372,374,2,0.05,126.11
18568,8373,68,1,0.0,258.85
18569,8373,156,2,0.0,99.22
18570,8374,316,2,0.05,280.04
18571,8374,399,2,0.1,302.24
18572,8374,248,2,0.0,
18573,8374,13,2,0.0,178.74
18574,8375,129,2,0.2,328.42
18575,8376,525,1,0.15,168.51
18576,8377,375,3,0.0,306.48
18577,8377,250,2,0.0,426.35
18578,8377,38,1,0.0,262.48
18579,8378,147,1,0.1,235.99
18580,8378,289,1,0.0,64.16
18581,8379,158,1,0.1,307.0
18582,8380,600,1,3.0,161.03
18583,8381,290,3,0.05,131.73
18584,8382,586,4,0.05,252.92
18585,8383,375,2,0.0,308.44
18586,8384,26,4,0.05,
18587,8385,110,4,0.05,244.27
18588,8385,468,1,0.0,47.03
18589,8385,376,1,0.05,54.53
18590,8386,212,2,0.0,34.91
18591,8386,450,1,0.15,6.93
18592,8386,570,1,0.05,154.03
18593,8387,33,4,0.0,89.19
18594,8388,554,1,0.0,144.96
18595,8388,314,3,0.0,164.18
18596,8389,7,3,0.05,200.3
18597,8389,310,4,0.0,290.93
18598,8390,3,2,0.2,41.66
18599,8390,429,1,0.2,16.48
18600,8391,294,1,0.2,21.34
18601,8392,243,1,0.0,243.22
18602,8392,124,3,0.2,181.57
18603,8393,336,1,0.0,76.84
18604,8393,198,1,0.15,149.95
18605,8393,233,2,0.0,264.26
18606,8394,478,4,0.1,115.88
18607,8395,473,2,0.2,
18608,8396,408,2,0.0,273.09
18609,8396,314,2,0.0,173.25
18610,8396,219,2,0.1,35.53
18611,8397,104,4,0.2,42.77
18612,8398,269,1,0.2,213.72
18613,8398,60,4,0.05,272.96
18614,8399,297,1,0.15,53.56
18615,8400,241,2,0.0,216.15
18616,8400,387,1,0.05,39.91
18617,8401,189,3,0.15,161.34
18618,8401,426,2,0.0,
18619,8402,549,2,0.0,57.31
18620,8402,234,2,0.2,112.45
18621,8402,111,1,0.1,223.55
18622,8403,153,1,0.2,314.53
18623,8403,493,1,0.15,234.06
18624,8403,537,4,0.0,11.7
18625,8403,376,1,0.0,52.38
18626,8404,370,2,0.0,120.56
18627,8404,378,2,0.0,61.19
18628,8404,15,3,0.15,125.36
18629,8404,491,3,0.0,123.93
18630,8405,255,2,0.0,355.28
18631,8406,485,2,0.1,172.74
18632,8407,52,2,0.15,104.41
18633,8408,416,1,0.0,72.24
18634,8408,348,4,0.2,44.71
18635,8409,71,2,0.0,240.93
18636,8410,417,3,0.0,36.71
18637,8410,344,2,0.1,144.63
18638,8411,85,2,0.0,18.82
18639,8411,119,3,0.0,61.7
18640,8412,499,2,0.0,216.56
18641,8412,134,1,0.0,251.73
18642,8412,382,2,0.05,94.43
18643,8413,211,1,0.2,282.46
18644,8413,520,2,0.15,22.24
18645,8414,101,4,0.1,141.09
18646,8415,275,2,0.1,191.52
18647,8416,6,1,0.05,16.35
18648,8416,562,2,0.05,325.28
18649,8416,498,3,0.0,80.54
18650,8417,310,1,0.15,301.49
18651,8417,404,1,0.0,377.3
18652,8418,352,3,0.0,81.53
18653,8418,580,1,0.0,175.96
18654,8418,439,1,0.15,236.12
18655,8419,169,2,0.05,
18656,8419,294,2,0.1,21.59
18657,8419,323,2,0.2,54.06
18658,8419,497,3,0.0,93.63
18659,8419,608,3,0.0,
18660,8420,286,1,0.1,195.86
18661,8420,267,2,0.0,306.71
18662,8421,68,1,0.0,251.08
18663,8421,153,4,0.0,305.16
18664,8421,406,4,0.0,
18665,8421,422,4,0.05,78.89
18666,8422,326,1,0.05,34.78
18667,8423,502,1,0.05,322.86
18668,8423,557,3,0.05,74.62
18669,8423,530,3,0.05,160.9
18670,8424,210,1,0.0,242.01
18671,8425,510,1,0.05,191.96
18672,8426,311,2,0.2,48.13
18673,8426,140,1,0.0,273.89
18674,8426,356,1,0.2,261.99
18675,8426,34,3,0.0,59.17
18676,8427,375,2,0.1,318.27
18677,8428,342,1,0.1,63.46
18678,8429,278,3,0.0,245.21
18679,8430,266,2,0.05,329.48
18680,8431,5,1,0.0,210.31
18681,8431,243,1,0.1,242.14
18682,8431,87,3,0.0,127.13
18683,8431,346,2,0.2,94.58
18684,8432,107,3,0.0,155.38
18685,8432,400,3,0.05,282.61
18686,8433,437,2,0.15,187.59
18687,8433,218,3,0.0,37.18
18688,8433,590,2,0.0,247.8
18689,8433,538,2,0.2,278.17
18690,8434,84,4,0.1,77.46
18691,8435,434,2,0.05,41.4
18692,8436,38,1,0.0,247.72
18693,8437,23,1,0.0,96.99
18694,8437,48,1,0.1,241.13
18695,8438,341,3,0.0,
18696,8439,402,3,0.15,196.65
18697,8440,401,1,0.0,156.97
18698,8440,554,3,0.0,150.01
18699,8441,364,2,0.0,58.42
18700,8442,9,2,0.15,99.73
18701,8442,352,1,0.0,77.53
18702,8443,22,2,0.2,21.4
18703,8443,403,1,0.05,163.16
18704,8443,259,1,0.0,144.49
18705,8444,205,1,0.05,186.65
18706,8444,550,3,0.05,209.41
18707,8445,340,4,0.0,376.34
18708,8445,578,2,0.0,228.95
18709,8446,189,1,0.0,168.56
18710,8446,22,4,0.0,22.17
18711,8446,289,1,0.2,68.97
18712,8446,257,2,0.0,363.68
18713,8446,172,2,0.0,53.17
18714,8447,106,2,0.05,194.03
18715,8448,292,1,0.2,130.91
18716,8449,70,1,0.0,152.3
18717,8450,565,1,0.0,100.89
18718,8450,509,4,0.1,63.79
18719,8450,71,1,0.15,250.35
18720,8451,414,2,0.1,102.91
18721,8451,17,2,0.1,34.36
18722,8452,20,2,0.05,211.41
18723,8452,582,2,0.15,128.54
18724,8452,134,3,0.05,238.34
18725,8453,254,1,0.1,344.05
18726,8454,389,2,0.0,88.86
18727,8454,402,2,0.2,197.83
18728,8454,262,1,0.2,386.61
18729,8455,408,2,0.0,275.71
18730,8455,280,2,0.15,243.88
18731,8455,285,2,0.15,238.82
18732,8456,167,2,0.0,7.42
18733,8456,420,3,0.0,194.56
18734,8456,219,4,0.0,33.73
18735,8457,259,1,0.0,148.49
18736,8457,466,2,0.2,59.54
18737,8458,32,2,0.0,233.3
18738,8458,50,1,0.2,9.74
18739,8458,236,4,0.0,12.9
18740,8459,510,1,0.2,186.8
18741,8460,457,1,0.0,174.05
18742,8460,372,4,0.0,243.24
18743,8461,8,2,0.0,47.56
18744,8461,373,1,0.1,
18745,8462,357,1,0.0,140.39
18746,8462,126,1,0.0,83.2
18747,8462,600,3,0.2,169.36
18748,8463,541,1,0.05,166.51
18749,8464,15,1,0.0,125.86
18750,8465,407,3,0.15,57.12
18751,8466,150,1,0.05,138.89
18752,8466,345,1,0.2,178.58
18753,8467,99,2,0.2,294.81
18754,8467,114,1,0.1,281.13
18755,8467,64,1,0.15,318.63
18756,8467,332,4,0.0,157.88
18757,8468,499,2,0.2,200.17
18758,8469,75,1,0.1,18.63
18759,8469,279,2,0.2,29.37
18760,8469,190,2,0.1,204.19
18761,8469,528,3,0.2,265.2
18762,8470,487,4,0.15,182.47
18763,8470,106,1,0.05,198.3
18764,8471,205,1,0.0,194.49
18765,8471,406,1,0.05,
18766,8472,221,3,0.0,43.5
18767,8472,9,1,0.15,96.06
18768,8472,554,1,0.05,151.21
18769,8472,196,2,0.0,271.23
18770,8472,246,4,0.2,150.52
18771,8473,43,1,0.05,88.89
18772,8474,553,1,0.0,241.67
18773,8475,170,1,0.0,100.72
18774,8475,505,3,0.1,81.88
18775,8476,59,3,0.0,183.0
18776,8477,180,4,0.2,317.05
18777,8477,405,2,0.05,100.72
18778,8477,95,1,0.05,137.69
18779,8477,192,1,0.2,241.55
18780,8477,26,1,0.05,
18781,8478,448,1,0.05,161.54
18782,8479,93,1,0.0,90.98
18783,8480,222,1,0.05,108.46
18784,8481,276,1,0.2,200.53
18785,8481,275,2,0.0,191.26
18786,8482,414,4,0.15,94.36
18787,8483,317,2,0.1,159.42
18788,8483,387,4,0.1,42.45
18789,8484,599,1,0.05,403.21
18790,8484,563,2,0.2,208.12
18791,8484,499,1,0.05,216.41
18792,8485,101,1,0.1,143.01
18793,8485,594,2,0.05,143.18
18794,8485,494,1,0.0,195.5
18795,8485,183,1,0.2,257.32
18796,8486,285,2,0.0,252.02
18797,8486,498,1,0.1,81.09
18798,8487,310,1,0.0,308.49
18799,8488,240,1,0.0,288.54
18800,8489,518,1,0.15,34.81
18801,8489,591,2,0.15,249.33
18802,8489,133,3,0.2,315.81
18803,8490,31,1,0.1,106.94
18804,8491,40,2,0.0,83.38
18805,8492,140,1,0.0,267.01
18806,8492,367,2,0.2,206.17
18807,8492,216,2,0.0,61.39
18808,8493,264,1,0.1,105.78
18809,8493,587,3,0.1,158.28
18810,8494,167,2,0.1,
18811,8495,406,3,0.2,
18812,8495,75,1,0.0,18.02
18813,8495,73,1,0.2,58.01
18814,8495,485,1,0.0,181.1
18815,8495,517,2,0.2,53.54
18816,8496,170,1,0.1,106.59
18817,8496,4,1,0.05,
18818,8497,334,3,0.0,
18819,8497,518,4,0.1,34.8
18820,8497,403,1,0.0,160.6
18821,8498,496,2,0.0,273.6
18822,8498,554,1,0.15,147.3
18823,8499,451,1,0.0,45.01
18824,8500,268,2,0.05,310.16
18825,8500,460,1,0.0,181.97
18826,8501,379,2,0.0,203.8
18827,8501,150,1,0.0,139.07
18828,8501,201,4,0.15,47.52
18829,8502,472,1,0.0,257.71
18830,8502,506,2,0.0,99.93
18831,8502,425,2,0.15,166.37
18832,8502,530,4,0.1,161.66
18833,8503,104,2,0.1,42.32
18834,8503,206,4,0.15,137.41
18835,8503,360,4,0.0,48.61
18836,8503,182,2,0.0,141.92
18837,8504,461,1,0.1,274.47
18838,8505,162,1,0.0,165.02
18839,8505,229,1,0.1,9.37
18840,8506,51,2,0.0,17.37
18841,8507,381,2,0.0,46.58
18842,8507,373,2,0.2,
18843,8507,275,1,0.1,189.44
18844,8507,558,1,0.15,190.98
18845,8508,16,1,0.05,
18846,8508,554,2,0.2,145.14
18847,8508,558,2,0.05,201.83
18848,8509,307,4,0.2,139.06
18849,8510,257,1,0.15,348.94
18850,8510,404,1,0.1,376.54
18851,8510,385,2,0.0,132.25
18852,8511,288,4,1.68,358.83
18853,8511,35,2,0.15,40.6
18854,8511,277,2,0.2,182.51
18855,8511,244,3,0.05,17.07
18856,8512,130,4,0.05,124.21
18857,8512,501,1,0.2,
18858,8513,520,4,0.0,22.18
18859,8514,227,4,0.05,
18860,8515,549,2,0.0,55.9
18861,8515,494,2,0.0,198.0
18862,8515,379,2,0.1,197.24
18863,8516,141,4,0.15,247.1
18864,8516,450,2,0.0,6.88
18865,8516,53,4,0.1,231.4
18866,8516,171,4,0.1,146.06
18867,8517,14,1,0.15,65.52
18868,8518,446,4,0.0,292.88
18869,8518,496,1,0.15,285.81
18870,8518,146,1,0.2,9.72
18871,8519,141,1,0.05,236.14
18872,8520,241,1,0.15,234.92
18873,8520,271,1,0.2,309.2
18874,8520,93,1,0.1,94.46
18875,8520,406,1,0.0,
18876,8521,127,1,0.2,225.24
18877,8522,530,4,0.1,157.14
18878,8522,273,4,0.05,168.72
18879,8522,521,3,0.0,213.91
18880,8522,462,2,0.0,320.05
18881,8523,517,1,0.0,55.69
18882,8524,223,4,0.0,346.34
18883,8524,72,3,0.05,136.78
18884,8525,67,1,0.0,36.59
18885,8526,410,1,0.2,19.96
18886,8527,481,1,0.0,34.68
18887,8527,421,1,0.05,11.83
18888,8527,37,2,0.0,9.22
18889,8528,173,4,0.0,131.8
18890,8529,70,1,0.0,162.77
18891,8529,537,2,0.05,12.64
18892,8530,494,4,0.15,197.54
18893,8530,114,1,0.1,288.92
18894,8531,382,1,0.2,92.72
18895,8531,71,1,0.0,232.42
18896,8531,430,2,0.2,122.51
18897,8531,149,3,0.15,189.41
18898,8531,213,1,0.0,23.71
18899,8532,8,1,0.0,48.84
18900,8533,95,1,0.05,133.16
18901,8533,590,2,0.05,240.23
18902,8534,457,4,0.0,183.75
18903,8534,547,1,0.15,185.91
18904,8534,317,4,0.15,165.55
18905,8534,117,1,0.0,176.57
18906,8535,472,1,0.2,256.21
18907,8535,370,3,0.05,122.83
18908,8535,550,1,0.2,207.89
18909,8536,109,2,0.2,119.92
18910,8536,556,1,0.0,209.96
18911,8536,502,3,0.0,325.95
18912,8537,376,1,0.2,56.48
18913,8537,184,1,0.15,394.32
18914,8537,461,1,0.15,269.02
18915,8538,384,1,0.1,
18916,8538,600,4,0.15,166.28
18917,8538,47,-1,0.15,247.5
18918,8538,283,4,0.0,114.46
18919,8539,392,2,0.05,69.34
18920,8540,140,1,0.0,254.03
18921,8540,580,3,0.2,169.35
18922,8541,124,2,0.0,174.25
18923,8541,187,1,0.0,38.02
18924,8541,584,1,0.05,258.29
18925,8542,415,4,0.05,215.68
18926,8543,549,1,0.05,57.95
18927,8543,364,1,0.0,60.92
18928,8543,57,1,0.05,365.63
18929,8543,586,3,0.0,258.94
18930,8544,471,3,0.0,94.79
18931,8544,125,2,0.0,376.52
18932,8544,567,3,0.15,23.45
18933,8545,427,1,0.15,90.85
18934,8546,468,1,0.0,49.88
18935,8546,301,2,0.0,47.08
18936,8546,363,1,0.15,229.64
18937,8546,597,4,0.0,123.44
18938,8547,287,2,0.0,138.84
18939,8548,189,3,0.0,176.31
18940,8548,583,1,0.0,64.9
18941,8548,560,1,0.15,
18942,8549,108,1,0.2,180.29
18943,8550,515,2,0.05,131.45
18944,8550,190,3,0.0,212.13
18945,8551,107,2,0.2,158.96
18946,8552,150,1,0.0,140.39
18947,8552,32,2,0.05,237.7
18948,8552,132,4,0.0,47.87
18949,8552,268,3,0.2,323.0
18950,8552,28,1,0.0,233.87
18951,8553,468,2,0.2,46.25
18952,8554,207,1,0.0,308.69
18953,8554,188,1,0.15,22.83
18954,8555,558,1,0.0,194.36
18955,8556,544,2,0.1,148.66
18956,8556,88,1,0.0,158.73
18957,8556,257,4,0.15,355.23
18958,8556,246,1,0.0,149.47
18959,8557,198,1,0.05,145.03
18960,8557,354,1,0.05,123.74
18961,8557,275,3,0.0,186.11
18962,8557,349,1,0.0,95.03
18963,8558,502,1,0.1,328.76
18964,8558,15,0,0.1,128.01
18965,8559,9,1,0.0,102.88
18966,8559,62,1,0.0,71.72
18967,8559,360,2,0.15,52.06
18968,8559,460,1,0.2,182.0
18969,8560,470,1,0.1,44.27
18970,8560,111,1,0.0,210.96
18971,8561,165,1,0.15,111.36
18972,8561,200,1,0.15,273.8
18973,8562,88,1,0.0,153.96
18974,8563,184,1,0.1,385.13
18975,8563,193,2,0.0,270.37
18976,8563,358,1,0.15,138.95
18977,8563,579,2,0.2,72.41
18978,8564,460,3,0.0,172.6
18979,8565,525,2,0.05,170.58
18980,8565,233,1,0.1,276.14
18981,8565,302,1,0.0,41.97
18982,8566,363,2,0.05,232.64
18983,8566,371,1,0.2,127.91
18984,8567,93,1,0.0,91.66
18985,8568,303,3,0.15,41.66
18986,8568,102,2,0.15,70.88
18987,8569,391,2,0.1,232.1
18988,8569,298,3,0.0,264.08
18989,8569,589,1,0.2,168.1
18990,8570,568,3,0.0,152.43
18991,8570,211,1,0.0,295.29
18992,8571,291,1,0.2,194.43
18993,8571,158,1,0.1,305.95
18994,8571,77,2,0.2,48.42
18995,8572,212,2,0.1,34.16
18996,8572,559,3,0.0,43.99
18997,8573,193,2,0.2,276.63
18998,8574,242,2,0.15,153.89
18999,8574,46,4,0.1,49.97
19000,8575,261,1,0.05,164.93
19001,8575,20,1,0.0,209.52
19002,8575,498,2,0.1,79.91
19003,8575,480,2,0.0,62.87
19004,8575,574,1,2.66,276.93
19005,8576,566,1,0.0,216.64
19006,8576,17,2,0.0,34.1
19007,8576,54,3,0.0,158.85
19008,8576,92,4,0.0,352.17
19009,8577,28,1,0.0,236.72
19010,8578,247,1,0.05,69.09
19011,8578,343,2,0.0,297.41
19012,8578,462,2,0.0,334.66
19013,8578,540,1,0.05,97.45
19014,8579,508,2,0.0,280.23
19015,8579,356,4,0.1,245.67
19016,8580,359,1,0.1,327.3
19017,8580,150,3,0.05,133.43
19018,8581,534,2,0.0,54.14
19019,8581,79,1,0.0,250.92
19020,8581,191,1,0.2,46.25
19021,8582,460,3,0.1,180.92
19022,8582,388,3,0.15,189.69
19023,8582,440,2,0.0,11.7
19024,8582,497,1,0.05,96.89
19025,8583,520,1,0.05,23.39
19026,8584,309,2,0.2,
19027,8585,514,1,0.0,348.95
19028,8585,82,2,0.0,210.13
19029,8585,419,1,0.0,249.96
19030,8585,329,2,0.2,85.49
19031,8586,587,1,0.0,168.45
19032,8587,507,3,0.2,183.76
19033,8588,302,1,0.05,43.15
19034,8589,473,4,0.0,
19035,8590,568,1,0.2,150.83
19036,8590,517,3,0.05,52.39
19037,8590,204,2,0.0,76.65
19038,8590,9,1,0.05,104.37
19039,8591,494,1,0.2,201.71
19040,8591,317,1,0.05,169.02
19041,8592,561,4,0.0,374.47
19042,8593,307,3,0.05,139.46
19043,8593,151,2,0.0,22.82
19044,8594,345,4,0.0,191.14
19045,8595,530,2,0.2,166.35
19046,8595,241,2,0.05,222.19
19047,8595,242,1,0.15,163.14
19048,8595,244,1,0.15,16.42
19049,8596,521,2,0.15,207.3
19050,8596,19,2,0.0,
19051,8596,386,1,0.0,51.55
19052,8596,192,1,0.15,260.94
19053,8597,31,4,0.05,104.3
19054,8597,232,2,0.1,250.46
19055,8598,491,4,0.15,128.02
19056,8598,174,1,0.15,128.98
19057,8598,441,1,0.15,81.19
19058,8599,149,1,0.15,183.42
19059,8599,266,1,0.2,359.41
19060,8599,44,1,0.0,256.38
19061,8600,445,4,0.2,29.27
19062,8600,147,3,0.0,224.48
19063,8600,539,2,0.0,132.0
19064,8601,323,1,0.1,51.66
19065,8602,317,1,0.2,168.31
19066,8602,201,1,0.05,50.53
19067,8603,46,2,0.0,47.57
19068,8603,36,2,0.2,182.01
19069,8603,187,3,0.2,40.95
19070,8604,24,3,0.0,102.59
19071,8605,324,2,0.0,202.45
19072,8605,460,2,0.15,166.14
19073,8605,365,1,0.0,50.76
19074,8606,576,4,0.0,272.47
19075,8606,131,3,0.0,258.38
19076,8607,196,0,0.15,298.53
19077,8607,182,2,0.0,145.52
19078,8607,172,2,0.2,55.45
19079,8608,495,3,0.2,96.33
19080,8609,83,4,0.0,
19081,8610,50,2,0.0,10.11
19082,8611,576,1,0.2,265.48
19083,8611,276,1,0.2,208.49
19084,8611,59,1,0.05,184.29
19085,8611,596,2,0.05,27.16
19086,8611,366,2,0.05,65.2
19087,8612,164,1,0.05,189.8
19088,8612,200,1,0.0,289.24
19089,8612,532,1,0.2,226.88
19090,8613,439,4,0.1,258.21
19091,8614,392,3,0.0,72.95
19092,8614,67,3,0.0,37.92
19093,8614,129,3,0.0,343.63
19094,8615,125,1,0.0,357.69
19095,8615,301,3,0.05,48.28
19096,8616,443,1,0.05,190.49
19097,8617,570,3,0.0,153.66
19098,8617,365,1,0.05,48.71
19099,8617,378,2,0.05,58.77
19100,8617,396,1,0.15,55.65
19101,8618,309,2,0.0,
19102,8618,599,3,0.1,410.21
19103,8619,567,3,0.2,23.97
19104,8619,334,4,0.1,
19105,8620,74,4,0.15,196.1
19106,8621,344,1,0.15,151.85
19107,8622,226,3,0.0,245.07
19108,8623,509,3,0.2,65.49
19109,8624,372,2,0.15,226.15
19110,8624,41,3,0.1,284.55
19111,8624,47,1,0.1,248.66
19112,8624,286,2,0.0,198.15
19113,8625,2,1,0.05,239.97
19114,8626,51,2,0.15,17.34
19115,8627,225,2,0.15,81.02
19116,8627,201,1,0.05,49.61
19117,8628,537,2,0.05,12.79
19118,8628,391,1,0.2,226.4
19119,8629,21,2,0.0,42.01
19120,8630,443,3,0.05,
19121,8630,50,2,0.0,9.39
19122,8630,442,2,0.0,8.72
19123,8631,599,2,0.15,406.28
19124,8632,176,2,0.0,207.96
19125,8633,395,1,0.2,191.05
19126,8634,514,1,0.05,347.39
19127,8635,51,3,0.1,17.63
19128,8636,440,4,0.15,11.16
19129,8637,535,2,0.15,
19130,8637,511,1,0.0,188.42
19131,8638,323,1,0.2,54.3
19132,8639,136,1,0.1,320.97
19133,8639,83,3,0.05,39.55
19134,8640,253,3,0.0,
19135,8640,79,1,0.0,255.82
19136,8641,597,1,0.0,123.62
19137,8642,80,1,0.05,92.3
19138,8643,108,1,0.2,176.44
19139,8644,158,4,0.0,282.31
19140,8644,299,1,0.0,154.49
19141,8645,238,2,0.0,228.15
19142,8646,321,3,0.15,10.9
19143,8646,433,3,0.2,136.65
19144,8646,464,2,0.0,92.24
19145,8647,371,1,0.0,122.22
19146,8647,549,2,0.2,57.03
19147,8647,211,2,0.0,310.45
19148,8647,500,2,0.1,270.73
19149,8648,244,3,0.0,17.05
19150,8648,116,3,0.1,243.93
19151,8648,454,1,0.2,217.12
19152,8649,459,4,0.0,123.76
19153,8649,101,2,0.1,134.25
19154,8649,334,4,0.0,
19155,8650,325,1,0.2,240.95
19156,8651,251,1,0.15,231.99
19157,8651,481,1,0.0,35.01
19158,8651,334,2,0.2,
19159,8652,357,1,0.15,133.92
19160,8652,69,1,0.2,183.75
19161,8653,503,1,0.05,272.88
19162,8653,127,1,0.1,237.07
19163,8653,464,3,0.05,86.07
19164,8653,369,1,0.2,154.6
19165,8653,443,3,0.0,188.78
19166,8654,250,4,0.05,425.81
19167,8654,383,2,0.05,17.88
19168,8655,416,4,0.05,70.73
19169,8656,351,1,0.0,111.34
19170,8656,486,2,0.0,268.9
19171,8657,28,2,0.15,250.89
19172,8657,315,2,0.0,13.52
19173,8657,49,4,0.15,149.04
19174,8658,356,1,0.0,256.85
19175,8658,22,2,0.05,20.43
19176,8658,145,1,0.2,100.33
19177,8659,535,4,0.2,
19178,8659,18,1,0.2,374.62
19179,8660,50,2,0.05,10.09
19180,8660,567,1,0.0,23.54
19181,8660,35,2,0.1,39.81
19182,8661,495,2,0.0,102.05
19183,8661,226,1,0.0,261.28
19184,8662,282,1,0.2,31.15
19185,8662,477,3,0.0,79.72
19186,8662,501,1,0.0,
19187,8663,96,4,0.0,44.71
19188,8663,390,2,0.1,250.51
19189,8664,422,3,0.05,79.22
19190,8665,340,4,0.1,367.81
19191,8665,571,4,0.0,224.35
19192,8666,337,2,0.0,31.15
19193,8667,488,2,0.2,13.08
19194,8667,85,3,0.0,19.57
19195,8667,83,1,0.15,40.83
19196,8667,130,1,0.2,122.31
19197,8668,112,1,0.15,30.07
19198,8668,449,3,0.1,121.6
19199,8669,511,2,0.15,188.04
19200,8670,313,2,0.0,179.73
19201,8670,524,1,0.0,49.02
19202,8671,161,2,0.1,200.83
19203,8672,427,0,0.15,89.43
19204,8673,132,3,0.0,51.3
19205,8673,307,3,0.0,
19206,8673,268,1,0.15,327.35
19207,8674,417,2,0.0,37.39
19208,8675,527,1,0.1,350.11
19209,8675,156,1,0.1,97.19
19210,8676,66,2,0.05,101.53
19211,8677,388,4,0.1,190.31
19212,8678,495,4,0.2,96.9
19213,8679,67,3,0.2,38.47
19214,8679,46,2,0.05,47.79
19215,8679,591,1,0.0,262.64
19216,8680,220,2,0.05,156.04
19217,8680,417,1,0.15,36.71
19218,8680,246,1,0.15,153.85
19219,8681,447,1,0.0,246.24
19220,8682,15,4,0.0,118.06
19221,8683,37,2,0.0,9.94
19222,8683,536,1,0.0,80.13
19223,8683,440,1,0.05,11.47
19224,8683,65,2,0.1,8.47
19225,8684,476,2,0.0,217.3
19226,8684,420,2,0.0,197.37
19227,8684,291,4,0.2,
19228,8684,142,2,0.0,82.81
19229,8685,552,2,0.15,
19230,8686,13,3,0.0,181.93
19231,8687,20,4,0.0,193.52
19232,8687,59,1,0.0,187.93
19233,8688,576,2,0.0,272.64
19234,8689,309,2,0.0,
19235,8690,200,1,0.0,269.71
19236,8691,149,1,0.0,186.22
19237,8691,213,3,0.0,24.09
19238,8691,183,1,0.1,254.33
19239,8691,396,1,0.05,57.19
19240,8692,169,1,0.0,
19241,8693,326,4,0.0,31.7
19242,8693,585,1,0.15,6.88
19243,8693,337,2,0.1,31.38
19244,8694,263,2,0.0,259.42
19245,8695,112,2,0.05,29.77
19246,8695,169,3,0.05,
19247,8696,316,1,0.0,275.99
19248,8697,301,3,0.0,48.26
19249,8697,459,3,0.2,130.94
19250,8698,306,2,0.15,22.39
19251,8698,309,1,0.0,
19252,8699,496,1,0.2,292.21
19253,8699,563,4,0.0,214.77
19254,8699,15,2,0.15,125.71
19255,8699,145,4,0.15,103.15
19256,8700,60,2,0.0,295.8
19257,8701,129,1,0.2,325.83
19258,8701,368,2,0.15,147.81
19259,8701,259,1,0.0,142.4
19260,8701,542,3,0.0,167.1
19261,8702,45,2,0.0,261.88
19262,8702,479,3,0.2,107.21
19263,8702,294,2,0.15,21.5
19264,8702,548,2,0.0,56.09
19265,8703,514,1,0.0,322.33
19266,8704,349,1,0.15,97.48
19267,8704,12,1,0.0,81.57
19268,8705,252,4,0.15,126.09
19269,8705,447,1,0.05,247.92
19270,8706,321,2,0.0,10.93
19271,8706,13,4,0.05,174.09
19272,8706,6,3,0.15,16.9
19273,8707,306,1,0.0,22.61
19274,8708,2,1,0.2,232.6
19275,8708,193,2,0.15,275.95
19276,8708,72,3,0.15,128.53
19277,8709,470,1,0.05,42.17
19278,8709,484,2,0.2,194.67
19279,8709,2,1,0.0,251.8
19280,8709,192,1,0.0,239.33
19281,8710,570,2,0.0,156.01
19282,8711,477,2,0.1,74.74
19283,8712,123,4,0.0,14.7
19284,8712,317,1,0.1,170.91
19285,8712,41,2,0.0,297.96
19286,8713,284,3,0.05,122.18
19287,8713,495,1,0.1,97.61
19288,8714,296,1,0.2,52.45
19289,8714,10,3,0.0,112.96
19290,8714,234,2,0.0,122.5
19291,8715,496,2,0.15,288.67
19292,8715,422,1,0.15,78.7
19293,8715,248,4,0.1,
19294,8715,309,1,0.0,
19295,8716,233,3,0.0,261.03
19296,8717,447,2,0.2,239.77
19297,8717,201,4,0.05,50.13
19298,8718,403,2,0.0,162.93
19299,8719,433,2,0.0,
19300,8720,276,3,0.05,209.15
19301,8720,269,1,0.15,206.62
19302,8721,436,3,0.2,96.88
19303,8721,580,1,0.05,177.03
19304,8722,365,1,0.1,52.16
19305,8722,563,4,0.05,205.62
19306,8722,107,1,0.0,167.79
19307,8722,25,1,0.2,134.59
19308,8723,8,1,0.05,47.65
19309,8723,145,1,0.2,
19310,8723,72,4,0.0,132.94
19311,8724,444,3,0.0,160.3
19312,8724,399,2,0.15,303.37
19313,8725,550,3,0.0,218.37
19314,8726,73,4,0.0,58.17
19315,8727,557,4,0.1,76.68
19316,8727,188,3,0.2,23.94
19317,8728,351,2,0.05,115.79
19318,8729,404,2,0.05,388.38
19319,8729,426,1,0.0,
19320,8730,381,1,0.0,46.85
19321,8731,300,1,0.15,42.94
19322,8731,292,3,0.05,141.49
19323,8731,492,1,0.1,26.96
19324,8732,472,3,0.15,248.99
19325,8732,467,2,0.0,300.29
19326,8732,454,1,0.0,222.49
19327,8732,125,4,0.15,389.4
19328,8732,493,2,0.05,216.53
19329,8733,518,1,0.0,33.42
19330,8733,26,1,0.0,
19331,8733,149,2,0.05,195.59
19332,8733,116,2,0.0,253.63
19333,8734,146,4,0.1,10.19
19334,8734,87,4,0.1,127.27
19335,8734,522,4,0.15,113.69
19336,8735,454,1,0.05,233.38
19337,8735,437,3,0.0,179.4
19338,8736,227,3,0.1,
19339,8736,445,2,0.2,28.73
19340,8737,3,1,0.0,37.81
19341,8738,553,2,0.1,238.57
19342,8738,321,2,0.15,10.92
19343,8738,140,1,0.0,259.63
19344,8739,522,3,0.15,114.74
19345,8739,58,4,0.2,258.05
19346,8739,158,1,0.15,300.25
19347,8739,212,3,0.0,31.95
19348,8740,517,3,0.05,55.42
19349,8740,550,1,0.0,223.92
19350,8741,257,4,0.1,368.54
19351,8741,93,2,0.2,92.46
19352,8742,209,4,0.0,83.18
19353,8742,306,1,0.15,23.02
19354,8742,560,1,0.05,
19355,8743,253,1,0.15,
19356,8744,257,1,0.05,351.0
19357,8744,113,4,0.2,66.84
19358,8744,500,4,0.05,277.85
19359,8744,467,1,0.05,297.33
19360,8745,37,1,0.05,9.45
19361,8745,186,3,0.0,24.15
19362,8746,183,3,0.0,264.26
19363,8747,431,2,0.0,227.51
19364,8747,215,1,0.2,83.69
19365,8748,131,2,0.1,247.39
19366,8748,29,1,0.1,26.32
19367,8748,282,1,0.0,30.84
19368,8749,97,3,0.2,290.7
19369,8750,152,3,0.2,177.39
19370,8751,10,1,0.0,111.71
19371,8751,458,1,0.0,172.3
19372,8752,308,2,0.0,337.78
19373,8752,255,1,0.15,348.8
19374,8753,528,2,0.05,270.67
19375,8753,454,2,0.15,217.38
19376,8753,81,2,0.0,129.26
19377,8754,487,1,0.15,177.21
19378,8754,245,2,0.0,368.96
19379,8754,124,2,0.0,176.61
19380,8755,242,1,0.05,155.83
19381,8756,368,1,0.0,141.01
19382,8757,211,1,0.0,306.98
19383,8758,429,2,0.1,16.96
19384,8759,88,1,0.2,146.1
19385,8759,273,2,0.0,171.7
19386,8760,145,3,0.15,99.92
19387,8761,62,1,0.0,75.53
19388,8761,132,4,0.0,46.67
19389,8762,350,2,0.2,51.71
19390,8762,276,1,0.05,209.09
19391,8762,101,4,0.0,134.66
19392,8763,528,2,0.0,265.74
19393,8763,227,1,0.15,
19394,8763,583,1,0.0,69.88
19395,8764,154,2,0.1,139.36
19396,8765,408,3,0.2,271.56
19397,8765,516,4,0.05,18.77
19398,8766,594,2,0.0,143.19
19399,8767,363,4,0.0,232.34
19400,8767,123,2,0.0,14.85
19401,8768,203,1,0.2,134.29
19402,8768,119,3,0.0,59.99
19403,8768,566,1,0.05,227.35
19404,8769,516,1,0.0,17.95
19405,8769,92,2,0.2,371.89
19406,8769,244,2,0.0,16.41
19407,8769,260,4,0.0,237.14
19408,8769,588,1,0.05,208.1
19409,8770,533,1,0.1,157.58
19410,8770,441,4,0.1,88.84
19411,8771,209,2,0.0,86.55
19412,8771,322,2,0.0,62.99
19413,8771,260,1,0.05,231.79
19414,8771,242,1,0.05,149.61
19415,8771,121,1,0.15,393.69
19416,8772,33,1,0.0,92.11
19417,8773,505,3,0.0,84.23
19418,8774,328,4,0.2,100.21
19419,8774,238,1,0.1,221.84
19420,8774,244,1,0.05,16.39
19421,8775,10,4,0.0,116.13
19422,8776,411,1,0.05,158.04
19423,8776,564,2,0.0,29.87
19424,8777,548,4,0.0,56.08
19425,8777,224,4,0.0,370.16
19426,8777,542,1,0.05,167.47
19427,8778,233,3,0.0,258.2
19428,8778,89,-1,0.0,188.45
19429,8778,598,1,0.05,24.68
19430,8779,225,3,0.0,83.54
19431,8780,125,2,0.0,360.0
19432,8780,478,2,0.1,117.58
19433,8781,5,2,0.15,215.84
19434,8781,289,2,0.1,64.35
19435,8782,516,4,0.0,19.18
19436,8782,475,3,0.0,291.3
19437,8783,500,2,0.0,269.3
19438,8783,165,1,0.2,104.23
19439,8783,364,1,0.05,56.92
19440,8784,64,1,0.0,323.5
19441,8784,395,2,0.0,185.33
19442,8784,392,1,0.0,69.44
19443,8784,141,1,0.15,247.35
19444,8785,345,2,0.2,183.14
19445,8785,35,2,0.0,40.16
19446,8785,2,2,0.0,250.22
19447,8785,516,2,0.0,18.1
19448,8786,268,4,0.0,305.6
19449,8787,211,3,0.0,297.02
19450,8787,397,2,0.1,
19451,8788,335,3,0.0,53.27
19452,8788,433,3,0.2,125.99
19453,8788,42,2,0.2,74.24
19454,8788,592,3,0.2,269.13
19455,8789,138,1,0.05,168.39
19456,8789,96,1,0.0,43.47
19457,8789,575,1,0.0,335.08
19458,8790,446,1,0.2,292.29
19459,8790,101,1,0.05,138.35
19460,8791,137,1,0.0,342.36
19461,8791,189,3,0.0,162.14
19462,8791,236,4,0.0,13.06
19463,8792,369,3,0.05,146.79
19464,8792,260,1,0.0,222.89
19465,8793,19,1,0.2,
19466,8794,54,2,0.1,156.37
19467,8794,34,1,0.15,58.58
19468,8794,41,2,0.2,286.91
19469,8795,580,3,0.0,172.49
19470,8795,329,2,0.2,83.38
19471,8795,409,2,0.1,168.82
19472,8795,377,1,0.05,179.41
19473,8795,130,2,0.2,130.41
19474,8796,160,4,0.15,42.41
19475,8797,247,2,0.0,68.6
19476,8797,329,3,0.2,83.6
19477,8798,465,1,0.1,154.3
19478,8798,103,2,0.05,117.77
19479,8798,170,1,0.2,
19480,8799,235,1,0.05,97.5
19481,8799,579,4,0.2,71.66
19482,8800,5,0,0.05,207.09
19483,8800,241,4,0.2,214.14
19484,8800,56,2,0.1,71.45
19485,8801,527,2,0.2,347.57
19486,8802,55,1,0.0,50.18
19487,8803,479,2,0.1,110.84
19488,8804,490,1,0.15,162.48
19489,8805,301,4,0.0,48.12
19490,8806,114,1,0.0,273.43
19491,8806,45,1,0.0,264.23
19492,8807,568,1,0.0,149.51
19493,8808,273,1,0.15,174.4
19494,8808,174,3,0.2,132.0
19495,8809,514,2,0.0,320.59
19496,8809,25,1,0.0,132.63
19497,8809,310,4,0.0,300.01
19498,8809,56,2,0.15,72.5
19499,8809,566,2,0.0,218.99
19500,8810,334,4,0.0,
19501,8811,90,1,0.0,217.2
19502,8811,30,2,0.0,17.19
19503,8811,401,3,0.15,161.98
19504,8812,61,2,0.1,310.85
19505,8812,599,4,0.05,399.61
19506,8812,236,1,0.0,13.5
19507,8813,517,2,0.05,54.24
19508,8813,509,1,0.1,65.94
19509,8813,484,2,0.0,180.35
19510,8814,285,4,0.0,239.75
19511,8814,184,2,0.2,387.95
19512,8814,104,3,0.0,41.84
19513,8815,352,4,0.0,77.04
19514,8815,412,2,0.15,103.06
19515,8816,132,3,0.0,48.18
19516,8817,356,3,0.15,249.46
19517,8817,410,3,0.05,20.87
19518,8818,193,1,0.0,277.65
19519,8818,319,1,0.0,136.77
19520,8819,467,2,0.05,309.74
19521,8819,135,3,0.15,94.07
19522,8820,481,2,0.05,35.09
19523,8820,13,4,0.0,165.89
19524,8820,132,2,0.15,51.38
19525,8820,406,1,0.05,
19526,8821,122,2,0.0,247.16
19527,8821,493,4,0.0,217.35
19528,8821,318,4,0.0,37.54
19529,8821,354,4,0.15,129.39
19530,8822,387,1,0.05,42.86
19531,8823,151,1,0.0,21.64
19532,8824,518,1,0.2,33.33
19533,8825,279,2,0.0,31.93
19534,8825,250,2,0.0,403.52
19535,8826,26,4,0.0,
19536,8827,246,3,0.0,152.77
19537,8827,336,4,0.0,78.16
19538,8827,204,2,0.05,78.19
19539,8827,334,1,0.0,
19540,8828,591,1,0.15,253.74
19541,8828,519,3,0.0,127.88
19542,8828,33,1,0.05,97.71
19543,8829,482,1,0.1,75.65
19544,8829,465,1,0.2,155.13
19545,8829,338,2,0.05,178.0
19546,8829,530,1,0.15,165.79
19547,8829,585,4,0.15,6.71
19548,8830,97,4,0.0,314.95
19549,8830,99,1,0.0,298.75
19550,8831,432,2,0.05,159.4
19551,8831,460,3,0.05,178.3
19552,8832,456,1,0.0,148.11
19553,8832,189,1,0.0,176.94
19554,8833,583,1,0.05,68.42
19555,8833,171,3,0.0,150.82
19556,8834,308,2,0.1,341.57
19557,8834,324,4,0.0,213.1
19558,8834,566,1,0.0,214.46
19559,8835,216,2,0.1,57.6
19560,8835,503,2,0.0,280.2
19561,8835,520,1,0.0,22.69
19562,8836,285,1,0.1,235.73
19563,8837,88,4,0.0,145.28
19564,8837,285,4,0.0,238.06
19565,8837,108,2,0.2,183.1
19566,8838,254,2,0.15,349.23
19567,8838,505,3,0.1,81.64
19568,8839,101,1,0.05,140.32
19569,8840,17,2,0.2,32.63
19570,8840,601,4,0.0,
19571,8840,27,3,0.0,381.35
19572,8841,409,3,0.0,173.2
19573,8841,170,1,0.0,104.6
19574,8842,549,4,0.1,53.26
19575,8842,502,2,0.0,312.33
19576,8842,411,1,0.15,154.18
19577,8843,340,2,0.0,385.53
19578,8843,461,2,0.0,274.01
19579,8843,12,2,0.0,85.02
19580,8843,49,3,0.15,153.49
19581,8844,315,3,0.0,13.76
19582,8844,473,3,0.0,
19583,8845,184,4,0.2,378.63
19584,8846,528,2,0.1,278.23
19585,8846,197,1,0.05,144.54
19586,8847,324,4,0.0,207.45
19587,8847,255,1,0.05,356.53
19588,8847,569,4,0.05,273.25
19589,8848,410,1,0.15,20.67
19590,8848,15,1,0.0,122.59
19591,8849,207,2,0.2,315.94
19592,8850,582,3,0.0,131.63
19593,8850,232,1,0.0,250.88
19594,8850,369,4,0.15,150.42
19595,8850,104,2,0.1,39.35
19596,8850,3,4,0.2,41.6
19597,8851,250,1,0.15,426.46
19598,8851,409,2,0.0,174.02
19599,8851,86,4,0.2,133.42
19600,8851,90,2,0.15,219.67
19601,8852,418,1,0.05,153.73
19602,8852,447,3,0.0,237.2
19603,8852,312,3,0.1,114.27
19604,8853,20,1,0.15,201.14
19605,8854,207,4,0.15,295.2
19606,8855,46,1,0.05,49.09
19607,8855,6,3,0.2,16.41
19608,8855,29,4,0.1,26.5
19609,8855,493,1,0.15,219.79
19610,8856,354,1,0.05,120.49
19611,8857,268,2,0.15,322.78
19612,8857,327,2,0.0,205.24
19613,8857,453,2,0.1,172.19
19614,8858,597,2,0.15,116.31
19615,8858,106,4,0.0,197.74
19616,8859,92,3,0.05,352.46
19617,8859,229,2,0.0,9.35
19618,8859,185,1,0.2,43.88
19619,8860,165,4,0.0,104.69
19620,8861,284,3,0.15,119.92
19621,8861,586,3,0.2,248.84
19622,8861,319,3,0.0,
19623,8862,499,2,0.0,213.27
19624,8862,529,1,0.0,229.48
19625,8863,306,1,0.0,20.94
19626,8863,359,1,0.0,326.61
19627,8864,20,3,0.1,200.16
19628,8865,86,2,0.1,137.52
19629,8865,457,4,0.15,176.72
19630,8865,339,1,0.2,37.11
19631,8865,513,2,0.0,288.25
19632,8866,580,1,0.2,170.12
19633,8866,125,4,0.0,383.16
19634,8867,78,1,0.05,256.68
19635,8867,202,1,0.05,198.99
19636,8868,334,3,0.0,
19637,8869,533,2,0.0,152.3
19638,8870,497,1,0.2,89.63
19639,8870,77,1,0.0,48.18
19640,8870,18,3,0.0,369.59
19641,8870,158,1,0.05,297.96
19642,8871,273,4,0.0,168.43
19643,8871,488,1,0.2,12.72
19644,8872,227,3,0.0,
19645,8873,491,4,0.15,133.82
19646,8874,497,3,0.0,92.24
19647,8875,15,3,0.0,119.59
19648,8875,45,2,0.05,269.71
19649,8875,224,2,0.1,346.01
19650,8876,81,2,0.0,128.4
19651,8876,125,1,0.05,380.11
19652,8876,258,1,0.0,13.5
19653,8876,418,1,0.1,152.83
19654,8877,29,1,0.15,26.39
19655,8877,368,2,0.15,144.28
19656,8877,2,1,0.2,252.68
19657,8878,484,3,0.1,193.87
19658,8878,287,1,0.0,136.07
19659,8878,427,2,0.2,90.2
19660,8878,192,3,0.0,248.12
19661,8879,530,3,0.2,159.82
19662,8879,232,-1,0.0,243.88
19663,8879,92,2,0.2,374.61
19664,8880,338,4,0.15,171.55
19665,8880,218,2,0.1,36.63
19666,8881,179,2,0.0,15.11
19667,8881,579,3,0.05,71.87
19668,8882,224,2,0.05,368.35
19669,8882,350,2,0.0,51.22
19670,8882,44,3,0.0,250.3
19671,8882,292,1,0.15,140.78
19672,8882,162,1,0.0,167.37
19673,8883,250,2,0.05,405.41
19674,8884,97,1,0.1,296.03
19675,8884,320,0,0.0,78.8
19676,8884,408,1,0.1,259.96
19677,8884,107,2,0.15,167.82
19678,8885,115,1,0.1,315.76
19679,8886,104,1,0.0,41.41
19680,8886,64,4,0.0,321.08
19681,8887,1,4,0.05,165.49
19682,8888,321,1,0.0,10.5
19683,8889,268,3,0.05,319.12
19684,8889,93,2,0.15,96.87
19685,8890,395,1,0.0,193.05
19686,8890,602,2,0.0,
19687,8891,36,2,0.0,192.03
19688,8892,420,1,0.15,194.1
19689,8892,290,2,0.1,131.5
19690,8892,67,2,0.05,38.91
19691,8893,141,4,0.1,242.94
19692,8893,259,1,0.2,140.16
19693,8894,527,3,0.05,368.39
19694,8894,182,2,0.15,153.99
19695,8894,512,2,0.1,368.21
19696,8894,229,1,0.0,9.47
19697,8895,479,2,0.0,106.65
19698,8895,515,3,0.2,124.79
19699,8895,487,1,0.1,181.02
19700,8896,433,1,0.0,
19701,8897,253,1,0.0,
19702,8897,396,3,0.0,53.73
19703,8898,556,4,0.0,209.29
19704,8899,207,3,0.0,308.19
19705,8900,138,4,0.05,160.3
19706,8900,156,1,0.05,99.0
19707,8900,390,2,0.0,237.07
19708,8900,377,1,0.15,175.38
19709,8901,199,2,0.0,251.24
19710,8902,364,2,0.05,60.13
19711,8903,394,2,0.0,
19712,8903,273,2,0.1,175.31
19713,8903,434,2,0.15,42.06
19714,8903,97,2,0.0,306.06
19715,8904,213,2,0.15,24.12
19716,8904,426,1,0.15,
19717,8905,273,1,0.0,169.75
19718,8906,81,1,0.0,133.05
19719,8907,196,1,0.2,280.52
19720,8907,571,1,0.0,237.3
19721,8908,497,1,0.0,95.0
19722,8908,288,3,0.05,
19723,8909,115,4,0.0,301.15
19724,8909,381,2,0.05,45.41
19725,8909,531,3,0.0,
19726,8910,573,1,0.0,110.61
19727,8910,115,1,0.15,294.22
19728,8910,269,2,0.05,216.92
19729,8911,373,2,0.1,
19730,8911,271,1,0.0,301.2
19731,8912,68,1,0.0,265.2
19732,8912,317,1,0.0,164.85
19733,8912,301,2,0.15,49.24
19734,8912,394,2,0.15,
19735,8912,267,4,0.05,312.28
19736,8913,374,4,0.0,131.71
19737,8914,501,1,0.2,
19738,8914,203,2,0.1,131.14
19739,8915,486,2,0.2,266.07
19740,8915,232,2,0.05,244.29
19741,8915,446,1,0.0,272.43
19742,8915,304,3,0.2,61.59
19743,8916,74,2,0.2,186.39
19744,8916,64,4,0.0,329.41
19745,8916,127,2,0.15,224.95
19746,8916,118,2,0.0,77.77
19747,8916,155,2,0.1,207.46
19748,8917,248,4,0.15,
19749,8917,179,4,0.05,15.5
19750,8917,551,1,0.15,32.94
19751,8917,482,1,0.15,73.8
19752,8917,439,4,0.2,257.96
19753,8918,282,2,0.0,29.42
19754,8919,351,4,0.05,107.35
19755,8919,361,1,0.1,222.12
19756,8919,499,1,0.15,214.27
19757,8920,72,2,0.05,129.44
19758,8921,57,3,0.1,367.32
19759,8922,484,3,0.05,183.79
19760,8922,244,3,0.05,17.01
19761,8923,219,2,0.0,36.14
19762,8923,504,1,0.0,
19763,8924,447,1,0.0,240.88
19764,8925,177,1,0.0,155.32
19765,8925,449,2,0.0,116.9
19766,8925,558,4,0.2,186.26
19767,8925,523,3,0.2,310.69
19768,8925,100,2,0.0,322.04
19769,8926,333,2,0.0,26.29
19770,8926,521,2,0.1,205.42
19771,8927,374,3,0.0,123.35
19772,8927,408,1,0.2,268.11
19773,8927,494,2,0.1,200.45
19774,8927,426,1,0.15,
19775,8927,15,4,0.0,129.15
19776,8928,118,1,0.0,73.79
19777,8929,398,2,0.05,14.84
19778,8929,519,1,0.0,123.12
19779,8930,174,1,0.0,135.27
19780,8931,288,1,0.1,343.95
19781,8932,565,1,0.0,98.76
19782,8932,550,3,2.54,221.81
19783,8932,436,3,0.0,96.49
19784,8933,123,2,0.1,14.62
19785,8934,370,1,0.2,120.87
19786,8935,458,2,0.0,158.14
19787,8936,475,3,0.15,285.83
19788,8936,312,4,0.0,115.38
19789,8937,48,1,0.05,237.78
19790,8937,283,1,0.2,113.48
19791,8937,244,4,0.1,16.02
19792,8937,590,2,0.0,230.71
19793,8938,36,1,0.0,194.67
19794,8939,431,1,0.1,227.33
19795,8940,320,2,0.2,80.94
19796,8941,303,1,0.0,41.73
19797,8941,498,2,0.0,82.39
19798,8941,247,1,0.0,71.92
19799,8941,394,4,0.2,
19800,8942,99,1,0.0,288.12
19801,8942,470,1,0.1,43.22
19802,8942,298,4,0.05,259.82
19803,8942,18,4,0.0,347.15
19804,8943,474,2,0.05,62.89
19805,8944,530,3,0.0,158.71
19806,8944,448,1,0.0,154.81
19807,8945,209,1,0.0,82.15
19808,8945,308,2,0.05,346.12
19809,8946,573,3,0.2,105.81
19810,8947,324,3,0.15,199.9
19811,8948,67,4,0.1,38.79
19812,8948,139,1,0.0,285.83
19813,8949,259,1,0.2,146.51
19814,8949,74,2,0.05,196.85
19815,8950,200,2,0.0,283.99
19816,8950,270,2,0.1,104.23
19817,8950,49,1,0.15,158.88
19818,8950,218,4,0.0,37.68
19819,8951,476,1,0.1,211.11
19820,8952,539,2,0.0,138.17
19821,8953,90,1,0.05,201.41
19822,8953,237,2,0.1,24.73
19823,8954,487,1,0.0,185.28
19824,8954,182,1,0.05,152.96
19825,8955,594,1,0.0,148.08
19826,8956,526,1,0.0,262.35
19827,8956,12,2,0.15,88.61
19828,8957,193,2,0.1,276.26
19829,8958,429,4,0.05,16.93
19830,8958,55,1,0.1,51.32
19831,8959,263,1,0.1,249.02
19832,8959,60,1,0.0,283.35
19833,8959,358,1,0.2,146.17
19834,8960,65,1,0.0,8.19
19835,8960,63,1,0.0,73.0
19836,8960,319,3,0.15,129.16
19837,8960,101,1,0.0,133.56
19838,8960,255,2,0.15,326.44
19839,8961,300,2,0.0,
19840,8961,351,2,0.0,111.02
19841,8962,575,1,0.05,331.42
19842,8963,143,1,0.1,120.07
19843,8963,192,2,0.1,245.32
19844,8963,470,3,0.15,42.58
19845,8964,435,1,0.2,345.81
19846,8964,231,4,0.2,48.39
19847,8964,346,1,0.2,102.47
19848,8965,597,2,0.0,125.63
19849,8965,397,3,0.15,
19850,8965,316,2,0.1,273.35
19851,8965,54,4,0.0,147.1
19852,8965,217,1,0.0,140.58
19853,8966,175,2,0.2,136.4
19854,8966,26,3,0.15,
19855,8967,54,1,0.0,157.19
19856,8968,556,4,0.0,198.22
19857,8968,171,1,0.0,155.33
19858,8968,549,2,0.1,56.81
19859,8968,37,1,0.15,9.9
19860,8968,266,4,0.1,342.95
19861,8969,585,1,0.2,6.61
19862,8969,3,2,0.05,39.68
19863,8970,180,1,0.0,299.73
19864,8970,177,1,0.05,157.17
19865,8971,558,1,0.15,188.55
19866,8972,294,1,0.0,20.77
19867,8972,80,4,0.0,86.26
19868,8973,26,2,0.05,
19869,8974,582,1,0.0,125.04
19870,8974,123,1,0.0,14.58
19871,8974,410,2,0.1,19.12
19872,8975,77,2,0.05,47.92
19873,8975,366,4,0.05,70.87
19874,8976,50,1,0.0,9.94
19875,8976,307,2,0.2,128.88
19876,8976,218,1,0.0,37.58
19877,8976,569,2,0.0,274.38
19878,8977,144,3,0.2,153.45
19879,8977,175,1,0.15,132.97
19880,8977,72,2,0.15,128.4
19881,8978,594,1,0.0,149.84
19882,8978,167,1,0.2,7.25
19883,8978,366,1,0.05,71.14
19884,8978,486,1,0.0,272.17
19885,8978,120,1,0.15,147.75
19886,8979,92,1,0.0,348.49
19887,8980,111,1,0.0,213.26
19888,8980,361,2,0.0,210.58
19889,8980,297,2,0.05,56.57
19890,8981,509,3,0.0,61.48
19891,8981,361,2,0.2,219.76
19892,8982,352,2,0.15,79.65
19893,8982,462,4,0.15,342.1
19894,8983,554,3,0.15,150.26
19895,8984,348,2,0.15,42.63
19896,8984,39,1,0.0,163.76
19897,8984,391,3,0.2,218.06
19898,8985,337,1,0.1,29.59
19899,8985,312,1,0.2,115.15
19900,8986,569,4,0.1,264.58
19901,8987,45,2,0.0,257.29
19902,8987,529,4,0.15,212.94
19903,8987,348,1,0.0,42.23
19904,8988,169,4,0.0,
19905,8989,549,4,0.0,58.38
19906,8990,413,1,0.0,227.17
19907,8990,346,1,0.0,95.4
19908,8991,469,3,0.1,15.35
19909,8991,493,2,0.2,231.62
19910,8991,174,1,0.1,130.06
19911,8991,364,1,0.05,60.11
19912,8992,413,2,0.0,227.84
19913,8992,269,1,0.15,213.69
19914,8993,435,1,0.0,366.3
19915,8994,73,4,0.05,59.05
19916,8994,570,3,0.1,167.66
19917,8994,534,1,0.1,57.55
19918,8995,297,1,0.0,55.92
19919,8995,346,3,0.1,93.17
19920,8996,36,2,0.0,189.26
19921,8997,536,1,0.0,76.08
19922,8998,228,2,0.15,39.86
19923,8998,276,1,0.0,196.34
19924,8999,286,1,0.0,189.35
19925,8999,429,3,0.05,16.56
19926,8999,173,4,0.0,139.93
19927,9000,418,1,0.0,147.84
19928,9000,466,1,0.05,57.05
19929,9000,273,1,0.0,169.59
19930,9001,543,3,0.15,296.41
19931,9001,591,0,0.0,253.67
19932,9002,16,1,0.2,
19933,9002,319,1,0.05,132.64
19934,9003,194,3,0.0,68.01
19935,9003,483,4,0.0,80.16
19936,9003,62,2,0.1,71.52
19937,9003,396,1,0.15,55.88
19938,9004,508,3,0.05,291.88
19939,9004,488,1,0.2,13.02
19940,9004,373,1,0.05,
19941,9004,537,4,0.0,12.33
19942,9005,509,4,0.0,62.67
19943,9005,193,1,0.2,287.18
19944,9006,288,1,0.0,348.67
19945,9006,552,1,0.15,
19946,9006,25,2,0.0,133.01
19947,9006,376,1,0.0,54.29
19948,9006,564,2,0.1,30.21
19949,9007,242,2,0.1,151.42
19950,9008,569,3,0.1,266.44
19951,9009,220,2,0.1,158.93
19952,9010,310,4,0.2,294.78
19953,9011,17,1,0.0,35.89
19954,9011,410,1,0.2,19.22
19955,9012,469,1,0.0,15.44
19956,9013,347,1,0.0,131.43
19957,9013,411,2,0.15,155.19
19958,9013,214,1,0.0,176.03
19959,9014,496,3,0.05,294.81
19960,9014,288,1,0.1,357.49
19961,9015,23,2,0.15,96.79
19962,9015,462,2,0.0,343.82
19963,9016,360,4,0.05,51.54
19964,9016,270,2,0.0,98.73
19965,9017,470,2,0.15,44.69
19966,9017,503,1,0.0,273.84
19967,9018,498,3,0.2,80.33
19968,9019,600,1,0.0,175.2
19969,9020,345,3,0.15,192.14
19970,9020,357,4,0.05,141.38
19971,9020,358,1,0.0,142.33
19972,9020,170,4,0.15,103.26
19973,9020,238,3,0.0,216.62
19974,9021,347,1,0.0,130.17
19975,9022,476,1,0.2,218.74
19976,9022,130,1,0.0,129.39
19977,9023,194,1,0.2,69.93
19978,9023,252,3,0.2,127.65
19979,9023,159,1,0.0,102.37
19980,9024,100,4,0.0,324.89
19981,9024,23,3,0.2,94.61
19982,9024,578,2,0.2,223.53
19983,9024,495,4,0.0,94.3
19984,9025,339,4,0.0,36.75
19985,9025,368,1,0.2,149.48
19986,9026,354,2,0.2,128.42
19987,9026,601,3,0.2,
19988,9026,89,3,0.0,200.25
19989,9027,336,1,0.0,72.66
19990,9027,594,1,0.05,142.55
19991,9027,156,2,0.0,92.15
19992,9027,444,1,0.05,168.82
19993,9028,573,1,0.0,115.6
19994,9029,600,4,0.15,164.62
19995,9029,526,1,0.1,282.76
19996,9030,381,1,0.0,44.44
19997,9030,552,1,0.05,
19998,9031,574,1,0.1,288.41
19999,9031,456,2,0.1,150.45
20000,9032,48,1,0.0,241.21
20001,9032,104,3,0.05,42.01
20002,9033,124,2,0.15,186.28
20003,9034,145,2,0.2,102.21
20004,9035,292,3,0.0,136.11
20005,9035,593,1,0.0,49.4
20006,9036,369,1,0.0,156.48
20007,9037,227,1,0.05,
20008,9037,132,4,0.2,47.54
20009,9038,67,3,0.0,38.23
20010,9039,113,1,0.15,67.39
20011,9040,355,1,0.1,95.66
20012,9041,606,4,0.0,
20013,9041,18,2,0.0,358.28
20014,9042,35,3,0.15,39.44
20015,9042,101,2,0.05,141.75
20016,9043,133,2,0.15,322.34
20017,9044,464,3,0.15,89.26
20018,9045,12,2,0.2,82.9
20019,9045,115,1,0.0,304.76
20020,9045,266,3,0.0,332.15
20021,9045,67,1,0.05,35.61
20022,9046,382,3,0.15,90.91
20023,9047,580,1,0.0,172.17
20024,9047,541,2,0.05,162.08
20025,9047,452,1,0.15,62.9
20026,9047,67,1,0.15,36.47
20027,9047,458,3,0.05,161.9
20028,9048,521,2,0.0,209.0
20029,9048,59,4,0.2,190.26
20030,9048,314,2,0.0,180.22
20031,9048,75,2,0.1,18.97
20032,9049,599,1,0.0,421.63
20033,9049,202,4,0.0,194.52
20034,9050,605,3,0.0,
20035,9051,495,1,0.2,102.74
20036,9051,541,1,0.15,168.96
20037,9052,358,4,0.05,148.31
20038,9052,25,2,0.0,136.02
20039,9052,171,4,0.15,152.93
20040,9053,62,4,0.05,74.62
20041,9053,423,1,0.0,46.56
20042,9054,19,1,0.15,
20043,9055,313,2,0.0,174.95
20044,9056,178,3,0.0,30.68
20045,9057,237,1,0.15,25.55
20046,9058,319,3,0.0,139.59
20047,9058,162,1,0.0,180.5
20048,9059,505,1,0.0,84.53
20049,9059,477,1,0.15,
20050,9059,367,4,0.1,210.16
20051,9059,501,1,0.0,
20052,9060,196,1,0.15,278.35
20053,9060,4,1,0.0,
20054,9061,323,1,0.0,55.77
20055,9061,586,3,0.1,271.38
20056,9061,421,2,0.1,11.74
20057,9061,98,1,0.2,92.25
20058,9062,179,3,0.0,14.63
20059,9062,244,2,0.1,16.28
20060,9063,485,3,0.0,171.7
20061,9063,285,4,0.0,237.05
20062,9064,174,4,0.2,128.27
20063,9065,532,1,0.0,228.21
20064,9066,535,4,0.05,
20065,9066,300,2,0.05,44.45
20066,9067,600,2,0.15,167.95
20067,9068,338,2,0.05,168.62
20068,9069,336,3,0.0,77.94
20069,9070,551,2,0.0,
20070,9070,588,2,0.05,211.67
20071,9071,397,1,0.0,
20072,9072,369,1,0.2,159.68
20073,9072,509,1,0.1,64.9
20074,9072,4,2,0.0,
20075,9072,77,2,0.0,49.59
20076,9072,330,1,0.0,209.78
20077,9073,210,1,0.2,246.16
20078,9073,580,1,0.0,174.73
20079,9073,28,1,0.1,235.92
20080,9073,183,3,0.1,262.79
20081,9073,208,4,0.2,189.37
20082,9074,245,3,0.1,368.04
20083,9074,359,1,0.15,332.61
20084,9074,436,2,0.05,95.77
20085,9075,98,1,0.15,93.41
20086,9076,239,2,0.0,29.35
20087,9077,584,1,0.2,250.8
20088,9078,264,1,0.0,111.79
20089,9079,441,3,0.0,83.92
20090,9079,558,2,0.05,204.26
20091,9080,185,4,0.0,42.67
20092,9080,497,1,0.0,92.2
20093,9080,457,3,0.15,185.68
20094,9081,487,2,0.0,182.9
20095,9081,62,2,0.0,72.31
20096,9081,214,1,0.15,185.29
20097,9081,387,1,0.05,39.45
20098,9082,161,1,0.15,198.8
20099,9082,537,2,0.2,11.82
20100,9083,198,1,0.0,141.36
20101,9084,70,2,0.0,158.77
20102,9085,566,1,0.0,214.51
20103,9085,387,1,0.0,39.34
20104,9085,506,1,0.0,98.02
20105,9085,366,3,0.1,66.9
20106,9085,236,1,0.15,13.49
20107,9086,463,1,0.1,
20108,9086,161,1,0.0,207.89
20109,9086,162,1,0.05,174.16
20110,9087,564,2,0.15,30.2
20111,9088,115,2,0.0,298.71
20112,9088,339,4,0.05,37.85
20113,9088,57,1,0.15,345.84
20114,9089,448,2,0.0,167.2
20115,9089,469,2,0.15,15.55
20116,9089,342,3,0.0,65.09
20117,9090,4,1,0.05,
20118,9090,280,1,0.0,250.38
20119,9090,27,1,0.2,356.36
20120,9090,451,1,0.1,44.4
20121,9091,52,1,0.0,105.32
20122,9091,135,2,0.0,93.09
20123,9091,474,2,0.2,62.88
20124,9092,201,2,0.1,49.76
20125,9092,545,3,0.0,243.21
20126,9093,97,1,0.2,295.21
20127,9094,498,1,0.1,79.42
20128,9094,237,2,0.0,24.38
20129,9094,465,1,0.0,169.15
20130,9094,375,2,0.05,298.14
20131,9094,459,1,0.0,131.99
20132,9095,136,4,0.0,294.8
20133,9095,233,1,0.0,281.74
20134,9096,474,3,0.15,59.57
20135,9096,476,1,0.0,202.75
20136,9097,61,1,0.2,
20137,9098,247,2,0.0,68.0
20138,9098,3,1,0.0,40.24
20139,9099,202,4,0.15,199.5
20140,9099,345,1,0.0,181.15
20141,9100,180,2,0.15,297.25
20142,9100,315,3,0.2,14.78
20143,9100,376,4,0.05,53.43
20144,9101,80,1,0.2,89.64
20145,9101,201,3,0.0,48.1
20146,9101,565,2,0.1,99.98
20147,9101,376,1,0.0,52.78
20148,9101,131,3,0.0,254.07
20149,9102,218,2,0.05,37.91
20150,9102,474,1,0.15,63.26
20151,9103,570,1,0.15,160.29
20152,9103,303,3,0.0,39.66
20153,9104,511,2,0.15,191.0
20154,9105,365,1,0.0,51.87
20155,9105,215,3,0.2,81.19
20156,9106,194,4,0.0,68.96
20157,9106,573,1,0.2,115.43
20158,9107,429,3,0.05,16.47
20159,9107,363,1,0.0,220.1
20160,9108,302,4,0.0,43.15
20161,9109,419,4,0.2,256.66
20162,9110,441,1,0.0,89.17
20163,9110,172,1,0.0,56.33
20164,9111,311,1,0.0,46.34
20165,9112,596,1,0.05,27.12
20166,9112,334,4,0.15,
20167,9112,269,2,0.0,221.57
20168,9113,141,1,0.1,249.83
20169,9113,269,2,0.05,219.92
20170,9113,51,3,0.15,17.27
20171,9113,458,1,0.2,158.51
20172,9113,176,1,0.0,191.58
20173,9114,345,1,0.05,176.68
20174,9114,456,1,0.15,158.22
20175,9115,299,2,0.0,151.96
20176,9115,402,4,0.05,199.83
20177,9115,531,2,0.1,377.45
20178,9115,72,1,0.0,128.02
20179,9116,140,1,0.1,275.45
20180,9116,501,1,0.05,
20181,9116,583,2,0.0,68.22
20182,9116,14,4,0.2,67.1
20183,9117,134,2,0.0,251.88
20184,9117,303,4,0.0,40.89
20185,9118,226,1,0.0,252.83
20186,9118,320,1,0.2,83.18
20187,9118,198,2,0.0,137.62
20188,9119,329,1,0.0,80.29
20189,9119,254,3,0.15,347.74
20190,9120,74,1,0.1,185.63
20191,9121,489,1,0.2,130.74
20192,9121,269,2,0.0,218.43
20193,9121,414,3,0.1,97.49
20194,9122,44,3,0.0,258.78
20195,9122,589,1,0.0,165.7
20196,9123,592,4,0.2,253.52
20197,9124,123,1,0.0,14.84
20198,9124,344,1,0.15,150.54
20199,9125,548,4,0.0,60.19
20200,9126,245,3,0.15,394.31
20201,9127,278,1,0.05,247.73
20202,9127,167,1,0.05,7.61
20203,9127,585,1,0.1,7.06
20204,9128,147,1,0.0,222.87
20205,9129,130,1,0.05,124.82
20206,9130,466,1,0.0,57.88
20207,9131,560,1,0.0,
20208,9131,371,3,0.0,118.24
20209,9132,269,2,0.15,212.64
20210,9133,45,1,0.1,279.45
20211,9133,140,1,0.0,275.32
20212,9134,533,2,0.0,161.02
20213,9134,555,2,0.0,155.44
20214,9135,453,4,0.1,171.75
20215,9135,135,2,0.0,99.33
20216,9135,236,1,0.0,12.67
20217,9136,255,2,0.05,328.63
20218,9136,511,3,0.0,175.77
20219,9137,215,3,0.15,79.12
20220,9137,160,1,0.05,45.2
20221,9138,47,1,0.15,246.16
20222,9138,391,1,0.0,229.84
20223,9139,275,2,0.1,187.28
20224,9140,248,1,0.15,
20225,9141,285,1,0.15,255.21
20226,9141,489,1,0.0,124.57
20227,9142,411,3,0.0,157.71
20228,9142,65,3,0.05,8.29
20229,9142,600,3,0.1,167.24
20230,9142,297,1,0.0,56.17
20231,9143,343,1,0.15,298.74
20232,9144,326,1,0.2,34.8
20233,9145,78,1,0.0,254.47
20234,9146,192,4,0.05,255.65
20235,9146,178,2,0.2,30.67
20236,9146,194,1,0.0,71.96
20237,9146,244,1,0.0,17.3
20238,9147,288,1,0.0,340.56
20239,9148,436,1,0.0,97.36
20240,9149,517,1,0.2,56.18
20241,9150,76,2,0.2,220.22
20242,9151,316,4,0.15,287.51
20243,9151,605,1,0.1,
20244,9152,402,1,0.0,188.5
20245,9153,22,2,3.55,21.26
20246,9154,57,1,0.0,365.45
20247,9154,78,2,0.0,242.41
20248,9155,282,4,0.0,30.79
20249,9155,205,1,0.0,194.26
20250,9156,420,1,0.0,206.14
20251,9156,52,4,0.05,100.74
20252,9156,261,2,0.0,166.68
20253,9156,483,2,0.0,80.59
20254,9156,561,1,0.0,359.82
20255,9157,35,4,0.0,39.47
20256,9157,334,2,0.1,
20257,9158,434,2,0.2,41.44
20258,9158,462,2,0.0,319.77
20259,9158,207,1,0.0,304.24
20260,9159,341,4,0.1,
20261,9159,381,4,0.0,42.91
20262,9160,187,3,0.15,39.96
20263,9160,591,2,0.1,251.65
20264,9161,512,2,0.0,367.16
20265,9161,91,3,0.0,77.1
20266,9161,540,4,0.1,
20267,9162,363,1,0.0,234.5
20268,9162,96,3,0.1,45.38
20269,9162,452,1,0.0,64.3
20270,9162,255,1,0.0,332.91
20271,9163,574,1,0.05,
20272,9164,21,1,0.15,41.85
20273,9164,542,1,0.2,164.85
20274,9164,53,2,0.0,218.5
20275,9165,229,2,0.0,9.09
20276,9165,8,1,0.15,44.99
20277,9165,72,3,0.1,126.71
20278,9166,152,1,0.0,182.07
20279,9166,474,3,0.0,60.36
20280,9166,471,4,0.0,96.2
20281,9166,442,1,0.0,9.02
20282,9167,155,1,0.15,206.18
20283,9168,358,3,0.1,152.11
20284,9168,214,1,0.0,180.79
20285,9169,322,1,0.0,61.04
20286,9170,51,1,0.0,16.39
20287,9170,176,4,0.0,189.86
20288,9171,84,1,0.0,75.51
20289,9171,340,2,0.15,364.84
20290,9172,242,1,0.0,149.87
20291,9173,118,3,0.2,73.25
20292,9174,408,2,0.1,272.5
20293,9174,481,1,0.0,33.46
20294,9175,178,1,0.0,29.79
20295,9175,28,4,0.0,247.89
20296,9176,245,1,0.0,372.04
20297,9176,379,2,0.1,192.2
20298,9177,71,1,0.0,247.05
20299,9178,164,1,0.15,196.36
20300,9178,193,1,0.05,286.87
20301,9178,550,2,0.0,212.8
20302,9179,230,2,0.1,16.46
20303,9180,594,2,0.0,139.22
20304,9180,542,1,0.0,171.24
20305,9180,490,2,0.05,162.14
20306,9180,509,3,0.1,64.74
20307,9180,205,1,0.0,200.64
20308,9181,62,2,0.2,75.66
20309,9182,316,2,0.0,286.43
20310,9183,360,1,0.0,52.65
20311,9183,460,2,0.0,177.93
20312,9184,430,3,0.0,118.55
20313,9184,124,2,0.0,174.19
20314,9185,87,4,0.1,125.05
20315,9186,327,3,0.0,223.31
20316,9186,370,1,0.2,126.44
20317,9186,536,4,0.05,78.11
20318,9186,138,4,0.0,165.34
20319,9186,34,2,0.0,60.37
20320,9187,439,1,0.0,256.54
20321,9188,533,1,0.0,149.81
20322,9189,562,4,0.0,339.35
20323,9189,216,1,0.0,60.49
20324,9190,537,1,0.0,12.68
20325,9190,382,2,0.15,97.7
20326,9190,236,2,0.2,12.9
20327,9190,461,2,0.1,255.14
20328,9191,95,1,0.2,129.47
20329,9191,30,4,0.1,17.25
20330,9192,287,1,0.05,135.38
20331,9192,286,1,0.15,197.47
20332,9192,66,1,0.15,105.14
20333,9192,98,1,0.1,92.76
20334,9193,108,1,0.1,169.44
20335,9194,583,1,0.1,64.79
20336,9194,269,3,0.0,206.17
20337,9195,495,1,0.1,101.35
20338,9195,43,2,0.2,85.21
20339,9196,206,4,0.1,130.56
20340,9197,87,2,0.05,131.64
20341,9198,47,1,0.0,256.82
20342,9198,101,1,0.1,133.33
20343,9199,108,1,0.1,186.58
20344,9199,329,1,0.2,86.2
20345,9199,90,2,0.05,212.42
20346,9200,496,3,0.0,276.48
20347,9201,362,1,0.0,29.69
20348,9201,12,1,0.0,87.74
20349,9202,382,1,0.0,96.5
20350,9202,486,3,0.0,276.16
20351,9202,26,3,0.2,
20352,9203,174,1,0.1,131.08
20353,9203,38,2,0.05,252.52
20354,9204,127,1,0.0,233.43
20355,9204,146,1,0.05,9.93
20356,9204,592,2,0.15,254.55
20357,9205,37,2,0.1,9.5
20358,9205,323,2,0.2,56.26
20359,9206,148,1,0.0,46.43
20360,9206,483,2,0.1,81.57
20361,9207,178,1,0.15,29.18
20362,9208,29,4,0.0,25.25
20363,9208,140,3,0.0,268.1
20364,9208,220,2,0.0,154.58
20365,9208,309,1,0.2,
20366,9209,16,2,0.1,
20367,9209,209,3,0.0,86.22
20368,9210,140,1,0.0,261.76
20369,9210,71,3,0.0,237.89
20370,9211,151,2,0.0,22.67
20371,9211,541,4,0.1,169.52
20372,9212,261,1,0.0,164.78
20373,9212,221,4,0.2,42.62
20374,9212,559,4,0.2,41.51
20375,9213,311,2,0.05,47.54
20376,9213,249,2,0.0,124.76
20377,9214,533,1,0.2,156.55
20378,9214,5,4,0.2,221.01
20379,9214,540,2,0.05,94.49
20380,9214,422,2,0.1,80.34
20381,9215,84,-1,0.0,82.8
20382,9216,225,1,0.15,85.76
20383,9217,283,2,0.0,116.03
20384,9218,184,1,0.0,372.56
20385,9218,223,1,0.0,338.67
20386,9218,497,2,0.2,94.89
20387,9218,593,4,0.05,49.12
20388,9219,157,4,0.2,17.83
20389,9219,420,1,0.15,195.92
20390,9220,594,2,0.05,149.74
20391,9221,6,3,0.0,16.98
20392,9221,429,4,0.2,16.25
20393,9222,530,2,0.15,163.61
20394,9223,576,1,0.0,272.2
20395,9223,58,4,0.1,250.8
20396,9224,12,1,0.1,84.66
20397,9224,107,1,0.0,161.77
20398,9224,250,1,0.05,419.18
20399,9225,533,3,0.2,154.54
20400,9226,373,1,0.0,
20401,9227,455,4,0.15,77.73
20402,9228,311,2,0.05,50.76
20403,9228,300,2,0.05,43.23
20404,9228,420,1,0.2,191.31
20405,9228,72,1,0.05,134.38
20406,9229,22,1,0.05,21.82
20407,9230,277,1,0.1,171.32
20408,9230,348,2,0.1,42.18
20409,9230,534,2,0.0,53.15
20410,9230,566,4,0.15,
20411,9230,258,1,0.0,12.4
20412,9231,510,1,0.2,194.37
20413,9231,301,1,0.05,46.41
20414,9232,338,2,0.0,170.46
20415,9232,366,2,0.2,70.92
20416,9232,264,1,0.05,112.18
20417,9233,286,1,0.0,197.89
20418,9234,134,2,0.05,246.28
20419,9234,217,1,0.0,129.89
20420,9234,447,2,0.0,244.79
20421,9234,44,2,0.2,257.74
20422,9234,161,2,0.2,198.26
20423,9235,148,3,0.1,45.82
20424,9235,170,1,0.15,104.94
20425,9235,90,0,0.0,207.61
20426,9235,267,1,0.05,320.22
20427,9236,549,1,0.2,57.0
20428,9236,51,2,0.2,16.59
20429,9236,208,1,0.0,189.72
20430,9237,30,3,0.15,17.73
20431,9238,597,2,0.1,119.85
20432,9238,144,1,0.1,145.84
20433,9239,150,4,0.1,140.02
20434,9239,246,1,0.0,158.78
20435,9239,137,1,0.1,352.93
20436,9239,49,1,0.1,157.34
20437,9240,218,1,0.0,35.2
20438,9240,234,1,0.0,117.04
20439,9241,457,1,0.05,178.2
20440,9241,13,2,0.0,179.33
20441,9241,593,3,0.15,49.32
20442,9241,69,2,0.0,190.68
20443,9241,543,1,0.2,288.47
20444,9242,396,1,0.05,55.57
20445,9243,253,1,0.1,
20446,9244,521,2,0.05,206.99
20447,9244,147,1,0.0,221.82
20448,9245,405,1,0.0,99.69
20449,9246,107,2,0.0,167.03
20450,9247,449,4,0.15,127.27
20451,9248,43,1,0.2,87.5
20452,9248,150,1,0.2,133.48
20453,9249,554,1,0.0,151.16
20454,9249,322,1,0.0,60.95
20455,9250,409,1,0.0,176.54
20456,9250,526,1,0.05,284.62
20457,9251,497,1,0.0,93.58
20458,9252,230,2,0.15,17.18
20459,9252,480,3,0.2,64.02
20460,9253,333,2,0.2,27.12
20461,9254,409,1,0.15,163.53
20462,9254,89,3,0.05,202.65
20463,9254,534,1,0.2,58.49
20464,9254,382,1,0.1,96.23
20465,9255,416,3,0.1,73.17
20466,9255,143,4,0.0,117.99
20467,9256,553,1,0.2,234.39
20468,9257,362,3,0.2,30.33
20469,9257,485,4,0.1,177.15
20470,9258,223,1,0.1,324.79
20471,9258,307,1,0.2,130.88
20472,9258,291,1,0.15,203.04
20473,9259,13,1,0.0,179.86
20474,9259,74,1,0.15,196.59
20475,9259,493,3,0.0,232.07
20476,9260,395,4,0.15,197.37
20477,9261,548,1,0.0,59.92
20478,9262,326,1,0.1,32.27
20479,9262,353,4,0.0,35.58
20480,9262,210,4,0.15,257.7
20481,9262,379,1,0.05,202.0
20482,9262,169,2,0.2,
20483,9263,335,3,0.05,51.18
20484,9264,67,3,0.2,38.61
20485,9265,574,2,0.1,277.13
20486,9266,512,4,0.0,387.1
20487,9267,118,1,0.2,76.37
20488,9267,289,1,0.05,68.65
20489,9267,442,4,0.05,8.28
20490,9268,94,2,0.0,251.1
20491,9268,55,3,0.15,50.42
20492,9268,80,2,0.0,90.67
20493,9268,67,2,0.2,37.14
20494,9269,393,3,0.1,79.15
20495,9269,342,1,0.05,
20496,9270,404,2,0.0,388.36
20497,9271,81,2,0.05,125.76
20498,9271,434,3,0.1,42.29
20499,9272,143,3,0.05,123.21
20500,9272,275,2,0.0,186.89
20501,9272,75,2,0.15,17.35
20502,9272,222,1,0.2,109.07
20503,9272,230,4,0.2,15.97
20504,9273,178,1,0.2,30.48
20505,9274,139,4,0.0,262.27
20506,9275,460,2,0.2,173.69
20507,9275,528,1,0.15,271.15
20508,9275,368,1,0.15,147.16
20509,9276,201,1,0.15,47.5
20510,9276,510,1,0.1,179.17
20511,9277,256,1,0.1,185.71
20512,9277,499,2,0.0,203.34
20513,9278,480,1,0.05,63.19
20514,9278,139,1,0.0,273.81
20515,9279,215,1,0.05,83.58
20516,9279,29,1,0.1,24.96
20517,9279,448,1,0.1,161.89
20518,9280,568,1,0.0,144.85
20519,9280,592,3,0.0,247.31
20520,9280,353,4,0.0,35.57
20521,9280,321,1,0.0,10.88
20522,9281,588,4,0.05,194.77
20523,9281,448,4,0.0,
20524,9281,353,1,0.0,32.63
20525,9281,209,1,0.1,86.67
20526,9282,447,4,0.0,235.06
20527,9282,287,3,0.2,142.76
20528,9282,436,1,0.1,97.96
20529,9283,198,1,0.2,137.49
20530,9283,525,1,0.15,171.62
20531,9283,279,2,0.15,30.24
20532,9284,211,1,0.15,286.95
20533,9285,197,4,0.15,135.83
20534,9286,326,3,0.1,32.62
20535,9287,304,1,0.0,61.78
20536,9287,360,2,0.15,49.72
20537,9287,30,3,0.0,18.04
20538,9287,55,1,0.0,51.75
20539,9288,595,1,0.1,107.46
20540,9289,409,4,0.2,169.23
20541,9289,233,2,0.05,274.58
20542,9290,272,3,0.0,84.37
20543,9290,418,1,0.0,144.58
20544,9290,593,2,0.0,46.97
20545,9291,440,1,0.05,11.35
20546,9291,497,2,0.1,90.21
20547,9291,57,1,0.0,346.35
20548,9291,333,1,0.05,26.42
20549,9291,595,4,0.1,113.56
20550,9292,69,4,0.15,191.71
20551,9293,408,1,0.1,265.0
20552,9293,104,3,0.1,39.38
20553,9294,25,1,0.1,129.49
20554,9295,47,3,0.05,247.47
20555,9295,94,2,0.15,269.65
20556,9296,499,1,0.1,205.49
20557,9296,444,2,0.0,161.79
20558,9296,103,3,0.1,126.01
20559,9297,262,1,0.05,371.27
20560,9297,179,2,0.05,14.95
20561,9298,119,1,0.0,58.64
20562,9298,370,1,0.1,124.29
20563,9298,134,2,0.05,253.89
20564,9299,598,2,0.2,24.79
20565,9300,466,1,0.0,59.23
20566,9301,179,2,0.0,14.7
20567,9302,505,2,0.2,81.33
20568,9302,42,2,0.0,75.38
20569,9303,456,2,0.0,151.12
20570,9304,431,2,0.15,242.5
20571,9305,216,1,0.05,59.58
20572,9305,404,3,0.05,388.46
20573,9305,80,2,0.1,89.22
20574,9306,335,2,0.0,51.12
20575,9306,50,1,0.15,9.93
20576,9306,550,1,0.1,225.17
20577,9307,484,1,0.0,193.75
20578,9308,571,4,0.0,230.42
20579,9308,557,1,0.05,75.21
20580,9309,330,3,0.0,219.21
20581,9309,492,3,0.0,26.9
20582,9309,92,2,0.2,369.8
20583,9310,370,2,0.1,123.4
20584,9310,358,3,0.05,152.94
20585,9310,307,1,0.05,132.2
20586,9311,363,3,0.15,224.64
20587,9311,397,3,0.0,
20588,9311,344,2,0.2,144.91
20589,9312,275,1,0.1,188.46
20590,9313,544,2,0.1,141.47
20591,9314,287,1,0.2,139.46
20592,9314,61,1,0.1,337.05
20593,9314,213,1,0.15,25.2
20594,9315,82,1,0.1,196.53
20595,9316,464,2,0.15,85.99
20596,9317,372,1,0.0,236.24
20597,9317,154,1,0.15,134.17
20598,9317,332,4,0.15,157.89
20599,9318,4,4,0.1,
20600,9318,69,1,0.1,192.1
20601,9318,236,2,0.0,13.27
20602,9318,346,2,0.2,102.67
20603,9319,447,1,0.0,236.06
20604,9319,355,4,0.05,98.46
20605,9319,580,1,0.05,182.99
20606,9319,598,1,0.0,24.39
20607,9320,202,4,0.0,203.99
20608,9320,78,2,0.0,241.15
20609,9320,165,4,0.0,111.02
20610,9321,308,1,0.0,334.77
20611,9322,420,2,0.1,194.2
20612,9322,411,2,0.0,162.26
20613,9322,498,1,0.05,84.39
20614,9322,212,2,0.0,32.4
20615,9323,74,2,0.05,189.45
20616,9324,253,-1,0.0,
20617,9324,450,1,0.0,7.33
20618,9324,600,3,0.05,168.46
20619,9324,390,2,0.0,256.86
20620,9324,413,4,0.0,230.25
20621,9325,355,1,0.0,98.04
20622,9325,512,2,0.0,392.38
20623,9325,158,3,0.15,284.05
20624,9326,445,1,0.0,29.63
20625,9326,228,2,0.0,40.45
20626,9327,522,1,0.2,116.71
20627,9328,216,3,0.0,
20628,9329,127,2,0.15,228.35
20629,9329,235,2,0.0,95.56
20630,9330,362,4,0.0,30.67
20631,9330,528,4,0.05,277.14
20632,9330,128,4,0.0,58.56
20633,9330,41,1,0.0,289.01
20634,9330,548,4,0.15,54.97
20635,9331,35,3,0.1,40.28
20636,9331,251,1,0.0,211.92
20637,9332,181,1,0.0,134.8
20638,9332,291,1,0.0,195.47
20639,9332,14,2,0.15,70.18
20640,9333,436,1,0.2,103.05
20641,9333,229,1,0.0,9.49
20642,9334,367,2,0.1,211.86
20643,9334,259,1,0.15,144.81
20644,9335,185,2,0.0,42.57
20645,9336,522,2,0.0,109.04
20646,9336,518,2,0.1,34.72
20647,9337,235,4,0.15,99.92
20648,9337,303,1,0.1,42.58
20649,9337,485,1,0.2,179.58
20650,9337,518,1,0.05,32.08
20651,9338,573,2,0.0,108.81
20652,9339,437,1,0.2,190.14
20653,9340,564,3,0.0,31.27
20654,9340,406,1,0.0,
20655,9341,31,1,0.0,101.86
20656,9342,196,1,0.0,297.47
20657,9342,283,2,0.0,116.79
20658,9343,163,1,0.0,340.78
20659,9344,396,1,0.15,53.89
20660,9345,118,3,0.15,73.5
20661,9346,360,1,0.0,48.47
20662,9346,560,1,0.05,
20663,9347,587,2,0.2,
20664,9347,78,1,0.0,235.31
20665,9347,181,1,0.05,133.86
20666,9348,347,2,0.2,126.57
20667,9349,50,2,0.0,10.14
20668,9350,129,2,0.0,318.27
20669,9350,68,1,0.0,258.44
20670,9351,45,1,0.2,258.04
20671,9351,550,3,0.0,214.56
20672,9351,64,3,0.15,326.9
20673,9352,497,1,0.0,94.99
20674,9353,309,1,0.0,
20675,9354,10,4,0.05,112.11
20676,9354,276,2,0.0,211.58
20677,9355,94,4,0.15,274.48
20678,9355,117,1,0.0,172.81
20679,9356,169,2,0.0,
20680,9356,342,2,0.2,64.1
20681,9356,261,1,0.2,172.42
20682,9356,509,1,0.0,63.61
20683,9357,244,1,0.0,17.15
20684,9357,536,1,0.05,73.35
20685,9358,460,1,0.0,170.98
20686,9358,300,2,0.0,40.64
20687,9358,191,1,0.1,49.88
20688,9359,201,1,0.0,46.6
20689,9359,558,2,0.05,194.18
20690,9360,403,4,0.1,159.36
20691,9360,396,1,0.0,55.45
20692,9360,599,1,0.15,403.73
20693,9361,478,1,0.1,117.45
20694,9362,137,1,0.0,333.23
20695,9362,407,2,0.1,55.8
20696,9362,486,4,0.0,267.07
20697,9362,333,4,0.0,27.24
20698,9362,358,3,0.05,143.27
20699,9363,76,2,0.0,216.01
20700,9364,201,1,0.0,46.24
20701,9364,89,2,0.05,200.02
20702,9364,588,1,0.05,194.11
20703,9365,555,3,0.1,153.91
20704,9365,164,1,0.0,193.2
20705,9366,65,2,0.0,7.93
20706,9366,15,3,0.15,118.06
20707,9366,193,1,0.0,279.61
20708,9366,272,3,0.05,84.0
20709,9367,417,2,0.0,38.82
20710,9368,84,1,0.05,82.69
20711,9368,484,1,0.2,192.8
20712,9369,138,1,0.1,153.56
20713,9369,377,1,0.1,171.76
20714,9370,206,2,0.05,129.9
20715,9370,501,1,0.15,
20716,9371,112,4,0.15,31.55
20717,9372,383,1,0.0,17.22
20718,9372,81,1,0.0,127.38
20719,9372,423,2,0.15,47.81
20720,9373,181,2,0.0,134.67
20721,9373,587,1,0.0,155.52
20722,9373,367,2,0.0,213.47
20723,9374,427,1,0.05,94.08
20724,9375,229,1,0.15,8.99
20725,9376,582,1,0.2,132.46
20726,9376,552,1,0.0,
20727,9377,102,2,0.1,73.65
20728,9378,309,1,0.2,
20729,9378,209,4,0.1,86.16
20730,9379,200,2,0.05,268.73
20731,9380,258,1,0.1,12.85
20732,9381,280,1,0.1,253.79
20733,9381,219,1,0.1,33.2
20734,9382,460,3,0.0,182.42
20735,9383,538,3,0.0,293.2
20736,9383,494,2,0.15,202.43
20737,9384,113,1,0.15,73.38
20738,9385,473,2,0.2,
20739,9386,368,2,0.0,143.45
20740,9387,35,2,0.0,37.61
20741,9387,172,0,0.1,53.78
20742,9388,464,4,0.0,86.98
20743,9388,72,2,0.0,134.76
20744,9389,400,4,0.0,277.07
20745,9390,143,1,0.15,124.54
20746,9390,32,3,0.0,236.31
20747,9391,85,1,0.0,18.99
20748,9391,324,2,0.0,216.27
20749,9391,476,4,0.0,206.48
20750,9392,218,1,0.05,35.14
20751,9393,262,1,0.0,383.68
20752,9393,379,4,0.1,204.79
20753,9393,342,1,0.0,67.74
20754,9393,414,1,0.0,97.36
20755,9394,43,3,0.0,87.62
20756,9395,169,2,0.15,
20757,9395,60,1,0.0,286.66
20758,9396,529,3,0.05,218.16
20759,9396,383,1,0.1,16.5
20760,9397,354,3,0.0,121.28
20761,9397,230,1,0.15,17.35
20762,9397,517,4,0.1,53.78
20763,9398,460,2,0.0,168.49
20764,9398,437,4,0.1,195.89
20765,9399,201,1,0.05,
20766,9400,19,1,0.0,
20767,9400,217,4,0.05,133.27
20768,9400,155,2,0.1,203.81
20769,9401,144,2,0.0,155.68
20770,9402,8,2,0.0,47.07
20771,9402,576,1,0.2,269.8
20772,9403,248,2,0.0,
20773,9404,199,2,0.05,252.63
20774,9404,288,2,0.0,357.01
20775,9404,557,2,0.05,77.26
20776,9404,113,4,0.2,71.97
20777,9405,35,4,0.0,37.33
20778,9405,597,1,0.15,121.68
20779,9406,281,2,0.0,177.32
20780,9406,146,4,0.2,10.03
20781,9407,430,4,0.2,117.62
20782,9407,141,1,0.0,241.34
20783,9407,45,4,0.1,262.86
20784,9407,179,-1,0.2,15.04
20785,9408,187,1,0.0,38.49
20786,9408,92,1,0.0,360.63
20787,9409,503,2,0.15,289.7
20788,9409,51,1,0.15,17.9
20789,9410,20,3,0.0,213.03
20790,9410,15,2,0.0,123.21
20791,9411,458,1,0.1,158.99
20792,9411,254,1,0.15,360.4
20793,9411,154,4,0.15,142.15
20794,9412,29,1,0.05,26.15
20795,9413,169,4,0.2,
20796,9414,473,1,0.15,
20797,9414,400,1,0.2,276.53
20798,9414,268,1,0.2,317.18
20799,9415,132,1,0.1,51.45
20800,9416,246,1,0.2,157.82
20801,9416,15,1,0.0,124.28
20802,9416,128,1,0.0,
20803,9416,86,3,0.0,133.6
20804,9417,272,3,0.0,82.39
20805,9417,325,1,0.0,251.93
20806,9418,170,3,0.0,110.02
20807,9419,198,1,0.0,142.03
20808,9419,571,4,0.15,215.93
20809,9419,517,2,0.0,52.76
20810,9420,248,1,0.05,
20811,9421,578,1,0.15,219.56
20812,9422,509,2,0.05,65.24
20813,9423,80,2,0.2,91.83
20814,9423,257,2,0.05,372.42
20815,9423,9,1,0.05,97.18
20816,9424,232,1,0.2,233.26
20817,9425,297,2,0.05,51.59
20818,9425,43,2,0.05,89.04
20819,9426,179,2,0.15,15.2
20820,9427,530,1,0.0,170.43
20821,9427,262,3,0.2,369.39
20822,9428,489,3,0.0,125.29
20823,9428,285,2,0.15,254.7
20824,9429,365,1,0.05,50.42
20825,9429,250,1,0.2,426.5
20826,9429,128,4,0.15,61.06
20827,9429,596,1,0.0,28.54
20828,9430,245,1,0.1,387.44
20829,9430,44,2,0.05,255.66
20830,9430,28,1,0.0,237.01
20831,9431,92,1,0.0,352.91
20832,9431,349,4,0.2,99.72
20833,9431,503,3,0.0,276.37
20834,9431,93,2,0.1,97.19
20835,9432,212,1,0.05,32.8
20836,9433,50,2,0.0,
20837,9433,451,1,0.2,43.46
20838,9433,601,2,0.0,
20839,9433,227,4,0.15,
20840,9433,452,1,0.0,67.64
20841,9434,203,1,0.15,135.03
20842,9434,230,3,0.0,15.99
20843,9434,160,2,0.1,42.04
20844,9434,92,3,0.15,357.15
20845,9435,210,0,0.05,241.44
20846,9435,342,2,0.2,67.82
20847,9436,187,4,0.05,39.68
20848,9436,499,1,0.05,198.67
20849,9436,422,1,0.05,80.17
20850,9437,34,2,0.1,61.74
20851,9438,389,2,0.0,86.74
20852,9438,94,3,0.05,266.97
20853,9438,320,2,0.2,81.62
20854,9438,458,2,0.0,159.27
20855,9439,171,2,0.0,156.69
20856,9439,302,2,0.05,41.38
20857,9440,360,1,0.1,48.71
20858,9441,485,3,0.0,180.31
20859,9441,251,4,0.0,223.69
20860,9442,466,1,0.2,58.15
20861,9442,238,2,0.2,220.65
20862,9442,91,2,0.05,78.67
20863,9443,221,2,0.0,42.47
20864,9444,582,1,0.1,122.85
20865,9444,454,2,0.0,222.8
20866,9444,329,1,0.0,79.89
20867,9445,484,1,0.0,184.93
20868,9446,373,2,0.15,
20869,9447,586,1,0.15,252.64
20870,9447,228,1,0.15,40.22
20871,9447,379,1,0.2,192.8
20872,9447,246,2,0.0,151.58
20873,9448,91,1,0.05,76.19
20874,9448,580,2,0.1,175.7
20875,9449,500,2,0.0,271.0
20876,9449,245,2,0.2,361.3
20877,9449,596,1,0.0,28.75
20878,9449,55,1,0.1,49.38
20879,9450,374,3,0.0,124.27
20880,9450,50,2,0.05,9.75
20881,9450,497,1,0.0,97.68
20882,9451,234,4,0.15,120.35
20883,9451,505,4,0.1,80.85
20884,9452,395,1,0.0,192.55
20885,9452,323,4,0.1,54.68
20886,9452,265,1,0.05,28.9
20887,9453,207,2,0.0,314.53
20888,9453,290,4,0.0,129.5
20889,9454,213,2,0.05,24.52
20890,9454,274,0,0.0,43.42
20891,9455,318,2,0.2,35.58
20892,9455,556,3,0.05,191.92
20893,9455,191,4,0.1,48.81
20894,9456,558,2,0.0,195.22
20895,9456,471,2,0.2,96.46
20896,9457,348,1,0.0,46.04
20897,9457,234,1,0.0,120.62
20898,9458,67,4,0.0,37.04
20899,9459,478,1,0.2,118.81
20900,9460,180,1,0.0,296.34
20901,9460,333,2,0.05,26.74
20902,9461,429,1,0.1,17.63
20903,9462,182,2,0.15,149.5
20904,9463,314,4,0.0,163.5
20905,9463,21,1,0.0,40.83
20906,9464,76,1,0.05,225.6
20907,9465,168,2,0.05,13.2
20908,9465,362,1,0.1,30.51
20909,9465,454,2,0.0,230.48
20910,9465,357,1,0.15,141.51
20911,9465,349,2,0.15,94.8
20912,9466,485,2,0.05,171.34
20913,9466,512,1,0.2,386.56
20914,9466,278,3,0.1,248.29
20915,9467,200,1,0.0,267.68
20916,9467,305,1,0.0,182.14
20917,9468,409,2,0.15,172.46
20918,9468,223,1,0.05,349.07
20919,9468,561,4,0.2,367.56
20920,9469,457,3,0.0,188.15
20921,9469,156,1,0.0,
20922,9469,209,4,0.0,82.12
20923,9469,333,3,0.2,26.24
20924,9469,303,2,0.2,39.81
20925,9470,318,1,0.15,36.97
20926,9471,40,4,0.0,85.31
20927,9471,539,2,0.0,140.14
20928,9471,206,1,0.15,132.03
20929,9471,286,1,0.0,198.38
20930,9472,240,1,0.2,315.26
20931,9472,535,1,0.05,
20932,9472,31,1,0.2,100.02
20933,9472,49,1,0.0,149.61
20934,9473,418,1,0.0,151.24
20935,9474,73,1,0.1,63.19
20936,9475,561,1,0.2,367.32
20937,9476,191,1,0.0,49.43
20938,9476,115,2,0.0,306.08
20939,9477,393,1,0.05,80.29
20940,9478,110,1,0.2,255.54
20941,9478,477,3,0.05,73.43
20942,9478,13,1,0.1,181.12
20943,9478,148,1,0.1,44.52
20944,9479,339,1,0.15,38.05
20945,9479,464,3,0.0,92.56
20946,9479,465,1,0.0,169.69
20947,9479,428,2,0.15,51.68
20948,9479,431,4,0.05,243.17
20949,9480,455,1,0.0,75.38
20950,9480,302,1,0.0,41.39
20951,9481,172,2,0.1,56.67
20952,9481,453,4,0.1,165.49
20953,9482,20,2,0.05,198.3
20954,9482,211,2,0.0,303.3
20955,9483,529,1,0.15,230.77
20956,9483,500,1,0.2,287.48
20957,9484,308,2,0.0,365.15
20958,9484,324,2,0.05,199.6
20959,9484,135,1,0.1,97.95
20960,9485,311,2,0.0,50.62
20961,9485,16,1,0.1,
20962,9486,228,2,0.0,40.15
20963,9486,230,2,0.05,16.17
20964,9486,84,4,0.05,82.09
20965,9487,133,4,0.2,329.82
20966,9487,300,4,0.15,43.06
20967,9487,230,4,0.0,16.55
20968,9488,382,2,0.05,98.6
20969,9489,141,3,0.05,240.98
20970,9489,76,3,0.05,233.84
20971,9489,135,2,0.1,97.05
20972,9489,518,2,0.0,33.82
20973,9489,293,1,0.15,163.52
20974,9490,566,2,0.0,218.22
20975,9491,114,4,0.0,268.96
20976,9491,452,4,0.2,65.6
20977,9492,87,1,0.05,134.19
20978,9493,25,4,0.15,130.79
20979,9494,85,2,0.2,20.44
20980,9494,374,1,0.0,125.94
20981,9494,170,1,0.05,110.16
20982,9494,280,3,0.0,261.73
20983,9495,243,4,0.2,244.19
20984,9495,72,3,0.1,135.67
20985,9496,376,2,0.2,56.69
20986,9496,116,1,0.05,248.43
20987,9497,430,4,0.05,121.13
20988,9497,495,2,0.2,102.88
20989,9497,272,2,0.0,80.38
20990,9498,499,2,0.05,207.06
20991,9498,36,1,0.2,193.1
20992,9498,594,2,0.0,141.52
20993,9498,368,2,0.0,152.51
20994,9499,189,2,0.0,173.89
20995,9500,526,1,0.0,282.68
20996,9500,531,2,0.0,370.91
20997,9501,571,1,0.0,225.12
20998,9501,410,1,0.0,19.84
20999,9502,92,1,0.05,375.76
21000,9503,199,4,0.0,242.02
21001,9503,562,4,0.1,326.9
21002,9503,307,1,0.1,133.0
21003,9503,537,2,0.1,12.78
21004,9503,508,2,0.05,272.61
21005,9504,481,2,0.05,31.99
21006,9504,432,2,0.0,164.41
21007,9504,366,4,0.15,68.77
21008,9505,417,1,0.0,35.76
21009,9505,186,1,0.1,23.52
21010,9506,377,2,0.15,168.66
21011,9506,334,4,0.15,
21012,9507,417,1,0.15,37.8
21013,9508,248,4,0.0,
21014,9508,190,1,0.0,212.21
21015,9508,270,1,0.05,99.63
21016,9509,154,2,0.05,143.12
21017,9509,449,2,0.05,124.66
21018,9510,160,1,0.0,43.83
21019,9510,511,2,0.1,192.82
21020,9511,319,1,0.0,141.25
21021,9511,389,1,0.05,84.9
21022,9512,90,2,0.2,201.34
21023,9513,480,4,0.0,67.12
21024,9514,76,1,0.2,225.98
21025,9515,484,1,0.0,186.62
21026,9515,367,4,0.1,218.85
21027,9516,133,1,0.0,333.43
21028,9516,581,2,0.15,193.77
21029,9517,519,4,0.05,126.42
21030,9517,106,2,0.2,199.56
21031,9517,364,3,0.0,56.78
21032,9517,537,2,0.1,12.74
21033,9518,85,2,0.0,19.23
21034,9519,481,1,0.15,32.42
21035,9519,600,4,0.0,161.81
21036,9519,337,2,0.0,31.02
21037,9519,545,1,3.05,255.97
21038,9520,41,2,0.0,279.69
21039,9520,55,1,0.05,49.88
21040,9521,204,2,0.15,77.45
21041,9521,505,2,0.15,82.1
21042,9521,354,1,0.0,127.33
21043,9522,352,2,0.15,75.63
21044,9522,488,3,0.05,12.77
21045,9523,361,1,0.0,211.95
21046,9523,459,1,0.0,130.47
21047,9524,568,4,0.0,140.53
21048,9524,445,2,0.05,29.25
21049,9525,446,1,0.15,282.35
21050,9526,198,2,0.2,143.59
21051,9526,587,1,0.2,163.78
21052,9527,19,2,0.2,
21053,9527,322,2,0.0,58.02
21054,9527,384,2,0.0,286.83
21055,9527,151,4,0.0,22.48
21056,9527,567,2,0.0,23.54
21057,9528,230,1,0.15,17.22
21058,9529,210,4,0.2,250.52
21059,9529,591,1,0.15,274.65
21060,9530,116,3,0.2,251.76
21061,9530,291,2,0.0,187.27
21062,9530,435,2,0.0,341.02
21063,9531,252,4,0.05,116.71
21064,9532,396,1,0.0,57.0
21065,9532,433,4,0.15,127.51
21066,9533,94,2,0.1,266.91
21067,9533,432,4,0.0,157.94
21068,9534,531,1,0.1,369.73
21069,9535,60,4,0.2,283.3
21070,9535,334,4,0.2,
21071,9535,593,1,0.0,47.68
21072,9535,564,1,0.0,31.36
21073,9535,160,2,0.0,45.43
21074,9536,412,1,0.2,94.72
21075,9536,259,1,0.0,153.41
21076,9537,200,4,0.0,280.42
21077,9537,219,2,0.0,36.17
21078,9538,518,1,0.0,33.22
21079,9538,284,3,0.15,113.93
21080,9538,288,1,0.0,346.55
21081,9538,6,2,0.0,16.93
21082,9539,502,4,0.1,324.25
21083,9539,387,2,0.05,39.37
21084,9540,539,4,0.05,137.83
21085,9541,148,1,0.15,43.2
21086,9541,36,1,0.05,192.98
21087,9541,555,3,0.0,160.85
21088,9541,321,2,0.05,11.05
21089,9541,263,2,0.05,242.18
21090,9542,263,3,0.0,248.55
21091,9542,21,2,0.0,43.54
21092,9542,456,1,0.1,149.65
21093,9543,546,2,0.15,333.02
21094,9543,491,1,0.0,134.28
21095,9544,542,1,0.0,164.9
21096,9544,405,3,0.0,100.41
21097,9544,3,2,0.0,41.64
21098,9545,206,2,0.2,134.16
21099,9545,535,1,0.0,
21100,9545,115,2,0.2,309.46
21101,9546,356,2,0.1,250.15
21102,9547,138,4,0.0,158.39
21103,9548,28,1,0.0,243.73
21104,9548,240,1,0.1,311.78
21105,9548,479,2,0.15,106.61
21106,9549,286,4,0.2,191.57
21107,9550,401,2,0.0,158.44
21108,9550,21,2,0.2,43.64
21109,9551,294,1,0.0,21.97
21110,9552,211,3,0.2,287.22
21111,9553,29,4,0.1,24.33
21112,9553,170,3,0.1,103.93
21113,9554,161,2,0.0,196.84
21114,9554,526,2,0.0,279.47
21115,9554,53,2,0.05,218.88
21116,9555,178,2,0.2,31.23
21117,9556,56,3,0.0,70.81
21118,9556,533,2,0.1,156.99
21119,9556,269,3,0.15,209.8
21120,9556,84,2,0.0,78.16
21121,9556,237,1,0.2,
21122,9557,176,4,0.0,203.97
21123,9557,161,2,0.05,200.7
21124,9558,72,4,0.0,139.63
21125,9558,209,1,0.1,81.45
21126,9559,523,2,0.2,301.23
21127,9559,182,2,0.0,155.3
21128,9560,419,2,0.05,258.83
21129,9560,87,2,0.0,122.46
21130,9561,278,1,0.15,254.56
21131,9561,164,1,0.0,188.21
21132,9562,437,2,0.2,186.84
21133,9562,268,2,0.0,316.97
21134,9562,51,1,0.0,17.11
21135,9563,2,2,0.05,247.76
21136,9563,569,1,0.0,
21137,9563,466,1,0.15,58.09
21138,9564,248,1,0.1,
21139,9564,548,1,0.15,57.49
21140,9565,148,3,0.1,43.5
21141,9565,306,2,0.0,22.64
21142,9566,351,2,0.2,116.81
21143,9567,489,1,0.2,127.73
21144,9568,355,1,0.15,97.92
21145,9568,516,3,0.15,18.97
21146,9568,353,1,0.0,34.11
21147,9568,181,1,0.1,134.58
21148,9569,596,4,0.15,27.09
21149,9570,548,2,0.0,55.37
21150,9571,249,2,0.0,122.26
21151,9571,367,1,0.2,210.77
21152,9571,339,2,0.0,35.58
21153,9571,223,1,0.1,348.29
21154,9572,605,2,0.2,
21155,9572,424,3,0.2,
21156,9572,284,1,0.0,122.44
21157,9573,581,2,0.0,179.1
21158,9573,562,2,0.0,333.05
21159,9573,108,2,0.1,184.1
21160,9573,238,4,0.05,233.39
21161,9574,163,1,0.15,360.74
21162,9574,230,3,0.15,17.39
21163,9574,527,2,0.15,345.69
21164,9575,286,1,0.15,189.95
21165,9575,439,3,0.0,245.18
21166,9576,362,1,0.05,30.69
21167,9576,159,2,0.0,95.84
21168,9577,562,1,0.05,312.68
21169,9577,330,2,0.0,214.51
21170,9577,188,1,0.2,23.16
21171,9577,269,4,0.0,222.59
21172,9578,66,2,0.15,102.88
21173,9578,112,2,0.0,30.11
21174,9579,106,1,0.0,189.6
21175,9579,108,3,0.0,174.57
21176,9579,266,4,0.0,346.8
21177,9580,245,3,0.1,394.09
21178,9580,596,1,0.05,27.99
21179,9581,175,1,0.0,131.31
21180,9581,292,2,0.1,139.85
21181,9581,476,4,0.0,206.24
21182,9582,198,1,0.0,138.58
21183,9582,548,1,0.0,57.38
21184,9583,31,1,0.1,100.8
21185,9584,344,1,0.0,155.17
21186,9585,493,2,0.1,235.59
21187,9585,287,1,0.0,139.45
21188,9586,601,1,0.05,
21189,9586,261,1,0.0,172.68
21190,9586,213,1,0.0,24.26
21191,9587,459,2,0.05,127.65
21192,9587,58,1,0.05,239.84
21193,9588,102,1,0.0,70.81
21194,9588,391,3,0.0,218.28
21195,9589,254,1,0.2,331.4
21196,9589,530,2,0.15,165.56
21197,9590,600,1,0.0,166.88
21198,9590,164,1,0.1,189.06
21199,9591,232,1,0.2,245.38
21200,9591,155,1,0.0,199.98
21201,9592,544,1,0.0,145.04
21202,9593,587,2,0.2,160.05
21203,9593,86,3,0.0,141.65
21204,9594,467,1,0.0,304.66
21205,9595,371,3,0.2,118.69
21206,9595,300,2,0.0,43.69
21207,9595,166,1,0.1,141.08
21208,9596,321,4,0.05,10.26
21209,9596,417,2,0.2,38.85
21210,9597,521,2,0.2,207.03
21211,9597,553,1,0.2,241.05
21212,9597,365,1,0.1,50.3
21213,9598,569,3,0.0,264.94
21214,9599,507,4,0.05,199.27
21215,9599,127,3,0.0,238.44
21216,9600,219,3,0.15,33.61
21217,9601,397,2,0.0,
21218,9602,577,3,0.05,248.95
21219,9602,447,2,0.15,247.64
21220,9603,461,3,0.0,260.56
21221,9603,509,1,0.0,61.93
21222,9603,450,3,0.0,6.92
21223,9603,591,1,0.15,272.14
21224,9604,105,1,0.05,5.74
21225,9604,233,2,0.15,281.13
21226,9605,579,4,0.1,67.19
21227,9605,464,4,0.05,87.27
21228,9606,559,4,0.1,43.81
21229,9606,520,1,0.0,21.89
21230,9607,91,1,0.1,75.23
21231,9607,473,1,0.0,
21232,9607,316,2,0.1,278.38
21233,9608,174,1,0.0,130.67
21234,9608,296,1,0.2,51.28
21235,9608,610,1,0.15,
21236,9609,343,4,0.0,307.1
21237,9610,305,4,0.05,185.97
21238,9610,166,2,0.0,132.1
21239,9611,425,1,0.05,174.48
21240,9611,552,2,0.0,
21241,9612,195,2,0.0,271.9
21242,9613,302,2,0.15,40.15
21243,9613,37,2,0.15,9.56
21244,9614,392,2,0.0,71.99
21245,9615,212,1,4.15,34.49
21246,9615,392,1,0.05,75.48
21247,9615,561,1,0.0,378.66
21248,9616,513,1,0.2,281.67
21249,9616,570,4,0.1,163.38
21250,9616,222,3,0.0,107.65
21251,9617,432,1,0.1,163.18
21252,9618,429,4,0.0,17.46
21253,9618,467,1,0.0,294.74
21254,9619,503,1,0.1,280.16
21255,9620,344,1,0.15,149.74
21256,9620,473,1,0.15,
21257,9620,175,4,0.0,126.06
21258,9620,67,4,0.0,37.98
21259,9621,279,1,0.0,
21260,9621,213,2,0.0,23.19
21261,9622,252,4,0.15,121.41
21262,9622,373,4,0.05,
21263,9622,91,2,0.0,76.57
21264,9622,225,4,0.15,86.31
21265,9623,332,1,0.2,153.74
21266,9623,141,1,0.0,236.91
21267,9623,203,4,0.15,136.75
21268,9624,326,3,0.05,34.86
21269,9624,141,2,0.1,247.68
21270,9625,129,2,0.0,315.14
21271,9626,266,4,0.0,327.6
21272,9627,210,2,0.05,247.16
21273,9627,104,1,0.0,39.1
21274,9627,581,2,0.0,189.04
21275,9628,254,1,0.0,330.12
21276,9629,564,1,0.05,31.63
21277,9629,175,1,0.0,134.96
21278,9629,5,1,0.15,222.61
21279,9630,186,1,0.15,24.38
21280,9631,1,3,0.15,163.57
21281,9631,161,2,0.15,197.31
21282,9631,38,4,0.1,263.36
21283,9632,53,3,0.0,225.31
21284,9632,545,1,0.0,253.51
21285,9632,3,3,0.15,40.25
21286,9632,123,3,0.2,13.99
21287,9632,444,4,0.1,168.02
21288,9633,313,1,0.0,169.52
21289,9633,391,1,0.2,232.32
21290,9634,476,4,0.0,213.18
21291,9634,202,3,0.1,194.3
21292,9634,82,1,0.0,203.26
21293,9634,120,3,0.1,156.89
21294,9635,521,3,0.0,210.71
21295,9635,44,2,0.0,260.58
21296,9636,282,4,0.15,29.58
21297,9636,513,4,0.15,285.36
21298,9636,128,2,0.0,57.17
21299,9637,434,1,0.2,
21300,9637,93,4,0.0,90.0
21301,9637,252,2,0.0,119.31
21302,9637,168,1,0.15,13.54
21303,9638,387,4,0.0,42.71
21304,9639,207,1,0.15,306.37
21305,9640,455,2,0.2,77.33
21306,9640,127,3,0.05,220.78
21307,9641,344,1,0.0,154.05
21308,9642,355,2,0.0,97.54
21309,9642,55,2,0.15,51.78
21310,9643,469,2,0.0,14.71
21311,9643,80,1,0.0,86.25
21312,9643,566,1,0.05,224.28
21313,9644,88,4,0.0,152.74
21314,9644,446,4,0.0,294.06
21315,9645,189,4,0.0,161.93
21316,9646,306,1,0.0,21.17
21317,9647,68,1,0.15,245.11
21318,9647,109,1,0.0,123.58
21319,9648,20,1,0.15,198.67
21320,9648,58,1,0.15,243.2
21321,9648,293,1,0.15,159.79
21322,9649,520,2,0.0,21.33
21323,9650,537,3,0.0,12.77
21324,9650,82,2,0.15,209.53
21325,9651,85,1,0.1,19.21
21326,9652,345,2,0.05,180.53
21327,9653,11,1,0.0,136.71
21328,9653,393,4,0.1,82.44
21329,9654,232,1,0.0,248.81
21330,9654,164,1,0.1,187.76
21331,9654,45,1,0.0,268.18
21332,9654,189,1,0.1,164.13
21333,9655,333,4,0.0,28.74
21334,9655,497,1,0.0,97.89
21335,9656,193,2,0.0,290.82
21336,9656,546,1,0.1,315.29
21337,9657,90,1,0.0,211.44
21338,9658,79,4,0.15,249.11
21339,9658,375,2,0.0,304.39
21340,9658,367,2,0.15,199.99
21341,9658,171,1,0.0,156.35
21342,9658,398,2,0.15,15.12
21343,9659,113,1,0.0,69.76
21344,9659,364,4,0.1,57.34
21345,9660,339,2,0.0,37.43
21346,9661,100,1,0.2,317.55
21347,9662,300,1,0.0,44.69
21348,9663,337,4,0.1,29.7
21349,9664,440,4,0.2,10.9
21350,9665,348,1,0.2,44.55
21351,9666,163,2,0.0,343.81
21352,9666,463,2,0.0,89.28
21353,9667,509,1,0.0,61.2
21354,9667,342,3,0.1,63.88
21355,9667,200,1,0.0,275.75
21356,9668,600,1,0.1,
21357,9669,561,2,0.0,368.36
21358,9669,105,1,0.15,5.53
21359,9669,436,4,0.2,98.79
21360,9670,110,2,0.05,254.91
21361,9671,361,1,0.0,229.98
21362,9671,165,1,0.2,108.89
21363,9671,441,2,0.05,85.72
21364,9671,166,1,0.0,139.04
21365,9672,315,1,0.0,13.47
21366,9672,415,2,0.15,223.67
21367,9673,239,1,0.0,30.43
21368,9674,259,4,0.0,140.82
21369,9674,300,2,0.2,43.9
21370,9674,452,1,0.15,66.37
21371,9674,273,2,0.0,163.83
21372,9675,290,4,0.2,123.9
21373,9675,243,1,0.05,227.49
21374,9676,410,1,0.05,19.94
21375,9677,389,4,0.1,91.09
21376,9678,231,3,0.05,46.58
21377,9679,132,3,0.0,49.51
21378,9680,44,2,0.0,239.38
21379,9680,235,2,0.2,100.1
21380,9681,253,3,0.0,
21381,9681,284,2,0.1,117.82
21382,9681,2,1,0.05,247.52
21383,9682,149,1,0.05,184.79
21384,9683,236,2,0.05,12.89
21385,9684,593,1,0.0,47.35
21386,9684,124,2,0.0,176.64
21387,9684,431,1,0.1,228.01
21388,9685,389,3,0.0,88.05
21389,9686,319,3,0.0,139.04
21390,9686,211,1,0.15,290.3
21391,9687,353,4,0.0,33.17
21392,9687,511,3,0.2,183.31
21393,9687,452,2,0.2,66.39
21394,9687,223,1,0.0,329.56
21395,9688,251,2,0.0,231.45
21396,9688,325,2,0.2,237.55
21397,9689,496,1,0.0,289.53
21398,9689,562,3,0.2,325.13
21399,9690,521,4,0.1,196.59
21400,9691,332,1,0.15,149.08
21401,9691,558,1,0.0,202.67
21402,9692,18,3,0.0,346.2
21403,9692,548,1,0.0,59.24
21404,9693,191,2,0.0,49.26
21405,9693,102,2,0.0,68.17
21406,9693,513,3,0.0,298.41
21407,9694,52,1,0.0,105.29
21408,9694,26,3,0.1,
21409,9695,318,1,0.05,
21410,9695,509,1,0.0,65.59
21411,9695,122,2,0.0,256.26
21412,9695,435,2,0.15,367.52
21413,9696,262,3,0.05,391.03
21414,9696,39,3,0.05,161.65
21415,9696,273,4,0.05,165.49
21416,9697,237,2,0.15,25.13
21417,9697,58,3,0.0,261.18
21418,9697,102,3,0.0,68.49
21419,9697,371,4,0.2,130.45
21420,9698,104,2,0.15,39.88
21421,9698,295,4,0.0,31.96
21422,9698,311,4,0.0,48.59
21423,9699,538,1,0.05,296.54
21424,9699,96,3,0.0,43.52
21425,9700,552,1,0.2,
21426,9700,27,3,0.0,361.56
21427,9701,600,2,0.1,177.48
21428,9701,462,3,0.1,330.9
21429,9701,505,1,0.05,82.1
21430,9701,105,4,0.1,5.55
21431,9702,138,3,0.0,159.62
21432,9703,511,2,0.15,189.69
21433,9703,16,1,0.0,
21434,9704,302,3,0.2,40.25
21435,9704,225,4,0.15,79.74
21436,9704,78,1,0.0,257.94
21437,9704,374,1,0.0,126.39
21438,9705,131,4,0.0,256.13
21439,9706,281,2,0.05,180.41
21440,9706,237,1,0.0,24.36
21441,9707,388,1,0.1,178.38
21442,9707,14,4,0.2,69.04
21443,9707,437,2,0.2,183.37
21444,9708,216,3,0.2,57.62
21445,9708,184,1,0.0,381.44
21446,9709,379,3,0.05,201.55
21447,9710,445,2,0.0,30.33
21448,9710,66,3,0.0,102.23
21449,9711,55,1,0.05,51.14
21450,9712,593,1,0.15,48.87
21451,9713,602,2,0.2,
21452,9713,73,4,0.2,62.01
21453,9714,357,3,0.0,139.6
21454,9714,592,2,0.0,249.52
21455,9715,406,2,0.0,
21456,9715,525,2,0.05,181.24
21457,9715,469,2,0.0,15.51
21458,9715,352,3,0.0,77.93
21459,9716,292,1,0.2,133.03
21460,9717,357,4,0.15,136.15
21461,9717,463,1,0.0,88.72
21462,9718,263,2,0.0,244.72
21463,9719,584,2,0.0,270.9
21464,9719,295,4,0.15,33.96
21465,9719,43,1,0.1,83.83
21466,9719,157,1,0.0,17.8
21467,9720,242,1,0.0,158.81
21468,9721,449,4,0.2,120.47
21469,9721,334,1,0.0,
21470,9721,328,2,0.1,101.31
21471,9721,191,1,0.15,47.95
21472,9721,72,2,0.15,130.04
21473,9722,504,1,0.0,
21474,9722,358,2,0.1,
21475,9723,301,2,0.2,49.68
21476,9724,535,2,0.2,
21477,9724,405,1,0.1,103.03
21478,9725,281,4,0.0,164.53
21479,9726,261,2,0.05,177.35
21480,9726,364,1,0.05,59.1
21481,9726,548,1,0.1,56.37
21482,9726,410,1,0.05,20.1
21483,9726,326,1,0.2,34.29
21484,9727,476,1,0.0,210.53
21485,9727,276,4,0.15,210.54
21486,9727,95,2,0.15,133.28
21487,9727,198,1,0.0,144.45
21488,9728,108,4,0.2,176.93
21489,9728,436,1,0.0,99.02
21490,9728,438,1,0.0,9.99
21491,9728,429,4,0.05,16.98
21492,9728,104,4,0.05,43.1
21493,9729,129,2,0.15,338.33
21494,9730,531,2,0.0,358.3
21495,9731,409,1,0.1,176.92
21496,9732,232,1,0.2,254.76
21497,9732,447,4,0.0,229.39
21498,9732,384,1,0.15,287.5
21499,9732,366,4,0.2,68.97
21500,9732,423,3,0.0,47.64
21501,9733,575,1,0.2,340.17
21502,9733,286,1,0.0,190.45
21503,9733,209,1,0.0,81.67
21504,9734,94,1,0.0,256.41
21505,9734,459,1,0.1,123.41
21506,9735,264,3,0.0,104.04
21507,9735,566,2,0.0,223.71
21508,9735,227,2,0.15,
21509,9735,71,1,0.1,
21510,9735,233,1,0.0,270.07
21511,9736,449,1,0.15,120.57
21512,9737,131,2,0.15,258.4
21513,9738,303,4,0.0,39.22
21514,9738,109,1,0.15,117.67
21515,9738,105,1,0.0,5.56
21516,9739,168,1,0.0,12.86
21517,9740,195,1,0.0,283.15
21518,9741,60,2,0.0,293.66
21519,9741,331,2,0.2,152.41
21520,9742,106,2,0.1,198.07
21521,9742,463,1,0.05,83.23
21522,9743,59,1,0.1,198.17
21523,9744,526,1,0.0,264.79
21524,9745,248,1,0.2,
21525,9745,173,1,0.15,141.28
21526,9745,558,1,0.2,191.06
21527,9746,528,1,0.0,266.74
21528,9747,398,4,0.15,14.91
21529,9747,548,4,0.05,60.09
21530,9747,220,1,0.0,147.55
21531,9747,591,1,0.0,265.23
21532,9747,362,2,0.1,31.11
21533,9748,406,1,0.05,
21534,9748,598,3,0.0,26.47
21535,9748,71,1,0.0,234.29
21536,9749,239,1,0.0,29.97
21537,9749,607,2,0.0,
21538,9750,224,3,0.0,352.82
21539,9750,545,1,0.0,242.28
21540,9751,373,2,0.2,
21541,9751,299,1,0.0,150.58
21542,9752,518,4,0.0,34.33
21543,9753,323,3,0.0,56.56
21544,9753,208,1,0.0,181.18
21545,9753,283,2,0.0,122.62
21546,9753,156,2,0.0,91.98
21547,9754,93,1,1.55,98.05
21548,9755,267,3,0.1,328.99
21549,9755,467,2,0.1,314.52
21550,9755,193,2,0.05,279.62
21551,9755,34,1,0.2,61.88
21552,9756,541,1,0.2,163.59
21553,9757,36,1,0.2,179.17
21554,9757,290,3,0.2,131.23
21555,9757,423,3,0.0,47.68
21556,9758,83,2,0.1,42.97
21557,9759,149,1,0.1,186.6
21558,9759,14,1,0.0,66.69
21559,9759,228,1,0.15,38.79
21560,9759,48,1,0.15,248.09
21561,9760,202,1,0.0,195.55
21562,9760,391,1,0.2,227.66
21563,9761,477,1,0.05,78.4
21564,9761,280,1,0.0,247.56
21565,9761,561,3,0.0,380.45
21566,9762,200,1,0.0,276.95
21567,9762,251,2,0.0,230.17
21568,9763,142,2,0.1,86.67
21569,9763,186,2,0.15,22.6
21570,9763,405,1,0.2,103.04
21571,9763,382,1,0.1,98.26
21572,9764,297,2,0.0,56.28
21573,9764,538,2,0.05,287.93
21574,9765,78,3,0.0,252.12
21575,9766,367,1,0.15,219.96
21576,9766,370,2,0.0,130.14
21577,9766,610,1,0.0,
21578,9766,249,2,0.1,124.62
21579,9767,562,1,0.0,312.86
21580,9767,98,2,0.0,100.86
21581,9767,255,2,0.15,347.33
21582,9767,256,3,0.15,173.67
21583,9768,188,4,0.15,25.07
21584,9769,90,3,0.15,216.5
21585,9769,303,2,0.1,39.59
21586,9770,189,1,0.0,164.21
21587,9770,98,1,0.0,99.89
21588,9770,568,1,0.0,152.92
21589,9770,208,3,0.1,
21590,9770,554,3,0.0,148.0
21591,9771,568,3,0.0,144.75
21592,9771,12,3,0.0,87.84
21593,9771,199,1,0.1,249.91
21594,9772,65,3,0.2,8.21
21595,9773,381,1,0.1,45.26
21596,9773,3,3,0.2,39.74
21597,9773,388,2,0.15,183.9
21598,9774,502,1,0.0,312.02
21599,9774,514,3,0.0,331.66
21600,9774,464,1,0.0,85.61
21601,9775,592,3,0.05,270.04
21602,9776,395,4,0.0,183.88
21603,9776,303,1,0.1,42.41
21604,9777,398,3,0.2,14.46
21605,9778,47,2,0.05,236.44
21606,9779,431,4,0.05,234.19
21607,9779,600,1,0.2,172.75
21608,9779,330,1,0.15,213.95
21609,9780,286,1,0.0,195.95
21610,9781,152,1,0.0,186.73
21611,9782,28,4,0.2,244.84
21612,9783,475,1,0.0,299.25
21613,9783,401,2,0.1,156.82
21614,9783,46,4,0.0,47.1
21615,9784,115,4,0.0,310.77
21616,9784,211,4,0.0,290.7
21617,9784,566,4,0.2,229.54
21618,9785,49,1,0.0,152.71
21619,9786,459,2,0.0,131.39
21620,9786,183,1,0.1,259.9
21621,9787,98,1,0.0,95.67
21622,9787,387,1,0.2,39.81
21623,9788,219,2,0.1,35.28
21624,9788,453,1,0.15,169.74
21625,9789,364,1,0.0,61.3
21626,9789,29,1,0.0,24.28
21627,9790,140,1,0.0,261.83
21628,9790,261,1,0.05,161.01
21629,9791,525,4,0.0,171.37
21630,9791,265,1,0.0,28.97
21631,9792,289,2,0.05,64.62
21632,9792,185,3,0.15,43.53
21633,9792,215,2,0.2,78.61
21634,9792,574,2,0.0,268.59
21635,9792,579,2,0.1,67.47
21636,9793,115,1,0.2,311.94
21637,9793,492,2,0.2,25.16
21638,9794,272,4,0.0,88.61
21639,9795,276,2,0.0,200.39
21640,9796,259,3,0.0,139.84
21641,9796,504,1,0.1,
21642,9796,243,2,0.15,246.13
21643,9797,527,2,0.1,369.87
21644,9797,303,3,0.0,40.23
21645,9797,344,2,0.2,145.58
21646,9797,317,1,0.0,169.64
21647,9797,217,1,0.0,141.92
21648,9798,478,4,0.0,122.85
21649,9798,581,4,0.1,193.87
21650,9798,302,3,0.2,43.46
21651,9799,544,2,0.0,
21652,9799,14,2,0.1,66.0
21653,9800,555,4,0.0,155.58
21654,9800,354,2,0.0,126.94
21655,9800,295,2,0.0,32.64
21656,9801,111,4,0.0,206.36
21657,9801,497,1,0.15,92.99
21658,9802,149,1,0.15,188.28
21659,9802,556,3,0.0,204.45
21660,9802,446,1,0.05,274.18
21661,9802,565,1,0.2,101.24
21662,9803,171,1,0.1,146.55
21663,9803,76,1,0.2,237.79
21664,9804,413,4,0.2,220.99
21665,9805,337,1,0.0,29.77
21666,9805,375,1,0.05,314.89
21667,9805,380,3,0.15,325.48
21668,9806,546,1,0.05,311.98
21669,9806,415,3,0.0,212.36
21670,9806,553,2,0.05,
21671,9807,570,4,0.0,167.3
21672,9808,421,1,0.1,11.74
21673,9808,258,1,0.15,
21674,9809,586,1,0.05,261.81
21675,9810,166,1,0.0,135.23
21676,9810,81,3,0.1,126.68
21677,9810,103,1,0.0,115.55
21678,9811,286,1,0.0,201.02
21679,9812,345,1,0.05,192.71
21680,9812,457,3,0.15,188.99
21681,9812,311,3,0.0,50.72
21682,9813,388,2,0.1,180.23
21683,9813,444,1,0.0,157.42
21684,9813,499,2,0.05,215.21
21685,9814,236,4,0.0,13.55
21686,9815,559,4,0.15,42.57
21687,9816,266,3,0.1,354.39
21688,9816,268,4,0.0,303.91
21689,9816,416,1,0.0,72.35
21690,9816,275,1,0.0,204.28
21691,9817,125,2,0.2,388.44
21692,9818,265,1,0.0,30.08
21693,9818,243,1,0.1,230.21
21694,9818,290,1,0.05,122.08
21695,9819,268,2,0.0,309.77
21696,9819,410,1,0.2,20.15
21697,9820,224,1,0.15,352.9
21698,9821,283,1,0.0,118.12
21699,9822,524,1,0.0,49.31
21700,9823,404,1,0.05,371.12
21701,9823,253,2,0.05,
21702,9824,299,4,0.0,154.77
21703,9824,259,2,0.05,154.01
21704,9824,538,1,0.1,279.39
21705,9825,143,1,0.2,123.6
21706,9825,274,2,0.0,46.49
21707,9826,435,3,0.15,358.57
21708,9826,12,2,0.1,84.53
21709,9827,240,-1,0.0,312.9
21710,9828,323,4,0.15,54.28
21711,9829,433,2,0.15,127.62
21712,9829,260,2,0.2,221.03
21713,9829,3,2,0.2,38.52
21714,9830,584,1,0.2,260.11
21715,9830,576,1,0.0,278.02
21716,9830,74,1,0.05,187.1
21717,9831,509,2,0.0,60.64
21718,9832,591,1,0.0,266.22
21719,9833,208,2,0.0,180.85
21720,9834,356,2,0.2,263.42
21721,9835,36,4,0.05,193.42
21722,9836,333,1,0.15,28.38
21723,9836,409,2,0.1,168.45
21724,9837,331,3,0.0,157.63
21725,9838,595,4,0.2,106.52
21726,9838,303,2,0.1,39.59
21727,9838,220,2,0.0,151.82
21728,9839,506,1,0.05,99.66
21729,9840,101,1,0.15,142.59
21730,9841,188,1,0.0,23.46
21731,9841,340,1,0.0,379.68
21732,9842,240,2,0.1,290.03
21733,9842,60,3,0.0,282.23
21734,9842,319,4,0.1,137.56
21735,9842,393,4,0.2,82.92
21736,9843,553,2,0.05,239.2
21737,9844,98,4,0.0,101.14
21738,9844,285,1,0.15,247.63
21739,9844,568,1,0.0,145.3
21740,9845,89,3,0.2,203.17
21741,9845,389,3,0.1,87.14
21742,9846,124,1,0.0,185.97
21743,9846,429,1,0.0,17.64
21744,9847,210,2,0.0,252.93
21745,9847,314,3,0.0,163.53
21746,9847,193,1,0.0,
21747,9847,542,1,0.0,164.82
21748,9848,6,1,0.0,17.15
21749,9848,191,2,0.05,49.83
21750,9849,288,2,0.15,358.82
21751,9849,382,1,0.0,91.57
21752,9850,410,1,0.0,19.92
21753,9851,258,1,0.0,13.39
21754,9852,161,1,0.1,195.88
21755,9853,161,1,0.2,189.99
21756,9853,567,2,0.05,24.99
21757,9854,576,1,0.15,278.07
21758,9854,373,2,0.0,
21759,9854,306,3,0.0,22.71
21760,9854,579,1,0.0,71.38
21761,9854,570,2,0.05,164.43
21762,9855,113,1,0.0,73.03
21763,9855,577,1,0.0,243.72
21764,9856,604,1,0.05,
21765,9857,253,1,0.0,
21766,9857,49,1,0.0,157.09
21767,9858,588,3,0.2,204.06
21768,9859,345,2,0.0,187.8
21769,9859,561,3,0.0,360.01
21770,9859,88,4,0.0,150.74
21771,9859,461,2,0.05,
21772,9860,267,1,0.0,306.77
21773,9861,533,1,0.0,161.61
21774,9861,459,1,0.0,129.67
21775,9861,54,1,0.0,147.23
21776,9862,12,4,0.0,
21777,9862,586,1,0.0,249.14
21778,9863,28,4,0.2,236.78
21779,9863,464,1,0.15,93.89
21780,9863,92,1,0.2,358.43
21781,9864,530,1,0.0,157.52
21782,9864,518,1,0.15,33.62
21783,9865,211,1,0.05,287.83
21784,9866,54,2,0.0,152.96
21785,9867,178,1,0.0,29.05
21786,9868,281,2,0.0,165.5
21787,9868,117,3,0.15,179.07
21788,9869,97,1,0.1,299.51
21789,9869,333,1,0.0,26.52
21790,9869,193,1,0.15,280.47
21791,9870,97,1,0.1,291.18
21792,9870,390,2,0.0,252.41
21793,9870,104,1,0.2,39.28
21794,9870,519,4,0.0,132.37
21795,9870,235,4,0.0,100.78
21796,9871,403,1,0.2,163.38
21797,9872,359,4,0.05,341.66
21798,9872,357,1,0.05,132.56
21799,9872,393,2,0.0,76.91
21800,9872,556,1,0.0,210.67
21801,9872,540,2,0.2,96.73
21802,9873,528,1,0.05,265.92
21803,9874,432,3,0.15,
21804,9874,583,3,0.2,66.06
21805,9874,534,3,0.1,55.78
21806,9874,280,1,0.0,
21807,9875,93,1,0.1,91.11
21808,9876,235,1,0.15,97.47
21809,9876,536,1,0.0,76.43
21810,9877,78,3,0.0,248.09
21811,9877,31,4,0.2,98.32
21812,9878,129,3,0.2,319.94
21813,9878,544,3,0.05,142.98
21814,9878,30,2,0.0,17.78
21815,9878,353,4,0.05,33.24
21816,9878,312,3,0.0,120.9
21817,9879,156,1,0.05,94.2
21818,9879,415,2,0.05,214.98
21819,9880,300,3,0.1,42.18
21820,9881,234,2,0.05,117.76
21821,9881,39,2,0.15,168.06
21822,9882,6,1,0.0,16.57
21823,9882,154,2,0.1,145.27
21824,9883,201,2,0.0,49.73
21825,9884,167,1,0.2,7.17
21826,9884,403,3,0.05,161.72
21827,9884,346,2,0.0,97.47
21828,9884,430,2,0.0,125.94
21829,9885,420,1,0.0,205.01
21830,9885,348,3,0.15,43.54
21831,9885,148,2,0.15,45.78
21832,9886,258,1,0.0,12.53
21833,9886,274,3,0.0,44.48
21834,9887,110,1,0.05,245.97
21835,9888,107,2,0.0,165.8
21836,9888,345,2,0.0,174.51
21837,9888,517,1,0.0,54.0
21838,9888,504,3,0.15,
21839,9888,105,3,0.15,5.88
21840,9889,456,3,0.05,151.6
21841,9889,302,4,0.1,42.14
21842,9890,102,1,0.0,70.38
21843,9890,258,4,0.0,
21844,9891,128,4,0.0,60.04
21845,9891,608,1,0.15,
21846,9891,209,2,0.0,86.7
21847,9891,409,3,0.0,175.32
21848,9892,568,2,0.0,143.15
21849,9892,555,4,0.0,165.63
21850,9893,553,1,0.2,242.94
21851,9893,568,2,0.15,143.28
21852,9894,534,3,0.15,57.61
21853,9894,82,3,0.1,196.93
21854,9895,284,3,0.0,117.88
21855,9895,151,3,0.05,22.65
21856,9896,93,2,0.0,91.31
21857,9896,100,1,0.15,319.17
21858,9897,36,2,0.2,185.51
21859,9898,455,1,0.2,79.09
21860,9898,258,4,0.05,13.05
21861,9898,61,2,0.2,328.24
21862,9898,592,2,0.1,263.91
21863,9898,498,1,0.0,80.94
21864,9899,553,1,0.05,228.66
21865,9900,368,1,0.05,144.69
21866,9900,243,1,0.0,232.9
21867,9901,27,1,0.2,357.16
21868,9902,160,4,0.0,45.3
21869,9903,425,4,0.0,170.86
21870,9904,121,2,0.0,399.52
21871,9905,577,4,0.2,251.61
21872,9906,168,4,0.1,12.71
21873,9906,125,1,0.15,362.54
21874,9907,160,1,0.1,45.52
21875,9907,581,1,0.0,185.06
21876,9907,108,1,0.0,183.88
21877,9907,179,1,0.0,15.14
21878,9908,494,3,0.05,210.0
21879,9908,414,2,0.0,100.44
21880,9909,538,2,0.0,281.41
21881,9910,169,3,0.05,
21882,9910,12,2,0.0,84.91
21883,9910,306,1,0.1,22.13
21884,9910,121,1,0.2,387.3
21885,9910,97,1,0.0,
21886,9911,27,3,0.15,364.64
21887,9911,546,1,0.0,307.91
21888,9911,289,3,0.1,65.74
21889,9912,27,3,0.1,388.45
21890,9912,137,1,0.1,346.2
21891,9913,584,3,0.2,252.56
21892,9914,323,1,0.2,54.96
21893,9914,485,3,0.0,177.86
21894,9915,289,4,0.1,65.97
21895,9916,349,3,0.0,97.49
21896,9917,130,2,0.15,123.79
21897,9917,230,1,0.0,16.54
21898,9917,116,4,0.0,254.58
21899,9917,85,2,0.0,19.63
21900,9917,593,2,0.15,47.98
21901,9918,141,2,0.1,234.15
21902,9918,465,1,0.15,158.62
21903,9918,382,2,0.2,95.14
21904,9919,431,1,0.0,232.76
21905,9920,267,3,0.0,322.8
21906,9920,253,1,0.1,
21907,9921,153,1,0.05,306.73
21908,9921,17,2,0.0,33.7
21909,9921,6,3,0.0,16.21
21910,9922,320,1,0.0,78.11
21911,9923,290,2,0.05,130.75
21912,9924,360,4,0.05,52.52
21913,9925,100,1,0.0,316.42
21914,9926,505,2,0.0,80.72
21915,9927,254,4,0.1,347.92
21916,9927,455,1,0.1,73.3
21917,9927,383,1,0.2,17.46
21918,9928,143,4,0.2,117.57
21919,9928,568,2,0.0,
21920,9928,495,1,0.0,100.26
21921,9929,294,2,0.2,21.06
21922,9929,196,0,0.0,292.22
21923,9930,32,1,0.0,231.26
21924,9931,374,2,0.0,122.27
21925,9932,322,3,0.15,63.31
21926,9932,33,2,0.0,90.99
21927,9933,432,3,0.2,160.42
21928,9933,435,1,0.0,362.92
21929,9933,324,1,0.0,213.22
21930,9933,159,4,0.1,97.69
21931,9933,315,2,0.05,14.61
21932,9934,454,1,0.0,219.41
21933,9934,237,1,0.2,25.09
21934,9934,181,1,0.15,141.17
21935,9934,474,2,0.05,59.16
21936,9934,501,1,0.0,
21937,9935,269,1,0.1,222.29
21938,9935,584,2,0.0,248.06
21939,9936,112,1,0.0,29.95
21940,9936,233,2,0.0,265.72
21941,9936,352,4,0.2,82.71
21942,9936,145,2,0.15,95.92
21943,9937,66,2,0.0,103.27
21944,9938,296,2,0.05,54.71
21945,9939,193,3,0.0,267.96
21946,9940,421,1,0.2,11.85
21947,9940,418,2,0.0,150.57
21948,9941,92,3,0.05,380.13
21949,9942,289,3,0.15,63.87
21950,9943,228,2,0.05,38.39
21951,9944,39,2,0.15,162.1
21952,9945,509,2,0.1,60.72
21953,9945,347,2,0.0,123.46
21954,9945,3,4,0.05,41.39
21955,9946,16,1,0.1,
21956,9946,579,2,0.05,70.69
21957,9947,213,2,0.0,24.87
21958,9947,385,3,0.1,129.16
21959,9947,338,1,0.1,170.16
21960,9948,199,1,0.0,249.95
21961,9949,176,2,0.1,201.74
21962,9949,314,4,0.2,178.68
21963,9950,134,1,0.2,248.89
21964,9951,452,1,0.15,67.34
21965,9951,151,3,0.0,21.54
21966,9952,200,1,0.2,279.11
21967,9952,411,1,0.0,163.62
21968,9953,505,2,0.15,78.61
21969,9953,163,1,0.0,355.03
21970,9954,270,1,0.1,102.38
21971,9955,397,4,0.1,
21972,9955,7,3,0.05,194.62
21973,9956,95,2,0.2,135.17
21974,9956,108,1,0.15,183.37
21975,9956,457,1,0.05,184.56
21976,9956,261,1,0.0,169.15
21977,9957,63,2,0.05,70.94
21978,9957,211,1,0.05,293.74
21979,9957,29,2,0.15,25.12
21980,9958,85,2,0.0,19.84
21981,9958,401,1,0.05,167.58
21982,9959,167,1,0.0,7.38
21983,9959,386,1,0.0,51.7
21984,9960,481,1,0.2,33.0
21985,9960,396,2,0.05,55.29
21986,9960,67,4,0.2,36.92
21987,9960,182,4,0.05,143.26
21988,9961,53,4,0.15,219.57
21989,9962,217,1,0.05,140.3
21990,9962,586,1,0.1,256.61
21991,9962,597,1,0.1,116.73
21992,9962,469,4,0.0,
21993,9962,561,1,0.15,382.13
21994,9963,464,2,0.0,93.7
21995,9964,147,1,0.0,233.14
21996,9964,42,1,0.05,69.84
21997,9964,565,4,0.0,94.26
21998,9965,320,1,0.0,82.4
21999,9965,422,1,0.0,83.67
22000,9966,328,2,0.0,100.31
22001,9966,5,1,0.0,224.46
22002,9967,434,2,0.1,41.89
22003,9968,291,1,0.1,188.5
22004,9968,509,2,0.1,61.81
22005,9968,30,3,0.05,16.5
22006,9968,247,4,0.1,69.09
22007,9969,150,1,0.0,132.65
22008,9970,543,4,0.05,281.82
22009,9971,207,1,0.0,293.19
22010,9971,223,4,0.2,340.62
22011,9971,552,1,0.0,
22012,9972,378,1,0.0,57.69
22013,9973,295,1,0.2,33.01
22014,9973,114,1,0.0,
22015,9973,23,1,0.05,92.87
22016,9974,153,1,0.05,315.43
22017,9975,303,1,0.1,42.9
22018,9975,389,3,0.2,83.31
22019,9975,399,1,0.1,286.58
22020,9975,171,4,0.1,152.73
22021,9976,478,1,0.05,117.46
22022,9976,312,1,0.0,121.1
22023,9977,48,3,0.0,236.98
22024,9977,522,1,0.0,109.69
22025,9977,359,2,0.15,359.3
22026,9977,259,3,0.05,144.1
22027,9977,31,4,0.15,100.82
22028,9978,308,1,0.2,339.45
22029,9978,448,2,0.0,158.17
22030,9979,67,1,0.15,38.22
22031,9980,239,2,0.0,30.28
22032,9981,103,2,0.2,119.7
22033,9981,56,2,0.2,69.23
22034,9982,358,1,0.0,
22035,9983,93,1,0.15,91.84
22036,9984,92,4,0.05,367.36
22037,9985,226,2,0.1,259.05
22038,9986,375,2,0.15,289.75
22039,9987,8,4,0.15,48.87
22040,9987,552,2,0.2,
22041,9987,373,4,0.05,
22042,9988,87,1,0.1,124.94
22043,9989,579,1,0.05,71.85
22044,9990,89,1,0.1,202.25
22045,9990,84,1,0.05,77.4
22046,9990,214,4,0.05,170.25
22047,9991,434,2,0.0,41.49
22048,9991,530,4,0.0,170.12
22049,9991,581,1,0.05,189.11
22050,9991,575,4,0.05,329.08
22051,9992,23,2,0.0,90.63
22052,9992,415,4,0.0,217.04
22053,9992,126,2,0.0,84.89
22054,9993,192,4,0.1,255.29
22055,9993,517,1,0.05,52.65
22056,9994,427,4,0.15,92.49
22057,9995,290,2,0.0,128.55
22058,9995,504,2,0.0,
22059,9995,163,2,0.15,340.25
22060,9995,65,1,0.0,8.32
22061,9996,399,2,0.0,301.93
22062,9996,372,3,0.0,225.81
22063,9996,378,4,0.0,61.32
22064,9997,76,2,0.0,235.81
22065,9997,571,3,0.1,223.84
22066,9997,477,1,0.05,75.0
22067,9997,272,1,0.2,82.85
22068,9998,427,3,0.0,93.93
22069,9999,262,1,0.1,369.68
22070,9999,496,4,0.0,293.87
22071,9999,152,2,0.1,177.86
22072,9999,446,1,0.2,289.86
22073,9999,74,1,0.1,195.21
22074,10000,246,1,0.2,158.43
22075,10000,559,1,0.0,41.41
22076,10001,99,3,0.2,304.25
22077,10002,351,1,0.0,108.78
22078,10003,262,4,0.05,380.98
22079,10003,169,2,0.1,
22080,10003,105,1,0.0,5.91
22081,10003,231,2,0.0,47.61
22082,10004,152,2,0.0,195.16
22083,10005,76,3,0.15,217.38
22084,10005,502,4,0.05,314.07
22085,10006,247,1,0.2,72.56
22086,10006,437,1,0.0,193.99
22087,10006,531,1,0.1,382.77
22088,10007,186,1,0.0,23.83
22089,10007,606,1,0.05,
22090,10007,100,2,0.0,321.69
22091,10007,348,4,0.0,43.87
22092,10008,296,4,0.2,50.4
22093,10009,467,1,0.0,315.28
22094,10010,482,4,0.05,
22095,10011,171,1,0.0,145.44
22096,10012,387,1,0.0,41.03
22097,10012,35,2,0.15,39.29
22098,10012,134,3,0.15,251.5
22099,10012,426,1,0.0,
22100,10013,331,2,0.2,146.47
22101,10013,21,4,0.0,44.44
22102,10014,206,1,0.15,130.53
22103,10014,551,1,0.2,30.65
22104,10015,524,2,0.15,52.09
22105,10016,407,3,0.1,57.19
22106,10017,489,1,0.1,129.26
22107,10018,25,4,0.2,136.72
22108,10019,172,1,0.15,58.24
22109,10020,54,2,0.2,147.02
22110,10020,322,1,0.0,58.32
22111,10021,523,1,0.0,287.14
22112,10021,3,1,0.0,40.4
22113,10021,151,2,0.05,21.7
22114,10022,336,2,0.05,75.33
22115,10023,488,2,0.15,13.21
22116,10023,255,1,0.1,329.96
22117,10024,280,2,0.15,248.86
22118,10024,433,4,0.2,135.46
22119,10025,164,2,0.0,178.14
22120,10026,396,3,0.15,57.09
22121,10026,288,1,0.15,
22122,10026,271,2,0.0,304.76
22123,10027,509,2,0.0,61.94
22124,10027,99,1,0.05,276.21
22125,10027,425,1,0.15,169.84
22126,10028,119,1,0.2,58.56
22127,10028,378,1,0.2,58.01
22128,10028,160,1,0.0,41.83
22129,10029,169,2,0.0,
22130,10030,312,1,0.15,121.34
22131,10030,227,4,0.2,
22132,10030,31,1,0.2,107.54
22133,10031,144,2,0.05,156.28
22134,10031,489,2,0.15,120.9
22135,10031,70,1,0.1,158.87
22136,10031,521,2,0.1,196.26
22137,10032,346,2,0.0,94.69
22138,10032,260,2,0.0,225.72
22139,10032,145,4,0.0,97.66
22140,10032,402,4,0.1,
22141,10032,421,4,0.15,11.79
22142,10033,188,2,0.15,25.0
22143,10033,529,3,0.05,212.54
22144,10034,102,4,0.15,72.18
22145,10034,315,3,0.15,14.18
22146,10034,557,2,0.15,74.61
22147,10035,367,1,0.05,220.49
22148,10035,27,3,0.2,371.21
22149,10035,206,1,0.2,138.34
22150,10035,584,3,0.2,258.38
22151,10036,281,4,0.0,165.62
22152,10036,171,2,0.2,145.88
22153,10036,252,4,0.2,125.31
22154,10037,369,3,0.1,157.86
22155,10037,142,2,0.05,82.74
22156,10038,145,2,0.05,94.37
22157,10038,196,1,0.15,298.18
22158,10039,217,4,0.0,136.24
22159,10039,198,4,0.1,137.92
22160,10040,16,2,0.0,
22161,10040,331,3,0.0,146.86
22162,10041,486,2,0.0,277.75
22163,10041,343,4,0.2,304.19
22164,10041,245,2,0.2,379.96
22165,10041,143,1,0.2,119.71
22166,10041,50,2,0.05,9.73
22167,10042,383,4,0.2,17.86
22168,10043,518,3,0.0,34.56
22169,10043,116,1,0.0,256.18
22170,10044,354,1,0.05,124.33
22171,10044,491,1,0.15,134.17
22172,10044,596,1,0.05,27.09
22173,10044,248,3,0.15,
22174,10044,221,1,0.0,42.24
22175,10045,116,1,0.0,238.8
22176,10046,81,2,0.2,128.52
22177,10046,341,2,0.1,
22178,10046,109,1,0.0,118.96
22179,10047,464,1,0.2,92.87
22180,10047,337,4,0.0,30.88
22181,10048,207,1,0.05,296.3
22182,10048,564,2,0.0,28.92
22183,10048,481,1,0.0,33.06
22184,10048,510,1,0.05,193.44
22185,10048,22,2,0.0,21.49
22186,10049,479,1,0.0,104.73
22187,10050,250,3,0.0,396.15
22188,10051,519,2,0.15,120.72
22189,10052,61,1,0.05,332.45
22190,10053,389,1,0.0,91.37
22191,10054,344,1,0.0,143.37
22192,10054,433,2,0.0,128.12
22193,10055,535,1,0.1,
22194,10056,554,2,0.0,153.82
22195,10056,256,1,0.2,185.66
22196,10056,262,1,0.0,370.14
22197,10057,284,4,0.05,124.23
22198,10057,409,1,0.15,166.6
22199,10057,477,3,0.05,77.08
22200,10057,399,2,0.05,315.64
22201,10058,362,2,0.1,31.81
22202,10058,466,2,0.05,59.88
22203,10059,428,1,0.15,50.53
22204,10059,100,3,0.0,342.79
22205,10059,137,1,0.15,349.78
22206,10060,78,1,0.0,241.24
22207,10060,339,2,0.05,36.75
22208,10061,152,1,0.2,182.54
22209,10062,112,1,0.05,31.21
22210,10062,303,3,0.1,40.34
22211,10062,243,1,0.15,234.44
22212,10063,78,2,0.0,244.14
22213,10063,236,4,0.2,
22214,10064,327,4,0.1,205.38
22215,10064,159,3,0.1,99.43
22216,10065,562,1,0.1,329.22
22217,10065,344,1,0.1,148.08
22218,10065,566,1,0.2,217.81
22219,10066,166,1,0.15,139.4
22220,10067,120,2,0.0,150.87
22221,10067,180,1,0.15,299.72
22222,10067,80,1,0.1,90.41
22223,10067,547,2,0.1,186.81
22224,10068,599,1,0.0,415.57
22225,10068,538,2,0.0,289.62
22226,10069,197,4,0.05,145.8
22227,10069,110,2,0.05,259.74
22228,10070,519,3,0.1,130.06
22229,10071,345,3,0.15,190.32
22230,10071,263,1,0.05,263.45
22231,10072,280,2,0.15,251.34
22232,10073,150,2,0.15,134.27
22233,10074,308,4,0.15,336.52
22234,10074,285,2,0.0,258.22
22235,10074,137,1,0.0,351.35
22236,10074,60,1,0.0,289.06
22237,10075,82,2,0.15,200.94
22238,10076,353,2,0.0,34.22
22239,10076,36,2,0.0,187.01
22240,10076,351,1,0.15,115.31
22241,10077,252,2,0.1,123.63
22242,10078,343,3,0.0,307.39
22243,10079,214,1,0.0,173.62
22244,10079,574,2,0.1,
22245,10080,578,1,0.1,221.5
22246,10081,293,1,0.15,151.66
22247,10081,281,1,0.0,166.93
22248,10081,71,2,0.2,233.15
22249,10082,492,1,0.0,26.26
22250,10082,458,2,0.1,158.32
22251,10083,479,1,0.15,107.74
22252,10084,368,1,0.0,153.11
22253,10084,85,1,0.15,19.67
22254,10084,44,1,0.1,259.32
22255,10085,237,2,0.0,
22256,10085,541,2,0.05,176.78
22257,10085,203,1,0.0,133.96
22258,10086,91,2,0.15,80.55
22259,10086,510,2,0.0,182.19
22260,10086,436,4,0.05,97.49
22261,10087,437,3,0.0,195.45
22262,10087,363,1,0.15,218.9
22263,10088,216,2,0.05,58.2
22264,10088,426,2,0.05,
22265,10088,323,1,0.15,53.74
22266,10089,59,1,0.0,182.21
22267,10089,181,2,0.0,140.01
22268,10089,130,3,0.15,123.43
22269,10089,460,3,0.0,169.31
22270,10090,70,4,0.15,155.76
22271,10090,33,1,0.05,89.05
22272,10091,516,1,0.05,19.19
22273,10091,269,1,0.15,208.62
22274,10091,555,1,0.2,168.05
22275,10092,411,4,0.2,160.98
22276,10093,290,2,0.0,127.75
22277,10093,162,2,0.0,177.35
22278,10093,184,2,0.05,402.47
22279,10094,249,4,0.15,122.66
22280,10094,102,2,0.0,69.83
22281,10094,295,2,0.0,33.29
22282,10095,54,1,0.0,154.71
22283,10095,46,4,0.05,49.03
22284,10096,568,2,0.0,147.0
22285,10096,476,1,0.15,216.6
22286,10097,418,3,0.0,145.66
22287,10097,588,3,0.0,193.05
22288,10098,14,2,0.15,69.53
22289,10098,237,1,0.05,25.03
22290,10099,600,3,0.0,163.99
22291,10100,11,2,0.0,133.67
22292,10100,600,2,0.0,166.13
22293,10100,235,3,0.15,94.76
22294,10100,258,1,0.05,13.44
22295,10101,339,2,0.1,36.11
22296,10101,365,4,0.0,51.48
22297,10101,570,1,0.0,163.74
22298,10101,33,1,0.15,95.65
22299,10102,505,2,0.2,81.0
22300,10102,29,4,0.1,26.11
22301,10102,127,2,0.05,227.74
22302,10103,472,2,0.15,248.23
22303,10103,38,2,0.05,265.06
22304,10103,73,2,0.2,60.56
22305,10104,271,2,0.0,318.63
22306,10104,333,4,0.0,27.37
22307,10104,95,3,0.15,138.15
22308,10104,394,2,0.0,
22309,10105,524,3,0.05,49.64
22310,10105,364,1,0.1,57.29
22311,10106,166,1,0.0,140.38
22312,10106,411,3,0.0,163.91
22313,10106,267,1,0.05,316.75
22314,10106,530,4,0.15,167.45
22315,10107,530,3,0.2,164.95
22316,10108,425,1,0.1,163.01
22317,10108,508,4,0.1,283.29
22318,10108,271,2,0.0,327.66
22319,10109,552,1,0.2,
22320,10109,31,2,0.0,98.58
22321,10110,266,2,0.0,328.39
22322,10110,80,0,0.2,93.95
22323,10110,292,3,0.05,140.62
22324,10111,213,3,0.2,23.84
22325,10111,134,3,0.0,244.48
22326,10111,597,4,0.1,118.17
22327,10112,160,3,0.1,41.94
22328,10112,32,2,0.0,234.67
22329,10113,342,1,0.05,63.92
22330,10113,34,2,0.1,61.38
22331,10113,295,2,0.0,34.6
22332,10114,479,2,0.05,113.14
22333,10114,502,1,0.05,324.96
22334,10114,566,1,0.2,229.93
22335,10114,447,2,0.1,235.85
22336,10115,40,1,0.2,78.2
22337,10115,27,3,0.15,358.39
22338,10116,526,3,0.15,276.3
22339,10116,537,1,0.0,12.02
22340,10117,165,2,0.2,111.68
22341,10118,415,1,0.0,221.8
22342,10119,260,1,0.05,216.92
22343,10120,119,3,0.1,59.04
22344,10121,331,3,0.05,158.81
22345,10122,15,2,0.2,127.86
22346,10122,528,3,0.15,264.23
22347,10122,193,4,0.2,267.11
22348,10123,328,1,0.1,97.98
22349,10124,162,2,0.0,164.6
22350,10124,214,1,0.2,182.72
22351,10124,66,1,0.15,104.56
22352,10125,51,2,0.1,16.66
22353,10126,162,1,0.0,165.24
22354,10126,540,2,0.0,99.68
22355,10127,22,3,0.0,20.49
22356,10127,117,2,0.2,171.8
22357,10127,97,4,0.0,296.42
22358,10127,460,2,0.0,167.0
22359,10128,169,1,0.05,
22360,10128,197,4,0.15,
22361,10129,44,3,0.0,248.26
22362,10130,474,3,0.2,63.48
22363,10130,545,2,0.05,
22364,10131,379,4,0.0,190.74
22365,10131,38,1,0.05,245.37
22366,10131,122,2,0.15,
22367,10131,472,1,0.0,244.03
22368,10132,503,1,0.0,285.98
22369,10132,130,1,0.15,124.67
22370,10133,326,1,0.1,32.08
22371,10134,96,2,0.0,46.25
22372,10135,343,1,0.05,284.86
22373,10135,394,1,0.05,
22374,10136,156,1,0.15,98.73
22375,10136,393,3,0.0,78.68
22376,10137,484,4,0.05,198.07
22377,10138,391,2,0.1,213.41
22378,10139,173,1,0.05,132.24
22379,10139,194,1,0.0,66.16
22380,10139,393,2,0.0,76.81
22381,10139,442,1,0.15,8.73
22382,10140,222,3,0.15,110.08
22383,10141,240,4,0.0,301.18
22384,10142,373,2,0.05,
22385,10142,56,1,0.0,71.81
22386,10143,14,2,0.0,64.82
22387,10144,128,1,0.0,61.2
22388,10145,473,1,0.05,
22389,10145,403,1,0.05,156.21
22390,10146,262,2,0.05,361.72
22391,10146,313,2,0.0,176.25
22392,10147,35,1,0.1,40.18
22393,10147,129,1,0.1,330.57
22394,10147,231,2,0.0,45.93
22395,10148,191,1,0.1,50.06
22396,10148,361,2,0.0,222.37
22397,10149,514,2,0.05,317.46
22398,10150,229,2,0.2,9.35
22399,10150,15,1,0.1,122.7
22400,10150,528,1,0.2,267.68
22401,10151,283,4,0.0,116.98
22402,10152,51,4,0.15,17.92
22403,10152,496,3,0.15,271.9
22404,10152,597,1,0.2,123.31
22405,10152,168,3,0.1,13.81
22406,10152,557,3,0.0,73.77
22407,10153,546,1,0.05,308.07
22408,10154,434,4,0.05,39.83
22409,10155,47,2,0.1,244.33
22410,10155,297,4,0.2,56.52
22411,10156,609,4,0.0,
22412,10157,363,2,0.0,214.97
22413,10157,304,1,0.0,59.37
22414,10157,524,1,0.0,49.06
22415,10158,72,-1,0.0,129.07
22416,10158,267,2,0.15,304.92
22417,10158,491,1,0.1,123.89
22418,10159,546,1,0.0,309.32
22419,10159,355,2,0.0,91.1
22420,10159,218,3,0.0,37.91
22421,10160,266,3,0.0,341.08
22422,10160,151,2,0.0,22.58
22423,10160,349,1,0.15,95.37
22424,10161,554,2,0.2,154.5
22425,10161,446,1,0.0,275.48
22426,10161,445,1,0.1,30.75
22427,10162,135,1,0.0,100.47
22428,10163,600,1,0.05,176.88
22429,10163,342,1,0.1,
22430,10163,232,2,0.0,248.93
22431,10163,121,2,0.0,398.9
22432,10164,225,2,0.15,84.9
22433,10165,396,1,0.0,56.25
22434,10165,433,4,0.1,130.57
22435,10166,337,1,0.0,30.0
22436,10167,327,2,0.0,221.96
22437,10168,571,4,0.2,223.73
22438,10168,247,1,0.2,66.23
22439,10168,391,1,0.0,221.55
22440,10169,306,2,0.15,22.29
22441,10169,331,1,0.1,146.52
22442,10170,232,4,0.0,250.09
22443,10170,347,2,0.15,125.57
22444,10171,449,1,0.0,118.51
22445,10171,26,1,0.0,
22446,10171,51,2,0.2,16.9
22447,10171,592,4,0.1,257.73
22448,10172,80,3,0.0,90.86
22449,10173,154,2,0.0,
22450,10174,447,2,0.0,230.05
22451,10175,313,2,0.0,173.37
22452,10175,370,1,0.2,129.61
22453,10175,496,1,0.1,273.92
22454,10175,345,1,0.0,175.88
22455,10176,439,4,0.2,235.77
22456,10176,237,1,0.0,23.65
22457,10177,21,1,0.0,41.82
22458,10177,499,1,0.0,205.62
22459,10177,156,3,0.0,96.64
22460,10177,572,2,0.2,213.98
22461,10178,168,2,0.0,12.97
22462,10178,7,1,0.0,206.95
22463,10178,400,2,0.1,294.46
22464,10179,216,2,0.1,56.52
22465,10180,33,4,0.15,93.39
22466,10180,264,4,0.1,107.17
22467,10180,293,3,0.15,160.01
22468,10181,183,1,0.0,255.59
22469,10182,472,1,0.0,245.56
22470,10183,569,2,0.0,267.2
22471,10184,472,1,0.15,259.33
22472,10184,387,1,0.15,41.72
22473,10184,235,2,0.2,102.84
22474,10184,11,1,0.15,142.41
22475,10184,526,2,0.0,282.24
22476,10185,249,1,0.1,124.0
22477,10185,301,2,0.1,46.23
22478,10185,448,1,0.0,165.26
22479,10185,502,1,0.05,328.15
22480,10185,523,4,0.0,310.58
22481,10186,339,2,0.2,36.75
22482,10186,593,4,0.2,49.08
22483,10186,197,1,0.15,139.5
22484,10186,79,4,0.1,252.93
22485,10186,398,2,0.05,15.15
22486,10187,340,2,0.1,360.72
22487,10187,117,1,0.0,185.2
22488,10188,46,2,0.05,48.84
22489,10188,451,4,0.0,45.32
22490,10189,392,2,0.1,70.62
22491,10189,79,2,0.0,236.46
22492,10189,337,2,0.15,32.26
22493,10190,499,3,0.1,216.39
22494,10190,359,4,0.15,353.15
22495,10190,45,1,0.2,267.24
22496,10191,240,4,0.0,297.77
22497,10192,502,2,0.0,304.12
22498,10192,543,4,0.0,272.02
22499,10193,510,1,0.0,185.07
22500,10193,320,3,0.05,81.77
22501,10194,40,1,0.2,83.93
22502,10195,263,4,0.2,259.31
22503,10195,515,1,0.05,122.1
22504,10195,506,3,0.05,102.38
22505,10195,558,2,0.0,201.61
22506,10196,570,4,0.0,154.65
22507,10197,88,4,0.05,150.59
22508,10198,545,2,0.05,241.92
22509,10199,178,1,0.0,30.97
22510,10200,52,2,0.0,105.17
22511,10200,406,1,0.0,
22512,10200,484,3,0.1,182.75
22513,10200,452,2,0.0,61.83
22514,10200,89,4,0.0,199.33
22515,10201,398,1,0.1,14.76
22516,10201,186,4,0.0,24.59
22517,10201,279,1,0.0,31.87
22518,10202,352,1,0.1,81.95
22519,10202,459,1,0.05,120.68
22520,10203,206,1,0.1,133.15
22521,10204,423,2,0.1,46.51
22522,10204,435,1,0.0,337.41
22523,10205,461,2,0.05,276.49
22524,10206,459,2,0.1,131.01
22525,10206,311,2,0.0,48.08
22526,10206,121,4,0.1,403.43
22527,10206,100,2,0.1,331.56
22528,10206,590,2,0.0,240.99
22529,10207,436,1,0.05,99.24
22530,10207,516,4,0.0,18.38
22531,10207,323,1,0.1,53.19
22532,10207,397,2,0.0,
22533,10208,309,2,0.2,
22534,10208,380,1,0.05,334.73
22535,10209,167,2,0.05,7.79
22536,10209,385,1,0.2,134.56
22537,10210,86,2,0.0,140.41
22538,10210,392,2,0.0,76.07
22539,10210,93,4,0.05,95.79
22540,10211,485,1,0.0,167.12
22541,10211,264,3,0.0,108.99
22542,10212,222,4,0.0,111.52
22543,10213,488,1,0.05,12.83
22544,10213,43,3,0.05,89.79
22545,10213,537,3,0.1,12.53
22546,10214,310,3,0.15,284.33
22547,10214,566,1,0.0,219.66
22548,10214,486,4,0.1,279.22
22549,10215,268,2,0.0,304.55
22550,10215,553,1,0.15,231.16
22551,10216,223,1,0.0,321.16
22552,10217,292,1,0.0,131.65
22553,10217,381,1,0.05,43.76
22554,10218,546,1,0.0,322.99
22555,10219,542,1,0.0,175.53
22556,10220,211,2,0.0,293.15
22557,10220,476,1,0.2,217.06
22558,10221,222,2,0.15,109.78
22559,10221,570,3,0.0,
22560,10222,90,2,0.1,217.49
22561,10223,496,3,0.15,276.65
22562,10223,181,1,0.1,132.44
22563,10223,527,1,0.0,
22564,10224,393,2,0.0,80.93
22565,10225,393,4,0.2,77.99
22566,10226,255,1,0.0,342.51
22567,10226,281,4,0.05,177.23
22568,10226,377,3,0.05,164.08
22569,10226,362,1,0.15,29.57
22570,10227,215,1,0.0,76.71
22571,10227,294,2,0.15,20.42
22572,10227,254,1,0.0,333.7
22573,10227,300,2,0.15,42.41
22574,10227,99,2,0.0,284.1
22575,10228,152,4,0.1,177.61
22576,10228,435,2,0.15,350.84
22577,10228,524,1,0.0,50.18
22578,10228,590,3,0.05,239.44
22579,10229,49,2,0.1,151.28
22580,10229,541,2,0.2,168.21
22581,10229,300,1,0.15,42.65
22582,10229,585,1,0.15,6.78
22583,10230,208,3,0.1,181.45
22584,10230,319,2,0.0,134.66
22585,10230,244,4,0.0,17.03
22586,10230,522,3,0.0,115.2
22587,10231,344,2,0.0,148.78
22588,10231,507,3,0.0,202.22
22589,10231,270,2,0.0,106.96
22590,10231,493,2,0.0,218.44
22591,10232,271,1,0.2,315.11
22592,10233,32,1,0.0,224.37
22593,10233,591,2,0.05,263.38
22594,10233,551,4,0.2,30.8
22595,10234,300,2,0.0,40.59
22596,10234,531,1,0.0,379.62
22597,10234,137,1,0.15,349.0
22598,10234,436,4,0.2,102.85
22599,10235,322,2,0.15,58.72
22600,10235,593,1,0.1,47.19
22601,10235,361,2,0.2,215.48
22602,10236,584,1,0.2,257.2
22603,10236,582,1,0.05,131.02
22604,10237,334,1,0.2,
22605,10238,220,2,0.0,145.14
22606,10239,486,4,0.05,269.52
22607,10239,134,2,0.2,253.76
22608,10239,462,4,0.2,330.25
22609,10239,504,1,0.0,
22610,10239,503,4,0.0,284.03
22611,10240,416,4,0.0,74.58
22612,10240,357,1,0.0,136.38
22613,10241,47,1,0.15,251.99
22614,10241,533,3,0.15,160.14
22615,10241,415,3,0.2,221.35
22616,10242,12,3,0.15,87.65
22617,10243,35,2,0.2,38.95
22618,10244,520,4,0.0,22.64
22619,10244,46,4,0.1,50.41
22620,10245,147,2,0.15,227.51
22621,10245,511,1,0.2,183.83
22622,10245,288,4,0.0,356.75
22623,10245,481,4,0.0,34.47
22624,10246,138,3,0.0,154.45
22625,10247,283,1,0.05,122.39
22626,10247,352,4,0.0,77.19
22627,10248,171,2,0.2,144.82
22628,10248,25,4,0.1,135.34
22629,10248,520,2,0.0,21.57
22630,10249,153,2,0.1,294.6
22631,10249,159,3,0.2,100.49
22632,10249,518,1,0.1,33.77
22633,10250,444,4,0.05,170.89
22634,10250,261,2,0.1,176.74
22635,10251,134,2,0.05,243.6
22636,10252,593,1,0.15,48.03
22637,10253,517,2,0.0,52.93
22638,10254,38,2,0.05,256.34
22639,10254,438,3,0.0,10.2
22640,10255,439,4,0.15,235.7
22641,10256,390,1,0.0,243.6
22642,10256,155,1,0.0,195.59
22643,10256,371,1,0.0,128.13
22644,10257,24,4,0.0,105.91
22645,10257,464,1,0.1,87.95
22646,10257,72,2,0.2,135.29
22647,10258,12,3,0.0,81.49
22648,10258,521,4,0.0,201.84
22649,10258,456,4,0.15,153.96
22650,10259,142,2,0.05,80.56
22651,10259,442,2,0.0,8.48
22652,10260,211,3,0.0,310.04
22653,10260,5,3,0.0,208.59
22654,10260,261,4,0.0,171.09
22655,10261,452,1,0.2,66.67
22656,10262,494,3,0.2,208.94
22657,10262,152,1,0.05,191.11
22658,10263,569,3,0.2,250.19
22659,10263,385,2,0.1,141.31
22660,10263,384,1,0.15,307.79
22661,10263,258,3,0.0,13.52
22662,10264,213,3,0.15,25.51
22663,10264,260,1,0.0,222.76
22664,10264,439,3,0.15,248.79
22665,10264,577,1,0.2,250.47
22666,10265,440,2,0.05,11.8
22667,10265,464,4,0.1,94.01
22668,10265,396,1,0.15,58.3
22669,10266,600,4,0.05,166.33
22670,10267,231,3,0.0,46.94
22671,10268,191,1,0.2,46.08
22672,10268,321,1,0.0,10.94
22673,10268,199,1,0.15,242.53
22674,10268,33,1,0.15,97.31
22675,10269,339,2,0.0,38.7
22676,10270,236,1,0.1,12.65
22677,10271,147,4,0.0,228.33
22678,10271,212,1,0.15,32.71
22679,10272,177,1,0.05,153.72
22680,10272,352,3,0.0,77.18
22681,10273,544,2,0.1,138.19
22682,10273,425,4,0.2,166.69
22683,10274,111,1,0.15,208.2
22684,10275,241,2,0.0,224.96
22685,10275,449,1,0.05,124.09
22686,10275,254,3,0.1,343.62
22687,10276,568,3,0.0,141.94
22688,10276,30,3,0.05,16.72
22689,10277,145,1,0.2,93.73
22690,10278,36,2,0.0,189.98
22691,10279,488,2,0.1,12.52
22692,10280,123,1,0.1,14.86
22693,10281,317,1,0.0,168.17
22694,10281,418,1,0.0,144.05
22695,10281,420,1,0.05,191.87
22696,10281,119,1,0.05,59.91
22697,10281,214,1,0.0,185.19
22698,10282,380,4,0.0,336.51
22699,10283,15,2,0.0,117.35
22700,10284,319,2,0.2,139.11
22701,10285,227,2,0.0,
22702,10286,395,1,0.0,184.21
22703,10287,438,4,0.15,10.65
22704,10288,44,1,0.05,254.21
22705,10288,15,4,0.05,122.12
22706,10289,391,1,0.05,224.98
22707,10289,481,2,0.05,32.31
22708,10290,442,4,0.05,8.78
22709,10291,36,1,0.0,187.72
22710,10291,238,1,0.2,215.46
22711,10292,60,4,0.0,293.47
22712,10292,459,2,0.05,121.35
22713,10293,528,2,0.0,271.67
22714,10293,296,4,0.05,50.99
22715,10293,60,2,0.2,287.19
22716,10293,446,4,0.15,288.76
22717,10294,588,1,0.1,212.06
22718,10295,493,2,0.0,219.28
22719,10296,480,2,0.0,65.17
22720,10297,454,2,0.15,220.73
22721,10297,196,2,0.1,273.66
22722,10297,266,3,0.05,353.51
22723,10298,215,2,0.1,77.18
22724,10298,444,4,0.0,161.34
22725,10298,158,2,0.2,285.94
22726,10298,547,4,0.1,194.19
22727,10298,429,2,0.0,17.49
22728,10299,369,4,0.0,157.02
22729,10300,228,2,0.0,40.53
22730,10300,188,2,0.2,22.93
22731,10301,549,3,0.0,57.28
22732,10301,497,2,0.15,89.88
22733,10301,484,1,0.0,189.46
22734,10302,214,1,0.1,182.11
22735,10302,506,1,0.0,96.38
22736,10302,280,2,0.2,258.94
22737,10303,198,1,0.0,148.61
22738,10303,586,1,0.0,269.51
22739,10304,25,1,0.0,127.45
22740,10304,574,3,0.0,268.82
22741,10304,16,1,0.15,
22742,10305,168,1,0.0,13.73
22743,10305,177,1,0.0,153.49
22744,10305,213,1,0.2,25.37
22745,10306,149,1,0.15,190.07
22746,10307,97,1,0.2,297.26
22747,10307,579,2,0.1,65.66
22748,10307,427,4,0.15,92.38
22749,10308,128,2,0.1,57.18
22750,10309,415,1,0.0,211.12
22751,10309,130,4,0.0,128.97
22752,10310,257,2,0.0,347.1
22753,10310,85,1,0.15,20.33
22754,10311,163,1,0.0,348.48
22755,10312,585,2,0.2,6.91
22756,10312,260,1,0.15,235.89
22757,10312,475,2,0.15,299.29
22758,10313,240,3,0.2,290.44
22759,10313,534,4,0.1,57.81
22760,10314,132,4,0.15,49.83
22761,10314,229,2,0.2,9.18
22762,10314,551,1,0.2,32.79
22763,10315,37,1,0.0,9.15
22764,10315,123,1,0.2,14.67
22765,10316,464,2,0.0,90.86
22766,10317,246,2,0.05,152.34
22767,10318,470,4,0.2,41.8
22768,10319,409,3,0.0,171.07
22769,10320,555,2,0.05,159.98
22770,10321,424,2,0.0,45.05
22771,10322,368,1,0.15,150.03
22772,10323,579,2,0.0,69.59
22773,10324,302,4,0.15,40.14
22774,10325,255,1,0.15,348.36
22775,10326,342,1,0.0,65.37
22776,10326,176,1,0.1,189.42
22777,10326,473,1,0.0,
22778,10326,124,1,0.15,187.35
22779,10327,485,4,0.0,178.5
22780,10327,445,1,0.1,28.38
22781,10328,230,3,0.15,16.67
22782,10328,474,3,0.0,61.44
22783,10328,440,2,0.2,11.9
22784,10329,58,1,0.0,261.24
22785,10329,426,2,0.2,
22786,10329,163,4,0.15,362.3
22787,10329,299,1,0.0,162.13
22788,10329,351,4,0.0,110.61
22789,10330,493,4,0.05,230.31
22790,10331,229,4,0.0,9.23
22791,10331,35,3,0.05,40.5
22792,10332,532,1,0.05,220.66
22793,10332,294,2,0.1,21.69
22794,10333,201,2,0.1,46.53
22795,10333,507,3,0.0,199.49
22796,10333,73,2,0.15,61.54
22797,10333,487,2,0.2,185.1
22798,10333,495,2,0.15,98.36
22799,10334,310,1,0.0,289.82
22800,10334,10,-1,0.15,115.88
22801,10334,600,1,0.2,167.36
22802,10334,114,3,0.1,276.34
22803,10335,98,2,0.15,95.7
22804,10335,225,2,0.0,80.59
22805,10335,392,2,0.0,76.23
22806,10335,547,1,0.2,181.8
22807,10335,8,2,0.15,48.82
22808,10336,488,1,0.0,13.26
22809,10336,341,3,0.1,
22810,10336,369,2,0.05,150.51
22811,10336,374,1,0.0,121.49
22812,10337,199,2,0.05,241.87
22813,10337,354,1,0.0,127.37
22814,10337,112,1,0.1,29.82
22815,10337,485,2,0.0,173.32
22816,10338,95,2,0.0,138.68
22817,10338,306,1,0.0,22.5
22818,10338,319,1,0.05,130.27
22819,10339,356,1,0.0,263.31
22820,10339,314,1,0.05,168.2
22821,10339,384,1,0.0,307.14
22822,10339,387,1,0.0,40.4
22823,10339,34,2,0.0,60.08
22824,10340,439,2,0.0,249.52
22825,10340,290,1,0.0,
22826,10340,411,1,0.05,160.58
22827,10340,278,1,0.0,246.87
22828,10341,77,1,0.05,49.98
22829,10341,446,2,0.0,283.22
22830,10342,322,2,0.2,
22831,10342,192,1,0.2,242.57
22832,10342,396,2,0.15,53.72
22833,10342,395,2,0.2,199.79
22834,10343,296,2,0.05,52.65
22835,10344,311,1,0.0,
22836,10344,276,3,0.2,214.29
22837,10345,415,4,0.0,221.39
22838,10345,227,1,0.0,
22839,10346,92,3,0.2,374.13
22840,10346,119,1,0.0,61.72
22841,10346,329,1,0.0,80.39
22842,10347,513,2,0.2,290.6
22843,10348,573,1,0.05,113.71
22844,10348,61,1,0.15,306.54
22845,10349,540,4,0.05,96.47
22846,10349,19,3,0.0,
22847,10350,523,1,0.0,300.35
22848,10351,300,4,0.1,40.8
22849,10352,133,1,0.15,302.98
22850,10352,181,1,0.05,133.22
22851,10353,382,2,0.15,94.14
22852,10354,409,1,0.0,164.64
22853,10355,533,1,0.1,156.42
22854,10355,114,3,0.0,268.43
22855,10355,549,4,0.15,55.03
22856,10355,224,1,0.0,352.05
22857,10356,137,2,0.0,357.79
22858,10357,88,4,0.15,158.54
22859,10357,385,2,0.0,132.2
22860,10357,119,2,0.05,58.44
22861,10358,452,3,0.15,66.55
22862,10358,305,4,0.05,184.5
22863,10359,493,4,0.2,229.53
22864,10359,10,4,0.0,117.9
22865,10360,567,1,0.0,23.82
22866,10360,393,3,0.2,82.5
22867,10361,318,4,0.1,38.1
22868,10362,304,1,0.2,59.77
22869,10362,84,3,0.1,80.51
22870,10363,347,2,0.0,124.67
22871,10364,365,1,0.1,50.83
22872,10364,117,1,0.0,175.22
22873,10364,18,1,0.0,349.82
22874,10364,65,1,0.0,8.4
22875,10365,159,1,0.2,102.24
22876,10365,559,2,0.0,41.49
22877,10365,156,1,0.05,99.56
22878,10366,576,1,0.05,263.58
22879,10367,595,2,0.0,114.29
22880,10367,255,3,0.0,357.34
22881,10368,8,3,0.15,44.93
22882,10368,460,1,0.0,169.05
22883,10369,556,1,0.2,200.46
22884,10369,455,4,0.1,78.74
22885,10370,282,2,0.0,31.68
22886,10371,400,3,0.0,289.37
22887,10371,43,1,0.1,89.44
22888,10372,461,1,0.0,264.12
22889,10372,598,3,0.0,24.97
22890,10373,566,2,0.0,223.64
22891,10374,85,1,0.0,19.95
22892,10374,555,1,0.1,161.27
22893,10374,282,3,0.1,31.35
22894,10375,66,1,0.05,101.51
22895,10375,264,2,0.05,108.27
22896,10376,394,4,0.05,
22897,10376,364,1,0.0,59.72
22898,10376,151,1,0.2,22.8
22899,10377,97,1,0.15,309.61
22900,10378,30,1,0.05,18.04
22901,10378,296,1,0.05,55.23
22902,10379,86,1,0.2,132.81
22903,10380,203,2,0.2,128.9
22904,10380,173,1,0.0,130.44
22905,10381,169,1,0.0,
22906,10381,164,1,0.2,194.13
22907,10381,36,1,0.05,179.83
22908,10381,232,1,0.2,247.35
22909,10382,73,2,0.2,62.15
22910,10383,72,4,0.1,131.52
22911,10383,433,1,0.1,135.14
22912,10384,180,2,0.2,315.77
22913,10384,493,4,0.2,213.83
22914,10385,303,1,0.05,42.25
22915,10386,163,1,0.1,348.52
22916,10386,343,1,0.2,308.39
22917,10386,310,2,0.2,283.7
22918,10387,555,2,0.0,166.18
22919,10387,117,4,0.05,172.58
22920,10387,524,3,0.0,50.21
22921,10387,148,3,0.0,44.14
22922,10387,586,2,0.1,252.94
22923,10388,124,3,0.15,181.31
22924,10388,561,3,0.15,374.73
22925,10388,549,1,0.05,56.75
22926,10389,118,1,0.2,79.25
22927,10389,301,4,0.1,45.99
22928,10389,355,2,0.0,95.97
22929,10390,122,2,0.2,243.74
22930,10391,280,1,0.15,250.68
22931,10392,416,4,0.0,70.15
22932,10392,138,1,0.0,156.52
22933,10392,126,2,0.0,87.18
22934,10393,133,4,0.1,310.04
22935,10393,412,2,0.15,97.39
22936,10393,473,1,0.0,
22937,10393,525,1,0.0,171.28
22938,10394,507,1,0.0,202.06
22939,10395,18,2,0.0,356.04
22940,10395,290,1,0.15,132.25
22941,10395,214,1,0.05,177.45
22942,10395,216,2,0.05,61.05
22943,10395,279,2,0.1,30.27
22944,10396,259,1,0.0,150.74
22945,10396,339,2,0.2,36.56
22946,10397,85,1,0.1,19.9
22947,10398,252,1,0.0,116.77
22948,10398,561,2,0.0,368.95
22949,10399,101,1,0.15,136.32
22950,10400,506,1,0.0,103.7
22951,10401,79,1,0.0,256.36
22952,10401,110,1,0.0,242.86
22953,10402,468,1,0.05,46.79
22954,10402,271,2,0.0,320.15
22955,10403,508,2,0.0,281.13
22956,10403,550,2,0.0,208.48
22957,10404,515,1,0.2,125.11
22958,10405,329,2,0.1,79.24
22959,10405,465,4,0.0,163.02
22960,10406,240,1,0.0,296.72
22961,10407,195,4,0.1,294.95
22962,10407,34,3,0.0,56.61
22963,10407,101,1,0.1,136.81
22964,10407,25,4,0.0,132.15
22965,10408,62,1,0.0,70.96
22966,10408,339,1,0.05,35.3
22967,10409,534,1,0.0,53.45
22968,10409,35,1,0.15,37.49
22969,10409,500,2,0.0,274.53
22970,10410,160,4,0.15,44.46
22971,10411,17,3,0.0,34.12
22972,10411,231,2,0.05,43.96
22973,10412,474,4,0.05,59.16
22974,10412,355,1,0.2,92.65
22975,10413,314,1,0.1,170.5
22976,10414,179,2,0.0,14.37
22977,10414,178,2,0.0,29.11
22978,10414,523,2,0.1,289.25
22979,10414,194,2,0.2,
22980,10415,436,4,0.05,95.88
22981,10415,269,4,0.15,207.88
22982,10415,332,3,0.0,152.34
22983,10416,250,1,0.1,422.36
22984,10417,527,1,0.0,353.33
22985,10417,407,2,0.15,54.78
22986,10418,124,1,0.0,175.64
22987,10419,208,2,0.15,195.87
22988,10420,452,1,0.2,66.95
22989,10421,373,3,0.1,
22990,10421,247,1,0.0,69.56
22991,10421,276,2,0.1,203.62
22992,10421,470,1,0.05,42.95
22993,10421,160,2,0.15,43.77
22994,10422,295,4,0.2,33.95
22995,10423,490,1,0.1,168.43
22996,10423,330,3,0.0,205.4
22997,10424,549,2,0.0,58.19
22998,10424,508,1,0.0,283.71
22999,10424,167,3,0.15,7.84
23000,10424,146,1,0.0,10.04
23001,10425,172,1,0.2,52.96
23002,10425,492,2,0.1,27.01
23003,10425,486,1,0.05,283.47
23004,10425,122,1,0.1,248.82
23005,10426,171,1,0.2,151.95
23006,10427,380,1,0.1,343.97
23007,10428,95,3,0.2,132.04
23008,10429,332,2,0.2,149.16
23009,10429,212,4,0.2,33.2
23010,10429,312,2,0.0,117.05
23011,10430,460,4,0.05,174.96
23012,10430,155,1,0.05,204.28
23013,10430,299,2,0.2,162.66
23014,10430,229,1,0.2,9.03
23015,10431,62,1,0.1,69.87
23016,10432,423,1,0.05,46.18
23017,10432,285,1,0.0,252.73
23018,10432,401,2,0.2,157.72
23019,10433,353,1,0.05,33.7
23020,10434,233,1,0.15,279.2
23021,10435,475,4,0.0,278.31
23022,10436,245,1,0.1,377.16
23023,10436,312,1,0.2,116.53
23024,10436,367,3,0.1,200.3
23025,10436,592,4,0.0,249.05
23026,10437,32,2,0.0,239.38
23027,10437,74,1,0.0,198.99
23028,10437,31,1,0.0,106.51
23029,10437,167,2,0.15,7.5
23030,10438,62,2,0.1,73.57
23031,10439,318,3,0.0,38.16
23032,10439,198,2,0.1,145.68
23033,10439,105,1,0.05,5.99
23034,10440,206,2,0.0,133.58
23035,10440,477,1,0.0,77.84
23036,10440,379,3,0.0,199.06
23037,10441,386,2,0.0,51.89
23038,10442,48,3,0.2,246.37
23039,10442,175,4,0.0,125.66
23040,10443,7,3,0.0,193.96
23041,10443,210,2,0.0,246.04
23042,10444,5,1,0.0,216.78
23043,10444,249,3,0.0,129.44
23044,10444,175,4,0.15,125.59
23045,10445,579,1,0.2,71.87
23046,10445,563,2,0.1,212.69
23047,10446,12,1,0.2,87.9
23048,10446,170,1,0.0,108.72
23049,10447,556,1,0.0,210.28
23050,10448,590,2,0.0,246.44
23051,10448,42,2,0.05,74.11
23052,10448,358,2,0.15,150.94
23053,10448,526,3,0.15,274.57
23054,10449,93,1,0.0,93.08
23055,10450,310,1,0.05,307.49
23056,10450,55,1,0.0,49.6
23057,10450,555,1,0.15,168.53
23058,10451,19,1,0.0,
23059,10451,394,1,0.05,
23060,10451,440,2,0.15,11.47
23061,10452,300,3,0.0,43.16
23062,10452,435,1,0.1,338.9
23063,10453,469,2,0.1,15.49
23064,10453,540,1,0.0,99.44
23065,10453,507,2,0.0,201.78
23066,10454,199,4,0.05,253.59
23067,10454,40,4,0.05,80.66
23068,10454,281,1,0.0,173.56
23069,10454,131,4,0.05,247.22
23070,10455,419,4,0.15,264.09
23071,10455,490,1,0.1,171.52
23072,10455,208,1,0.1,182.83
23073,10456,391,1,0.05,224.43
23074,10456,65,2,0.1,7.91
23075,10457,173,1,0.1,133.05
23076,10458,169,2,0.15,
23077,10458,494,4,0.1,196.43
23078,10458,330,3,0.05,212.3
23079,10459,302,2,0.0,43.52
23080,10459,7,1,0.05,195.41
23081,10459,543,1,0.05,294.5
23082,10460,182,2,0.0,142.82
23083,10460,87,3,0.1,123.01
23084,10461,269,3,0.0,216.46
23085,10461,377,3,0.0,172.99
23086,10461,113,4,0.05,68.85
23087,10461,52,2,0.0,101.85
23088,10462,427,3,0.0,91.91
23089,10462,607,3,0.1,
23090,10463,56,3,0.0,66.86
23091,10463,196,3,0.15,273.12
23092,10463,235,1,0.0,93.57
23093,10463,268,1,0.2,300.03
23094,10463,67,2,0.15,38.52
23095,10464,395,1,0.15,184.91
23096,10464,353,2,0.05,35.03
23097,10464,538,1,0.1,301.56
23098,10464,64,1,0.2,329.6
23099,10465,554,3,0.0,142.82
23100,10466,316,3,0.0,296.28
23101,10466,377,4,0.15,179.58
23102,10467,594,2,0.0,148.96
23103,10467,207,2,0.0,311.93
23104,10467,154,1,0.15,142.22
23105,10468,4,1,0.2,
23106,10469,369,1,0.0,154.06
23107,10470,179,2,0.1,14.78
23108,10470,484,1,0.05,198.69
23109,10470,147,1,0.05,217.75
23110,10470,401,1,0.05,166.22
23111,10470,563,4,0.0,212.99
23112,10471,129,3,0.0,334.19
23113,10472,248,3,0.0,
23114,10473,574,2,0.0,264.67
23115,10473,118,2,0.2,72.79
23116,10473,509,1,0.0,60.82
23117,10474,489,1,0.2,130.06
23118,10475,519,2,0.0,127.81
23119,10475,370,2,0.2,120.68
23120,10476,599,1,0.2,399.59
23121,10476,523,4,0.0,292.13
23122,10477,347,4,0.0,124.59
23123,10477,309,1,0.0,
23124,10478,80,4,0.05,93.24
23125,10479,348,2,0.2,43.89
23126,10479,163,1,0.15,345.85
23127,10479,124,2,0.0,180.18
23128,10480,349,1,0.05,99.17
23129,10481,393,1,0.05,80.89
23130,10481,479,1,0.1,112.73
23131,10481,214,4,0.1,180.33
23132,10481,521,-1,0.0,196.97
23133,10481,50,1,0.0,10.12
23134,10482,120,1,0.05,151.29
23135,10483,348,1,0.0,44.62
23136,10484,598,1,0.05,24.58
23137,10484,548,4,0.0,55.82
23138,10485,85,1,0.15,18.78
23139,10485,389,2,0.15,85.85
23140,10485,69,1,0.05,188.43
23141,10486,240,3,0.0,297.8
23142,10487,67,1,0.0,36.28
23143,10487,506,2,0.0,103.69
23144,10487,468,3,0.0,50.66
23145,10488,188,3,0.2,24.19
23146,10488,298,4,0.0,266.36
23147,10489,430,1,0.1,
23148,10489,190,3,0.15,216.45
23149,10489,415,4,0.05,222.97
23150,10489,507,3,0.0,200.57
23151,10490,19,1,0.0,
23152,10490,384,3,0.0,293.59
23153,10490,357,1,0.1,145.17
23154,10491,331,2,0.15,159.4
23155,10491,585,2,0.0,7.1
23156,10491,220,2,0.0,158.25
23157,10491,347,1,0.15,127.61
23158,10491,295,2,0.0,34.54
23159,10492,293,1,0.0,165.77
23160,10493,310,2,0.2,295.74
23161,10493,9,4,0.0,100.85
23162,10494,4,3,0.0,
23163,10494,267,1,0.2,303.49
23164,10494,59,2,0.15,192.06
23165,10494,514,2,0.0,317.58
23166,10495,352,4,0.0,78.42
23167,10495,76,3,0.0,216.24
23168,10495,95,4,0.05,133.85
23169,10496,465,2,0.2,158.97
23170,10497,277,1,0.0,185.1
23171,10497,155,2,0.1,204.13
23172,10498,137,4,0.0,348.73
23173,10498,111,1,0.15,223.2
23174,10499,332,1,0.0,
23175,10500,434,4,0.1,39.21
23176,10501,375,2,0.1,292.9
23177,10501,138,2,0.15,157.31
23178,10502,556,2,0.0,196.47
23179,10502,316,1,0.0,294.13
23180,10502,597,3,0.05,123.25
23181,10502,573,3,0.05,105.73
23182,10503,247,1,0.1,
23183,10503,204,1,0.1,78.84
23184,10504,182,3,0.0,142.9
23185,10505,477,1,0.0,74.32
23186,10505,353,1,0.1,35.71
23187,10505,42,1,0.0,72.36
23188,10506,125,4,0.05,384.2
23189,10506,381,4,0.0,43.96
23190,10507,126,1,0.05,85.81
23191,10507,434,3,0.05,42.07
23192,10507,563,1,0.1,214.5
23193,10507,314,1,0.0,174.95
23194,10507,108,4,0.0,180.8
23195,10508,393,4,0.0,79.38
23196,10508,90,2,0.2,222.34
23197,10509,344,1,0.1,155.59
23198,10509,99,4,0.0,296.4
23199,10509,226,1,0.15,255.07
23200,10510,548,3,0.0,55.36
23201,10510,450,2,0.0,7.0
23202,10511,43,2,0.1,87.05
23203,10511,557,3,0.0,72.2
23204,10511,273,1,0.2,176.85
23205,10512,421,1,0.0,10.73
23206,10513,510,1,0.0,184.47
23207,10513,44,1,0.0,258.79
23208,10513,292,1,0.2,133.06
23209,10514,24,3,0.1,102.39
23210,10515,490,4,0.0,163.57
23211,10516,438,3,0.1,10.0
23212,10516,552,2,0.1,
23213,10517,557,1,0.0,73.36
23214,10517,109,2,0.0,117.74
23215,10517,257,3,0.0,361.8
23216,10518,185,1,0.0,45.55
23217,10518,226,2,0.1,252.62
23218,10519,272,1,0.0,82.32
23219,10519,491,2,0.0,132.12
23220,10520,574,2,0.1,263.94
23221,10521,283,2,0.0,121.19
23222,10521,435,2,0.0,356.38
23223,10521,573,2,0.2,115.02
23224,10521,240,1,0.0,304.12
23225,10521,293,2,0.2,164.65
23226,10522,209,3,0.15,80.31
23227,10522,201,1,0.05,48.41
23228,10522,147,2,0.0,228.79
23229,10522,42,1,0.1,70.59
23230,10523,397,3,0.1,
23231,10523,77,1,0.15,50.64
23232,10524,46,1,0.2,48.27
23233,10524,460,3,0.0,170.57
23234,10524,398,4,0.2,14.31
23235,10524,139,2,0.15,283.42
23236,10524,63,3,0.0,69.67
23237,10525,489,2,0.0,120.91
23238,10525,491,4,0.1,128.35
23239,10525,548,1,0.15,59.39
23240,10526,460,3,0.1,175.83
23241,10527,248,2,0.0,
23242,10527,221,2,0.0,44.97
23243,10527,265,1,0.1,30.5
23244,10527,466,3,0.0,60.35
23245,10528,164,2,0.0,192.39
23246,10529,297,3,0.15,52.94
23247,10530,107,1,0.0,162.96
23248,10531,37,1,0.0,9.19
23249,10531,139,2,4.32,267.31
23250,10532,578,1,0.2,224.2
23251,10532,416,4,0.0,70.28
23252,10533,24,-1,0.0,98.11
23253,10534,330,1,0.0,
23254,10534,584,1,0.0,260.33
23255,10535,489,1,0.0,124.49
23256,10535,442,3,0.0,8.66
23257,10536,77,4,0.0,47.6
23258,10537,349,1,0.0,103.09
23259,10537,442,1,0.0,8.52
23260,10537,364,2,0.2,58.41
23261,10537,34,4,0.15,59.66
23262,10538,77,1,0.0,50.37
23263,10539,468,1,0.0,47.69
23264,10539,79,1,0.2,239.77
23265,10539,494,1,0.1,209.18
23266,10540,82,1,0.1,197.39
23267,10540,560,2,0.0,
23268,10540,598,1,0.1,25.68
23269,10540,290,1,0.0,133.05
23270,10541,126,3,0.15,82.85
23271,10541,452,2,0.0,64.64
23272,10542,305,4,0.05,187.68
23273,10543,569,4,0.1,255.32
23274,10544,75,3,0.0,17.46
23275,10544,121,2,0.1,389.48
23276,10545,206,1,0.0,131.36
23277,10546,292,1,0.0,140.34
23278,10546,607,2,0.05,
23279,10547,261,4,0.2,162.65
23280,10548,238,3,0.2,226.49
23281,10548,539,3,0.1,131.48
23282,10549,493,2,0.0,232.6
23283,10549,190,2,0.1,205.21
23284,10550,423,3,0.1,48.87
23285,10551,142,1,0.0,80.58
23286,10552,338,2,0.1,175.17
23287,10552,352,2,0.05,82.19
23288,10553,194,1,0.05,66.67
23289,10553,135,1,0.0,95.21
23290,10553,256,4,0.0,184.65
23291,10554,441,1,0.05,85.01
23292,10555,414,4,0.05,99.62
23293,10555,125,2,0.0,384.77
23294,10555,549,2,0.0,57.53
23295,10555,415,2,0.2,218.1
23296,10556,189,1,0.0,168.62
23297,10556,69,1,0.15,187.95
23298,10557,599,3,0.0,387.09
23299,10557,366,1,0.0,71.0
23300,10558,253,3,0.1,
23301,10559,266,3,0.1,332.14
23302,10559,564,2,0.0,31.54
23303,10560,88,4,0.1,149.45
23304,10561,162,2,0.2,167.68
23305,10562,239,1,0.0,29.29
23306,10562,441,2,0.0,87.23
23307,10562,377,2,0.0,169.41
23308,10563,190,2,0.0,219.36
23309,10564,261,3,0.1,163.13
23310,10565,371,2,0.05,119.66
23311,10565,316,1,0.2,273.0
23312,10565,280,1,0.0,249.17
23313,10565,519,1,0.15,122.62
23314,10566,280,3,0.0,253.32
23315,10566,316,1,0.1,299.18
23316,10566,554,2,0.15,154.79
23317,10567,336,4,0.15,78.34
23318,10568,330,3,0.0,218.19
23319,10568,483,3,0.1,81.41
23320,10568,29,1,0.0,24.82
23321,10568,437,1,0.1,191.19
23322,10569,379,3,0.1,199.69
23323,10570,261,1,0.1,164.09
23324,10571,106,2,0.1,204.72
23325,10571,424,1,0.15,43.14
23326,10571,456,1,0.0,157.6
23327,10571,298,1,0.05,259.58
23328,10571,490,1,0.0,159.02
23329,10572,367,2,0.0,209.16
23330,10573,563,3,0.05,203.14
23331,10573,241,4,0.2,234.59
23332,10574,125,3,0.2,384.77
23333,10574,545,1,0.0,243.85
23334,10575,468,2,0.0,50.56
23335,10576,279,1,0.0,29.69
23336,10577,11,3,0.05,142.78
23337,10577,240,1,0.0,288.67
23338,10578,37,3,0.0,9.49
23339,10578,460,1,0.05,166.73
23340,10579,302,1,0.05,41.04
23341,10579,196,3,0.0,281.75
23342,10580,296,1,0.05,52.28
23343,10580,245,2,0.1,372.88
23344,10580,435,2,0.0,356.74
23345,10580,565,1,0.0,94.61
23346,10581,244,1,0.1,16.22
23347,10581,458,1,0.0,166.84
23348,10582,162,3,0.0,171.5
23349,10582,298,1,0.15,261.97
23350,10582,153,1,0.15,312.01
23351,10583,401,1,0.15,170.57
23352,10583,273,1,0.1,171.84
23353,10583,526,1,0.0,278.59
23354,10584,388,1,0.0,189.07
23355,10584,473,2,0.1,
23356,10585,146,2,0.0,10.62
23357,10585,405,1,0.15,106.13
23358,10586,87,1,0.15,132.42
23359,10587,74,1,0.05,188.81
23360,10588,215,2,0.1,81.91
23361,10588,257,1,0.15,373.75
23362,10589,271,2,0.0,303.56
23363,10590,307,2,0.2,130.38
23364,10591,16,2,0.15,
23365,10592,6,1,0.0,16.89
23366,10592,91,0,0.05,80.5
23367,10592,574,1,0.1,266.35
23368,10593,479,2,0.05,113.39
23369,10594,108,1,0.0,173.65
23370,10594,181,2,0.05,131.07
23371,10595,521,2,0.0,201.04
23372,10595,426,1,0.2,
23373,10595,135,1,0.0,92.61
23374,10595,266,4,0.0,333.58
23375,10595,494,1,0.0,212.69
23376,10596,533,4,0.05,148.72
23377,10596,403,2,0.05,153.66
23378,10596,225,2,0.0,81.66
23379,10597,126,3,0.05,90.58
23380,10597,492,4,0.2,27.31
23381,10597,47,3,0.15,245.0
23382,10597,167,1,0.0,7.41
23383,10598,59,4,0.2,199.89
23384,10599,82,4,0.2,195.93
23385,10600,501,1,0.15,
23386,10601,88,4,0.1,151.53
23387,10601,303,3,0.15,43.08
23388,10602,33,2,0.0,96.05
23389,10603,85,2,0.0,19.59
23390,10604,314,2,0.0,173.72
23391,10605,257,1,0.05,379.0
23392,10606,263,2,0.2,261.21
23393,10607,217,1,0.0,137.85
23394,10607,266,1,0.05,357.19
23395,10607,41,2,0.05,286.8
23396,10608,152,4,0.2,190.4
23397,10608,16,2,0.2,
23398,10608,72,1,0.0,134.39
23399,10609,548,1,0.0,55.66
23400,10610,461,1,0.05,266.03
23401,10611,258,2,0.1,12.6
23402,10612,113,2,0.1,69.11
23403,10613,561,2,0.1,376.0
23404,10613,419,2,0.0,242.27
23405,10613,363,1,0.05,224.95
23406,10613,207,1,0.2,297.39
23407,10614,147,3,0.2,229.72
23408,10614,175,4,0.0,131.75
23409,10615,178,1,0.0,29.3
23410,10616,234,1,0.0,111.34
23411,10616,457,3,0.0,173.84
23412,10617,214,1,0.2,182.07
23413,10618,564,1,0.05,29.84
23414,10619,169,4,0.0,
23415,10619,185,1,0.2,45.48
23416,10620,48,1,0.0,237.32
23417,10620,344,1,0.0,151.74
23418,10621,452,4,0.05,67.23
23419,10621,529,1,0.0,220.47
23420,10622,447,1,0.0,240.32
23421,10623,81,4,0.0,130.09
23422,10624,330,3,0.15,211.93
23423,10625,340,2,0.0,384.29
23424,10625,540,1,0.0,98.79
23425,10626,200,3,0.0,284.21
23426,10626,44,1,0.15,237.75
23427,10626,326,1,0.05,34.73
23428,10627,264,2,0.0,113.21
23429,10627,125,4,0.05,390.69
23430,10627,165,1,0.0,104.81
23431,10628,218,3,0.2,36.25
23432,10628,216,3,0.15,58.31
23433,10628,99,1,0.1,286.71
23434,10629,551,3,0.0,31.37
23435,10630,3,1,0.0,41.39
23436,10630,573,2,0.0,112.81
23437,10631,490,2,0.05,163.85
23438,10632,452,1,0.05,63.74
23439,10632,427,4,0.2,89.35
23440,10632,464,1,0.2,88.59
23441,10632,568,1,0.0,142.04
23442,10633,438,1,0.1,10.26
23443,10634,499,4,0.15,198.78
23444,10634,69,1,0.0,193.23
23445,10635,101,1,0.1,143.39
23446,10636,342,1,0.1,67.3
23447,10637,219,1,0.0,34.51
23448,10637,495,1,0.0,100.67
23449,10637,413,4,0.05,226.55
23450,10638,175,2,0.0,127.6
23451,10638,155,4,0.1,207.29
23452,10638,183,1,0.15,264.07
23453,10638,132,4,0.15,48.39
23454,10638,311,4,0.0,50.36
23455,10639,369,1,0.15,155.14
23456,10639,209,1,1.52,83.68
23457,10639,264,2,0.05,105.66
23458,10640,402,3,0.0,190.88
23459,10641,194,1,0.1,72.01
23460,10641,230,1,0.05,16.19
23461,10641,131,2,0.15,272.39
23462,10642,331,1,0.0,158.97
23463,10642,334,2,0.15,
23464,10642,89,4,0.0,
23465,10643,229,2,0.1,9.04
23466,10644,577,2,0.0,238.54
23467,10644,314,2,0.0,167.37
23468,10644,214,2,0.0,170.04
23469,10645,480,1,0.0,67.47
23470,10645,19,2,0.2,
23471,10646,451,2,0.1,44.0
23472,10647,502,2,0.0,299.72
23473,10647,214,1,0.15,186.15
23474,10647,413,3,0.0,213.28
23475,10648,304,1,0.0,58.51
23476,10648,133,2,0.1,309.42
23477,10648,368,4,0.0,140.06
23478,10649,345,3,0.2,187.69
23479,10649,383,2,0.2,16.24
23480,10649,195,4,0.05,282.84
23481,10649,467,2,0.05,308.25
23482,10649,483,2,0.0,85.68
23483,10650,395,1,0.0,193.37
23484,10650,406,1,0.2,
23485,10651,117,1,0.0,177.68
23486,10651,259,2,0.1,153.15
23487,10652,549,1,0.1,54.47
23488,10653,593,1,0.05,47.91
23489,10654,134,3,0.15,257.49
23490,10655,347,2,0.2,132.82
23491,10655,205,1,0.05,191.55
23492,10656,37,1,0.0,9.81
23493,10656,292,1,0.1,129.61
23494,10656,414,2,0.1,98.56
23495,10657,20,1,0.0,210.57
23496,10658,391,1,0.0,229.6
23497,10658,135,2,0.1,94.31
23498,10658,78,1,0.1,246.77
23499,10658,160,2,0.15,43.12
23500,10659,158,1,0.0,296.88
23501,10659,206,1,0.05,130.31
23502,10660,186,4,0.1,24.78
23503,10661,127,2,0.2,228.9
23504,10661,574,1,0.2,264.55
23505,10661,70,2,0.2,157.88
23506,10662,333,1,0.15,26.12
23507,10663,277,2,0.15,171.27
23508,10663,382,3,0.0,92.44
23509,10664,416,1,0.1,69.64
23510,10665,427,4,0.2,87.51
23511,10666,139,2,0.05,272.23
23512,10666,379,2,0.0,197.99
23513,10667,401,2,0.15,162.25
23514,10668,589,2,0.0,169.64
23515,10668,453,2,0.2,174.32
23516,10668,514,2,0.2,324.59
23517,10668,203,3,0.05,133.99
23518,10669,393,2,0.05,82.66
23519,10669,394,3,0.0,
23520,10670,435,1,0.0,353.01
23521,10670,587,2,0.0,165.71
23522,10670,433,4,0.15,132.55
23523,10671,7,3,0.0,195.68
23524,10671,92,1,0.05,367.46
23525,10672,206,1,0.2,136.21
23526,10672,82,1,0.2,211.36
23527,10672,120,2,0.0,147.01
23528,10673,200,2,0.0,276.73
23529,10673,355,2,0.05,94.99
23530,10674,27,1,0.15,377.32
23531,10674,492,2,0.0,25.22
23532,10674,602,1,0.0,
23533,10675,591,1,0.0,255.84
23534,10675,465,1,0.1,165.06
23535,10675,379,2,0.0,202.38
23536,10675,83,1,0.2,40.33
23537,10676,346,2,0.0,101.23
23538,10677,236,3,0.1,13.18
23539,10678,573,1,0.1,107.99
23540,10679,405,1,0.0,99.78
23541,10680,84,1,0.0,77.36
23542,10680,15,2,0.05,124.67
23543,10680,252,1,0.1,122.58
23544,10680,316,1,0.0,297.56
23545,10681,473,1,0.2,
23546,10682,193,1,0.0,273.2
23547,10682,70,3,0.0,147.99
23548,10683,487,3,0.05,175.96
23549,10683,345,1,0.0,178.97
23550,10683,481,1,0.05,33.12
23551,10683,536,3,0.0,76.81
23552,10683,200,3,0.2,280.41
23553,10684,343,1,0.1,288.92
23554,10684,94,4,0.1,264.09
23555,10685,210,3,0.0,253.03
23556,10685,582,2,0.05,122.95
23557,10686,376,3,0.05,53.87
23558,10686,458,2,0.0,159.6
23559,10687,40,2,0.15,78.89
23560,10687,350,2,0.0,53.27
23561,10688,277,2,0.0,175.48
23562,10688,391,2,0.0,219.06
23563,10689,520,1,0.05,21.8
23564,10690,364,3,0.0,56.03
23565,10690,246,1,0.05,159.64
23566,10691,514,3,0.05,337.74
23567,10692,171,1,0.15,150.95
23568,10693,197,3,0.0,144.66
23569,10693,182,1,0.1,154.21
23570,10693,85,4,0.15,19.89
23571,10694,390,1,0.2,256.2
23572,10695,125,1,0.0,361.99
23573,10695,404,2,0.0,391.77
23574,10696,386,1,0.0,49.7
23575,10696,146,2,0.0,10.49
23576,10696,408,1,0.0,278.61
23577,10697,147,3,0.0,217.96
23578,10697,188,1,0.15,24.75
23579,10698,342,1,0.05,
23580,10699,356,3,0.2,249.77
23581,10700,391,2,0.0,211.15
23582,10700,517,1,0.2,55.92
23583,10701,392,2,0.2,72.52
23584,10701,317,3,0.0,171.34
23585,10701,172,1,0.2,54.3
23586,10702,45,1,0.15,267.84
23587,10703,223,1,0.0,330.29
23588,10703,79,1,0.2,255.9
23589,10703,132,3,0.0,49.18
23590,10703,523,2,0.0,295.11
23591,10704,59,3,0.2,199.93
23592,10705,63,1,0.0,69.99
23593,10706,536,2,0.0,76.76
23594,10706,314,1,0.0,172.81
23595,10706,513,2,0.15,272.5
23596,10707,24,1,0.05,101.82
23597,10708,166,2,0.0,132.62
23598,10709,334,2,0.0,
23599,10710,465,1,0.0,164.47
23600,10711,63,2,0.2,72.35
23601,10712,284,3,0.05,117.46
23602,10712,77,2,0.0,47.48
23603,10713,487,4,0.0,178.49
23604,10714,359,1,0.05,345.51
23605,10714,302,1,0.2,39.61
23606,10715,26,4,0.0,
23607,10715,527,2,0.15,348.79
23608,10715,538,4,0.0,287.13
23609,10716,169,3,0.0,
23610,10716,43,2,0.05,87.01
23611,10717,348,2,0.15,45.73
23612,10718,43,1,0.05,89.59
23613,10718,122,1,0.0,258.04
23614,10719,307,3,0.1,137.3
23615,10719,474,3,0.0,63.69
23616,10719,506,1,0.1,98.6
23617,10719,95,1,0.15,134.98
23618,10719,58,3,0.0,259.61
23619,10720,387,2,0.0,
23620,10720,194,3,0.2,69.16
23621,10720,262,2,0.0,365.88
23622,10721,309,1,0.15,
23623,10721,72,1,0.15,128.22
23624,10722,414,3,0.05,99.91
23625,10723,162,2,0.05,171.47
23626,10723,368,2,0.05,147.22
23627,10724,109,2,0.0,127.26
23628,10724,411,1,0.1,155.9
23629,10724,81,2,0.1,128.26
23630,10725,348,2,0.0,
23631,10725,101,1,0.0,135.83
23632,10725,130,1,0.0,122.66
23633,10725,49,1,0.1,155.4
23634,10725,440,2,0.2,11.12
23635,10726,140,2,0.0,274.36
23636,10727,214,1,0.15,187.52
23637,10727,174,2,0.15,128.01
23638,10727,548,4,0.0,58.19
23639,10728,59,2,0.1,184.59
23640,10728,483,1,0.05,80.69
23641,10728,370,2,0.1,129.36
23642,10728,114,2,0.05,267.66
23643,10729,32,3,0.2,234.76
23644,10730,255,1,0.05,337.39
23645,10730,193,1,0.2,277.66
23646,10730,602,2,0.1,
23647,10730,245,1,0.2,377.94
23648,10731,533,2,0.0,153.64
23649,10731,460,3,0.2,168.39
23650,10732,274,1,0.1,43.79
23651,10732,53,1,0.05,239.75
23652,10733,53,3,0.2,224.82
23653,10733,492,3,0.0,27.18
23654,10734,34,3,0.15,58.44
23655,10735,82,2,0.0,204.72
23656,10735,14,3,0.15,69.3
23657,10736,264,1,0.05,111.55
23658,10736,197,2,0.2,136.05
23659,10736,287,1,0.1,132.67
23660,10736,184,3,0.1,397.88
23661,10736,594,2,0.1,145.53
23662,10737,544,2,0.0,145.88
23663,10737,572,4,0.05,210.11
23664,10737,505,1,0.05,80.66
23665,10738,468,3,0.15,47.92
23666,10739,280,2,0.0,259.03
23667,10739,230,1,0.0,16.29
23668,10740,534,4,0.1,57.2
23669,10740,423,3,0.1,48.58
23670,10740,438,2,0.15,10.34
23671,10740,55,3,0.0,51.21
23672,10740,202,2,0.2,192.35
23673,10741,145,3,0.2,98.99
23674,10741,192,4,0.05,251.64
23675,10741,385,1,0.15,134.22
23676,10742,491,4,0.0,125.75
23677,10743,187,1,0.1,40.73
23678,10744,562,4,0.15,319.99
23679,10744,402,1,0.0,197.19
23680,10744,224,4,0.05,374.05
23681,10745,568,2,0.1,148.43
23682,10745,499,1,0.0,204.72
23683,10746,193,3,0.2,272.59
23684,10746,553,2,0.1,241.19
23685,10747,54,1,0.1,153.95
23686,10747,334,3,0.0,
23687,10747,28,1,0.1,246.19
23688,10747,132,2,0.05,49.18
23689,10748,556,2,0.1,209.87
23690,10748,325,2,0.0,254.19
23691,10748,406,2,0.1,
23692,10748,166,1,0.1,134.91
23693,10749,286,2,0.2,195.75
23694,10750,381,4,0.1,46.62
23695,10750,80,1,0.1,86.84
23696,10751,412,3,0.0,101.55
23697,10751,202,4,0.15,199.03
23698,10752,368,4,0.0,149.22
23699,10753,289,2,0.05,64.84
23700,10754,211,1,0.1,303.85
23701,10754,599,3,0.2,393.52
23702,10754,373,4,0.2,
23703,10755,355,3,0.2,96.58
23704,10756,309,4,0.0,
23705,10756,67,0,0.0,37.42
23706,10757,152,2,0.1,184.45
23707,10757,194,4,0.0,67.84
23708,10758,309,1,0.1,
23709,10758,361,1,0.2,
23710,10758,344,3,0.0,148.47
23711,10759,244,1,0.15,15.99
23712,10760,134,2,0.05,238.59
23713,10761,99,2,0.15,281.42
23714,10762,585,2,0.0,6.81
23715,10763,360,2,0.05,51.44
23716,10763,63,4,0.05,72.23
23717,10764,26,4,0.2,
23718,10764,270,2,0.0,105.11
23719,10765,69,2,0.15,193.38
23720,10765,39,1,0.0,162.15
23721,10765,566,3,0.0,227.68
23722,10765,242,1,0.0,158.97
23723,10766,480,3,0.1,66.95
23724,10766,377,2,0.2,173.14
23725,10766,304,3,0.0,62.93
23726,10766,174,2,0.0,136.02
23727,10767,443,1,0.0,187.02
23728,10768,50,0,0.2,10.0
23729,10769,484,2,0.0,184.99
23730,10769,9,3,0.0,102.15
23731,10769,391,3,0.15,230.44
23732,10769,507,1,0.05,197.74
23733,10770,457,2,0.1,181.2
23734,10770,535,1,0.2,
23735,10771,533,1,0.05,162.1
23736,10771,247,4,0.15,71.45
23737,10772,13,2,0.15,176.98
23738,10772,515,2,0.0,131.4
23739,10772,1,1,0.0,158.8
23740,10773,264,3,0.0,114.78
23741,10774,362,1,0.0,31.84
23742,10774,293,2,0.0,154.19
23743,10775,8,2,0.0,46.37
23744,10775,256,4,0.05,173.65
23745,10775,438,4,0.0,10.05
23746,10776,33,1,0.0,93.66
23747,10777,152,4,0.0,
23748,10777,51,4,0.2,17.88
23749,10777,115,1,0.15,286.29
23750,10778,314,1,0.0,163.46
23751,10779,435,0,0.0,367.44
23752,10779,534,4,0.0,54.38
23753,10779,566,2,0.0,212.35
23754,10780,580,2,0.15,
23755,10780,73,1,0.2,58.96
23756,10780,284,4,0.05,113.36
23757,10781,40,2,0.0,82.33
23758,10782,294,3,0.0,20.37
23759,10782,488,1,0.2,13.27
23760,10782,289,1,0.0,64.91
23761,10783,500,3,0.0,273.12
23762,10783,494,3,0.15,208.3
23763,10784,14,2,0.0,69.35
23764,10784,301,3,0.0,45.86
23765,10785,459,2,0.0,121.64
23766,10786,286,4,0.2,
23767,10786,4,3,0.2,
23768,10787,199,1,0.05,240.62
23769,10787,535,2,0.2,
23770,10787,84,1,0.0,82.38
23771,10788,258,2,0.0,13.42
23772,10788,469,2,0.15,14.94
23773,10788,335,2,0.1,51.14
23774,10788,74,1,0.15,191.79
23775,10789,373,3,0.1,
23776,10790,526,3,0.0,268.11
23777,10791,116,3,0.0,237.95
23778,10791,592,1,0.05,251.44
23779,10792,329,3,0.15,80.14
23780,10792,492,3,0.2,26.72
23781,10793,571,1,0.0,226.04
23782,10794,92,4,0.15,376.61
23783,10795,568,3,0.0,149.73
23784,10795,108,2,0.05,178.3
23785,10795,440,1,0.0,11.18
23786,10795,367,2,0.0,217.06
23787,10796,20,2,0.05,194.5
23788,10796,49,3,0.2,157.8
23789,10796,196,2,0.0,274.11
23790,10797,394,4,0.1,
23791,10797,11,1,0.0,145.9
23792,10798,345,1,0.0,178.73
23793,10799,434,1,0.1,38.9
23794,10800,161,1,0.2,195.43
23795,10800,33,1,0.0,93.45
23796,10800,443,1,0.0,193.31
23797,10800,394,4,0.15,
23798,10800,427,1,0.15,86.32
23799,10801,444,2,0.0,162.53
23800,10802,16,4,0.0,
23801,10803,404,1,0.0,394.51
23802,10803,413,2,0.0,219.98
23803,10803,125,3,0.15,368.54
23804,10804,71,1,0.0,254.02
23805,10805,343,1,0.0,302.47
23806,10805,167,2,0.15,7.56
23807,10805,425,2,0.0,164.11
23808,10806,69,2,0.0,182.01
23809,10807,598,1,0.0,24.99
23810,10807,420,4,0.0,203.63
23811,10808,218,2,0.0,37.26
23812,10809,393,2,0.0,76.62
23813,10809,412,1,0.1,101.83
23814,10809,555,4,0.15,158.5
23815,10810,11,1,0.2,136.07
23816,10811,208,4,0.2,183.37
23817,10812,57,1,0.2,349.6
23818,10812,213,2,0.15,24.99
23819,10812,352,2,0.2,79.37
23820,10812,203,2,0.1,131.83
23821,10812,423,1,0.2,45.46
23822,10813,338,0,0.0,176.77
23823,10813,477,4,0.0,78.23
23824,10814,595,3,0.2,107.1
23825,10815,192,3,0.05,261.11
23826,10815,328,2,0.0,95.05
23827,10816,283,4,0.1,121.43
23828,10816,182,1,0.05,149.42
23829,10817,221,4,0.05,44.66
23830,10817,365,1,0.1,50.01
23831,10817,358,3,0.0,146.37
23832,10817,85,3,0.1,19.76
23833,10818,558,3,0.15,202.99
23834,10818,444,4,0.1,168.9
23835,10819,40,4,0.15,80.28
23836,10819,104,2,0.05,43.0
23837,10819,272,1,0.2,86.62
23838,10819,319,1,0.0,128.64
23839,10820,152,1,0.1,180.18
23840,10820,225,4,0.0,86.07
23841,10821,8,3,0.1,47.51
23842,10821,14,4,0.05,65.39
23843,10821,355,4,0.0,90.8
23844,10822,507,2,0.05,185.89
23845,10822,78,2,0.0,241.48
23846,10822,409,4,0.2,177.51
23847,10823,376,2,0.1,53.87
23848,10823,28,2,0.15,247.76
23849,10823,339,4,0.15,35.5
23850,10823,217,4,0.0,136.71
23851,10824,564,4,0.05,29.73
23852,10825,42,2,0.05,69.61
23853,10826,243,1,0.0,242.73
23854,10827,139,3,0.05,282.43
23855,10828,445,1,0.2,28.76
23856,10828,243,3,0.2,239.33
23857,10828,225,3,0.1,82.23
23858,10829,432,2,0.2,149.92
23859,10829,353,3,0.15,34.06
23860,10829,31,3,0.0,103.44
23861,10829,529,3,0.0,215.89
23862,10830,356,1,0.05,263.0
23863,10830,216,1,0.2,59.0
23864,10830,132,1,0.0,48.38
23865,10831,579,3,0.0,70.59
23866,10832,384,2,0.2,296.16
23867,10832,134,2,0.0,236.42
23868,10833,565,1,0.2,92.84
23869,10834,360,2,0.0,49.96
23870,10834,94,1,0.0,253.58
23871,10834,471,1,0.1,90.9
23872,10835,265,2,0.1,30.11
23873,10835,97,1,0.2,298.7
23874,10836,178,3,0.1,30.44
23875,10836,362,4,0.0,32.09
23876,10837,541,1,0.0,173.44
23877,10837,68,-1,0.1,254.31
23878,10837,523,1,0.0,307.18
23879,10837,350,2,0.0,51.06
23880,10838,449,1,0.1,118.21
23881,10838,212,4,0.0,34.33
23882,10838,346,1,0.0,93.7
23883,10839,400,1,0.1,280.75
23884,10840,331,3,0.0,150.58
23885,10840,12,2,0.1,89.0
23886,10840,256,3,0.0,177.36
23887,10841,504,1,0.0,
23888,10842,298,1,0.1,264.86
23889,10842,104,3,0.05,43.12
23890,10842,144,3,0.15,146.19
23891,10843,268,4,0.0,
23892,10843,420,1,0.2,197.56
23893,10843,574,4,0.0,273.02
23894,10844,572,3,0.2,225.04
23895,10844,28,2,0.15,233.92
23896,10844,541,2,0.0,170.86
23897,10844,386,2,0.2,48.1
23898,10845,264,2,0.0,105.66
23899,10845,449,2,0.0,126.49
23900,10846,576,3,0.15,287.38
23901,10846,446,1,0.05,295.34
23902,10847,541,2,0.0,175.53
23903,10848,454,4,0.05,232.64
23904,10849,331,3,0.0,
23905,10850,163,4,0.0,333.9
23906,10850,383,1,0.15,16.38
23907,10850,500,4,0.0,
23908,10850,445,3,0.0,28.34
23909,10851,381,4,0.15,46.16
23910,10851,317,3,0.0,171.36
23911,10851,451,4,0.15,44.29
23912,10852,84,2,0.0,75.54
23913,10852,413,2,0.0,215.51
23914,10852,13,2,0.15,177.12
23915,10853,435,2,0.1,368.24
23916,10853,95,1,0.0,133.77
23917,10853,52,2,0.05,99.85
23918,10853,465,3,0.1,164.62
23919,10854,402,1,0.15,188.25
23920,10854,394,4,0.2,
23921,10855,360,2,0.0,50.53
23922,10855,377,1,0.1,179.91
23923,10856,446,1,0.0,294.29
23924,10856,547,1,0.05,194.21
23925,10856,35,1,0.0,39.38
23926,10856,487,4,0.05,172.81
23927,10857,237,4,0.1,24.09
23928,10857,563,4,0.0,218.82
23929,10858,111,2,2.31,211.6
23930,10858,447,2,0.2,235.25
23931,10859,430,2,0.05,124.41
23932,10859,263,1,0.2,250.99
23933,10859,419,1,0.0,262.33
23934,10860,507,1,0.0,184.4
23935,10861,218,1,0.05,36.81
23936,10861,206,3,0.0,130.14
23937,10862,160,4,0.2,44.82
23938,10862,502,1,0.15,316.59
23939,10862,560,3,0.0,
23940,10863,117,1,0.05,176.79
23941,10863,35,2,0.05,40.38
23942,10863,457,4,0.0,181.52
23943,10863,506,2,0.0,96.43
23944,10864,259,3,0.0,151.53
23945,10864,534,1,0.0,58.34
23946,10865,262,4,0.0,363.53
23947,10865,259,1,0.0,148.31
23948,10866,188,1,0.1,24.15
23949,10867,24,3,0.15,102.66
23950,10867,15,2,0.2,124.17
23951,10867,169,4,0.0,
23952,10867,21,3,0.15,42.41
23953,10867,147,2,0.05,239.13
23954,10868,42,3,0.05,69.09
23955,10869,363,1,0.0,227.91
23956,10869,405,1,0.05,105.83
23957,10869,233,2,0.2,260.94
23958,10870,536,4,0.05,79.16
23959,10870,219,1,0.0,33.8
23960,10871,167,1,0.1,7.2
23961,10871,535,3,0.0,
23962,10872,401,3,0.0,166.97
23963,10873,233,2,0.0,260.84
23964,10873,347,1,0.0,123.58
23965,10874,261,2,0.0,169.96
23966,10875,443,2,0.2,182.4
23967,10875,291,1,0.1,189.1
23968,10876,212,3,0.1,34.18
23969,10877,110,1,0.0,256.36
23970,10878,598,1,0.2,26.47
23971,10878,232,1,0.15,240.73
23972,10879,516,1,0.0,17.99
23973,10879,103,2,0.15,122.96
23974,10880,126,2,0.0,91.0
23975,10880,371,2,0.15,125.08
23976,10881,398,1,0.05,14.46
23977,10881,390,2,0.0,256.3
23978,10881,446,2,0.2,285.16
23979,10882,199,1,0.0,243.87
23980,10882,178,1,0.0,31.62
23981,10882,585,1,0.0,6.67
23982,10882,510,3,0.0,193.27
23983,10883,496,2,0.15,285.47
23984,10883,368,2,0.05,145.87
23985,10883,43,1,0.0,85.62
23986,10884,160,1,0.05,41.9
23987,10884,326,3,0.0,32.38
23988,10885,363,2,0.15,220.32
23989,10885,503,2,0.0,272.27
23990,10886,36,2,3.0,178.26
23991,10886,225,1,0.05,83.77
23992,10887,49,1,0.2,154.61
23993,10887,130,2,0.0,120.55
23994,10887,331,1,0.0,153.3
23995,10888,466,2,0.0,57.44
23996,10888,119,3,0.15,61.72
23997,10888,491,4,0.0,124.97
23998,10889,162,1,0.2,175.95
23999,10889,572,2,0.2,215.11
24000,10889,21,1,0.1,42.67
24001,10890,135,3,0.2,101.41
24002,10890,345,2,0.0,190.36
24003,10890,352,2,0.0,81.01
24004,10890,388,1,0.15,188.61
24005,10890,480,1,0.0,68.19
24006,10891,231,1,0.0,47.23
24007,10892,245,1,0.0,391.03
24008,10893,498,1,0.0,79.37
24009,10893,428,1,0.0,52.73
24010,10893,19,1,0.0,
24011,10893,598,2,0.1,24.57
24012,10893,314,3,0.05,171.94
24013,10894,356,2,0.15,242.24
24014,10895,472,1,0.0,254.12
24015,10896,297,2,0.0,51.9
24016,10897,125,2,0.0,373.26
24017,10897,524,1,0.1,49.6
24018,10898,491,1,0.15,123.08
24019,10899,19,2,0.05,
24020,10899,484,2,0.15,193.13
24021,10900,82,3,0.2,204.15
24022,10901,84,1,0.0,
24023,10901,192,4,0.0,246.35
24024,10902,368,2,0.15,139.38
24025,10902,463,4,0.0,91.35
24026,10902,338,1,1.62,173.94
24027,10902,550,1,0.0,212.85
24028,10903,537,1,0.05,11.74
24029,10904,297,2,0.05,
24030,10905,400,2,0.0,296.45
24031,10905,584,4,0.1,251.93
24032,10905,192,2,0.0,245.06
24033,10905,120,3,0.05,149.21
24034,10905,526,2,0.2,285.55
24035,10906,444,2,0.0,163.58
24036,10906,109,1,0.0,126.98
24037,10907,173,4,0.2,141.73
24038,10907,223,4,0.2,341.55
24039,10907,396,1,0.0,54.33
24040,10908,543,2,0.0,270.73
24041,10909,522,1,0.15,107.65
24042,10909,232,1,0.05,249.89
24043,10909,401,4,0.0,167.45
24044,10909,212,4,0.15,34.39
24045,10910,341,1,0.0,
24046,10910,204,1,0.0,76.5
24047,10910,18,2,0.0,379.61
24048,10911,162,2,0.05,174.91
24049,10911,489,2,0.0,127.61
24050,10911,79,3,0.15,238.54
24051,10911,410,4,0.2,19.75
24052,10912,277,1,0.1,172.29
24053,10912,195,1,0.2,289.0
24054,10912,215,2,0.15,80.45
24055,10913,555,1,0.2,160.45
24056,10913,343,4,0.0,310.12
24057,10914,182,1,0.1,152.63
24058,10914,429,2,0.15,17.59
24059,10915,519,1,0.0,120.68
24060,10915,285,3,0.1,250.55
24061,10916,286,2,0.1,197.0
24062,10916,306,3,0.05,20.9
24063,10916,287,2,0.15,140.8
24064,10917,78,2,0.2,237.43
24065,10917,444,4,0.0,167.29
24066,10917,253,1,0.0,
24067,10918,228,4,0.0,39.9
24068,10919,80,1,0.1,90.93
24069,10920,325,2,0.0,243.28
24070,10921,40,1,0.1,80.99
24071,10921,558,1,0.0,194.1
24072,10922,222,1,0.0,107.43
24073,10922,46,3,0.0,47.78
24074,10922,469,1,0.1,15.89
24075,10923,152,3,0.2,194.71
24076,10924,210,1,0.05,242.42
24077,10925,138,4,0.0,164.9
24078,10925,160,2,0.15,44.66
24079,10926,180,3,0.2,316.94
24080,10926,1,1,0.15,150.43
24081,10927,192,4,0.0,245.68
24082,10927,286,4,0.1,187.57
24083,10927,84,2,0.0,78.37
24084,10928,466,2,0.1,60.41
24085,10929,477,3,0.0,80.03
24086,10929,485,2,0.2,
24087,10930,347,2,0.0,129.12
24088,10930,282,4,0.2,29.02
24089,10930,440,4,0.15,11.17
24090,10931,40,2,0.05,78.85
24091,10931,61,1,0.0,326.62
24092,10932,450,3,0.0,7.15
24093,10932,548,2,0.05,58.62
24094,10932,9,4,0.0,97.36
24095,10932,344,1,0.2,155.97
24096,10932,297,2,0.0,54.56
24097,10933,113,2,0.0,70.62
24098,10934,505,1,0.05,83.31
24099,10934,329,1,0.15,78.94
24100,10935,355,2,0.15,91.16
24101,10936,321,2,0.1,10.71
24102,10937,184,1,0.1,387.79
24103,10937,565,1,0.1,97.32
24104,10938,596,2,0.0,28.81
24105,10938,583,1,0.0,66.25
24106,10938,568,3,0.0,139.13
24107,10939,189,2,0.05,167.08
24108,10939,232,2,0.1,256.48
24109,10939,43,1,0.0,89.51
24110,10940,290,1,0.0,124.82
24111,10941,215,1,0.15,78.3
24112,10941,300,1,0.0,43.89
24113,10942,44,1,0.05,241.29
24114,10942,222,2,0.05,108.54
24115,10942,48,1,0.05,237.58
24116,10943,560,4,0.0,
24117,10944,596,3,0.2,27.82
24118,10944,183,1,0.0,271.09
24119,10945,20,4,0.2,194.98
24120,10945,334,1,0.1,
24121,10945,418,1,0.15,153.95
24122,10946,554,2,0.0,153.44
24123,10947,131,1,0.0,247.69
24124,10947,373,2,0.0,
24125,10948,452,4,0.2,62.05
24126,10948,522,3,0.0,111.46
24127,10948,191,2,0.0,45.88
24128,10948,438,4,0.0,10.22
24129,10949,389,3,0.0,87.86
24130,10949,47,2,0.0,242.72
24131,10949,539,1,0.1,139.09
24132,10949,118,2,0.1,79.23
24133,10949,25,1,4.84,128.16
24134,10950,400,1,0.2,284.71
24135,10950,486,1,0.1,271.26
24136,10950,438,3,0.2,10.65
24137,10951,138,4,0.15,157.46
24138,10951,149,1,0.0,191.26
24139,10952,562,1,0.05,332.47
24140,10953,85,4,0.1,20.6
24141,10953,294,1,0.2,20.39
24142,10953,57,3,0.2,368.36
24143,10953,5,1,0.0,220.57
24144,10953,588,4,0.15,202.09
24145,10954,30,1,0.15,16.84
24146,10954,367,3,0.0,212.79
24147,10955,412,3,0.15,95.16
24148,10956,499,1,0.15,216.77
24149,10956,107,2,0.0,156.64
24150,10956,89,4,0.15,201.99
24151,10957,385,3,0.0,132.83
24152,10957,275,3,0.0,189.87
24153,10957,113,3,0.1,72.1
24154,10957,296,3,0.15,54.99
24155,10957,561,4,0.2,347.27
24156,10958,514,1,0.15,348.76
24157,10958,320,2,0.0,78.83
24158,10958,356,4,0.1,241.53
24159,10959,495,2,0.0,98.71
24160,10960,575,1,0.2,320.32
24161,10960,268,2,0.0,307.69
24162,10961,245,1,0.0,378.26
24163,10961,68,1,0.0,249.19
24164,10962,230,4,0.15,
24165,10962,22,1,0.0,20.82
24166,10963,195,2,0.2,288.4
24167,10963,145,1,0.05,102.68
24168,10964,469,4,0.15,14.55
24169,10964,480,2,0.0,64.36
24170,10965,227,2,0.0,
24171,10966,203,1,0.2,
24172,10967,451,2,0.15,45.78
24173,10967,286,1,2.74,185.77
24174,10967,357,4,0.1,134.24
24175,10968,353,2,0.0,33.79
24176,10968,271,2,0.2,305.64
24177,10969,428,1,0.0,50.92
24178,10970,501,1,0.1,
24179,10970,435,1,0.0,348.13
24180,10970,432,1,0.0,155.37
24181,10971,71,1,0.15,242.37
24182,10971,104,1,0.15,42.89
24183,10971,514,1,0.0,349.4
24184,10971,90,1,0.0,201.75
24185,10972,548,1,0.0,57.72
24186,10972,31,1,0.0,105.25
24187,10972,497,4,0.2,89.98
24188,10972,47,4,0.05,256.83
24189,10973,102,2,0.0,73.96
24190,10974,303,3,0.0,40.08
24191,10974,448,4,0.15,167.34
24192,10975,393,3,0.0,79.69
24193,10976,125,1,0.15,355.74
24194,10976,398,2,0.15,14.46
24195,10976,195,1,0.0,277.78
24196,10976,94,4,0.0,272.58
24197,10976,22,1,0.1,22.32
24198,10977,63,1,0.0,67.55
24199,10978,62,3,0.2,74.65
24200,10978,557,2,0.1,72.72
24201,10978,187,3,0.2,40.38
24202,10979,152,1,0.0,192.49
24203,10979,378,2,0.1,55.88
24204,10979,312,2,0.2,114.44
24205,10980,507,1,0.15,190.38
24206,10980,530,1,0.2,172.32
24207,10981,535,1,0.2,
24208,10981,279,1,0.15,29.75
24209,10981,327,1,0.0,218.45
24210,10982,231,1,0.2,44.54
24211,10983,592,1,0.2,262.25
24212,10984,114,4,0.1,274.81
24213,10984,552,3,0.1,
24214,10985,600,3,0.0,170.58
24215,10985,570,1,0.1,155.98
24216,10985,149,4,0.1,196.91
24217,10986,149,3,0.0,187.69
24218,10987,123,1,0.15,14.54
24219,10987,9,-1,0.2,99.92
24220,10987,318,1,0.15,38.31
24221,10987,342,1,0.0,63.7
24222,10987,3,2,0.05,40.33
24223,10988,531,4,0.05,349.52
24224,10988,432,2,0.05,150.44
24225,10989,529,4,0.0,227.89
24226,10989,59,3,0.15,197.47
24227,10989,205,1,0.0,192.8
24228,10989,295,1,0.1,33.93
24229,10990,73,1,0.05,62.81
24230,10990,525,2,0.0,168.14
24231,10991,506,1,0.15,103.59
24232,10992,237,1,0.0,25.58
24233,10993,440,1,0.0,11.62
24234,10993,138,4,0.15,161.12
24235,10993,206,1,0.0,141.46
24236,10993,99,1,0.0,297.23
24237,10994,264,1,0.0,110.34
24238,10994,26,4,0.0,
24239,10994,121,2,0.0,374.58
24240,10995,259,4,0.0,143.02
24241,10996,171,1,0.0,157.82
24242,10997,116,2,0.1,235.49
24243,10997,110,2,0.0,242.01
24244,10997,430,1,0.0,123.83
24245,10998,41,2,0.05,287.77
24246,10998,46,1,0.0,50.8
24247,10998,113,2,0.0,68.55
24248,10999,456,2,0.2,149.55
24249,11000,440,1,0.1,11.92
24250,11000,573,1,0.0,111.2
24251,11000,116,1,0.1,248.95
24252,11000,594,4,0.0,151.76
24253,11001,236,1,0.15,13.04
24254,11001,454,1,0.15,217.63
24255,11002,177,1,0.1,155.28
24256,11003,232,3,0.0,242.85
24257,11003,255,1,0.0,329.2
24258,11004,258,4,0.2,12.44
24259,11004,47,1,0.0,251.53
24260,11004,230,4,0.0,15.89
24261,11004,146,1,0.15,10.17
24262,11004,522,2,0.1,109.73
24263,11005,315,2,0.15,13.59
24264,11006,80,1,0.0,94.28
24265,11006,410,1,0.1,20.4
24266,11006,311,4,0.0,49.94
24267,11006,126,2,0.15,86.34
24268,11007,406,2,0.0,
24269,11008,464,1,0.1,86.1
24270,11008,100,3,0.0,317.59
24271,11008,402,1,0.0,190.41
24272,11008,494,1,0.05,202.56
24273,11009,200,2,0.15,264.52
24274,11010,294,1,0.15,21.27
24275,11011,145,1,0.0,96.07
24276,11012,440,1,0.15,11.71
24277,11013,439,1,0.15,235.35
24278,11013,528,2,0.2,283.37
24279,11013,165,3,0.0,110.63
24280,11014,222,4,0.15,108.18
24281,11015,282,1,0.0,31.19
24282,11015,563,2,0.0,208.32
24283,11015,489,2,0.0,120.4
24284,11015,59,2,0.15,181.99
24285,11015,496,2,0.15,283.61
24286,11016,30,2,0.0,16.89
24287,11016,7,1,0.2,197.08
24288,11016,218,1,0.1,37.45
24289,11017,315,1,0.05,14.4
24290,11017,24,1,0.0,106.53
24291,11018,552,4,0.0,
24292,11019,457,1,0.15,188.53
24293,11019,383,1,0.1,16.44
24294,11020,478,1,0.0,123.73
24295,11020,105,4,0.0,5.52
24296,11020,303,1,0.05,39.61
24297,11020,25,1,0.15,136.21
24298,11020,296,4,0.05,52.2
24299,11021,1,4,0.05,155.37
24300,11022,312,3,0.0,112.78
24301,11023,396,1,0.1,55.58
24302,11024,595,1,0.1,108.28
24303,11025,149,4,0.15,189.37
24304,11026,392,3,0.1,73.93
24305,11027,451,1,0.2,45.66
24306,11027,302,3,0.15,41.03
24307,11028,506,1,0.2,100.82
24308,11028,247,2,0.15,67.65
24309,11029,376,2,0.0,56.36
24310,11030,398,2,0.05,14.02
24311,11030,3,2,0.1,41.64
24312,11031,391,2,0.15,220.53
24313,11032,583,1,0.0,66.17
24314,11032,350,1,0.2,52.59
24315,11032,303,1,0.1,42.84
24316,11033,530,1,0.2,162.39
24317,11034,152,1,0.05,178.06
24318,11034,15,1,0.1,121.58
24319,11034,56,2,0.0,66.81
24320,11035,182,4,0.05,144.36
24321,11036,315,2,0.05,13.45
24322,11036,219,1,0.0,34.31
24323,11037,136,1,0.0,293.29
24324,11037,85,0,0.2,20.61
24325,11037,239,1,0.15,30.34
24326,11037,478,3,0.1,120.06
24327,11037,592,1,0.0,266.53
24328,11038,515,1,0.0,125.89
24329,11039,4,2,0.15,
24330,11039,306,3,0.0,22.65
24331,11040,292,4,0.05,137.71
24332,11041,136,2,0.2,294.05
24333,11042,300,1,0.2,40.63
24334,11043,313,3,0.05,175.21
24335,11044,583,2,0.2,65.25
24336,11044,456,4,0.2,160.2
24337,11045,593,1,0.0,46.53
24338,11045,18,4,0.0,373.25
24339,11045,507,1,0.1,183.88
24340,11046,29,1,0.0,25.8
24341,11046,338,4,0.2,174.25
24342,11047,23,1,0.15,95.39
24343,11048,64,2,0.0,327.72
24344,11048,493,1,0.05,214.34
24345,11048,377,2,0.0,172.08
24346,11049,412,4,0.0,103.07
24347,11049,93,1,0.0,91.07
24348,11049,311,1,0.1,46.56
24349,11049,23,3,0.1,96.69
24350,11049,313,2,0.1,
24351,11050,58,1,0.0,247.83
24352,11050,556,4,0.0,207.83
24353,11051,333,2,0.1,27.59
24354,11051,214,1,0.0,178.24
24355,11051,574,1,0.0,283.87
24356,11051,206,1,0.0,130.62
24357,11052,85,2,0.0,19.12
24358,11052,106,1,0.15,194.49
24359,11052,348,3,0.0,42.22
24360,11053,491,4,0.2,134.4
24361,11053,293,2,0.0,156.58
24362,11054,459,2,0.0,131.67
24363,11054,186,1,0.05,23.58
24364,11055,444,2,0.0,170.95
24365,11055,276,2,0.1,203.64
24366,11056,300,1,0.15,43.91
24367,11056,302,1,0.2,42.63
24368,11056,343,2,0.0,311.43
24369,11057,130,2,0.0,127.21
24370,11057,530,3,0.0,160.32
24371,11057,395,1,0.0,193.75
24372,11057,11,1,0.0,135.3
24373,11058,188,2,0.05,23.54
24374,11058,218,1,0.0,37.16
24375,11059,330,1,0.0,200.94
24376,11059,446,1,0.0,285.46
24377,11059,531,1,0.1,371.91
24378,11060,269,2,0.0,222.26
24379,11061,548,4,0.0,59.24
24380,11061,361,3,0.0,219.39
24381,11061,104,2,0.0,42.22
24382,11062,455,1,0.1,77.88
24383,11062,316,1,0.0,287.52
24384,11063,524,1,0.05,47.67
24385,11064,200,2,0.1,276.81
24386,11064,427,2,0.05,92.92
24387,11064,231,4,0.0,45.82
24388,11064,469,1,0.0,15.54
24389,11065,260,1,0.2,235.11
24390,11065,167,1,0.1,7.58
24391,11065,63,4,0.2,67.93
24392,11065,312,1,0.1,111.27
24393,11065,389,1,0.15,90.07
24394,11066,153,3,0.0,289.13
24395,11066,172,2,0.0,58.29
24396,11067,208,2,0.2,182.09
24397,11067,382,3,0.05,98.13
24398,11067,525,1,0.05,180.76
24399,11067,512,3,0.15,375.45
24400,11067,309,1,0.0,
24401,11068,571,1,0.2,236.55
24402,11068,163,2,0.0,360.78
24403,11068,458,2,0.15,171.52
24404,11068,564,4,0.2,29.52
24405,11069,415,2,0.1,210.7
24406,11070,286,2,0.0,186.75
24407,11070,547,1,0.2,184.21
24408,11071,432,1,0.15,159.77
24409,11072,98,1,0.1,99.28
24410,11072,548,1,0.2,55.16
24411,11072,198,2,0.05,148.75
24412,11072,156,-1,0.1,98.11
24413,11073,241,3,0.2,224.54
24414,11073,415,2,0.0,231.21
24415,11073,399,1,0.0,293.66
24416,11073,317,3,0.05,159.49
24417,11074,377,3,0.0,168.87
24418,11074,197,1,3.05,142.56
24419,11075,499,3,0.0,205.15
24420,11075,249,2,0.15,129.93
24421,11076,78,1,0.15,255.65
24422,11077,134,2,0.0,259.8
24423,11077,244,1,0.0,17.19
24424,11077,449,2,0.1,123.21
24425,11078,495,3,0.05,100.3
24426,11078,100,3,0.2,319.14
24427,11079,467,1,0.0,301.2
24428,11080,100,3,0.0,345.85
24429,11080,535,2,0.0,
24430,11080,447,1,0.0,236.26
24431,11080,543,1,0.2,280.66
24432,11080,436,1,0.0,100.61
24433,11081,305,1,0.0,176.88
24434,11082,485,1,0.0,176.91
24435,11083,483,2,0.05,87.15
24436,11084,10,2,0.0,112.64
24437,11084,50,1,0.0,9.72
24438,11084,265,1,0.0,28.86
24439,11084,427,4,0.0,87.84
24440,11085,63,4,0.2,69.22
24441,11085,335,2,0.05,53.25
24442,11086,15,1,0.2,123.97
24443,11087,17,1,0.15,34.24
24444,11088,438,4,0.0,10.64
24445,11089,355,4,0.2,90.57
24446,11089,154,4,0.0,136.14
24447,11090,489,1,0.0,124.76
24448,11090,143,2,0.1,117.42
24449,11091,403,2,0.0,152.01
24450,11092,137,1,0.1,354.95
24451,11092,44,2,0.15,248.66
24452,11092,448,1,0.1,157.85
24453,11092,315,1,0.2,13.75
24454,11092,403,4,0.1,160.65
24455,11093,454,1,0.05,219.41
24456,11093,438,3,0.1,10.02
24457,11094,216,3,4.36,61.39
24458,11094,178,1,0.2,29.01
24459,11095,591,2,0.0,252.81
24460,11096,300,3,0.0,43.49
24461,11096,293,1,0.15,158.37
24462,11097,257,3,0.2,373.37
24463,11098,597,1,0.1,120.77
24464,11099,66,2,0.05,100.28
24465,11100,196,3,0.0,290.4
24466,11100,496,1,0.1,290.87
24467,11100,273,1,0.1,173.35
24468,11100,224,1,0.1,352.58
24469,11100,520,2,0.2,21.28
24470,11101,291,3,0.0,203.2
24471,11101,227,2,0.0,
24472,11102,66,1,0.2,100.33
24473,11103,339,2,0.0,38.19
24474,11104,165,1,0.0,103.29
24475,11104,67,2,0.05,38.04
24476,11104,33,2,0.0,95.47
24477,11105,257,4,0.0,379.31
24478,11106,560,3,0.2,
24479,11106,153,1,0.0,305.34
24480,11107,496,1,0.0,283.5
24481,11107,213,1,0.0,23.21
24482,11108,577,2,0.0,248.24
24483,11109,504,1,0.2,
24484,11110,203,1,0.2,130.08
24485,11111,6,2,0.2,16.18
24486,11112,433,1,0.15,126.57
24487,11113,268,3,0.1,
24488,11114,266,4,0.0,332.91
24489,11115,429,4,0.0,16.94
24490,11115,305,2,0.2,173.28
24491,11116,217,2,0.2,142.01
24492,11116,387,4,0.0,40.11
24493,11116,184,2,0.1,389.37
24494,11116,420,3,0.15,191.85
24495,11117,120,1,0.05,157.77
24496,11117,418,4,0.1,140.76
24497,11117,556,3,0.1,205.97
24498,11118,384,1,0.1,297.73
24499,11118,443,1,0.2,188.41
24500,11119,488,2,0.15,12.67
24501,11119,16,3,0.0,
24502,11120,83,3,0.0,39.49
24503,11120,469,3,0.0,14.51
24504,11120,316,2,0.1,293.43
24505,11120,348,2,0.0,42.79
24506,11120,102,4,0.1,71.62
24507,11121,412,2,0.1,100.21
24508,11122,183,1,0.0,270.97
24509,11123,17,1,0.0,34.54
24510,11124,535,1,0.15,
24511,11125,119,4,0.0,
24512,11125,89,1,0.05,205.02
24513,11126,321,4,0.2,10.78
24514,11126,602,3,0.15,
24515,11127,293,4,0.0,157.27
24516,11127,195,3,0.0,272.55
24517,11128,442,4,0.0,9.01
24518,11129,567,4,0.05,25.26
24519,11130,468,1,0.15,46.05
24520,11130,476,2,0.15,217.31
24521,11131,402,1,0.0,186.84
24522,11131,62,1,0.1,70.99
24523,11132,26,1,0.2,
24524,11132,242,2,0.0,160.09
24525,11132,479,1,0.0,108.71
24526,11132,285,4,0.0,259.27
24527,11133,247,2,0.0,69.2
24528,11133,69,2,0.0,182.11
24529,11134,338,1,0.1,167.03
24530,11135,391,1,0.0,230.15
24531,11136,108,1,0.1,176.45
24532,11136,389,1,0.05,89.94
24533,11137,29,1,0.05,26.22
24534,11138,533,3,0.15,149.14
24535,11139,42,4,3.51,74.38
24536,11139,409,1,0.0,167.11
24537,11140,27,1,0.05,385.57
24538,11140,594,1,0.2,145.84
24539,11141,216,4,0.0,59.2
24540,11141,348,2,0.2,42.29
24541,11142,304,1,0.0,60.8
24542,11143,61,2,0.1,336.92
24543,11144,575,3,0.2,347.2
24544,11144,101,2,0.0,145.74
24545,11144,31,3,0.05,102.76
24546,11145,279,3,0.2,31.46
24547,11145,419,1,0.0,252.32
24548,11145,339,2,0.05,38.56
24549,11146,22,1,0.0,22.51
24550,11147,366,1,0.05,71.06
24551,11147,475,1,0.0,292.2
24552,11147,420,1,0.0,208.36
24553,11148,471,2,0.15,96.72
24554,11148,242,1,0.15,156.1
24555,11148,365,1,0.05,49.45
24556,11148,159,1,0.15,95.38
24557,11148,438,2,0.0,10.51
24558,11149,600,2,0.0,161.38
24559,11149,164,1,0.2,192.3
24560,11149,551,2,0.0,30.25
24561,11150,420,3,0.15,193.99
24562,11151,493,2,0.15,
24563,11151,92,1,0.2,348.81
24564,11152,475,1,0.2,275.31
24565,11153,9,1,0.0,99.4
24566,11153,101,1,0.0,144.25
24567,11154,526,1,0.0,272.92
24568,11154,266,1,0.0,332.67
24569,11155,316,1,0.0,282.44
24570,11156,164,1,0.0,191.53
24571,11156,577,4,0.0,233.62
24572,11157,58,1,0.1,238.82
24573,11157,284,1,0.15,118.22
24574,11157,260,1,0.0,229.98
24575,11157,369,1,0.05,154.98
24576,11158,513,1,0.0,289.16
24577,11158,188,3,0.0,23.14
24578,11158,64,1,0.2,320.59
24579,11159,550,2,0.0,212.02
24580,11159,314,1,0.1,165.19
24581,11159,604,1,0.0,
24582,11160,302,2,0.1,42.19
24583,11161,49,1,0.05,162.08
24584,11161,51,1,0.0,16.5
24585,11162,431,4,0.1,231.53
24586,11162,335,3,0.1,51.24
24587,11163,327,3,0.1,211.16
24588,11164,568,4,0.0,142.25
24589,11164,60,1,0.15,284.34
24590,11164,105,1,0.0,5.5
24591,11165,131,1,0.0,266.46
24592,11165,542,2,0.15,170.39
24593,11166,578,3,0.05,225.56
24594,11166,373,1,0.05,
24595,11167,419,1,0.0,254.38
24596,11167,415,2,0.0,230.44
24597,11167,195,1,0.0,290.43
24598,11168,332,2,0.05,149.06
24599,11169,47,1,0.0,251.96
24600,11169,27,1,0.0,
24601,11170,108,1,0.0,170.26
24602,11170,175,1,0.05,131.54
24603,11170,454,2,0.05,217.32
24604,11171,76,1,0.0,224.48
24605,11171,205,1,0.15,195.13
24606,11172,256,1,0.1,184.94
24607,11173,526,3,0.05,277.66
24608,11174,452,1,0.0,63.49
24609,11174,412,1,0.0,100.25
24610,11174,382,2,0.0,92.56
24611,11174,131,4,0.0,268.55
24612,11175,116,4,0.0,238.8
24613,11175,271,2,0.0,318.33
24614,11175,421,2,0.0,10.96
24615,11175,255,3,0.1,334.72
24616,11175,537,4,0.0,12.1
24617,11176,192,2,0.15,
24618,11177,330,1,0.05,220.36
24619,11177,405,1,0.15,99.0
24620,11178,423,3,0.05,46.23
24621,11179,564,4,0.0,30.25
24622,11179,593,1,0.15,51.08
24623,11180,467,2,0.0,308.6
24624,11181,312,1,0.2,121.81
24625,11181,257,1,0.0,352.88
24626,11181,33,4,0.1,89.06
24627,11182,32,3,0.15,224.55
24628,11182,417,1,0.05,37.61
24629,11183,386,4,0.0,49.95
24630,11183,96,2,0.2,43.02
24631,11183,432,1,0.05,159.61
24632,11184,342,1,0.05,66.9
24633,11184,71,4,0.2,246.93
24634,11185,4,1,0.0,
24635,11186,6,2,0.2,16.29
24636,11187,433,1,0.1,132.84
24637,11187,167,2,0.15,7.2
24638,11188,571,1,0.0,223.12
24639,11188,107,1,0.15,166.85
24640,11189,514,1,0.1,342.63
24641,11189,286,1,0.0,203.04
24642,11189,163,2,0.2,361.25
24643,11189,264,4,0.2,114.58
24644,11189,45,2,0.0,258.77
24645,11190,62,1,0.15,70.12
24646,11190,66,1,0.0,109.05
24647,11191,136,1,0.0,303.21
24648,11192,450,1,0.05,6.91
24649,11193,147,1,0.2,228.82
24650,11193,585,2,0.0,6.79
24651,11194,528,4,0.15,265.79
24652,11194,166,1,0.15,139.48
24653,11195,192,1,0.0,259.94
24654,11195,180,2,0.1,313.03
24655,11196,431,3,0.0,221.18
24656,11197,340,3,0.0,363.62
24657,11197,240,4,0.2,298.63
24658,11197,153,2,0.0,305.02
24659,11198,353,1,0.2,34.69
24660,11198,56,2,0.2,67.48
24661,11198,252,4,0.0,127.88
24662,11199,381,1,0.15,44.85
24663,11199,54,2,0.0,153.05
24664,11200,128,1,0.2,57.77
24665,11200,53,4,0.0,238.63
24666,11200,29,4,0.2,25.39
24667,11201,525,1,0.15,167.69
24668,11202,118,3,0.2,76.42
24669,11202,531,1,0.15,359.4
24670,11202,82,1,0.0,208.46
24671,11203,457,2,0.1,182.18
24672,11204,55,2,0.0,49.81
24673,11205,592,2,0.2,265.5
24674,11205,563,2,0.1,207.05
24675,11206,370,1,0.0,124.85
24676,11206,115,4,0.1,309.66
24677,11206,366,2,0.05,65.78
24678,11207,108,1,0.15,186.84
24679,11208,467,3,0.0,314.73
24680,11209,89,3,0.0,190.56
24681,11210,387,3,0.0,39.4
24682,11210,319,2,0.0,135.84
24683,11210,528,2,0.2,270.06
24684,11211,118,3,0.2,72.0
24685,11211,353,1,0.1,34.68
24686,11212,397,4,0.0,
24687,11213,286,4,0.0,191.01
24688,11213,108,2,0.0,172.3
24689,11213,13,2,0.15,167.3
24690,11213,508,1,0.0,276.65
24691,11214,97,4,0.2,316.27
24692,11215,6,1,0.0,16.66
24693,11216,578,2,0.0,227.49
24694,11217,169,2,0.2,
24695,11217,222,2,0.0,
24696,11218,460,1,0.0,179.66
24697,11218,213,1,0.0,23.6
24698,11218,344,4,0.0,154.22
24699,11219,229,4,0.1,8.93
24700,11219,14,2,0.1,64.71
24701,11220,221,1,0.0,44.7
24702,11221,371,1,0.1,119.55
24703,11221,453,3,0.05,167.04
24704,11222,63,2,0.15,67.61
24705,11222,177,4,0.05,155.7
24706,11222,152,1,0.15,182.85
24707,11222,267,2,0.1,323.19
24708,11223,360,1,0.2,48.86
24709,11223,596,1,0.15,27.74
24710,11224,463,1,0.1,86.25
24711,11225,368,3,0.05,146.37
24712,11225,353,4,0.0,
24713,11225,97,2,0.0,319.27
24714,11226,580,2,0.0,173.02
24715,11226,343,1,0.0,303.96
24716,11227,557,1,0.0,74.58
24717,11227,459,2,0.0,126.45
24718,11228,442,1,0.05,8.36
24719,11228,314,4,0.15,166.26
24720,11229,70,3,0.0,163.02
24721,11229,263,4,0.0,253.88
24722,11230,260,1,0.0,225.1
24723,11231,84,1,0.15,80.35
24724,11232,424,1,0.1,42.27
24725,11233,319,4,0.2,139.59
24726,11234,133,2,0.1,310.19
24727,11234,599,1,0.0,403.97
24728,11234,2,1,0.15,234.04
24729,11234,442,2,0.05,8.65
24730,11235,515,2,0.0,126.72
24731,11236,479,1,0.0,106.27
24732,11236,104,1,0.0,40.34
24733,11236,227,2,0.0,
24734,11236,560,3,0.0,
24735,11237,212,1,0.05,33.84
24736,11237,377,1,0.0,175.46
24737,11238,10,2,0.0,116.04
24738,11239,211,1,0.1,284.14
24739,11240,233,3,0.15,280.85
24740,11241,540,1,0.0,97.63
24741,11242,501,1,0.05,
24742,11243,240,2,0.1,308.5
24743,11244,363,1,0.0,215.4
24744,11244,446,1,0.15,289.93
24745,11245,165,3,0.1,107.91
24746,11245,395,3,0.0,191.19
24747,11246,542,2,0.05,160.31
24748,11246,252,1,0.2,124.11
24749,11247,39,2,0.05,169.62
24750,11247,516,2,0.0,18.13
24751,11248,447,1,0.0,225.48
24752,11248,337,1,0.0,31.71
24753,11248,557,2,0.1,
24754,11249,198,1,0.05,147.12
24755,11250,178,2,0.15,30.38
24756,11250,14,1,0.2,66.75
24757,11250,416,1,0.2,69.27
24758,11250,454,4,0.15,213.86
24759,11250,68,2,0.15,252.03
24760,11251,336,1,0.05,78.14
24761,11252,6,2,0.0,15.88
24762,11253,457,2,0.05,190.23
24763,11253,33,2,0.15,97.84
24764,11254,565,1,0.0,99.01
24765,11255,66,1,0.0,109.46
24766,11255,105,2,0.0,5.79
24767,11255,509,1,0.15,62.96
24768,11256,324,1,0.0,210.78
24769,11256,248,2,0.0,
24770,11256,117,2,0.0,187.19
24771,11256,90,2,0.0,219.1
24772,11256,62,1,0.0,70.56
24773,11257,521,4,0.05,206.51
24774,11257,551,3,0.0,31.5
24775,11258,272,1,0.0,84.32
24776,11258,147,4,0.0,226.41
24777,11258,428,1,0.05,50.32
24778,11258,136,3,0.0,317.41
24779,11259,201,1,0.1,50.5
24780,11259,440,0,0.1,11.07
24781,11259,576,1,0.0,277.11
24782,11260,269,1,0.15,214.5
24783,11260,43,3,0.15,90.53
24784,11260,334,1,0.15,
24785,11261,202,2,0.0,201.14
24786,11261,42,2,0.0,75.32
24787,11262,222,1,0.15,109.44
24788,11262,543,4,0.2,282.6
24789,11263,259,1,0.0,140.19
24790,11263,588,4,0.0,211.23
24791,11263,436,1,0.0,99.64
24792,11264,321,1,0.15,10.8
24793,11265,339,2,0.0,36.95
24794,11265,347,3,0.1,127.76
24795,11266,60,3,0.05,283.16
24796,11267,280,1,0.05,242.82
24797,11267,121,2,0.05,397.23
24798,11267,513,2,0.15,275.47
24799,11267,510,2,0.1,182.75
24800,11268,377,2,0.1,164.62
24801,11268,473,1,0.0,
24802,11268,378,1,0.0,56.52
24803,11269,104,2,0.2,40.71
24804,11270,226,2,0.0,248.49
24805,11270,423,1,0.15,46.88
24806,11271,139,3,0.0,283.65
24807,11272,13,1,0.2,178.26
24808,11272,492,2,0.0,27.02
24809,11272,253,3,0.0,
24810,11273,86,3,0.0,131.71
24811,11273,73,1,0.15,59.27
24812,11274,154,2,0.2,139.19
24813,11275,121,1,0.15,384.92
24814,11275,316,2,0.0,277.93
24815,11275,561,2,0.0,363.79
24816,11275,258,1,0.2,12.52
24817,11276,227,4,0.0,
24818,11276,195,1,0.2,277.7
24819,11277,45,1,0.0,274.04
24820,11277,22,3,0.0,
24821,11277,376,2,0.2,55.31
24822,11278,574,1,0.05,279.68
24823,11279,144,2,0.1,144.5
24824,11280,91,2,0.2,80.43
24825,11280,61,1,0.05,314.82
24826,11281,326,1,0.0,33.26
24827,11281,35,3,0.0,38.18
24828,11281,321,2,0.1,10.9
24829,11281,547,2,0.2,185.86
24830,11282,304,1,0.0,64.39
24831,11283,369,3,0.15,151.71
24832,11284,121,2,0.0,393.9
24833,11285,515,1,0.2,128.74
24834,11285,45,4,0.15,274.45
24835,11285,442,4,0.0,8.63
24836,11285,92,4,0.0,359.22
24837,11286,292,1,0.0,130.89
24838,11286,179,0,0.0,15.06
24839,11286,518,1,0.2,32.08
24840,11287,39,3,0.1,156.98
24841,11287,292,3,0.2,136.75
24842,11288,521,4,0.05,204.23
24843,11288,540,4,0.0,95.65
24844,11289,155,1,0.0,200.85
24845,11290,23,2,0.2,96.88
24846,11290,417,1,0.2,35.99
24847,11291,352,1,0.1,79.49
24848,11291,87,2,0.0,132.99
24849,11291,253,1,0.05,
24850,11291,351,4,0.0,106.72
24851,11291,582,1,0.0,123.43
24852,11292,488,3,0.2,13.12
24853,11292,173,1,0.05,140.24
24854,11293,3,3,0.0,39.71
24855,11293,570,1,0.1,156.39
24856,11293,441,2,0.0,83.43
24857,11293,571,2,0.0,233.12
24858,11293,168,2,0.2,12.87
24859,11294,314,3,0.0,179.48
24860,11295,540,2,0.1,95.6
24861,11296,76,3,0.0,221.62
24862,11296,541,2,0.15,168.19
24863,11297,17,3,0.0,33.38
24864,11297,29,1,0.15,25.22
24865,11298,94,2,0.15,252.91
24866,11298,594,2,0.0,150.67
24867,11299,344,3,0.2,156.63
24868,11300,37,1,0.0,9.76
24869,11301,228,1,0.1,40.67
24870,11302,95,3,0.0,130.79
24871,11302,597,2,0.0,114.89
24872,11302,196,1,0.2,288.77
24873,11303,301,1,0.05,49.33
24874,11304,328,3,0.0,102.41
24875,11304,350,2,0.0,52.11
24876,11305,447,3,0.2,239.94
24877,11305,113,2,0.05,69.02
24878,11305,345,3,0.15,189.61
24879,11306,454,1,0.2,227.67
24880,11306,128,3,0.0,57.74
24881,11306,426,2,0.2,
24882,11307,12,1,0.1,82.03
24883,11307,250,3,0.0,406.68
24884,11307,589,2,0.2,166.69
24885,11308,119,4,0.0,57.15
24886,11309,69,1,0.0,180.28
24887,11310,209,4,0.0,80.72
24888,11310,581,1,0.05,191.51
24889,11310,489,3,0.1,130.06
24890,11310,298,1,0.05,284.58
24891,11310,159,-1,0.0,93.93
24892,11311,319,2,0.0,136.17
24893,11311,311,4,0.2,47.47
24894,11311,583,3,0.0,70.58
24895,11312,514,2,0.0,
24896,11312,167,1,0.1,7.88
24897,11312,549,1,0.05,53.22
24898,11312,552,1,0.15,
24899,11312,511,3,0.0,185.21
24900,11313,53,1,0.1,221.2
24901,11313,131,4,0.1,269.38
24902,11314,596,1,0.0,28.59
24903,11314,437,1,0.0,
24904,11314,537,1,0.0,12.58
24905,11314,366,1,0.0,68.46
24906,11315,109,2,0.1,125.58
24907,11316,290,1,0.1,122.55
24908,11317,2,2,0.2,243.53
24909,11317,449,4,0.05,125.26
24910,11318,39,4,0.1,161.68
24911,11318,563,1,0.0,204.57
24912,11318,292,1,0.2,137.11
24913,11319,507,1,0.1,195.48
24914,11319,328,2,0.15,96.17
24915,11320,69,3,0.15,178.58
24916,11320,323,1,0.0,52.51
24917,11321,207,1,0.15,301.42
24918,11322,74,1,0.2,181.4
24919,11323,544,1,0.1,150.57
24920,11323,460,2,0.0,169.36
24921,11323,583,2,0.0,68.9
24922,11324,172,2,0.15,55.05
24923,11324,210,2,0.05,247.42
24924,11325,372,1,0.0,232.77
24925,11325,52,1,0.1,104.28
24926,11326,93,4,0.2,96.41
24927,11326,560,3,0.15,
24928,11326,573,1,0.0,108.43
24929,11326,148,2,0.1,45.5
24930,11327,516,2,0.2,18.21
24931,11327,401,1,0.05,157.52
24932,11327,371,4,0.0,123.27
24933,11327,468,1,0.0,46.89
24934,11328,341,1,0.0,
24935,11329,458,4,0.0,161.23
24936,11329,553,2,0.05,228.29
24937,11330,290,2,0.15,122.01
24938,11331,430,2,0.1,121.33
24939,11331,124,1,0.0,177.96
24940,11331,372,1,0.2,224.33
24941,11332,461,4,0.1,273.85
24942,11333,322,1,0.05,58.01
24943,11333,343,3,0.1,296.75
24944,11333,367,1,0.0,208.72
24945,11334,601,1,0.0,
24946,11334,335,1,0.0,51.99
24947,11334,53,2,0.05,228.63
24948,11334,394,1,0.2,
24949,11335,417,3,0.1,35.87
24950,11335,71,1,0.0,232.83
24951,11335,412,1,0.1,101.14
24952,11335,401,4,0.0,167.49
24953,11335,278,2,0.0,261.78
24954,11336,379,1,0.0,207.28
24955,11336,74,1,0.2,188.02
24956,11336,458,1,0.0,162.43
24957,11337,355,2,0.0,97.69
24958,11338,38,1,0.0,265.12
24959,11338,578,3,0.1,225.35
24960,11338,188,2,0.1,22.93
24961,11338,475,3,0.0,291.04
24962,11338,156,1,0.1,93.53
24963,11339,340,3,0.1,393.52
24964,11339,156,4,0.2,98.67
24965,11339,119,1,0.0,61.54
24966,11339,443,1,0.0,181.14
24967,11340,250,4,0.0,421.27
24968,11340,150,3,0.0,136.29
24969,11341,190,3,0.0,205.42
24970,11342,129,2,0.0,323.05
24971,11342,23,2,0.05,93.73
24972,11342,444,1,0.2,166.08
24973,11342,44,1,0.0,242.11
24974,11343,194,4,0.05,67.59
24975,11343,54,3,0.05,160.14
24976,11344,553,2,0.05,241.0
24977,11344,104,1,0.0,42.23
24978,11345,329,2,0.0,84.64
24979,11345,440,3,0.05,11.7
24980,11345,463,2,0.0,91.08
24981,11346,207,1,0.2,318.94
24982,11346,115,2,0.0,297.99
24983,11346,300,1,0.05,42.45
24984,11347,565,2,0.0,98.66
24985,11348,589,1,0.05,171.39
24986,11349,286,1,0.05,190.52
24987,11350,206,3,0.05,141.0
24988,11350,180,3,0.2,314.74
24989,11350,212,3,0.0,33.13
24990,11350,313,2,0.15,167.29
24991,11350,232,3,0.2,232.93
24992,11351,105,2,0.1,5.53
24993,11352,429,1,0.1,16.23
24994,11352,503,1,0.0,282.54
24995,11353,125,2,0.0,362.67
24996,11353,597,1,0.0,121.76
24997,11353,211,4,0.15,291.45
24998,11353,97,1,0.15,316.54
24999,11354,142,2,0.0,83.62
25000,11354,141,2,0.0,246.01
25001,11355,217,1,0.05,135.75
25002,11356,187,3,0.1,40.86
25003,11356,89,4,0.1,200.28
25004,11356,72,3,0.2,135.17
25005,11356,15,1,0.05,124.52
25006,11356,370,2,0.1,132.17
25007,11357,74,1,0.15,193.73
25008,11357,9,3,0.0,102.13
25009,11357,447,1,0.0,227.13
25010,11358,496,3,0.05,291.11
25011,11358,436,3,0.0,99.71
25012,11358,261,3,0.0,166.3
25013,11359,217,3,0.05,137.39
25014,11359,333,2,0.2,27.81
25015,11360,356,1,0.1,245.66
25016,11360,563,2,0.05,209.85
25017,11360,539,2,0.2,141.06
25018,11361,286,1,0.2,189.14
25019,11361,374,2,0.05,129.94
25020,11361,368,3,0.05,139.67
25021,11361,251,2,0.0,224.07
25022,11362,273,2,0.2,170.37
25023,11362,406,1,4.79,
25024,11363,171,4,0.1,155.46
25025,11363,371,1,0.0,124.99
25026,11364,98,3,0.0,98.45
25027,11365,107,3,0.0,159.8
25028,11366,16,1,0.15,
25029,11366,390,2,0.0,235.94
25030,11366,331,1,0.2,149.76
25031,11366,264,1,0.0,112.63
25032,11367,51,3,0.15,17.96
25033,11367,409,2,0.1,176.62
25034,11367,129,2,0.0,320.73
25035,11367,408,1,0.05,267.86
25036,11367,445,1,0.0,30.11
25037,11368,5,1,0.05,225.43
25038,11369,266,4,0.2,335.72
25039,11369,364,3,0.0,58.04
25040,11369,115,1,0.15,286.97
25041,11369,292,1,0.1,135.28
25042,11370,281,2,0.05,165.37
25043,11370,506,1,0.0,94.71
25044,11370,347,4,0.05,132.5
25045,11371,272,2,0.05,83.16
25046,11371,321,1,0.05,11.07
25047,11372,536,1,0.15,78.5
25048,11373,471,3,0.1,90.37
25049,11373,540,1,0.1,97.33
25050,11374,137,1,0.2,361.04
25051,11375,88,1,0.1,151.8
25052,11376,589,1,0.0,172.87
25053,11376,215,4,0.2,78.26
25054,11376,115,2,0.0,298.4
25055,11377,585,1,0.0,6.87
25056,11378,354,2,0.2,128.18
25057,11379,601,1,0.0,
25058,11380,516,4,0.0,19.37
25059,11381,551,2,0.0,32.74
25060,11381,486,4,0.0,281.6
25061,11381,353,2,0.1,34.51
25062,11381,438,4,0.05,9.96
25063,11381,12,4,0.15,86.14
25064,11382,300,2,0.2,42.17
25065,11382,445,2,0.1,27.96
25066,11382,74,2,0.0,184.42
25067,11382,417,4,0.0,38.06
25068,11383,360,3,0.2,51.64
25069,11384,453,1,0.0,179.6
25070,11385,248,2,0.0,
25071,11385,57,1,0.15,354.19
25072,11386,330,4,0.15,203.91
25073,11386,60,3,0.0,278.42
25074,11387,333,3,0.2,26.74
25075,11388,452,2,0.0,64.33
25076,11388,34,4,0.1,61.16
25077,11388,124,3,0.15,187.17
25078,11389,480,1,0.1,63.92
25079,11389,349,3,0.05,99.15
25080,11390,4,1,0.05,
25081,11391,506,2,0.0,97.78
25082,11391,35,1,0.15,40.38
25083,11392,311,1,0.05,47.92
25084,11392,96,1,0.05,44.12
25085,11393,440,1,0.15,11.5
25086,11393,121,3,0.0,382.94
25087,11394,190,1,0.1,221.24
25088,11394,59,4,0.2,196.36
25089,11395,334,4,0.0,
25090,11395,264,1,0.0,112.17
25091,11396,404,1,0.1,380.63
25092,11396,212,3,0.0,31.92
25093,11397,301,2,0.0,49.08
25094,11397,200,2,0.15,278.83
25095,11398,178,1,0.1,28.99
25096,11398,254,2,0.1,333.67
25097,11398,167,1,0.15,7.54
25098,11399,397,3,0.0,
25099,11399,39,2,0.0,165.1
25100,11399,339,1,0.05,38.48
25101,11399,599,1,0.0,414.96
25102,11399,69,2,0.1,189.06
25103,11400,406,1,0.05,
25104,11400,326,1,0.0,34.4
25105,11400,428,2,0.05,53.43
25106,11401,515,1,0.1,127.61
25107,11401,335,1,0.2,52.57
25108,11401,13,2,0.0,168.56
25109,11402,564,2,0.1,28.74
25110,11402,36,2,0.0,190.24
25111,11403,580,1,0.0,183.66
25112,11404,109,2,0.1,119.11
25113,11404,395,2,0.0,201.33
25114,11405,128,4,0.2,57.06
25115,11406,75,1,0.2,18.26
25116,11406,528,1,0.15,262.85
25117,11407,268,4,2.19,327.57
25118,11408,217,2,0.0,130.87
25119,11408,590,4,0.1,236.55
25120,11408,459,1,0.2,129.89
25121,11408,94,1,0.05,267.56
25122,11409,93,1,0.0,92.66
25123,11409,270,4,0.0,106.89
25124,11409,201,1,0.0,48.84
25125,11410,9,3,0.0,97.21
25126,11410,3,1,0.0,40.74
25127,11410,329,1,0.15,81.11
25128,11410,40,2,4.83,84.67
25129,11410,459,4,0.0,129.58
25130,11411,476,1,0.0,205.7
25131,11411,267,1,0.05,306.29
25132,11411,175,1,0.0,134.18
25133,11412,525,2,0.05,171.99
25134,11412,543,3,0.0,278.96
25135,11412,122,3,0.15,242.79
25136,11412,55,3,0.0,53.02
25137,11413,175,1,0.0,127.07
25138,11413,154,2,0.0,139.89
25139,11413,166,2,0.0,
25140,11413,571,1,0.2,217.83
25141,11414,373,2,0.1,
25142,11415,570,2,0.1,162.17
25143,11415,112,-1,0.0,31.67
25144,11415,280,1,0.05,255.02
25145,11416,182,2,0.0,146.66
25146,11416,89,1,0.1,193.88
25147,11416,278,2,0.0,242.44
25148,11417,426,1,0.05,
25149,11417,497,3,0.0,96.42
25150,11418,255,2,0.05,340.63
25151,11419,598,2,0.05,26.33
25152,11420,160,3,0.1,42.11
25153,11421,413,4,0.0,218.47
25154,11422,508,2,0.2,292.63
25155,11422,262,1,0.0,364.65
25156,11422,486,2,0.0,265.7
25157,11423,117,1,0.0,171.94
25158,11424,177,3,0.0,160.24
25159,11425,476,1,0.2,202.85
25160,11426,58,3,0.0,262.36
25161,11426,30,1,0.05,17.16
25162,11427,322,3,0.0,63.99
25163,11428,568,3,0.2,139.56
25164,11428,41,2,0.2,292.22
25165,11429,145,1,0.0,100.52
25166,11430,525,1,3.8,174.64
25167,11430,367,2,0.05,211.56
25168,11430,346,1,0.0,98.41
25169,11431,280,1,0.15,245.39
25170,11432,143,1,0.0,119.54
25171,11433,142,1,0.15,84.23
25172,11433,54,1,0.0,151.87
25173,11433,107,3,0.15,163.48
25174,11434,231,1,0.0,45.7
25175,11435,421,4,0.0,11.58
25176,11435,284,1,0.2,113.18
25177,11435,280,1,0.0,241.84
25178,11436,145,1,0.2,98.88
25179,11436,291,1,0.2,204.81
25180,11436,22,2,0.0,21.35
25181,11436,275,1,0.1,185.88
25182,11436,40,2,0.2,80.58
25183,11437,534,2,0.0,55.66
25184,11437,40,3,0.1,85.37
25185,11438,155,2,0.2,196.81
25186,11439,401,3,0.05,170.46
25187,11439,327,3,0.2,225.37
25188,11440,494,2,0.15,206.29
25189,11440,211,4,0.0,288.39
25190,11440,507,4,0.2,193.41
25191,11440,493,3,0.1,231.96
25192,11440,361,1,0.0,218.4
25193,11441,590,1,0.0,252.42
25194,11441,102,2,0.0,67.93
25195,11441,397,4,0.05,
25196,11442,418,1,0.2,154.31
25197,11443,328,3,0.0,99.93
25198,11443,508,2,0.2,289.44
25199,11443,172,3,0.15,54.08
25200,11444,593,4,0.0,50.64
25201,11444,477,1,0.0,76.34
25202,11444,318,4,3.3,38.04
25203,11444,357,1,0.0,143.0
25204,11445,409,2,0.15,165.16
25205,11446,15,4,0.0,123.4
25206,11446,237,2,0.0,24.34
25207,11447,331,1,0.0,148.55
25208,11447,468,2,0.0,46.43
25209,11447,457,4,0.05,173.12
25210,11448,511,1,0.0,187.96
25211,11449,311,2,0.15,49.98
25212,11449,379,2,0.15,197.16
25213,11449,27,4,0.1,375.23
25214,11449,335,2,0.05,51.32
25215,11450,106,2,0.0,199.78
25216,11451,265,3,0.0,29.57
25217,11452,170,1,0.05,109.2
25218,11452,414,1,0.0,100.56
25219,11452,162,2,0.1,163.8
25220,11452,484,2,0.0,
25221,11453,450,4,0.05,6.68
25222,11453,304,2,0.0,63.47
25223,11454,385,1,0.0,141.49
25224,11455,446,4,0.0,281.51
25225,11455,474,2,0.15,
25226,11456,195,3,0.1,270.56
25227,11457,41,3,0.05,280.12
25228,11458,565,1,0.1,97.68
25229,11459,16,4,0.05,
25230,11459,583,3,0.2,69.79
25231,11460,481,2,0.05,34.06
25232,11460,197,1,0.2,136.31
25233,11461,45,0,0.15,281.12
25234,11462,191,1,0.0,48.95
25235,11462,161,1,0.05,197.16
25236,11462,255,3,0.0,351.35
25237,11462,52,1,0.2,102.41
25238,11463,308,2,0.0,356.0
25239,11464,12,2,0.0,89.0
25240,11464,21,2,0.0,44.07
25241,11465,377,2,0.2,167.63
25242,11465,184,4,0.0,371.09
25243,11465,437,3,0.0,180.73
25244,11466,396,4,0.0,55.41
25245,11466,286,1,0.0,192.3
25246,11466,147,1,0.05,226.97
25247,11467,392,3,0.0,69.58
25248,11467,237,2,0.15,23.9
25249,11467,81,2,0.15,132.12
25250,11467,135,2,0.0,99.7
25251,11467,199,4,0.0,
25252,11468,317,1,0.05,162.32
25253,11468,550,1,0.0,222.88
25254,11468,474,2,0.0,59.32
25255,11469,67,1,0.0,36.72
25256,11469,99,3,0.15,297.93
25257,11469,412,2,0.05,99.44
25258,11469,61,1,0.0,307.62
25259,11470,490,3,0.2,158.63
25260,11471,402,1,0.15,184.53
25261,11471,367,2,0.15,213.37
25262,11472,535,-1,0.0,
25263,11472,236,3,0.0,12.6
25264,11472,323,2,0.1,52.32
25265,11472,376,2,0.0,55.9
25266,11473,35,1,0.0,38.07
25267,11473,309,1,0.2,
25268,11473,385,1,0.0,132.39
25269,11474,276,4,0.2,201.5
25270,11474,81,3,0.0,127.27
25271,11474,364,1,0.15,60.63
25272,11474,234,1,0.2,117.8
25273,11475,512,1,0.0,396.54
25274,11476,261,4,0.1,167.83
25275,11476,435,2,0.05,356.44
25276,11477,462,1,0.05,319.56
25277,11477,140,2,0.05,266.8
25278,11478,447,2,0.0,227.11
25279,11479,352,4,0.0,76.39
25280,11479,437,4,0.15,196.15
25281,11479,281,1,0.2,174.84
25282,11479,462,3,0.0,348.64
25283,11480,258,3,0.1,12.36
25284,11480,218,1,0.0,35.7
25285,11480,153,2,0.0,314.29
25286,11481,69,2,0.05,184.96
25287,11481,389,2,0.15,85.32
25288,11482,589,3,0.0,171.48
25289,11482,70,1,0.0,155.22
25290,11482,496,3,0.15,296.09
25291,11483,358,1,0.0,144.12
25292,11483,491,2,0.0,133.91
25293,11483,28,4,0.15,253.89
25294,11483,466,4,0.15,59.66
25295,11484,438,2,0.0,10.79
25296,11484,252,1,0.2,125.05
25297,11484,124,1,0.0,188.31
25298,11485,324,4,0.0,217.48
25299,11486,377,4,0.0,164.59
25300,11486,259,4,0.1,152.59
25301,11486,359,1,0.0,343.36
25302,11487,188,2,0.05,24.27
25303,11488,508,4,0.0,281.13
25304,11488,332,1,0.0,154.64
25305,11489,356,2,0.1,239.8
25306,11489,173,1,0.05,135.18
25307,11490,300,2,0.0,43.12
25308,11490,101,1,0.0,134.67
25309,11491,547,2,0.1,194.35
25310,11491,202,3,0.15,202.69
25311,11492,449,3,0.2,116.25
25312,11492,190,2,0.15,213.64
25313,11493,551,2,0.2,31.93
25314,11494,445,0,0.0,30.16
25315,11494,562,3,0.2,332.62
25316,11494,279,4,0.2,30.35
25317,11494,22,3,0.0,21.16
25318,11495,175,1,0.0,136.32
25319,11496,588,2,0.05,203.02
25320,11496,181,2,0.0,134.78
25321,11497,197,1,0.2,149.19
25322,11498,572,2,0.05,213.55
25323,11498,585,4,0.2,6.61
25324,11499,316,2,0.2,298.63
25325,11500,533,2,0.05,
25326,11500,471,1,0.0,92.44
25327,11500,204,1,0.1,75.82
25328,11501,399,4,0.15,296.39
25329,11501,51,4,0.0,17.07
25330,11502,348,3,0.1,44.1
25331,11503,442,1,0.05,8.54
25332,11504,379,2,0.15,196.51
25333,11505,512,4,0.1,401.81
25334,11506,170,1,0.15,110.17
25335,11506,595,3,0.15,106.97
25336,11506,390,1,0.2,238.03
25337,11507,173,2,0.15,142.99
25338,11507,505,2,0.0,79.3
25339,11508,372,2,0.05,234.5
25340,11508,380,1,0.0,343.64
25341,11509,101,1,0.0,138.48
25342,11509,115,4,0.0,286.78
25343,11510,60,2,0.0,
25344,11510,455,3,0.0,78.88
25345,11510,118,1,0.15,72.1
25346,11511,69,2,0.2,194.04
25347,11511,344,1,0.05,155.03
25348,11512,231,1,0.1,45.07
25349,11513,21,1,0.0,40.98
25350,11513,570,1,0.15,159.63
25351,11513,507,1,0.1,199.92
25352,11513,405,2,0.1,101.64
25353,11514,489,1,0.0,121.88
25354,11514,515,3,0.0,123.54
25355,11514,506,1,0.1,97.37
25356,11514,467,3,0.1,323.74
25357,11515,404,2,0.0,391.59
25358,11515,98,4,0.05,96.82
25359,11516,565,1,0.1,100.65
25360,11516,559,1,0.15,42.25
25361,11517,139,2,0.05,276.94
25362,11517,248,1,0.05,
25363,11518,189,1,0.2,167.55
25364,11519,65,1,0.05,8.56
25365,11519,52,2,0.2,102.67
25366,11519,574,1,0.0,278.19
25367,11519,459,2,0.1,120.25
25368,11519,396,3,0.15,57.88
25369,11520,268,2,0.2,324.01
25370,11520,226,3,0.1,238.99
25371,11520,317,1,0.05,165.94
25372,11521,561,1,0.2,374.31
25373,11522,163,1,0.15,355.25
25374,11522,593,1,0.0,46.88
25375,11523,39,2,0.1,166.52
25376,11523,372,1,0.1,225.72
25377,11524,112,4,0.0,30.9
25378,11524,18,1,0.2,365.16
25379,11525,299,1,0.0,150.16
25380,11526,29,1,0.1,25.01
25381,11527,458,1,0.1,169.34
25382,11528,560,1,0.1,
25383,11528,125,1,0.0,366.79
25384,11529,212,1,0.05,33.31
25385,11530,362,1,0.1,31.82
25386,11530,11,1,0.05,136.07
25387,11531,351,3,0.2,114.59
25388,11531,483,2,0.05,82.54
25389,11532,288,1,0.1,370.75
25390,11532,427,1,0.2,90.54
25391,11532,133,1,0.0,307.0
25392,11532,485,2,0.1,168.03
25393,11532,325,2,0.0,232.17
25394,11533,326,3,0.0,33.94
25395,11533,121,4,0.2,383.55
25396,11533,458,1,0.0,156.41
25397,11533,110,1,0.1,243.42
25398,11533,565,2,0.0,95.58
25399,11534,454,1,0.15,221.57
25400,11534,31,2,0.0,107.16
25401,11534,456,2,0.0,153.43
25402,11534,181,4,0.1,141.39
25403,11535,70,4,0.0,151.79
25404,11535,506,1,0.1,97.14
25405,11535,218,2,0.05,37.5
25406,11536,219,2,0.05,34.67
25407,11537,110,2,0.0,255.81
25408,11538,433,1,0.1,133.43
25409,11538,99,2,0.1,294.5
25410,11538,369,2,0.1,154.6
25411,11539,258,1,0.2,13.18
25412,11539,356,1,0.15,242.82
25413,11540,24,4,0.15,103.69
25414,11540,488,3,0.1,12.39
25415,11540,341,2,0.2,
25416,11540,300,4,0.05,43.98
25417,11541,510,2,0.05,187.86
25418,11541,266,2,0.15,358.97
25419,11541,328,2,0.0,96.65
25420,11541,554,3,0.0,155.57
25421,11541,518,4,0.0,34.03
25422,11542,462,4,0.0,331.82
25423,11542,428,1,0.1,54.1
25424,11543,111,4,0.0,224.3
25425,11543,433,2,0.0,
25426,11543,452,1,0.2,
25427,11543,78,3,0.1,233.91
25428,11543,102,4,0.15,68.21
25429,11544,123,2,0.0,14.69
25430,11544,426,1,0.0,
25431,11544,109,2,0.15,124.72
25432,11544,287,1,0.05,139.53
25433,11545,573,2,0.1,111.94
25434,11545,204,4,0.0,78.04
25435,11546,276,1,0.0,209.39
25436,11546,491,2,0.0,133.62
25437,11546,516,3,0.05,18.98
25438,11547,366,1,0.2,70.98
25439,11548,452,1,0.15,62.82
25440,11548,507,1,0.1,189.8
25441,11548,543,2,0.0,284.14
25442,11548,90,2,0.2,211.33
25443,11549,509,1,0.0,63.35
25444,11549,72,1,0.05,135.15
25445,11549,517,1,0.05,56.45
25446,11550,214,1,0.1,185.6
25447,11550,520,1,0.0,21.58
25448,11550,528,1,0.05,262.16
25449,11551,51,2,0.0,16.86
25450,11551,299,2,0.0,161.35
25451,11552,272,2,0.05,
25452,11552,529,1,0.2,217.75
25453,11552,29,1,0.05,
25454,11552,528,1,0.1,263.26
25455,11553,87,1,0.2,125.0
25456,11553,57,2,0.15,336.87
25457,11554,531,1,0.15,357.71
25458,11555,594,3,0.1,148.52
25459,11556,262,2,0.0,359.3
25460,11556,22,1,0.05,21.09
25461,11556,171,3,0.1,151.74
25462,11557,360,1,0.0,50.09
25463,11557,92,1,0.0,361.24
25464,11557,562,4,0.2,326.08
25465,11557,367,2,0.2,215.87
25466,11558,505,2,0.05,83.53
25467,11558,263,1,0.15,245.06
25468,11559,198,2,0.0,141.29
25469,11559,103,2,2.0,121.98
25470,11560,289,3,0.0,66.22
25471,11560,442,2,0.15,8.23
25472,11561,207,2,0.1,303.56
25473,11561,245,1,0.1,365.85
25474,11561,597,1,0.0,119.15
25475,11561,571,1,0.0,222.64
25476,11562,597,2,0.15,
25477,11562,443,2,0.0,187.2
25478,11562,297,1,0.2,52.68
25479,11562,405,1,0.0,103.04
25480,11563,557,1,0.0,77.31
25481,11564,383,2,0.05,16.42
25482,11564,370,1,0.0,122.88
25483,11565,507,4,0.05,
25484,11565,430,1,0.0,116.72
25485,11566,439,3,0.0,257.68
25486,11566,340,2,0.0,363.93
25487,11566,592,3,0.0,268.62
25488,11567,410,1,0.15,19.71
25489,11567,588,2,0.0,205.84
25490,11567,184,1,0.2,381.29
25491,11568,234,2,0.05,118.29
25492,11568,570,2,0.0,162.02
25493,11568,448,3,0.2,161.6
25494,11568,306,1,0.1,21.45
25495,11568,291,2,0.2,203.67
25496,11569,537,2,0.0,12.7
25497,11569,314,1,0.2,164.51
25498,11569,481,1,0.1,32.53
25499,11569,558,1,0.0,197.11
25500,11570,352,2,0.15,82.6
25501,11570,310,2,0.1,301.03
25502,11570,499,3,0.05,214.11
25503,11571,143,1,0.0,116.95
25504,11572,492,2,0.2,
25505,11572,41,1,0.2,282.32
25506,11573,488,3,0.15,12.82
25507,11573,17,3,0.2,35.44
25508,11573,268,1,0.15,306.36
25509,11573,570,1,0.0,162.32
25510,11574,264,2,0.0,112.79
25511,11574,396,1,0.15,55.66
25512,11574,272,2,0.2,83.78
25513,11574,591,1,0.2,258.04
25514,11575,75,1,0.15,18.34
25515,11575,359,2,0.0,354.64
25516,11575,207,3,0.0,323.64
25517,11576,572,3,0.0,228.75
25518,11576,411,2,0.15,157.42
25519,11577,540,1,0.1,91.57
25520,11577,145,1,0.2,94.9
25521,11577,399,2,0.0,286.57
25522,11578,258,2,0.0,12.75
25523,11578,371,1,0.05,124.18
25524,11579,167,3,0.1,7.79
25525,11580,248,3,0.0,
25526,11580,98,2,0.1,93.75
25527,11581,537,1,0.05,12.2
25528,11581,29,1,0.1,26.41
25529,11582,433,2,0.0,126.99
25530,11582,91,2,0.15,76.13
25531,11582,355,1,0.05,94.3
25532,11582,126,2,0.2,85.37
25533,11583,547,1,0.15,200.46
25534,11583,517,2,0.2,54.25
25535,11583,169,2,0.1,
25536,11584,76,1,0.1,236.52
25537,11584,201,2,0.0,47.03
25538,11585,90,1,0.05,208.25
25539,11586,179,4,0.0,14.77
25540,11587,481,4,0.0,33.24
25541,11587,112,2,0.2,29.69
25542,11588,338,2,0.1,181.05
25543,11589,102,4,0.2,68.24
25544,11589,152,3,0.05,193.38
25545,11590,566,2,0.2,225.18
25546,11590,564,3,0.2,30.14
25547,11590,239,1,0.1,29.98
25548,11590,440,2,0.0,11.89
25549,11591,452,2,0.15,63.21
25550,11591,515,1,0.0,124.02
25551,11592,84,4,0.2,78.2
25552,11592,486,4,0.2,271.68
25553,11592,378,4,0.0,55.98
25554,11593,254,4,0.15,353.14
25555,11593,219,3,0.0,34.77
25556,11593,225,1,0.2,83.44
25557,11594,541,2,0.2,165.81
25558,11595,132,3,0.1,50.68
25559,11595,155,1,0.0,202.47
25560,11596,559,3,0.05,43.7
25561,11596,321,1,0.0,10.33
25562,11596,340,1,0.1,390.03
25563,11596,477,2,0.0,75.35
25564,11596,258,1,0.2,13.48
25565,11597,335,1,0.05,52.33
25566,11598,585,4,0.0,6.58
25567,11598,358,2,0.05,147.88
25568,11598,66,1,0.2,105.71
25569,11598,322,1,0.2,60.57
25570,11599,101,1,0.2,143.32
25571,11600,596,1,0.2,27.81
25572,11601,250,4,0.0,391.66
25573,11601,87,1,0.05,122.31
25574,11601,212,4,0.0,34.81
25575,11602,211,1,0.05,295.55
25576,11603,98,2,0.2,96.98
25577,11603,264,1,0.05,
25578,11604,502,1,0.05,314.62
25579,11604,360,1,0.0,51.14
25580,11604,309,2,0.2,
25581,11605,542,1,0.0,176.25
25582,11606,75,1,0.0,18.29
25583,11606,298,4,0.0,284.0
25584,11607,232,1,0.2,236.56
25585,11608,574,2,0.2,286.41
25586,11608,353,3,0.0,34.49
25587,11608,571,1,0.0,221.7
25588,11608,482,1,0.0,75.42
25589,11609,524,3,0.05,50.07
25590,11610,469,1,0.2,15.35
25591,11611,65,3,0.2,8.04
25592,11611,198,2,0.15,145.74
25593,11612,525,2,0.0,170.76
25594,11612,585,1,0.15,6.72
25595,11613,400,1,0.1,294.39
25596,11613,205,2,0.0,189.28
25597,11614,237,4,0.05,25.58
25598,11615,518,1,0.0,33.55
25599,11615,432,3,0.15,152.02
25600,11615,475,3,0.0,297.7
25601,11616,7,4,0.15,206.0
25602,11616,274,3,0.0,44.73
25603,11617,536,3,0.0,75.31
25604,11618,110,2,0.15,251.52
25605,11618,39,3,0.0,158.25
25606,11618,291,1,0.0,201.3
25607,11619,41,1,0.2,283.85
25608,11620,206,1,0.0,140.54
25609,11621,405,3,0.2,104.18
25610,11621,62,2,0.15,76.11
25611,11622,242,4,0.05,150.22
25612,11622,571,4,0.15,222.9
25613,11622,107,2,0.15,163.74
25614,11622,241,3,0.2,231.89
25615,11622,350,1,0.2,50.15
25616,11623,507,2,0.0,199.66
25617,11623,124,1,0.2,173.48
25618,11624,240,3,0.0,302.52
25619,11624,335,3,0.0,50.39
25620,11624,199,1,0.05,242.29
25621,11625,91,3,0.2,
25622,11625,101,2,0.1,132.19
25623,11626,343,3,0.0,299.76
25624,11626,209,2,0.0,79.34
25625,11626,171,1,0.0,156.02
25626,11627,429,4,0.15,17.33
25627,11628,227,3,0.05,
25628,11629,94,2,0.2,269.33
25629,11629,144,2,0.0,152.39
25630,11629,528,1,0.0,272.96
25631,11630,22,1,0.2,21.28
25632,11631,245,1,0.1,382.17
25633,11631,326,1,0.05,32.84
25634,11631,560,1,0.2,
25635,11631,15,2,0.0,118.45
25636,11632,432,1,0.0,159.45
25637,11632,167,1,0.05,7.45
25638,11632,71,2,0.0,254.26
25639,11632,564,1,0.0,29.76
25640,11632,287,1,0.2,131.51
25641,11633,441,2,0.05,83.86
25642,11634,205,3,0.0,199.2
25643,11635,554,1,0.1,149.71
25644,11635,46,3,0.0,49.31
25645,11636,101,1,0.1,133.48
25646,11636,517,3,0.0,56.29
25647,11636,49,1,0.0,161.23
25648,11637,20,1,0.0,195.84
25649,11638,68,2,0.1,255.94
25650,11638,100,1,0.0,320.57
25651,11638,561,1,0.2,353.72
25652,11638,396,1,0.15,54.02
25653,11639,341,1,0.05,
25654,11639,407,1,0.0,59.4
25655,11639,206,4,0.1,140.43
25656,11639,600,4,0.1,163.21
25657,11640,291,4,0.0,195.45
25658,11640,205,2,0.05,188.72
25659,11641,353,4,0.0,34.1
25660,11641,137,4,0.0,350.49
25661,11641,93,3,0.2,96.63
25662,11641,534,1,0.05,57.86
25663,11641,115,1,0.2,287.12
25664,11642,281,1,0.05,175.73
25665,11642,148,2,0.15,44.76
25666,11642,12,2,0.15,84.95
25667,11643,283,1,0.1,115.85
25668,11644,252,3,0.0,116.56
25669,11645,147,2,0.05,235.7
25670,11646,98,2,0.0,93.77
25671,11647,515,1,0.0,131.77
25672,11647,149,1,0.0,180.54
25673,11647,492,1,0.0,26.14
25674,11647,590,3,0.0,248.47
25675,11648,164,1,0.15,182.8
25676,11649,542,1,0.0,176.47
25677,11649,337,1,0.2,31.28
25678,11650,514,2,0.1,323.56
25679,11651,177,4,0.0,158.71
25680,11651,377,3,0.05,180.03
25681,11652,106,4,0.0,190.67
25682,11652,579,2,0.0,71.19
25683,11653,547,1,0.2,200.17
25684,11653,320,4,0.05,77.23
25685,11653,446,3,0.05,274.56
25686,11654,475,1,0.05,294.97
25687,11655,173,1,0.2,143.11
25688,11655,108,2,0.0,181.8
25689,11656,90,1,0.0,212.03
25690,11656,599,3,0.0,386.38
25691,11657,266,4,0.2,357.5
25692,11657,506,2,0.0,94.54
25693,11657,402,1,0.1,188.26
25694,11658,286,2,0.0,193.51
25695,11658,413,1,0.2,219.75
25696,11658,556,3,0.2,192.24
25697,11658,207,1,0.2,295.46
25698,11658,244,1,0.0,16.04
25699,11659,183,1,0.0,253.48
25700,11660,598,3,0.15,26.55
25701,11660,384,4,0.15,293.06
25702,11661,139,3,0.0,284.18
25703,11662,209,3,0.0,85.01
25704,11663,285,2,0.0,252.78
25705,11663,71,4,0.15,246.22
25706,11664,185,1,0.05,44.61
25707,11664,277,1,0.15,181.31
25708,11665,279,1,0.0,31.68
25709,11665,40,2,0.0,84.36
25710,11666,394,4,0.0,
25711,11666,107,1,0.0,155.34
25712,11667,585,1,0.05,6.68
25713,11667,480,4,0.05,63.62
25714,11667,252,2,0.2,127.81
25715,11668,322,2,0.15,60.33
25716,11669,63,2,0.05,68.53
25717,11670,111,1,0.05,217.17
25718,11671,243,1,0.15,233.31
25719,11671,467,2,0.0,299.8
25720,11671,131,3,0.15,248.64
25721,11671,440,2,0.05,10.94
25722,11671,586,1,0.0,261.33
25723,11672,508,2,0.0,294.03
25724,11672,143,4,0.0,124.23
25725,11672,181,3,0.1,137.19
25726,11672,311,3,0.1,49.35
25727,11673,380,2,0.0,325.09
25728,11673,499,1,0.0,202.82
25729,11674,93,2,0.2,92.94
25730,11675,367,4,0.0,217.84
25731,11675,484,3,0.15,188.53
25732,11676,85,1,0.0,19.15
25733,11676,231,1,0.05,48.04
25734,11676,107,2,0.15,160.31
25735,11677,497,4,0.1,90.04
25736,11677,178,1,0.0,30.4
25737,11677,40,2,0.15,83.12
25738,11678,461,3,0.1,277.48
25739,11679,596,2,0.0,28.89
25740,11679,438,2,0.05,9.92
25741,11679,77,1,0.05,49.49
25742,11680,390,1,0.2,
25743,11681,511,4,0.05,182.28
25744,11681,156,1,0.1,92.29
25745,11682,297,2,0.2,53.41
25746,11682,604,4,0.15,
25747,11682,331,4,0.0,149.53
25748,11683,581,1,0.0,187.18
25749,11683,113,1,0.05,67.99
25750,11683,455,1,0.0,74.0
25751,11684,86,2,0.1,142.51
25752,11684,586,3,0.15,264.58
25753,11684,132,2,0.0,49.47
25754,11685,335,2,0.0,
25755,11685,89,1,0.2,190.87
25756,11685,401,4,0.0,157.49
25757,11685,195,1,0.0,
25758,11686,545,2,0.0,
25759,11687,600,3,0.05,165.46
25760,11687,66,2,0.05,103.2
25761,11688,3,2,0.0,38.43
25762,11688,542,1,0.05,162.14
25763,11689,135,3,0.0,97.15
25764,11689,600,2,0.0,173.1
25765,11689,388,1,0.05,192.29
25766,11689,110,1,0.15,249.45
25767,11689,482,1,0.15,74.82
25768,11690,354,1,0.0,121.85
25769,11691,55,2,0.1,52.14
25770,11692,28,2,0.1,244.28
25771,11692,573,1,0.0,105.43
25772,11693,410,1,0.1,19.89
25773,11693,383,1,0.0,17.08
25774,11694,162,4,0.1,169.88
25775,11694,122,4,0.05,256.96
25776,11695,421,1,0.15,10.78
25777,11696,477,1,0.0,79.54
25778,11697,242,2,0.15,156.81
25779,11698,465,1,0.2,154.55
25780,11698,412,1,0.15,103.47
25781,11698,108,1,0.0,176.21
25782,11698,551,2,0.1,33.21
25783,11699,117,4,0.2,173.28
25784,11699,454,1,0.2,212.77
25785,11699,19,4,0.2,
25786,11700,402,1,0.0,202.48
25787,11700,155,1,0.0,195.92
25788,11700,300,1,0.15,43.57
25789,11701,553,1,0.05,222.92
25790,11701,140,4,0.0,272.58
25791,11702,197,2,0.0,143.34
25792,11702,318,4,0.0,38.0
25793,11702,373,2,0.15,
25794,11702,482,1,0.05,76.59
25795,11703,191,4,0.15,46.83
25796,11703,26,1,0.2,
25797,11704,574,2,0.2,287.69
25798,11704,87,4,0.05,123.52
25799,11705,166,1,0.05,136.08
25800,11706,513,4,0.0,287.34
25801,11707,433,2,0.15,128.96
25802,11708,294,2,0.0,20.74
25803,11708,299,2,0.0,154.25
25804,11708,488,1,0.15,13.28
25805,11709,481,1,0.0,33.08
25806,11709,314,3,0.0,169.45
25807,11709,251,2,0.1,
25808,11709,318,1,0.0,36.94
25809,11710,488,1,0.1,12.74
25810,11711,413,2,0.0,224.34
25811,11711,452,1,0.1,63.96
25812,11712,270,2,0.05,100.54
25813,11712,263,1,0.1,258.95
25814,11712,30,3,0.0,16.5
25815,11713,495,1,0.1,104.13
25816,11713,309,2,0.1,
25817,11713,121,2,0.0,374.8
25818,11714,492,1,0.1,25.58
25819,11715,6,1,0.0,16.23
25820,11715,77,2,0.0,51.3
25821,11716,54,4,0.0,159.13
25822,11716,341,2,0.05,
25823,11716,116,1,0.0,248.61
25824,11716,185,4,0.0,46.45
25825,11716,319,2,0.1,138.39
25826,11717,228,4,0.0,39.8
25827,11717,591,2,0.05,254.42
25828,11717,128,2,0.1,62.25
25829,11717,491,1,0.0,133.07
25830,11717,600,1,0.0,166.22
25831,11718,445,2,0.15,29.32
25832,11719,287,1,0.15,131.15
25833,11720,209,1,0.0,83.75
25834,11721,528,3,0.0,261.18
25835,11721,593,3,0.05,50.88
25836,11722,45,4,0.0,278.14
25837,11723,180,1,0.0,298.79
25838,11724,450,3,0.0,7.18
25839,11725,68,4,0.0,251.22
25840,11725,235,1,0.15,101.86
25841,11726,458,3,0.0,157.24
25842,11727,555,2,0.0,161.32
25843,11727,90,1,0.0,209.76
25844,11727,53,2,0.05,222.87
25845,11728,540,2,0.1,92.81
25846,11728,45,3,0.05,272.68
25847,11728,26,1,0.1,
25848,11728,523,3,0.05,300.22
25849,11728,326,1,0.0,32.86
25850,11729,599,3,0.1,391.91
25851,11729,502,2,0.15,323.89
25852,11729,88,2,0.0,150.7
25853,11730,233,2,3.27,255.94
25854,11731,105,1,0.15,5.96
25855,11731,517,2,0.0,53.5
25856,11732,116,1,0.2,254.08
25857,11732,248,1,0.1,
25858,11733,274,2,0.1,47.16
25859,11733,282,2,0.05,
25860,11733,145,1,0.0,95.38
25861,11733,377,1,0.0,163.43
25862,11733,403,3,0.0,161.52
25863,11734,45,4,0.0,275.43
25864,11734,215,3,0.0,78.09
25865,11734,384,2,0.0,314.66
25866,11734,508,2,0.15,299.73
25867,11734,170,1,0.2,103.77
25868,11735,101,2,0.0,133.99
25869,11736,53,1,0.0,223.41
25870,11736,557,4,0.0,78.84
25871,11737,364,3,0.1,59.35
25872,11737,475,1,0.2,300.66
25873,11738,135,3,0.1,92.56
25874,11739,392,1,0.2,76.33
25875,11739,150,1,0.0,136.76
25876,11740,337,2,0.0,29.89
25877,11740,23,2,0.2,94.2
25878,11740,537,1,0.1,12.58
25879,11741,546,2,0.1,310.46
25880,11741,23,3,0.1,95.16
25881,11742,365,1,0.0,51.42
25882,11742,370,2,0.0,124.91
25883,11742,570,4,0.05,161.86
25884,11742,592,1,0.0,267.75
25885,11742,378,3,0.15,61.1
25886,11743,325,2,0.2,245.01
25887,11744,372,1,0.1,236.61
25888,11745,222,2,0.1,105.77
25889,11745,360,1,0.0,50.12
25890,11745,50,3,0.0,10.23
25891,11745,457,3,0.15,174.08
25892,11745,6,3,0.0,16.12
25893,11746,222,1,0.05,105.2
25894,11746,46,2,0.1,46.79
25895,11746,360,2,0.2,51.82
25896,11746,388,2,0.1,190.74
25897,11746,120,1,0.05,146.0
25898,11747,264,3,0.0,106.7
25899,11747,175,1,0.0,135.48
25900,11748,9,1,0.2,99.26
25901,11748,581,1,0.15,192.93
25902,11748,381,2,0.0,46.71
25903,11748,476,2,0.15,220.02
25904,11749,435,2,0.1,348.94
25905,11749,392,3,0.2,71.62
25906,11750,26,2,0.05,
25907,11750,510,3,0.0,187.62
25908,11750,324,1,0.0,212.61
25909,11750,19,4,0.05,
25910,11751,51,2,0.2,17.2
25911,11752,331,2,0.05,151.01
25912,11753,300,1,0.1,42.98
25913,11753,516,2,0.15,18.09
25914,11754,178,2,0.0,29.82
25915,11754,131,3,0.0,263.55
25916,11754,370,1,0.15,127.73
25917,11755,537,3,0.0,12.28
25918,11755,146,2,0.0,10.32
25919,11755,87,4,0.0,127.23
25920,11755,572,3,0.0,222.68
25921,11756,82,1,0.0,194.05
25922,11756,272,1,0.15,84.34
25923,11757,176,1,0.05,200.63
25924,11757,116,3,0.2,244.24
25925,11757,52,3,0.2,96.61
25926,11758,450,1,0.0,7.15
25927,11758,77,1,0.0,49.21
25928,11758,142,2,0.05,80.99
25929,11758,596,4,0.0,29.35
25930,11758,452,1,0.0,67.37
25931,11759,139,3,0.05,
25932,11759,165,2,0.0,110.36
25933,11760,446,1,0.0,282.54
25934,11761,293,2,0.15,
25935,11761,479,1,0.0,110.65
25936,11762,9,2,0.2,99.08
25937,11762,461,1,0.0,275.97
25938,11763,65,1,0.0,8.48
25939,11763,295,1,0.15,33.37
25940,11763,605,2,0.0,
25941,11764,422,4,0.05,76.22
25942,11764,545,2,0.0,236.67
25943,11764,270,3,0.0,98.71
25944,11764,233,2,0.0,257.25
25945,11765,187,1,0.0,37.54
25946,11765,25,1,0.0,
25947,11765,379,3,0.0,203.49
25948,11765,113,1,0.2,69.79
25949,11766,263,3,0.1,259.14
25950,11767,305,2,0.0,173.86
25951,11768,516,4,0.05,19.15
25952,11768,177,3,0.0,147.92
25953,11768,530,3,0.2,161.89
25954,11768,466,2,0.1,59.18
25955,11769,205,3,0.05,190.38
25956,11770,341,1,0.0,
25957,11770,83,2,0.0,42.07
25958,11771,518,4,0.2,31.9
25959,11772,98,1,0.0,99.18
25960,11773,147,1,0.0,217.61
25961,11774,142,1,0.2,87.77
25962,11774,211,2,0.2,307.46
25963,11775,486,2,0.1,269.72
25964,11776,598,1,0.1,24.43
25965,11776,609,2,0.2,
25966,11776,396,1,0.0,56.46
25967,11776,480,1,0.0,66.08
25968,11777,421,2,0.15,11.09
25969,11778,456,2,0.2,153.74
25970,11779,290,1,0.2,126.05
25971,11780,214,4,0.0,178.06
25972,11781,539,1,0.0,142.78
25973,11782,357,3,0.0,144.97
25974,11782,327,3,0.1,225.86
25975,11783,403,3,0.0,163.55
25976,11783,11,1,0.15,144.51
25977,11784,10,1,0.0,114.96
25978,11785,45,1,0.0,256.92
25979,11786,495,1,0.15,100.47
25980,11786,432,1,0.0,155.53
25981,11787,471,4,0.0,93.99
25982,11787,132,4,0.05,47.64
25983,11787,147,1,0.2,234.09
25984,11788,264,1,0.2,105.81
25985,11788,457,4,0.05,186.96
25986,11789,309,4,0.0,
25987,11790,546,2,0.1,334.91
25988,11790,247,1,0.05,68.21
25989,11790,98,1,0.15,95.31
25990,11791,277,2,0.05,186.25
25991,11792,382,2,0.05,97.34
25992,11793,371,2,0.05,124.74
25993,11794,442,4,0.0,8.99
25994,11794,391,1,0.0,222.36
25995,11795,182,1,0.15,
25996,11796,163,3,0.0,351.28
25997,11797,186,2,0.2,23.67
25998,11797,99,2,0.0,
25999,11797,439,1,0.15,239.11
26000,11798,23,2,0.1,92.78
26001,11798,589,1,0.0,179.9
26002,11798,257,4,0.0,351.26
26003,11798,313,1,0.05,173.49
26004,11799,204,2,0.15,77.88
26005,11799,303,2,0.2,43.11
26006,11799,564,2,0.0,29.83
26007,11799,574,1,0.0,267.49
26008,11799,134,2,0.15,247.68
26009,11800,251,3,0.2,214.56
26010,11801,585,1,0.0,6.74
26011,11801,18,1,0.0,372.67
26012,11801,554,1,0.1,150.77
26013,11801,552,1,0.15,
26014,11802,90,1,0.0,211.89
26015,11803,401,4,0.05,168.64
26016,11804,441,2,0.0,85.86
26017,11805,178,2,0.0,30.17
26018,11805,237,1,0.0,24.42
26019,11805,371,1,0.0,124.87
26020,11806,257,1,0.15,348.65
26021,11806,84,1,0.15,81.6
26022,11807,282,1,0.0,31.56
26023,11807,584,4,0.2,260.69
26024,11808,493,4,0.15,235.61
26025,11808,508,3,0.05,288.43
26026,11809,236,1,0.0,
26027,11810,283,1,0.0,118.73
26028,11810,14,2,0.0,66.34
26029,11811,427,3,0.15,86.89
26030,11811,226,1,0.0,251.47
26031,11812,220,2,0.05,151.21
26032,11813,180,3,0.05,295.42
26033,11813,22,1,0.0,21.48
26034,11813,162,2,0.0,177.83
26035,11813,474,1,0.15,61.33
26036,11814,607,2,0.0,
26037,11815,169,4,0.1,
26038,11815,598,1,0.15,26.28
26039,11816,18,3,0.15,358.56
26040,11816,85,3,0.0,18.82
26041,11817,283,4,0.0,124.1
26042,11817,333,1,0.0,27.97
26043,11818,177,3,0.0,161.76
26044,11819,516,2,0.2,18.88
26045,11819,379,1,0.1,190.3
26046,11820,16,1,0.0,
26047,11821,490,2,0.1,159.15
26048,11822,231,1,0.0,
26049,11822,401,3,0.1,168.19
26050,11823,140,3,0.0,266.27
26051,11823,299,1,0.0,156.96
26052,11823,297,1,0.0,55.96
26053,11824,368,1,0.05,141.12
26054,11825,196,3,0.0,286.25
26055,11825,55,1,0.0,52.61
26056,11825,488,3,0.0,13.39
26057,11825,542,4,0.2,162.92
26058,11826,442,2,0.0,
26059,11826,300,2,0.0,40.64
26060,11826,324,3,0.0,210.69
26061,11827,514,1,0.05,337.8
26062,11827,449,1,0.2,126.03
26063,11828,154,1,0.1,138.31
26064,11828,334,1,0.0,
26065,11829,43,1,0.15,83.53
26066,11829,225,1,0.0,80.8
26067,11829,155,1,0.0,210.15
26068,11830,434,1,0.15,42.2
26069,11830,214,2,0.05,170.04
26070,11831,397,1,0.05,
26071,11831,79,4,0.0,241.43
26072,11832,536,1,0.0,76.99
26073,11832,498,1,0.2,77.79
26074,11833,41,4,0.0,304.09
26075,11833,124,4,0.15,179.3
26076,11834,209,4,0.0,79.71
26077,11835,447,3,0.2,243.55
26078,11835,411,1,0.2,159.15
26079,11836,452,4,0.15,67.19
26080,11836,110,2,0.2,264.56
26081,11837,52,1,0.2,105.12
26082,11837,53,1,0.0,229.81
26083,11837,533,2,0.1,151.94
26084,11838,290,3,0.0,126.22
26085,11838,93,1,0.0,93.55
26086,11838,220,4,0.05,159.12
26087,11839,121,2,0.0,376.2
26088,11839,575,1,0.2,330.85
26089,11839,512,1,0.0,385.25
26090,11839,520,1,0.0,22.12
26091,11840,379,2,0.0,190.23
26092,11840,574,1,0.05,285.76
26093,11840,85,1,0.1,20.25
26094,11840,371,4,0.15,121.38
26095,11840,457,2,0.15,180.41
26096,11841,263,4,0.15,258.79
26097,11842,389,2,0.15,91.61
26098,11842,405,1,0.2,98.43
26099,11843,58,4,0.2,254.04
26100,11843,332,3,0.0,157.26
26101,11844,16,2,0.0,
26102,11845,98,2,0.1,99.37
26103,11845,48,2,0.0,244.27
26104,11845,592,4,0.15,269.98
26105,11846,371,4,0.05,119.24
26106,11847,448,3,0.05,156.58
26107,11848,494,1,0.0,203.8
26108,11848,217,2,0.2,141.34
26109,11849,272,2,0.1,87.64
26110,11849,413,3,0.15,224.14
26111,11849,62,4,0.05,72.52
26112,11850,66,1,0.15,102.28
26113,11850,405,1,0.0,101.56
26114,11851,578,2,0.0,221.73
26115,11851,59,2,0.0,196.61
26116,11852,423,1,0.1,47.39
26117,11852,68,1,0.05,253.74
26118,11852,531,1,0.15,371.47
26119,11852,532,1,0.0,223.97
26120,11853,290,3,0.0,130.38
26121,11853,166,1,0.1,138.69
26122,11854,513,2,0.1,277.89
26123,11854,493,1,0.0,220.3
26124,11854,326,2,0.05,31.77
26125,11855,333,1,0.05,26.34
26126,11855,461,1,0.05,274.13
26127,11856,68,2,0.1,245.52
26128,11856,150,4,0.1,139.55
26129,11857,597,1,0.1,125.98
26130,11857,506,1,0.15,96.26
26131,11858,431,1,0.0,230.73
26132,11858,281,1,0.15,173.11
26133,11859,45,3,0.0,279.82
26134,11860,368,2,0.2,141.14
26135,11860,466,3,0.0,61.97
26136,11860,484,3,0.05,198.45
26137,11861,544,2,0.0,145.25
26138,11862,86,1,0.0,131.2
26139,11863,503,2,0.15,273.53
26140,11863,512,1,0.0,400.44
26141,11863,258,1,0.0,12.5
26142,11863,300,1,0.2,42.52
26143,11864,271,2,0.05,306.66
26144,11864,34,2,0.1,61.78
26145,11865,65,4,0.1,8.39
26146,11865,512,4,0.1,399.07
26147,11865,71,3,0.0,253.2
26148,11866,421,1,0.05,11.28
26149,11866,127,3,0.15,237.4
26150,11867,229,1,0.15,8.88
26151,11867,215,1,0.2,78.06
26152,11867,52,1,0.0,103.89
26153,11867,144,1,0.05,151.42
26154,11867,383,3,0.0,17.93
26155,11868,455,4,0.0,79.1
26156,11869,66,1,0.0,106.84
26157,11869,300,1,0.0,44.32
26158,11870,247,1,0.1,68.14
26159,11871,457,2,0.2,175.33
26160,11871,2,1,0.0,244.24
26161,11871,89,1,0.0,191.46
26162,11871,207,1,0.2,300.09
26163,11872,219,1,0.0,34.03
26164,11873,434,1,0.05,41.32
26165,11873,251,1,0.2,211.67
26166,11873,221,1,0.05,44.52
26167,11874,415,3,0.15,222.88
26168,11874,549,3,0.2,54.85
26169,11875,571,4,0.0,217.55
26170,11875,161,1,0.2,204.38
26171,11876,369,2,0.1,152.27
26172,11876,319,1,0.0,134.37
26173,11876,150,2,0.05,134.63
26174,11876,122,4,0.0,252.89
26175,11877,346,1,0.05,98.16
26176,11878,47,1,0.05,249.19
26177,11878,185,1,0.2,44.31
26178,11878,456,2,0.2,160.02
26179,11878,541,0,0.1,168.33
26180,11879,495,2,0.0,96.34
26181,11879,422,1,0.1,83.81
26182,11880,272,1,0.05,82.76
26183,11880,224,3,0.1,363.84
26184,11881,204,1,0.1,81.85
26185,11881,471,0,0.0,87.68
26186,11882,168,1,0.15,12.99
26187,11883,247,1,0.2,69.49
26188,11884,141,3,0.2,240.76
26189,11884,370,1,0.15,120.63
26190,11884,262,1,0.2,371.17
26191,11884,299,1,0.05,151.4
26192,11885,56,1,0.0,68.53
26193,11885,383,4,0.0,17.52
26194,11885,116,1,0.2,238.24
26195,11885,195,1,0.0,289.21
26196,11886,598,1,0.15,26.54
26197,11886,228,2,0.1,38.45
26198,11886,342,2,0.15,63.2
26199,11886,472,1,0.15,262.7
26200,11886,212,3,0.0,34.05
26201,11887,259,3,0.15,150.73
26202,11887,376,3,0.05,56.27
26203,11887,312,4,0.0,119.14
26204,11888,537,3,0.15,12.77
26205,11888,554,4,0.1,145.93
26206,11889,239,4,0.0,29.56
26207,11889,483,4,0.0,84.68
26208,11890,363,1,0.15,228.75
26209,11891,159,2,0.1,95.43
26210,11892,129,2,0.2,341.98
26211,11892,106,4,0.2,
26212,11892,302,2,0.2,40.61
26213,11892,33,1,0.0,94.06
26214,11892,138,2,0.0,157.14
26215,11893,207,4,0.2,304.2
26216,11893,174,1,0.2,132.26
26217,11894,185,1,0.1,44.8
26218,11895,186,1,0.15,23.72
26219,11895,466,1,0.0,60.23
26220,11895,431,2,0.2,234.8
26221,11895,157,3,0.2,17.58
26222,11896,574,2,0.0,265.11
26223,11896,181,4,0.0,135.63
26224,11896,352,3,0.15,80.45
26225,11896,62,4,0.0,72.96
26226,11896,122,2,0.2,258.37
26227,11897,386,2,0.05,51.82
26228,11897,439,3,0.1,253.42
26229,11897,392,1,0.15,
26230,11897,316,2,0.0,271.34
26231,11897,62,1,0.2,72.5
26232,11898,309,1,0.0,
26233,11899,418,3,0.0,150.08
26234,11899,295,2,0.15,34.77
26235,11899,569,1,0.05,249.7
26236,11900,58,1,0.05,239.49
26237,11900,72,4,0.1,135.58
26238,11900,165,1,0.05,106.46
26239,11901,31,2,0.05,99.61
26240,11902,535,4,0.0,
26241,11902,27,1,0.0,354.73
26242,11902,81,1,0.15,125.4
26243,11902,173,1,0.1,134.64
26244,11903,69,2,0.0,191.9
26245,11903,39,1,0.0,165.23
26246,11904,506,2,0.1,97.1
26247,11904,501,2,0.15,
26248,11905,210,1,0.0,240.39
26249,11905,239,2,0.2,28.15
26250,11906,424,1,0.0,44.93
26251,11906,209,0,0.2,79.5
26252,11906,398,2,0.15,15.24
26253,11906,336,1,0.1,72.64
26254,11907,549,1,0.0,58.21
26255,11907,29,2,0.15,25.98
26256,11908,360,2,0.0,50.22
26257,11908,547,3,0.0,189.0
26258,11908,517,1,0.0,53.34
26259,11909,514,1,0.2,323.36
26260,11910,433,2,0.0,137.89
26261,11910,544,1,0.1,139.9
26262,11911,141,1,0.0,233.99
26263,11911,553,3,0.1,229.7
26264,11911,330,1,0.0,
26265,11912,577,2,0.0,243.99
26266,11913,597,2,0.05,118.4
26267,11913,414,1,0.2,103.03
26268,11914,183,2,0.1,272.09
26269,11914,23,1,0.05,98.33
26270,11915,288,3,0.0,344.65
26271,11915,395,2,0.15,197.84
26272,11915,245,1,0.0,390.79
26273,11916,440,1,0.2,11.43
26274,11917,474,1,0.0,60.8
26275,11917,106,1,0.0,191.59
26276,11917,244,1,0.05,16.77
26277,11918,542,2,0.0,163.4
26278,11918,318,1,0.1,36.71
26279,11919,21,1,0.2,43.56
26280,11920,459,1,0.0,127.95
26281,11920,219,1,0.1,35.39
26282,11921,569,1,0.15,264.0
26283,11921,108,2,0.2,169.45
26284,11922,190,4,0.0,201.43
26285,11923,304,2,0.0,62.03
26286,11923,38,1,0.05,267.81
26287,11923,466,1,0.0,58.13
26288,11923,288,4,0.05,361.22
26289,11924,9,2,0.0,98.93
26290,11924,368,2,0.15,140.57
26291,11924,240,2,0.2,289.14
26292,11925,79,3,0.05,253.95
26293,11926,570,1,0.0,155.45
26294,11926,231,1,0.15,45.18
26295,11926,328,3,0.15,98.12
26296,11927,63,1,0.2,72.31
26297,11928,516,2,0.0,18.31
26298,11928,50,1,0.0,9.74
26299,11928,579,2,0.15,71.0
26300,11928,243,2,0.2,224.09
26301,11929,352,2,0.0,80.81
26302,11929,367,2,0.1,210.55
26303,11930,189,1,0.15,170.51
26304,11930,262,1,0.0,367.39
26305,11931,78,1,0.0,235.93
26306,11931,370,1,0.0,120.85
26307,11931,109,1,0.0,121.04
26308,11931,200,4,0.0,281.8
26309,11932,454,2,0.1,232.0
26310,11933,32,1,0.15,236.21
26311,11933,518,1,0.1,34.55
26312,11934,150,4,0.15,128.36
26313,11934,412,2,0.15,95.66
26314,11934,170,1,0.0,109.86
26315,11935,434,2,0.15,42.11
26316,11935,316,3,0.15,274.41
26317,11935,447,1,0.05,240.28
26318,11936,504,1,0.0,
26319,11936,345,2,0.2,174.5
26320,11936,235,1,0.0,101.42
26321,11937,159,1,0.15,102.82
26322,11938,539,3,0.0,143.82
26323,11938,317,3,0.0,162.22
26324,11938,161,1,0.2,204.34
26325,11938,209,2,0.0,82.64
26326,11939,406,2,0.15,
26327,11939,408,2,0.15,284.58
26328,11940,358,3,0.05,150.25
26329,11941,138,3,0.0,159.97
26330,11941,521,1,0.1,212.85
26331,11941,413,1,0.0,213.67
26332,11941,65,3,0.0,8.07
26333,11941,232,1,0.2,246.49
26334,11942,486,2,0.0,280.72
26335,11943,376,1,0.2,52.29
26336,11943,528,1,0.2,281.14
26337,11943,477,1,0.0,80.34
26338,11944,84,4,0.1,79.59
26339,11944,584,1,0.2,
26340,11944,430,2,0.0,121.9
26341,11944,205,2,0.0,189.62
26342,11945,483,1,0.0,82.4
26343,11945,61,2,0.15,328.19
26344,11946,577,1,0.05,241.95
26345,11946,181,1,0.0,135.82
26346,11946,525,1,0.2,175.14
26347,11947,368,4,0.1,143.49
26348,11947,357,1,0.0,132.81
26349,11947,122,2,0.15,255.36
26350,11948,114,1,0.15,275.61
26351,11949,306,2,0.0,21.78
26352,11949,34,1,0.0,57.51
26353,11949,216,2,0.05,56.03
26354,11949,66,1,0.0,108.54
26355,11949,110,4,0.0,254.34
26356,11950,324,2,0.15,219.33
26357,11950,259,1,0.05,153.78
26358,11950,425,1,0.05,169.82
26359,11951,10,1,0.05,115.39
26360,11951,482,1,0.0,71.3
26361,11952,204,1,0.1,78.29
26362,11952,1,1,0.0,162.8
26363,11952,168,2,0.05,13.9
26364,11953,217,2,0.0,137.64
26365,11953,45,1,0.2,271.08
26366,11954,402,2,0.0,202.43
26367,11954,484,2,0.0,182.68
26368,11955,252,1,0.0,123.62
26369,11955,386,1,0.15,49.91
26370,11955,318,3,0.0,35.87
26371,11956,395,1,0.1,198.22
26372,11956,526,1,0.0,264.96
26373,11957,473,2,0.05,
26374,11957,452,4,0.15,64.43
26375,11958,225,2,0.1,81.45
26376,11958,513,2,0.0,283.41
26377,11959,134,2,0.05,238.6
26378,11959,599,2,0.15,400.35
26379,11960,503,2,0.0,276.47
26380,11960,25,2,0.0,137.64
26381,11960,167,1,0.1,7.72
26382,11960,220,2,0.0,158.29
26383,11961,577,3,0.0,251.74
26384,11962,164,4,0.2,192.75
26385,11962,268,1,0.15,326.83
26386,11963,469,2,0.15,14.86
26387,11963,260,3,0.0,224.33
26388,11963,376,4,0.15,56.73
26389,11963,311,3,0.05,46.5
26390,11964,238,1,0.15,214.75
26391,11965,450,2,0.2,7.11
26392,11965,422,1,0.2,83.25
26393,11966,376,1,0.05,56.29
26394,11966,177,3,0.0,158.79
26395,11966,542,1,0.15,166.23
26396,11967,176,2,0.15,200.74
26397,11968,485,2,0.15,178.45
26398,11969,185,1,0.1,45.93
26399,11969,100,1,0.2,332.12
26400,11969,195,3,0.0,293.06
26401,11970,357,1,0.0,132.13
26402,11970,288,1,0.0,369.18
26403,11971,597,1,0.1,124.59
26404,11971,103,2,0.2,115.65
26405,11971,184,2,0.1,380.46
26406,11972,552,1,0.15,
26407,11973,84,1,0.15,79.33
26408,11973,506,3,0.1,94.76
26409,11974,540,2,0.0,100.05
26410,11975,157,4,0.0,18.21
26411,11975,399,2,0.2,301.21
26412,11976,192,4,0.0,253.02
26413,11976,253,2,0.2,
26414,11977,443,1,0.15,196.11
26415,11978,15,2,0.05,125.27
26416,11979,507,4,0.2,201.34
26417,11979,307,3,0.1,131.77
26418,11979,35,3,0.15,40.38
26419,11979,29,4,0.2,24.73
26420,11980,579,1,0.05,71.69
26421,11980,217,3,0.1,132.41
26422,11981,36,4,0.0,190.29
26423,11981,101,4,0.15,143.28
26424,11982,492,1,0.2,26.09
26425,11982,9,1,0.2,95.75
26426,11982,113,1,0.0,68.98
26427,11983,563,1,0.15,201.92
26428,11983,567,1,0.2,24.7
26429,11984,333,2,0.0,28.01
26430,11985,358,1,0.0,142.86
26431,11986,308,4,0.2,357.72
26432,11987,506,1,0.2,94.44
26433,11987,297,1,0.05,51.55
26434,11987,533,1,0.2,154.83
26435,11988,515,3,0.15,126.74
26436,11988,374,2,0.15,119.66
26437,11989,385,2,0.05,136.13
26438,11989,104,2,0.0,42.5
26439,11989,156,1,0.2,94.88
26440,11989,297,3,0.15,55.42
26441,11990,75,2,0.0,17.53
26442,11991,222,4,0.1,108.0
26443,11991,360,2,0.05,52.44
26444,11991,247,2,0.1,70.53
26445,11992,503,2,0.0,285.93
26446,11992,355,2,0.15,95.97
26447,11992,349,1,0.0,94.93
26448,11993,259,3,0.15,140.94
26449,11993,188,2,0.0,25.08
26450,11993,135,2,0.2,97.03
26451,11994,158,2,0.05,301.94
26452,11994,479,2,0.05,110.62
26453,11995,561,1,0.05,348.68
26454,11996,556,1,0.1,201.12
26455,11997,145,3,0.2,98.85
26456,11998,362,4,0.0,31.75
26457,11999,195,1,0.0,297.66
26458,11999,95,1,0.0,131.62
26459,12000,316,4,0.0,272.48
